dates,AGUASCALIENTES,BAJA_CALIFORNIA,BAJA_CALIFORNIA_SUR,CAMPECHE,COAHUILA,COLIMA,CHIAPAS,CHIHUAHUA,CDMX,DURANGO,GUANAJUATO,GUERRERO,HIDALGO,JALISCO,MEXICO,MICHOACAN,MORELOS,NAYARIT,NUEVO_LEON,OAXACA,PUEBLA,QUERETARO,QUINTANA_ROO,SAN_LUIS_POTOSI,SINALOA,SONORA,TABASCO,TAMAULIPAS,TLAXCALA,VERACRUZ,YUCATAN,ZACATECAS
2020-02-28,0.0,0.0,0.0,0.0,0.0,0.0,0.0,0.0,0.0,2,0.0,0.0,0.0,0.0,0.0,0.0,0.0,0.0,0.0,0.0,0.0,0.0,0.0,0.0,0.0,0.0,0.0,0.0,0.0,0.0,0.0,0.0
2020-02-29,0.0,0.0,0.0,0.0,0.0,0.0,0.0,0.0,0.0,1,0.0,0.0,0.0,0.0,0.0,3.0,0.0,0.0,0.0,0.0,0.0,0.0,0.0,0.0,0.0,0.0,0.0,0.0,0.0,0.0,0.0,0.0
2020-03-01,0.0,0.0,0.0,0.0,0.0,0.0,0.0,0.0,0.0,4,0.0,0.0,0.0,0.0,0.0,0.0,0.0,0.0,0.0,0.0,0.0,0.0,0.0,0.0,0.0,0.0,0.0,0.0,0.0,0.0,0.0,0.0
2020-03-02,0.0,0.0,0.0,0.0,0.0,0.0,0.0,0.0,0.0,6,0.0,0.0,0.0,0.0,0.0,4.0,0.0,0.0,0.0,0.0,0.0,0.0,0.0,0.0,0.0,0.0,0.0,0.0,0.0,0.0,0.0,0.0
2020-03-03,0.0,0.0,0.0,0.0,0.0,0.0,0.0,0.0,0.0,7,0.0,0.0,0.0,0.0,0.0,3.0,0.0,0.0,0.0,0.0,0.0,0.0,0.0,0.0,0.0,0.0,0.0,0.0,0.0,0.0,0.0,0.0
2020-03-04,0.0,0.0,0.0,0.0,0.0,0.0,0.0,0.0,0.0,5,0.0,0.0,0.0,0.0,0.0,3.0,0.0,0.0,0.0,0.0,0.0,0.0,0.0,0.0,0.0,0.0,0.0,1.0,0.0,0.0,0.0,0.0
2020-03-05,0.0,0.0,0.0,0.0,0.0,0.0,0.0,0.0,0.0,4,0.0,0.0,0.0,0.0,0.0,1.0,0.0,0.0,0.0,0.0,0.0,0.0,0.0,0.0,0.0,0.0,0.0,0.0,0.0,0.0,0.0,0.0
2020-03-06,0.0,0.0,0.0,0.0,0.0,0.0,0.0,0.0,0.0,7,0.0,0.0,0.0,0.0,0.0,1.0,0.0,0.0,0.0,0.0,0.0,0.0,0.0,0.0,0.0,0.0,0.0,0.0,0.0,1.0,0.0,0.0
2020-03-07,0.0,0.0,0.0,0.0,0.0,0.0,0.0,0.0,0.0,9,0.0,0.0,0.0,0.0,0.0,5.0,0.0,0.0,0.0,0.0,0.0,0.0,0.0,0.0,0.0,0.0,0.0,0.0,0.0,1.0,0.0,0.0
2020-03-08,0.0,0.0,0.0,0.0,0.0,0.0,0.0,0.0,0.0,8,0.0,0.0,0.0,0.0,0.0,3.0,0.0,0.0,0.0,0.0,0.0,0.0,0.0,0.0,0.0,0.0,0.0,0.0,0.0,0.0,0.0,0.0
2020-03-09,0.0,0.0,0.0,0.0,0.0,0.0,0.0,0.0,0.0,22,0.0,0.0,0.0,0.0,0.0,11.0,0.0,0.0,0.0,0.0,1.0,0.0,0.0,0.0,0.0,0.0,0.0,3.0,0.0,0.0,0.0,0.0
2020-03-10,0.0,0.0,0.0,0.0,0.0,0.0,0.0,0.0,0.0,24,0.0,0.0,0.0,0.0,0.0,4.0,0.0,0.0,0.0,3.0,1.0,0.0,0.0,0.0,0.0,0.0,0.0,2.0,0.0,1.0,0.0,0.0
2020-03-11,0.0,0.0,0.0,0.0,0.0,0.0,0.0,0.0,0.0,22,0.0,0.0,0.0,0.0,0.0,7.0,0.0,0.0,0.0,6.0,0.0,0.0,0.0,0.0,0.0,0.0,0.0,0.0,0.0,0.0,0.0,0.0
2020-03-12,0.0,0.0,0.0,0.0,0.0,1.0,0.0,0.0,0.0,36,0.0,0.0,0.0,0.0,0.0,17.0,0.0,0.0,0.0,3.0,3.0,0.0,0.0,1.0,0.0,0.0,0.0,0.0,0.0,1.0,0.0,0.0
2020-03-13,0.0,0.0,0.0,0.0,0.0,1.0,0.0,0.0,0.0,42,0.0,0.0,0.0,0.0,0.0,17.0,0.0,0.0,0.0,7.0,0.0,0.0,0.0,3.0,0.0,0.0,0.0,2.0,0.0,0.0,0.0,0.0
2020-03-14,0.0,0.0,0.0,0.0,0.0,0.0,0.0,0.0,0.0,38,0.0,0.0,0.0,0.0,0.0,14.0,0.0,0.0,0.0,8.0,0.0,0.0,0.0,4.0,0.0,2.0,0.0,2.0,0.0,0.0,0.0,0.0
2020-03-15,0.0,0.0,0.0,0.0,0.0,1.0,0.0,0.0,0.0,41,0.0,0.0,0.0,1.0,0.0,15.0,0.0,0.0,0.0,9.0,0.0,4.0,0.0,6.0,0.0,2.0,0.0,1.0,0.0,0.0,0.0,0.0
2020-03-16,0.0,0.0,5.0,0.0,0.0,3.0,0.0,0.0,0.0,49,0.0,0.0,0.0,0.0,6.0,18.0,0.0,0.0,0.0,4.0,1.0,14.0,0.0,2.0,0.0,4.0,0.0,3.0,0.0,2.0,0.0,0.0
2020-03-17,2.0,2.0,5.0,0.0,0.0,3.0,0.0,0.0,0.0,43,0.0,0.0,3.0,1.0,13.0,26.0,0.0,0.0,0.0,8.0,0.0,6.0,0.0,3.0,0.0,2.0,0.0,2.0,0.0,0.0,0.0,0.0
2020-03-18,4.0,4.0,11.0,0.0,0.0,4.0,0.0,0.0,0.0,40,2.0,0.0,2.0,2.0,8.0,20.0,0.0,0.0,0.0,6.0,0.0,7.0,0.0,7.0,4.0,2.0,0.0,6.0,0.0,0.0,4.0,0.0
2020-03-19,2.0,2.0,10.0,0.0,0.0,3.0,0.0,0.0,0.0,44,1.0,0.0,2.0,2.0,0.0,22.0,0.0,0.0,0.0,5.0,2.0,3.0,0.0,5.0,2.0,4.0,0.0,8.0,0.0,0.0,3.0,0.0
2020-03-20,3.0,3.0,15.0,0.0,0.0,5.0,0.0,0.0,5.0,73,0.0,8.0,4.0,4.0,9.0,34.0,1.0,0.0,0.0,5.0,3.0,10.0,0.0,7.0,1.0,10.0,0.0,5.0,0.0,0.0,7.0,0.0
2020-03-21,0.0,0.0,6.0,0.0,0.0,6.0,0.0,0.0,3.0,32,0.0,5.0,3.0,1.0,10.0,32.0,0.0,2.0,0.0,3.0,1.0,11.0,0.0,9.0,2.0,6.0,0.0,5.0,0.0,0.0,3.0,0.0
2020-03-22,5.0,5.0,6.0,0.0,0.0,3.0,0.0,0.0,2.0,43,0.0,7.0,1.0,0.0,6.0,37.0,4.0,2.0,0.0,4.0,1.0,11.0,0.0,6.0,3.0,8.0,0.0,4.0,0.0,1.0,2.0,5.0
2020-03-23,9.0,9.0,18.0,0.0,2.0,10.0,0.0,4.0,2.0,68,3.0,4.0,3.0,6.0,7.0,39.0,5.0,4.0,0.0,3.0,4.0,16.0,4.0,11.0,0.0,16.0,3.0,7.0,0.0,1.0,5.0,3.0
2020-03-24,5.0,5.0,21.0,0.0,0.0,7.0,1.0,1.0,4.0,53,1.0,4.0,1.0,3.0,4.0,38.0,2.0,1.0,2.0,2.0,1.0,8.0,0.0,7.0,6.0,14.0,3.0,7.0,1.0,2.0,5.0,3.0
2020-03-25,5.0,5.0,21.0,0.0,2.0,10.0,1.0,4.0,5.0,63,2.0,3.0,1.0,2.0,5.0,46.0,4.0,4.0,0.0,2.0,1.0,5.0,4.0,13.0,4.0,10.0,2.0,11.0,6.0,2.0,5.0,3.0
2020-03-26,4.0,4.0,26.0,6.0,0.0,16.0,0.0,0.0,7.0,98,0.0,7.0,3.0,3.0,2.0,63.0,2.0,2.0,0.0,3.0,3.0,8.0,3.0,7.0,1.0,13.0,4.0,6.0,4.0,0.0,4.0,3.0
2020-03-27,6.0,6.0,29.0,9.0,1.0,21.0,0.0,3.0,2.0,67,0.0,6.0,0.0,4.0,8.0,62.0,3.0,3.0,2.0,2.0,3.0,18.0,3.0,23.0,5.0,14.0,5.0,7.0,3.0,1.0,5.0,4.0
2020-03-28,2.0,2.0,28.0,10.0,2.0,15.0,2.0,4.0,9.0,73,1.0,4.0,1.0,2.0,2.0,43.0,1.0,3.0,1.0,2.0,5.0,29.0,0.0,17.0,2.0,11.0,5.0,16.0,2.0,9.0,3.0,7.0
2020-03-29,3.0,3.0,39.0,4.0,0.0,17.0,1.0,1.0,8.0,61,1.0,0.0,2.0,5.0,4.0,46.0,1.0,1.0,0.0,2.0,2.0,35.0,1.0,19.0,2.0,15.0,0.0,13.0,1.0,3.0,6.0,10.0
2020-03-30,4.0,4.0,45.0,15.0,2.0,25.0,0.0,2.0,7.0,109,2.0,1.0,4.0,7.0,8.0,75.0,3.0,5.0,0.0,5.0,4.0,23.0,0.0,20.0,1.0,16.0,1.0,13.0,11.0,5.0,8.0,6.0
2020-03-31,0.0,0.0,34.0,13.0,1.0,12.0,0.0,2.0,10.0,84,0.0,2.0,5.0,5.0,5.0,56.0,1.0,3.0,3.0,6.0,1.0,13.0,2.0,14.0,4.0,25.0,4.0,11.0,7.0,3.0,6.0,4.0
2020-04-01,1.0,1.0,58.0,18.0,1.0,20.0,0.0,2.0,13.0,154,0.0,10.0,4.0,0.0,3.0,102.0,11.0,10.0,2.0,5.0,2.0,21.0,5.0,20.0,4.0,21.0,13.0,12.0,9.0,5.0,8.0,9.0
2020-04-02,3.0,3.0,70.0,16.0,1.0,12.0,0.0,2.0,17.0,122,1.0,7.0,5.0,1.0,9.0,67.0,3.0,4.0,3.0,11.0,1.0,28.0,2.0,20.0,3.0,22.0,3.0,18.0,5.0,5.0,12.0,9.0
2020-04-03,1.0,1.0,59.0,20.0,5.0,15.0,0.0,4.0,18.0,120,1.0,6.0,8.0,4.0,8.0,80.0,3.0,5.0,2.0,8.0,5.0,20.0,5.0,20.0,4.0,33.0,5.0,13.0,4.0,4.0,6.0,11.0
2020-04-04,0.0,0.0,58.0,20.0,2.0,16.0,0.0,4.0,11.0,131,1.0,3.0,10.0,1.0,4.0,83.0,3.0,9.0,3.0,2.0,2.0,16.0,3.0,15.0,3.0,27.0,11.0,24.0,9.0,9.0,6.0,7.0
2020-04-05,2.0,2.0,47.0,20.0,2.0,7.0,0.0,2.0,14.0,142,0.0,6.0,6.0,6.0,3.0,81.0,6.0,7.0,4.0,7.0,4.0,14.0,2.0,28.0,0.0,25.0,12.0,19.0,6.0,1.0,11.0,5.0
2020-04-06,4.0,4.0,64.0,13.0,2.0,16.0,1.0,3.0,19.0,172,1.0,4.0,8.0,7.0,6.0,133.0,5.0,3.0,1.0,11.0,5.0,23.0,3.0,29.0,1.0,31.0,25.0,31.0,5.0,2.0,15.0,13.0
2020-04-07,4.0,4.0,56.0,6.0,1.0,15.0,1.0,5.0,20.0,168,0.0,1.0,5.0,2.0,10.0,92.0,15.0,4.0,1.0,13.0,0.0,7.0,3.0,18.0,0.0,31.0,14.0,32.0,10.0,7.0,12.0,13.0
2020-04-08,2.0,2.0,90.0,8.0,4.0,11.0,0.0,4.0,20.0,180,2.0,6.0,13.0,5.0,8.0,140.0,8.0,8.0,4.0,11.0,2.0,15.0,2.0,21.0,2.0,40.0,13.0,32.0,7.0,11.0,22.0,13.0
2020-04-09,3.0,3.0,95.0,7.0,3.0,11.0,0.0,2.0,28.0,193,0.0,6.0,6.0,5.0,6.0,133.0,7.0,2.0,2.0,14.0,6.0,15.0,4.0,27.0,2.0,41.0,14.0,40.0,8.0,3.0,17.0,4.0
2020-04-10,5.0,5.0,127.0,12.0,4.0,18.0,0.0,2.0,30.0,324,4.0,5.0,12.0,8.0,8.0,206.0,15.0,17.0,4.0,25.0,8.0,22.0,5.0,34.0,3.0,47.0,17.0,50.0,16.0,13.0,21.0,10.0
2020-04-11,6.0,6.0,85.0,13.0,6.0,11.0,3.0,6.0,29.0,218,4.0,9.0,9.0,9.0,5.0,149.0,7.0,9.0,1.0,14.0,2.0,23.0,8.0,32.0,1.0,47.0,9.0,26.0,17.0,2.0,24.0,20.0
2020-04-12,7.0,7.0,101.0,10.0,2.0,11.0,3.0,4.0,34.0,247,1.0,7.0,8.0,8.0,7.0,166.0,11.0,10.0,1.0,9.0,4.0,22.0,6.0,29.0,2.0,47.0,7.0,42.0,14.0,2.0,26.0,22.0
2020-04-13,8.0,8.0,82.0,8.0,5.0,18.0,0.0,8.0,28.0,316,4.0,11.0,15.0,13.0,12.0,222.0,20.0,20.0,3.0,11.0,2.0,36.0,3.0,31.0,4.0,45.0,8.0,47.0,30.0,7.0,34.0,19.0
2020-04-14,13.0,13.0,101.0,7.0,3.0,12.0,0.0,7.0,31.0,292,6.0,21.0,4.0,8.0,13.0,199.0,9.0,8.0,4.0,9.0,12.0,19.0,5.0,32.0,7.0,39.0,18.0,66.0,26.0,12.0,22.0,11.0
2020-04-15,11.0,11.0,94.0,6.0,5.0,19.0,2.0,9.0,43.0,396,0.0,17.0,14.0,8.0,7.0,263.0,15.0,17.0,2.0,8.0,10.0,24.0,6.0,33.0,1.0,39.0,5.0,49.0,20.0,11.0,38.0,18.0
2020-04-16,10.0,10.0,78.0,5.0,4.0,13.0,0.0,13.0,49.0,353,1.0,15.0,7.0,16.0,16.0,252.0,17.0,15.0,2.0,9.0,5.0,25.0,5.0,41.0,2.0,45.0,16.0,54.0,26.0,9.0,36.0,19.0
2020-04-17,11.0,11.0,113.0,8.0,4.0,12.0,6.0,7.0,68.0,410,0.0,6.0,9.0,10.0,14.0,299.0,23.0,21.0,8.0,7.0,7.0,34.0,5.0,36.0,2.0,53.0,16.0,56.0,35.0,7.0,34.0,19.0
2020-04-18,17.0,17.0,93.0,11.0,4.0,14.0,1.0,10.0,64.0,430,2.0,16.0,13.0,20.0,9.0,292.0,16.0,40.0,4.0,8.0,6.0,43.0,8.0,47.0,2.0,49.0,19.0,63.0,24.0,9.0,45.0,26.0
2020-04-19,8.0,8.0,105.0,6.0,6.0,5.0,0.0,7.0,46.0,388,2.0,13.0,17.0,18.0,12.0,273.0,14.0,25.0,2.0,9.0,8.0,31.0,4.0,24.0,4.0,58.0,14.0,76.0,12.0,11.0,26.0,29.0
2020-04-20,19.0,19.0,137.0,14.0,10.0,17.0,1.0,20.0,86.0,695,5.0,15.0,26.0,35.0,21.0,399.0,39.0,40.0,4.0,13.0,10.0,47.0,6.0,55.0,10.0,88.0,23.0,76.0,35.0,21.0,75.0,32.0
2020-04-21,6.0,6.0,92.0,1.0,9.0,17.0,1.0,6.0,47.0,417,4.0,14.0,17.0,25.0,20.0,302.0,16.0,22.0,2.0,8.0,10.0,40.0,3.0,32.0,8.0,47.0,14.0,61.0,29.0,20.0,47.0,33.0
2020-04-22,11.0,11.0,113.0,12.0,11.0,10.0,0.0,14.0,74.0,437,6.0,13.0,18.0,20.0,17.0,294.0,21.0,40.0,5.0,16.0,9.0,28.0,10.0,29.0,2.0,50.0,19.0,56.0,25.0,9.0,44.0,19.0
2020-04-23,18.0,18.0,86.0,5.0,6.0,16.0,2.0,16.0,62.0,448,5.0,11.0,25.0,25.0,23.0,301.0,24.0,30.0,7.0,13.0,14.0,37.0,4.0,26.0,3.0,56.0,22.0,57.0,32.0,10.0,50.0,36.0
2020-04-24,12.0,12.0,87.0,10.0,11.0,15.0,2.0,11.0,79.0,528,7.0,20.0,38.0,27.0,22.0,342.0,28.0,59.0,12.0,13.0,12.0,55.0,2.0,23.0,6.0,64.0,29.0,72.0,27.0,17.0,76.0,42.0
2020-04-25,10.0,10.0,112.0,9.0,15.0,15.0,1.0,20.0,76.0,532,4.0,14.0,36.0,22.0,18.0,372.0,23.0,43.0,9.0,22.0,10.0,48.0,8.0,47.0,16.0,71.0,28.0,59.0,48.0,11.0,78.0,38.0
2020-04-26,11.0,11.0,101.0,4.0,6.0,14.0,0.0,14.0,50.0,468,11.0,21.0,21.0,32.0,19.0,361.0,34.0,36.0,10.0,23.0,15.0,43.0,11.0,43.0,12.0,41.0,22.0,44.0,39.0,19.0,54.0,40.0
2020-04-27,33.0,33.0,99.0,2.0,14.0,12.0,3.0,14.0,71.0,613,3.0,17.0,27.0,35.0,20.0,395.0,24.0,41.0,8.0,34.0,15.0,56.0,7.0,34.0,20.0,58.0,42.0,55.0,52.0,20.0,92.0,52.0
2020-04-28,12.0,12.0,99.0,3.0,5.0,14.0,0.0,23.0,62.0,533,5.0,11.0,30.0,29.0,20.0,396.0,21.0,45.0,8.0,14.0,16.0,37.0,5.0,33.0,18.0,42.0,34.0,59.0,33.0,9.0,85.0,34.0
2020-04-29,17.0,17.0,78.0,5.0,14.0,13.0,2.0,26.0,65.0,430,3.0,8.0,38.0,27.0,19.0,333.0,19.0,53.0,15.0,15.0,15.0,39.0,6.0,29.0,8.0,49.0,36.0,56.0,30.0,13.0,81.0,21.0
2020-04-30,24.0,24.0,113.0,11.0,11.0,22.0,4.0,26.0,74.0,625,2.0,22.0,40.0,30.0,33.0,445.0,29.0,45.0,18.0,24.0,32.0,41.0,8.0,25.0,17.0,72.0,59.0,85.0,30.0,24.0,105.0,45.0
2020-05-01,11.0,11.0,172.0,16.0,20.0,27.0,2.0,28.0,108.0,989,10.0,34.0,59.0,39.0,25.0,623.0,47.0,54.0,22.0,38.0,23.0,66.0,14.0,35.0,21.0,112.0,58.0,93.0,52.0,20.0,131.0,41.0
2020-05-02,21.0,21.0,139.0,6.0,18.0,17.0,3.0,33.0,80.0,592,6.0,37.0,36.0,30.0,35.0,375.0,29.0,40.0,19.0,19.0,26.0,41.0,10.0,86.0,16.0,50.0,57.0,85.0,27.0,17.0,104.0,41.0
2020-05-03,12.0,12.0,99.0,7.0,12.0,9.0,1.0,24.0,61.0,603,6.0,27.0,49.0,36.0,28.0,384.0,56.0,43.0,11.0,17.0,20.0,43.0,14.0,29.0,20.0,80.0,48.0,81.0,25.0,21.0,100.0,24.0
2020-05-04,23.0,23.0,122.0,6.0,21.0,16.0,2.0,30.0,77.0,820,7.0,29.0,50.0,45.0,48.0,431.0,47.0,53.0,19.0,31.0,28.0,76.0,14.0,35.0,29.0,66.0,68.0,117.0,37.0,24.0,97.0,41.0
2020-05-05,22.0,22.0,102.0,16.0,19.0,30.0,0.0,36.0,77.0,765,8.0,33.0,40.0,33.0,35.0,500.0,56.0,47.0,5.0,77.0,43.0,63.0,27.0,20.0,30.0,71.0,57.0,106.0,50.0,17.0,129.0,34.0
2020-05-06,9.0,9.0,119.0,5.0,16.0,24.0,3.0,26.0,68.0,673,10.0,29.0,39.0,37.0,25.0,474.0,40.0,43.0,14.0,23.0,24.0,72.0,19.0,31.0,19.0,58.0,66.0,84.0,34.0,41.0,116.0,36.0
2020-05-07,19.0,19.0,111.0,11.0,8.0,20.0,3.0,29.0,71.0,712,13.0,42.0,41.0,33.0,31.0,520.0,48.0,44.0,8.0,28.0,39.0,78.0,38.0,22.0,27.0,82.0,84.0,116.0,36.0,35.0,110.0,41.0
2020-05-08,10.0,10.0,147.0,9.0,17.0,26.0,6.0,48.0,77.0,837,9.0,40.0,57.0,56.0,21.0,582.0,64.0,75.0,13.0,46.0,47.0,94.0,34.0,38.0,29.0,73.0,74.0,130.0,25.0,34.0,142.0,49.0
2020-05-09,7.0,7.0,98.0,5.0,19.0,28.0,3.0,59.0,81.0,712,9.0,40.0,60.0,50.0,39.0,520.0,43.0,52.0,17.0,32.0,41.0,87.0,25.0,41.0,25.0,75.0,80.0,104.0,36.0,25.0,140.0,42.0
2020-05-10,20.0,20.0,152.0,11.0,26.0,19.0,3.0,64.0,106.0,1036,6.0,31.0,71.0,65.0,42.0,713.0,78.0,54.0,20.0,41.0,78.0,96.0,42.0,38.0,32.0,126.0,109.0,139.0,36.0,43.0,141.0,57.0
2020-05-11,31.0,31.0,122.0,7.0,29.0,29.0,6.0,56.0,77.0,878,9.0,52.0,68.0,64.0,52.0,638.0,66.0,53.0,14.0,49.0,78.0,123.0,44.0,18.0,22.0,97.0,105.0,136.0,46.0,39.0,152.0,55.0
2020-05-12,13.0,13.0,122.0,12.0,23.0,28.0,10.0,61.0,64.0,799,7.0,49.0,73.0,50.0,37.0,537.0,63.0,40.0,16.0,47.0,84.0,130.0,44.0,29.0,17.0,99.0,97.0,95.0,50.0,29.0,140.0,42.0
2020-05-13,21.0,21.0,130.0,14.0,16.0,23.0,6.0,65.0,72.0,712,11.0,29.0,76.0,67.0,50.0,555.0,63.0,41.0,9.0,61.0,62.0,113.0,21.0,38.0,24.0,80.0,99.0,101.0,41.0,23.0,163.0,46.0
2020-05-14,21.0,21.0,110.0,12.0,19.0,25.0,5.0,64.0,79.0,696,18.0,35.0,93.0,69.0,50.0,528.0,81.0,26.0,14.0,36.0,63.0,118.0,28.0,27.0,35.0,108.0,107.0,125.0,60.0,39.0,135.0,41.0
2020-05-15,22.0,22.0,189.0,13.0,18.0,45.0,5.0,79.0,86.0,1052,18.0,66.0,148.0,76.0,50.0,859.0,104.0,53.0,21.0,56.0,89.0,135.0,46.0,35.0,35.0,195.0,194.0,168.0,84.0,34.0,187.0,63.0
2020-05-16,15.0,15.0,114.0,10.0,23.0,52.0,8.0,87.0,72.0,761,17.0,52.0,116.0,47.0,36.0,570.0,68.0,65.0,22.0,29.0,78.0,90.0,47.0,33.0,20.0,121.0,184.0,111.0,54.0,34.0,148.0,55.0
2020-05-17,18.0,18.0,121.0,14.0,26.0,44.0,5.0,60.0,67.0,763,7.0,59.0,104.0,53.0,69.0,570.0,51.0,54.0,19.0,36.0,53.0,121.0,26.0,27.0,29.0,104.0,161.0,108.0,53.0,41.0,144.0,47.0
2020-05-18,23.0,23.0,168.0,18.0,17.0,58.0,11.0,120.0,94.0,1112,19.0,71.0,160.0,92.0,71.0,840.0,85.0,61.0,21.0,53.0,141.0,166.0,35.0,51.0,35.0,137.0,207.0,136.0,91.0,48.0,197.0,61.0
2020-05-19,21.0,21.0,145.0,7.0,19.0,43.0,5.0,82.0,81.0,760,21.0,52.0,117.0,83.0,82.0,632.0,64.0,55.0,22.0,59.0,81.0,132.0,39.0,47.0,37.0,128.0,160.0,139.0,58.0,50.0,155.0,33.0
2020-05-20,37.0,37.0,163.0,19.0,30.0,45.0,12.0,100.0,102.0,1246,20.0,64.0,126.0,81.0,71.0,877.0,104.0,61.0,16.0,49.0,116.0,189.0,44.0,45.0,48.0,180.0,196.0,232.0,96.0,55.0,198.0,64.0
2020-05-21,33.0,33.0,166.0,6.0,29.0,57.0,4.0,100.0,73.0,716,16.0,28.0,101.0,55.0,83.0,537.0,74.0,44.0,15.0,37.0,74.0,123.0,37.0,29.0,32.0,138.0,173.0,139.0,68.0,32.0,141.0,52.0
2020-05-22,31.0,31.0,158.0,13.0,28.0,55.0,8.0,102.0,66.0,854,16.0,89.0,102.0,85.0,85.0,747.0,97.0,63.0,18.0,56.0,99.0,170.0,39.0,33.0,44.0,169.0,228.0,159.0,81.0,50.0,207.0,58.0
2020-05-23,23.0,23.0,111.0,17.0,34.0,69.0,7.0,137.0,67.0,735,27.0,101.0,122.0,85.0,90.0,633.0,63.0,60.0,24.0,69.0,92.0,151.0,32.0,38.0,54.0,158.0,212.0,145.0,72.0,37.0,190.0,48.0
2020-05-24,30.0,30.0,123.0,20.0,18.0,43.0,5.0,107.0,57.0,709,27.0,111.0,96.0,53.0,132.0,588.0,97.0,56.0,30.0,55.0,93.0,118.0,35.0,40.0,48.0,157.0,170.0,138.0,59.0,32.0,164.0,67.0
2020-05-25,43.0,43.0,140.0,14.0,42.0,63.0,8.0,145.0,73.0,1161,29.0,159.0,114.0,114.0,172.0,899.0,148.0,66.0,38.0,91.0,160.0,193.0,56.0,52.0,39.0,209.0,300.0,244.0,113.0,55.0,235.0,54.0
2020-05-26,48.0,48.0,108.0,19.0,20.0,67.0,3.0,129.0,58.0,803,25.0,110.0,131.0,64.0,132.0,717.0,104.0,40.0,29.0,76.0,105.0,148.0,38.0,22.0,30.0,152.0,209.0,135.0,78.0,29.0,168.0,45.0
2020-05-27,31.0,31.0,112.0,16.0,21.0,45.0,4.0,95.0,67.0,764,31.0,129.0,115.0,58.0,138.0,674.0,106.0,36.0,21.0,68.0,74.0,141.0,21.0,51.0,41.0,145.0,211.0,128.0,99.0,43.0,151.0,33.0
2020-05-28,44.0,44.0,126.0,16.0,22.0,89.0,12.0,122.0,69.0,875,39.0,124.0,120.0,59.0,159.0,738.0,139.0,41.0,31.0,57.0,122.0,198.0,32.0,41.0,42.0,165.0,207.0,160.0,85.0,47.0,164.0,42.0
2020-05-29,35.0,35.0,111.0,20.0,26.0,104.0,5.0,120.0,69.0,806,33.0,173.0,119.0,62.0,174.0,752.0,111.0,67.0,25.0,63.0,128.0,157.0,38.0,41.0,58.0,170.0,209.0,198.0,72.0,53.0,157.0,53.0
2020-05-30,38.0,38.0,99.0,18.0,31.0,55.0,11.0,104.0,49.0,762,38.0,164.0,115.0,67.0,161.0,722.0,100.0,53.0,27.0,62.0,120.0,166.0,42.0,39.0,45.0,164.0,260.0,168.0,94.0,35.0,204.0,42.0
2020-05-31,40.0,40.0,134.0,10.0,27.0,50.0,11.0,109.0,52.0,724,35.0,159.0,98.0,64.0,148.0,657.0,107.0,72.0,40.0,64.0,95.0,143.0,30.0,40.0,47.0,168.0,193.0,124.0,72.0,47.0,168.0,33.0
2020-06-01,78.0,78.0,175.0,29.0,50.0,121.0,18.0,143.0,77.0,1401,74.0,207.0,159.0,81.0,298.0,1187.0,185.0,75.0,36.0,132.0,218.0,366.0,69.0,55.0,80.0,286.0,367.0,374.0,161.0,80.0,240.0,65.0
2020-06-02,58.0,58.0,137.0,37.0,25.0,71.0,11.0,96.0,57.0,835,38.0,164.0,121.0,69.0,196.0,758.0,134.0,26.0,28.0,87.0,144.0,184.0,50.0,36.0,60.0,172.0,219.0,151.0,104.0,46.0,165.0,44.0
2020-06-03,37.0,37.0,136.0,30.0,43.0,88.0,9.0,88.0,55.0,762,54.0,158.0,113.0,71.0,164.0,671.0,154.0,29.0,28.0,111.0,179.0,185.0,35.0,32.0,85.0,175.0,209.0,172.0,105.0,72.0,180.0,43.0
2020-06-04,37.0,37.0,113.0,30.0,30.0,93.0,7.0,103.0,43.0,813,58.0,156.0,90.0,65.0,170.0,744.0,142.0,48.0,32.0,136.0,196.0,210.0,14.0,30.0,62.0,187.0,212.0,181.0,111.0,39.0,181.0,55.0
2020-06-05,63.0,63.0,156.0,20.0,54.0,99.0,12.0,125.0,70.0,971,68.0,185.0,119.0,87.0,197.0,904.0,135.0,74.0,31.0,180.0,202.0,254.0,42.0,46.0,83.0,259.0,266.0,323.0,126.0,42.0,214.0,47.0
2020-06-06,61.0,61.0,141.0,34.0,54.0,128.0,12.0,122.0,58.0,834,62.0,206.0,131.0,77.0,184.0,830.0,171.0,49.0,37.0,143.0,141.0,230.0,39.0,53.0,77.0,226.0,255.0,257.0,120.0,56.0,220.0,65.0
2020-06-07,47.0,47.0,133.0,40.0,55.0,90.0,16.0,104.0,47.0,621,53.0,148.0,109.0,68.0,230.0,685.0,135.0,62.0,28.0,122.0,154.0,205.0,33.0,56.0,74.0,148.0,244.0,197.0,113.0,48.0,166.0,55.0
2020-06-08,71.0,71.0,157.0,41.0,65.0,142.0,16.0,98.0,65.0,897,54.0,215.0,135.0,79.0,246.0,810.0,158.0,63.0,42.0,281.0,213.0,309.0,44.0,67.0,90.0,233.0,308.0,294.0,190.0,51.0,255.0,82.0
2020-06-09,50.0,50.0,169.0,34.0,53.0,151.0,14.0,73.0,48.0,660,44.0,197.0,140.0,75.0,210.0,674.0,151.0,36.0,39.0,189.0,123.0,248.0,39.0,46.0,99.0,190.0,234.0,193.0,174.0,34.0,196.0,82.0
2020-06-10,61.0,61.0,165.0,41.0,89.0,139.0,9.0,118.0,70.0,1070,58.0,238.0,170.0,97.0,217.0,927.0,178.0,49.0,40.0,263.0,166.0,450.0,39.0,60.0,68.0,246.0,283.0,339.0,205.0,90.0,263.0,95.0
2020-06-11,38.0,38.0,129.0,31.0,65.0,118.0,12.0,72.0,50.0,715,62.0,175.0,112.0,66.0,206.0,592.0,130.0,45.0,37.0,222.0,148.0,287.0,54.0,66.0,68.0,159.0,222.0,237.0,156.0,49.0,188.0,69.0
2020-06-12,47.0,47.0,147.0,19.0,77.0,129.0,18.0,101.0,51.0,793,51.0,269.0,129.0,54.0,185.0,674.0,189.0,53.0,37.0,262.0,163.0,352.0,37.0,56.0,61.0,194.0,271.0,292.0,281.0,36.0,274.0,77.0
2020-06-13,47.0,47.0,123.0,38.0,87.0,137.0,15.0,98.0,54.0,643,45.0,255.0,112.0,69.0,168.0,600.0,128.0,56.0,33.0,221.0,167.0,278.0,46.0,62.0,83.0,131.0,248.0,223.0,202.0,42.0,248.0,80.0
2020-06-14,61.0,61.0,132.0,28.0,61.0,160.0,18.0,80.0,52.0,554,64.0,351.0,94.0,50.0,184.0,577.0,158.0,45.0,41.0,165.0,149.0,274.0,39.0,55.0,83.0,134.0,282.0,179.0,193.0,44.0,215.0,85.0
2020-06-15,80.0,80.0,213.0,47.0,105.0,206.0,22.0,117.0,73.0,991,59.0,369.0,140.0,104.0,243.0,927.0,208.0,56.0,60.0,283.0,177.0,529.0,46.0,80.0,122.0,258.0,350.0,377.0,326.0,80.0,339.0,118.0
2020-06-16,62.0,62.0,143.0,29.0,76.0,176.0,21.0,68.0,55.0,707,44.0,278.0,103.0,59.0,204.0,725.0,146.0,38.0,48.0,227.0,145.0,371.0,32.0,63.0,85.0,152.0,274.0,300.0,299.0,47.0,247.0,127.0
2020-06-17,50.0,50.0,156.0,32.0,74.0,179.0,8.0,55.0,39.0,606,65.0,231.0,107.0,73.0,197.0,507.0,136.0,38.0,38.0,214.0,149.0,282.0,28.0,59.0,69.0,142.0,250.0,204.0,266.0,47.0,227.0,86.0
2020-06-18,58.0,58.0,119.0,47.0,96.0,198.0,21.0,57.0,41.0,782,57.0,262.0,135.0,86.0,191.0,691.0,134.0,34.0,38.0,251.0,170.0,403.0,36.0,80.0,86.0,194.0,285.0,306.0,301.0,46.0,265.0,157.0
2020-06-19,43.0,43.0,156.0,31.0,88.0,187.0,26.0,81.0,54.0,761,59.0,361.0,141.0,63.0,178.0,615.0,157.0,45.0,54.0,213.0,140.0,429.0,50.0,93.0,112.0,151.0,312.0,296.0,310.0,78.0,294.0,128.0
2020-06-20,51.0,51.0,218.0,47.0,117.0,205.0,25.0,95.0,92.0,1068,59.0,458.0,160.0,101.0,250.0,848.0,178.0,49.0,44.0,308.0,214.0,465.0,48.0,134.0,111.0,256.0,423.0,396.0,407.0,93.0,387.0,177.0
2020-06-21,48.0,48.0,143.0,32.0,62.0,231.0,26.0,64.0,45.0,541,43.0,294.0,108.0,62.0,175.0,462.0,97.0,27.0,48.0,261.0,157.0,252.0,39.0,81.0,112.0,131.0,298.0,239.0,260.0,48.0,224.0,129.0
2020-06-22,67.0,67.0,140.0,36.0,72.0,291.0,20.0,74.0,67.0,756,88.0,330.0,152.0,74.0,201.0,604.0,127.0,36.0,54.0,317.0,199.0,373.0,29.0,89.0,144.0,138.0,390.0,309.0,325.0,78.0,325.0,159.0
2020-06-23,42.0,42.0,178.0,46.0,75.0,199.0,12.0,75.0,47.0,681,94.0,306.0,125.0,78.0,159.0,542.0,118.0,25.0,56.0,279.0,142.0,295.0,36.0,111.0,107.0,107.0,320.0,248.0,333.0,57.0,227.0,119.0
2020-06-24,47.0,47.0,143.0,48.0,85.0,232.0,18.0,57.0,50.0,666,69.0,327.0,142.0,71.0,184.0,527.0,93.0,19.0,43.0,261.0,147.0,264.0,34.0,87.0,104.0,129.0,321.0,245.0,299.0,64.0,290.0,135.0
2020-06-25,45.0,45.0,187.0,64.0,71.0,199.0,15.0,54.0,84.0,852,59.0,313.0,237.0,88.0,183.0,592.0,127.0,35.0,32.0,307.0,163.0,381.0,50.0,108.0,104.0,164.0,471.0,406.0,338.0,62.0,290.0,149.0
2020-06-26,40.0,40.0,157.0,51.0,90.0,339.0,30.0,65.0,68.0,870,84.0,286.0,244.0,76.0,232.0,733.0,118.0,38.0,47.0,342.0,118.0,334.0,39.0,148.0,142.0,162.0,480.0,350.0,455.0,109.0,342.0,166.0
2020-06-27,49.0,49.0,130.0,39.0,62.0,206.0,33.0,49.0,63.0,574,81.0,313.0,240.0,70.0,159.0,455.0,81.0,39.0,55.0,305.0,149.0,268.0,48.0,120.0,122.0,137.0,356.0,251.0,307.0,51.0,298.0,148.0
2020-06-28,43.0,43.0,130.0,53.0,71.0,231.0,17.0,62.0,76.0,729,76.0,390.0,264.0,69.0,195.0,676.0,108.0,32.0,53.0,355.0,212.0,287.0,45.0,171.0,136.0,180.0,427.0,323.0,316.0,87.0,357.0,146.0
2020-06-29,56.0,56.0,182.0,73.0,72.0,317.0,27.0,58.0,89.0,838,62.0,412.0,219.0,62.0,227.0,682.0,110.0,38.0,54.0,409.0,220.0,317.0,41.0,127.0,116.0,145.0,420.0,352.0,408.0,82.0,330.0,146.0
2020-06-30,58.0,58.0,191.0,94.0,74.0,315.0,29.0,55.0,90.0,875,59.0,383.0,171.0,79.0,234.0,648.0,106.0,19.0,60.0,364.0,199.0,315.0,45.0,102.0,150.0,154.0,508.0,368.0,347.0,79.0,365.0,136.0
2020-07-01,79.0,79.0,205.0,92.0,130.0,269.0,26.0,46.0,121.0,1145,80.0,505.0,252.0,102.0,274.0,893.0,170.0,29.0,49.0,493.0,230.0,470.0,65.0,128.0,188.0,219.0,703.0,460.0,501.0,76.0,423.0,187.0
2020-07-02,56.0,56.0,133.0,65.0,95.0,303.0,25.0,51.0,83.0,797,46.0,309.0,136.0,72.0,200.0,594.0,121.0,38.0,44.0,388.0,174.0,316.0,44.0,117.0,180.0,179.0,452.0,350.0,353.0,77.0,340.0,163.0
2020-07-03,41.0,41.0,153.0,67.0,90.0,258.0,29.0,40.0,87.0,830,52.0,443.0,162.0,85.0,226.0,607.0,116.0,30.0,58.0,464.0,170.0,268.0,59.0,145.0,223.0,173.0,468.0,345.0,412.0,74.0,385.0,169.0
2020-07-04,42.0,42.0,122.0,80.0,78.0,245.0,28.0,41.0,73.0,637,54.0,394.0,158.0,60.0,218.0,474.0,94.0,26.0,58.0,403.0,219.0,278.0,47.0,152.0,174.0,150.0,355.0,249.0,390.0,44.0,362.0,153.0
2020-07-05,69.0,69.0,180.0,64.0,80.0,210.0,38.0,57.0,86.0,715,46.0,433.0,115.0,68.0,220.0,552.0,108.0,26.0,66.0,440.0,180.0,369.0,73.0,137.0,212.0,164.0,414.0,331.0,375.0,81.0,387.0,179.0
2020-07-06,75.0,75.0,155.0,127.0,75.0,391.0,46.0,27.0,110.0,786,101.0,528.0,105.0,98.0,271.0,608.0,110.0,44.0,57.0,533.0,202.0,322.0,46.0,167.0,246.0,152.0,366.0,360.0,381.0,74.0,412.0,179.0
2020-07-07,67.0,67.0,163.0,102.0,84.0,312.0,43.0,51.0,83.0,775,78.0,376.0,88.0,88.0,206.0,526.0,113.0,50.0,47.0,468.0,165.0,310.0,73.0,137.0,237.0,137.0,349.0,331.0,406.0,97.0,361.0,213.0
2020-07-08,56.0,56.0,199.0,102.0,80.0,246.0,25.0,36.0,93.0,751,54.0,352.0,117.0,77.0,184.0,493.0,74.0,31.0,74.0,410.0,127.0,271.0,35.0,133.0,256.0,157.0,302.0,365.0,343.0,59.0,321.0,148.0
2020-07-09,51.0,51.0,127.0,91.0,81.0,259.0,41.0,52.0,76.0,726,67.0,357.0,151.0,92.0,218.0,472.0,89.0,43.0,45.0,406.0,105.0,300.0,66.0,170.0,275.0,124.0,335.0,327.0,387.0,67.0,403.0,129.0
2020-07-10,65.0,65.0,156.0,115.0,129.0,420.0,54.0,99.0,134.0,1306,94.0,594.0,185.0,102.0,273.0,866.0,186.0,46.0,58.0,591.0,233.0,494.0,103.0,164.0,370.0,182.0,478.0,546.0,531.0,115.0,511.0,237.0
2020-07-11,57.0,57.0,133.0,88.0,99.0,195.0,44.0,33.0,80.0,652,63.0,417.0,131.0,95.0,233.0,458.0,109.0,35.0,59.0,447.0,143.0,311.0,64.0,133.0,284.0,110.0,327.0,301.0,328.0,102.0,345.0,145.0
2020-07-12,61.0,61.0,123.0,104.0,74.0,250.0,52.0,44.0,82.0,722,55.0,503.0,134.0,85.0,228.0,486.0,138.0,42.0,58.0,450.0,125.0,291.0,47.0,135.0,307.0,106.0,278.0,349.0,331.0,79.0,373.0,180.0
2020-07-13,75.0,75.0,138.0,111.0,78.0,324.0,68.0,63.0,113.0,1028,67.0,557.0,126.0,119.0,294.0,627.0,121.0,37.0,47.0,585.0,167.0,378.0,69.0,140.0,438.0,141.0,315.0,385.0,387.0,76.0,383.0,174.0
2020-07-14,73.0,73.0,128.0,99.0,85.0,270.0,58.0,29.0,78.0,802,78.0,332.0,103.0,91.0,250.0,591.0,111.0,29.0,51.0,442.0,145.0,299.0,63.0,127.0,354.0,121.0,266.0,405.0,320.0,61.0,364.0,161.0
2020-07-15,69.0,69.0,159.0,99.0,117.0,332.0,50.0,66.0,127.0,1229,107.0,436.0,173.0,129.0,270.0,726.0,141.0,36.0,85.0,515.0,147.0,405.0,84.0,132.0,394.0,139.0,350.0,417.0,433.0,88.0,386.0,190.0
2020-07-16,37.0,37.0,124.0,77.0,80.0,236.0,49.0,43.0,83.0,809,56.0,367.0,165.0,123.0,240.0,616.0,128.0,37.0,42.0,428.0,146.0,319.0,66.0,120.0,340.0,94.0,338.0,315.0,359.0,58.0,352.0,191.0
2020-07-17,62.0,62.0,130.0,94.0,73.0,261.0,57.0,33.0,112.0,1025,64.0,409.0,144.0,143.0,253.0,635.0,158.0,43.0,56.0,433.0,146.0,381.0,47.0,115.0,370.0,105.0,314.0,377.0,388.0,74.0,422.0,225.0
2020-07-18,51.0,51.0,121.0,87.0,68.0,280.0,60.0,42.0,89.0,848,77.0,517.0,168.0,108.0,273.0,636.0,172.0,34.0,69.0,381.0,197.0,347.0,72.0,147.0,377.0,137.0,353.0,346.0,344.0,79.0,455.0,197.0
2020-07-19,53.0,53.0,124.0,114.0,67.0,207.0,67.0,28.0,91.0,698,61.0,531.0,182.0,118.0,215.0,538.0,162.0,35.0,89.0,458.0,109.0,279.0,59.0,167.0,300.0,127.0,365.0,281.0,274.0,70.0,331.0,205.0
2020-07-20,65.0,65.0,158.0,145.0,87.0,421.0,72.0,43.0,155.0,1467,131.0,618.0,261.0,172.0,322.0,847.0,234.0,48.0,87.0,633.0,183.0,452.0,88.0,161.0,459.0,199.0,407.0,579.0,445.0,131.0,466.0,244.0
2020-07-21,53.0,53.0,116.0,98.0,53.0,284.0,56.0,29.0,94.0,911,88.0,378.0,139.0,108.0,186.0,509.0,138.0,28.0,48.0,381.0,150.0,272.0,56.0,98.0,314.0,89.0,308.0,246.0,209.0,69.0,315.0,173.0
2020-07-22,54.0,54.0,107.0,87.0,59.0,210.0,54.0,36.0,104.0,812,54.0,399.0,128.0,104.0,192.0,543.0,145.0,24.0,50.0,357.0,99.0,260.0,58.0,131.0,325.0,95.0,255.0,308.0,245.0,77.0,294.0,204.0
2020-07-23,59.0,59.0,88.0,96.0,53.0,283.0,47.0,27.0,60.0,860,47.0,363.0,129.0,112.0,198.0,455.0,134.0,40.0,53.0,283.0,125.0,317.0,55.0,118.0,295.0,109.0,282.0,293.0,251.0,64.0,300.0,249.0
2020-07-24,48.0,48.0,122.0,121.0,56.0,259.0,54.0,28.0,109.0,842,74.0,406.0,147.0,120.0,235.0,529.0,165.0,32.0,53.0,277.0,144.0,281.0,60.0,105.0,356.0,126.0,326.0,262.0,312.0,80.0,338.0,239.0
2020-07-25,50.0,50.0,114.0,111.0,71.0,485.0,65.0,27.0,94.0,906,72.0,679.0,186.0,126.0,193.0,617.0,196.0,59.0,57.0,295.0,159.0,350.0,73.0,135.0,301.0,171.0,382.0,385.0,289.0,64.0,353.0,308.0
2020-07-26,44.0,44.0,94.0,137.0,48.0,206.0,55.0,32.0,106.0,643,71.0,391.0,138.0,97.0,245.0,510.0,163.0,41.0,57.0,266.0,123.0,239.0,76.0,132.0,281.0,115.0,369.0,227.0,181.0,46.0,266.0,234.0
2020-07-27,62.0,62.0,129.0,124.0,55.0,401.0,50.0,15.0,105.0,1002,78.0,400.0,190.0,132.0,262.0,731.0,232.0,55.0,54.0,328.0,132.0,320.0,74.0,121.0,363.0,132.0,380.0,318.0,294.0,72.0,342.0,288.0
2020-07-28,48.0,48.0,98.0,114.0,55.0,212.0,58.0,24.0,82.0,837,83.0,400.0,157.0,121.0,191.0,508.0,170.0,40.0,59.0,272.0,100.0,265.0,90.0,145.0,352.0,102.0,272.0,280.0,201.0,61.0,337.0,204.0
2020-07-29,52.0,52.0,97.0,96.0,39.0,291.0,23.0,31.0,76.0,750,59.0,352.0,138.0,116.0,171.0,453.0,134.0,35.0,45.0,229.0,136.0,204.0,70.0,93.0,264.0,98.0,226.0,187.0,195.0,63.0,261.0,154.0
2020-07-30,47.0,47.0,107.0,102.0,32.0,232.0,42.0,31.0,96.0,806,78.0,302.0,102.0,102.0,180.0,495.0,152.0,35.0,46.0,253.0,88.0,221.0,69.0,77.0,243.0,88.0,247.0,234.0,269.0,52.0,249.0,163.0
2020-07-31,35.0,35.0,141.0,103.0,22.0,197.0,70.0,39.0,89.0,701,68.0,391.0,131.0,121.0,203.0,575.0,167.0,40.0,44.0,299.0,96.0,214.0,79.0,99.0,251.0,125.0,263.0,227.0,245.0,40.0,256.0,180.0
2020-08-01,62.0,62.0,127.0,133.0,66.0,433.0,73.0,55.0,108.0,1169,91.0,522.0,234.0,155.0,266.0,827.0,273.0,46.0,62.0,414.0,212.0,372.0,97.0,128.0,367.0,166.0,409.0,375.0,301.0,100.0,311.0,226.0
2020-08-02,37.0,37.0,97.0,125.0,35.0,317.0,64.0,22.0,90.0,614,77.0,300.0,183.0,117.0,192.0,466.0,177.0,46.0,52.0,270.0,112.0,201.0,69.0,96.0,261.0,94.0,235.0,230.0,194.0,57.0,218.0,148.0
2020-08-03,60.0,60.0,135.0,112.0,32.0,289.0,58.0,25.0,108.0,840,92.0,374.0,156.0,143.0,249.0,582.0,200.0,42.0,58.0,441.0,104.0,257.0,113.0,118.0,320.0,125.0,273.0,207.0,270.0,65.0,245.0,163.0
2020-08-04,48.0,48.0,117.0,114.0,26.0,229.0,52.0,23.0,71.0,728,60.0,306.0,108.0,76.0,195.0,476.0,138.0,35.0,63.0,311.0,87.0,220.0,46.0,80.0,211.0,74.0,184.0,175.0,202.0,56.0,220.0,117.0
2020-08-05,30.0,30.0,106.0,107.0,25.0,389.0,44.0,24.0,98.0,869,72.0,306.0,139.0,139.0,240.0,511.0,168.0,44.0,35.0,296.0,88.0,222.0,65.0,83.0,228.0,114.0,225.0,229.0,230.0,64.0,227.0,152.0
2020-08-06,31.0,31.0,84.0,107.0,19.0,272.0,47.0,35.0,80.0,694,45.0,251.0,103.0,118.0,188.0,400.0,152.0,45.0,56.0,301.0,85.0,196.0,69.0,94.0,231.0,90.0,259.0,136.0,259.0,49.0,197.0,137.0
2020-08-07,42.0,42.0,96.0,89.0,18.0,284.0,70.0,18.0,103.0,883,70.0,314.0,114.0,108.0,203.0,504.0,187.0,33.0,49.0,317.0,90.0,227.0,91.0,77.0,247.0,84.0,236.0,176.0,195.0,44.0,190.0,132.0
2020-08-08,55.0,55.0,111.0,91.0,31.0,205.0,61.0,29.0,91.0,718,83.0,382.0,164.0,139.0,213.0,533.0,178.0,35.0,77.0,351.0,149.0,207.0,98.0,82.0,248.0,111.0,237.0,152.0,217.0,55.0,213.0,152.0
2020-08-09,48.0,48.0,109.0,101.0,26.0,217.0,92.0,17.0,68.0,543,71.0,350.0,84.0,114.0,193.0,414.0,164.0,54.0,64.0,264.0,127.0,148.0,93.0,85.0,187.0,85.0,261.0,119.0,160.0,37.0,173.0,111.0
2020-08-10,73.0,73.0,133.0,142.0,35.0,385.0,95.0,16.0,135.0,1291,100.0,501.0,121.0,161.0,289.0,759.0,282.0,48.0,60.0,425.0,158.0,298.0,140.0,83.0,354.0,139.0,432.0,265.0,275.0,78.0,305.0,156.0
2020-08-11,48.0,48.0,105.0,102.0,25.0,217.0,45.0,15.0,107.0,845,94.0,257.0,88.0,87.0,215.0,478.0,152.0,33.0,49.0,292.0,62.0,184.0,52.0,61.0,229.0,83.0,207.0,139.0,200.0,52.0,201.0,122.0
2020-08-12,53.0,53.0,96.0,97.0,27.0,274.0,48.0,20.0,86.0,828,73.0,257.0,93.0,88.0,206.0,406.0,161.0,31.0,47.0,299.0,91.0,190.0,60.0,69.0,235.0,89.0,219.0,186.0,190.0,45.0,162.0,115.0
2020-08-13,43.0,43.0,83.0,99.0,17.0,341.0,51.0,19.0,81.0,747,57.0,293.0,102.0,94.0,166.0,419.0,167.0,33.0,46.0,291.0,101.0,175.0,75.0,53.0,224.0,111.0,175.0,130.0,173.0,41.0,186.0,141.0
2020-08-14,83.0,83.0,109.0,86.0,27.0,292.0,74.0,25.0,84.0,898,92.0,340.0,94.0,124.0,207.0,502.0,216.0,35.0,62.0,311.0,108.0,175.0,95.0,71.0,253.0,113.0,203.0,135.0,198.0,38.0,213.0,165.0
2020-08-15,76.0,76.0,89.0,83.0,46.0,297.0,77.0,44.0,172.0,974,84.0,378.0,150.0,128.0,198.0,494.0,232.0,33.0,42.0,366.0,86.0,208.0,111.0,81.0,208.0,137.0,230.0,211.0,243.0,65.0,218.0,132.0
2020-08-16,55.0,55.0,98.0,108.0,28.0,233.0,66.0,19.0,75.0,639,64.0,312.0,83.0,101.0,208.0,511.0,185.0,50.0,32.0,316.0,84.0,134.0,84.0,58.0,179.0,93.0,170.0,109.0,167.0,42.0,162.0,142.0
2020-08-17,70.0,70.0,114.0,106.0,28.0,272.0,84.0,16.0,118.0,997,100.0,355.0,90.0,141.0,261.0,482.0,216.0,32.0,41.0,372.0,119.0,241.0,96.0,65.0,262.0,116.0,186.0,152.0,177.0,62.0,194.0,168.0
2020-08-18,53.0,53.0,112.0,100.0,26.0,325.0,67.0,9.0,98.0,1032,105.0,406.0,125.0,133.0,192.0,538.0,204.0,29.0,48.0,374.0,86.0,213.0,105.0,76.0,258.0,110.0,184.0,128.0,166.0,58.0,202.0,136.0
2020-08-19,62.0,62.0,93.0,59.0,25.0,224.0,50.0,17.0,85.0,822,79.0,321.0,96.0,116.0,184.0,397.0,172.0,35.0,43.0,314.0,84.0,164.0,81.0,68.0,209.0,75.0,199.0,136.0,120.0,47.0,167.0,148.0
2020-08-20,65.0,65.0,89.0,102.0,44.0,321.0,58.0,21.0,156.0,1508,128.0,420.0,159.0,157.0,230.0,794.0,293.0,44.0,55.0,475.0,109.0,285.0,134.0,92.0,315.0,152.0,257.0,259.0,253.0,79.0,209.0,164.0
2020-08-21,53.0,53.0,101.0,70.0,29.0,225.0,74.0,19.0,97.0,988,70.0,355.0,108.0,104.0,219.0,478.0,152.0,35.0,45.0,386.0,94.0,145.0,86.0,56.0,202.0,84.0,193.0,161.0,143.0,31.0,203.0,148.0
2020-08-22,56.0,56.0,100.0,65.0,15.0,202.0,79.0,11.0,86.0,799,73.0,390.0,86.0,92.0,211.0,374.0,209.0,33.0,66.0,358.0,110.0,147.0,104.0,72.0,189.0,103.0,166.0,128.0,159.0,40.0,174.0,143.0
2020-08-23,62.0,62.0,96.0,114.0,15.0,215.0,42.0,5.0,89.0,706,79.0,323.0,65.0,103.0,183.0,384.0,188.0,28.0,51.0,385.0,94.0,116.0,71.0,101.0,164.0,88.0,175.0,107.0,103.0,48.0,163.0,151.0
2020-08-24,64.0,64.0,127.0,109.0,24.0,279.0,57.0,8.0,116.0,1110,77.0,442.0,110.0,99.0,292.0,551.0,199.0,36.0,41.0,464.0,99.0,168.0,115.0,74.0,235.0,117.0,172.0,143.0,175.0,47.0,198.0,175.0
2020-08-25,79.0,79.0,94.0,114.0,20.0,238.0,52.0,9.0,116.0,1197,100.0,433.0,130.0,95.0,217.0,529.0,229.0,41.0,26.0,392.0,86.0,189.0,140.0,69.0,232.0,116.0,157.0,180.0,165.0,45.0,162.0,136.0
2020-08-26,46.0,46.0,98.0,104.0,21.0,181.0,48.0,12.0,121.0,953,125.0,271.0,119.0,89.0,190.0,442.0,156.0,31.0,26.0,339.0,56.0,164.0,95.0,67.0,159.0,93.0,167.0,147.0,184.0,48.0,175.0,138.0
2020-08-27,62.0,62.0,112.0,60.0,22.0,154.0,46.0,10.0,88.0,1003,79.0,357.0,95.0,87.0,209.0,469.0,184.0,28.0,38.0,335.0,85.0,165.0,115.0,45.0,161.0,87.0,167.0,145.0,152.0,32.0,191.0,127.0
2020-08-28,56.0,56.0,117.0,72.0,18.0,170.0,62.0,25.0,119.0,1335,93.0,419.0,159.0,115.0,219.0,660.0,230.0,27.0,40.0,399.0,121.0,183.0,136.0,70.0,207.0,120.0,190.0,156.0,232.0,32.0,246.0,143.0
2020-08-29,44.0,44.0,112.0,102.0,11.0,160.0,52.0,11.0,82.0,789,86.0,348.0,87.0,77.0,197.0,406.0,173.0,29.0,54.0,311.0,79.0,134.0,102.0,53.0,177.0,87.0,145.0,90.0,154.0,37.0,146.0,81.0
2020-08-30,53.0,53.0,118.0,101.0,16.0,147.0,34.0,13.0,104.0,888,103.0,384.0,118.0,94.0,196.0,459.0,209.0,30.0,33.0,358.0,71.0,113.0,102.0,61.0,188.0,104.0,139.0,104.0,167.0,19.0,185.0,137.0
2020-08-31,83.0,83.0,156.0,124.0,11.0,195.0,49.0,17.0,109.0,1062,131.0,355.0,128.0,100.0,266.0,584.0,216.0,46.0,32.0,386.0,109.0,125.0,118.0,67.0,208.0,124.0,117.0,120.0,205.0,37.0,200.0,164.0
2020-09-01,70.0,70.0,143.0,121.0,24.0,192.0,42.0,11.0,169.0,1631,131.0,436.0,192.0,92.0,281.0,744.0,325.0,30.0,43.0,462.0,142.0,227.0,128.0,61.0,252.0,120.0,201.0,182.0,234.0,45.0,216.0,134.0
2020-09-02,46.0,46.0,104.0,93.0,12.0,173.0,22.0,12.0,88.0,1077,82.0,278.0,207.0,72.0,213.0,491.0,183.0,25.0,31.0,359.0,72.0,132.0,87.0,42.0,150.0,63.0,135.0,100.0,166.0,29.0,163.0,123.0
2020-09-03,45.0,45.0,106.0,91.0,5.0,148.0,37.0,27.0,103.0,979,65.0,300.0,162.0,77.0,229.0,402.0,185.0,22.0,25.0,285.0,144.0,141.0,69.0,45.0,152.0,97.0,113.0,91.0,155.0,47.0,151.0,140.0
2020-09-04,37.0,37.0,118.0,76.0,12.0,146.0,45.0,17.0,86.0,976,101.0,344.0,141.0,73.0,233.0,497.0,156.0,20.0,35.0,383.0,73.0,129.0,68.0,59.0,131.0,98.0,116.0,133.0,134.0,47.0,149.0,114.0
2020-09-05,57.0,57.0,84.0,78.0,12.0,156.0,49.0,11.0,123.0,950,79.0,373.0,163.0,71.0,244.0,559.0,219.0,34.0,40.0,353.0,114.0,136.0,94.0,54.0,170.0,102.0,189.0,112.0,139.0,32.0,166.0,138.0
2020-09-06,39.0,39.0,107.0,105.0,9.0,153.0,30.0,12.0,72.0,645,91.0,296.0,91.0,73.0,196.0,432.0,185.0,33.0,38.0,327.0,96.0,106.0,69.0,45.0,139.0,73.0,158.0,84.0,107.0,25.0,169.0,113.0
2020-09-07,57.0,57.0,108.0,103.0,7.0,147.0,43.0,14.0,113.0,986,73.0,321.0,152.0,80.0,250.0,503.0,199.0,29.0,40.0,386.0,150.0,141.0,87.0,45.0,193.0,117.0,164.0,109.0,153.0,40.0,144.0,160.0
2020-09-08,44.0,44.0,78.0,94.0,10.0,145.0,32.0,14.0,82.0,986,89.0,335.0,151.0,74.0,207.0,502.0,176.0,26.0,21.0,288.0,95.0,143.0,62.0,35.0,172.0,88.0,114.0,92.0,111.0,37.0,151.0,122.0
2020-09-09,53.0,53.0,84.0,69.0,14.0,120.0,32.0,8.0,85.0,964,67.0,292.0,163.0,95.0,198.0,421.0,144.0,13.0,27.0,275.0,96.0,128.0,63.0,36.0,158.0,58.0,113.0,114.0,133.0,17.0,141.0,109.0
2020-09-10,46.0,46.0,76.0,86.0,25.0,129.0,35.0,17.0,126.0,1204,72.0,305.0,206.0,91.0,265.0,589.0,223.0,30.0,38.0,341.0,192.0,151.0,86.0,38.0,190.0,103.0,131.0,166.0,172.0,41.0,174.0,109.0
2020-09-11,34.0,34.0,72.0,86.0,12.0,96.0,45.0,15.0,96.0,821,79.0,268.0,116.0,69.0,190.0,453.0,136.0,22.0,36.0,308.0,111.0,108.0,60.0,46.0,165.0,76.0,197.0,121.0,131.0,32.0,133.0,80.0
2020-09-12,42.0,42.0,70.0,47.0,8.0,93.0,39.0,10.0,72.0,673,60.0,285.0,116.0,66.0,185.0,363.0,133.0,25.0,27.0,262.0,142.0,87.0,65.0,28.0,102.0,72.0,96.0,90.0,100.0,22.0,132.0,78.0
2020-09-13,26.0,26.0,55.0,72.0,7.0,106.0,40.0,6.0,80.0,528,52.0,251.0,105.0,61.0,188.0,355.0,148.0,28.0,22.0,335.0,109.0,104.0,40.0,40.0,121.0,52.0,95.0,82.0,90.0,25.0,100.0,67.0
2020-09-14,60.0,60.0,66.0,92.0,13.0,168.0,73.0,11.0,130.0,945,77.0,275.0,109.0,79.0,238.0,477.0,168.0,17.0,51.0,329.0,121.0,140.0,84.0,52.0,138.0,97.0,152.0,117.0,129.0,34.0,155.0,126.0
2020-09-15,47.0,47.0,102.0,78.0,18.0,142.0,47.0,14.0,127.0,1091,77.0,253.0,173.0,71.0,216.0,518.0,169.0,25.0,38.0,376.0,131.0,141.0,101.0,50.0,159.0,97.0,158.0,139.0,122.0,25.0,171.0,102.0
2020-09-16,41.0,41.0,67.0,53.0,13.0,108.0,35.0,13.0,84.0,686,78.0,153.0,138.0,70.0,195.0,353.0,122.0,37.0,27.0,333.0,64.0,98.0,63.0,49.0,123.0,70.0,82.0,98.0,104.0,16.0,147.0,93.0
2020-09-17,67.0,67.0,94.0,108.0,7.0,130.0,52.0,13.0,126.0,891,78.0,168.0,158.0,79.0,241.0,418.0,151.0,20.0,30.0,345.0,97.0,108.0,80.0,38.0,176.0,87.0,123.0,100.0,133.0,40.0,160.0,97.0
2020-09-18,59.0,59.0,77.0,74.0,14.0,159.0,53.0,11.0,128.0,1078,83.0,209.0,165.0,101.0,230.0,490.0,161.0,23.0,26.0,420.0,149.0,154.0,87.0,59.0,161.0,91.0,159.0,135.0,150.0,24.0,164.0,91.0
2020-09-19,48.0,48.0,80.0,63.0,10.0,144.0,69.0,18.0,114.0,894,82.0,274.0,156.0,83.0,232.0,477.0,157.0,19.0,37.0,448.0,109.0,115.0,83.0,64.0,141.0,64.0,203.0,92.0,130.0,21.0,184.0,88.0
2020-09-20,76.0,76.0,99.0,86.0,28.0,190.0,65.0,16.0,180.0,1187,115.0,226.0,154.0,80.0,293.0,650.0,222.0,40.0,32.0,469.0,170.0,152.0,120.0,77.0,154.0,121.0,174.0,127.0,153.0,40.0,178.0,103.0
2020-09-21,62.0,62.0,78.0,70.0,10.0,156.0,61.0,17.0,162.0,1005,80.0,218.0,145.0,81.0,277.0,505.0,192.0,27.0,41.0,423.0,124.0,147.0,83.0,53.0,171.0,96.0,150.0,68.0,113.0,23.0,141.0,155.0
2020-09-22,48.0,48.0,75.0,85.0,11.0,124.0,43.0,10.0,116.0,893,80.0,184.0,132.0,62.0,231.0,427.0,112.0,24.0,25.0,379.0,78.0,96.0,101.0,43.0,134.0,89.0,99.0,79.0,100.0,52.0,117.0,105.0
2020-09-23,53.0,53.0,68.0,78.0,7.0,153.0,30.0,10.0,105.0,901,92.0,155.0,101.0,51.0,231.0,394.0,126.0,25.0,24.0,342.0,78.0,84.0,72.0,42.0,112.0,71.0,169.0,87.0,106.0,17.0,120.0,101.0
2020-09-24,60.0,60.0,66.0,68.0,11.0,162.0,40.0,6.0,121.0,859,72.0,144.0,121.0,64.0,216.0,397.0,120.0,19.0,24.0,364.0,106.0,98.0,79.0,45.0,129.0,64.0,143.0,74.0,97.0,20.0,91.0,108.0
2020-09-25,63.0,63.0,94.0,75.0,20.0,203.0,71.0,20.0,194.0,1100,100.0,249.0,162.0,101.0,254.0,521.0,162.0,21.0,31.0,377.0,152.0,139.0,101.0,67.0,119.0,117.0,160.0,88.0,135.0,16.0,158.0,92.0
2020-09-26,61.0,61.0,87.0,48.0,6.0,138.0,65.0,12.0,121.0,811,78.0,231.0,93.0,59.0,221.0,330.0,141.0,24.0,30.0,421.0,111.0,94.0,74.0,61.0,107.0,76.0,111.0,85.0,103.0,13.0,126.0,67.0
2020-09-27,48.0,48.0,89.0,88.0,6.0,178.0,56.0,6.0,177.0,752,75.0,211.0,91.0,61.0,209.0,367.0,122.0,32.0,25.0,370.0,98.0,79.0,68.0,58.0,126.0,71.0,166.0,72.0,99.0,18.0,103.0,91.0
2020-09-28,81.0,81.0,108.0,83.0,14.0,224.0,75.0,7.0,245.0,1003,143.0,196.0,121.0,76.0,266.0,468.0,168.0,48.0,24.0,442.0,137.0,128.0,102.0,55.0,163.0,102.0,174.0,84.0,112.0,34.0,137.0,90.0
2020-09-29,62.0,62.0,79.0,64.0,8.0,193.0,49.0,9.0,196.0,1009,71.0,210.0,147.0,61.0,227.0,396.0,113.0,27.0,27.0,327.0,96.0,96.0,108.0,56.0,168.0,58.0,122.0,58.0,87.0,14.0,111.0,91.0
2020-09-30,61.0,61.0,97.0,69.0,11.0,209.0,41.0,11.0,217.0,950,88.0,193.0,111.0,75.0,223.0,407.0,118.0,39.0,24.0,307.0,110.0,87.0,100.0,45.0,156.0,70.0,93.0,61.0,124.0,18.0,111.0,87.0
2020-10-01,76.0,76.0,85.0,80.0,22.0,238.0,54.0,10.0,388.0,1486,124.0,230.0,187.0,89.0,247.0,499.0,179.0,35.0,27.0,506.0,134.0,167.0,133.0,53.0,218.0,121.0,187.0,139.0,144.0,29.0,141.0,106.0
2020-10-02,69.0,69.0,100.0,76.0,13.0,187.0,47.0,11.0,299.0,866,151.0,197.0,114.0,79.0,252.0,313.0,122.0,27.0,22.0,434.0,135.0,118.0,119.0,42.0,205.0,94.0,184.0,58.0,97.0,22.0,129.0,89.0
2020-10-03,67.0,67.0,104.0,58.0,12.0,228.0,58.0,10.0,267.0,768,116.0,240.0,97.0,73.0,187.0,299.0,110.0,27.0,23.0,409.0,114.0,91.0,96.0,48.0,169.0,67.0,111.0,54.0,82.0,17.0,118.0,48.0
2020-10-04,62.0,62.0,82.0,85.0,4.0,205.0,42.0,9.0,279.0,690,134.0,186.0,82.0,75.0,205.0,240.0,107.0,46.0,21.0,393.0,154.0,76.0,102.0,38.0,150.0,92.0,122.0,60.0,80.0,17.0,111.0,68.0
2020-10-05,81.0,81.0,129.0,78.0,11.0,268.0,51.0,4.0,498.0,1210,203.0,276.0,108.0,92.0,296.0,415.0,152.0,41.0,33.0,542.0,161.0,150.0,149.0,53.0,223.0,110.0,116.0,87.0,112.0,27.0,141.0,100.0
2020-10-06,80.0,80.0,93.0,67.0,6.0,209.0,46.0,8.0,368.0,953,141.0,195.0,90.0,72.0,205.0,328.0,124.0,31.0,18.0,457.0,85.0,106.0,122.0,30.0,185.0,86.0,99.0,67.0,86.0,17.0,118.0,90.0
2020-10-07,65.0,65.0,65.0,54.0,11.0,216.0,49.0,11.0,405.0,1048,171.0,206.0,82.0,67.0,218.0,388.0,108.0,33.0,20.0,475.0,103.0,116.0,133.0,50.0,171.0,78.0,110.0,67.0,98.0,34.0,95.0,51.0
2020-10-08,81.0,81.0,74.0,80.0,14.0,237.0,59.0,9.0,396.0,1006,145.0,192.0,88.0,65.0,237.0,337.0,120.0,21.0,25.0,396.0,94.0,131.0,153.0,50.0,188.0,76.0,124.0,88.0,112.0,21.0,119.0,97.0
2020-10-09,70.0,70.0,103.0,70.0,11.0,277.0,47.0,7.0,499.0,970,181.0,247.0,107.0,95.0,226.0,329.0,124.0,24.0,26.0,460.0,114.0,114.0,148.0,33.0,206.0,96.0,154.0,86.0,89.0,15.0,137.0,84.0
2020-10-10,79.0,79.0,123.0,70.0,15.0,329.0,58.0,14.0,745.0,1601,269.0,329.0,105.0,119.0,330.0,482.0,182.0,39.0,28.0,728.0,183.0,154.0,224.0,41.0,247.0,146.0,144.0,101.0,112.0,29.0,138.0,77.0
2020-10-11,59.0,59.0,103.0,87.0,11.0,216.0,44.0,4.0,437.0,863,141.0,231.0,71.0,107.0,207.0,278.0,142.0,38.0,34.0,476.0,103.0,99.0,162.0,25.0,219.0,83.0,103.0,75.0,90.0,12.0,80.0,89.0
2020-10-12,111.0,111.0,148.0,108.0,8.0,280.0,59.0,9.0,748.0,1306,268.0,309.0,88.0,77.0,285.0,445.0,149.0,35.0,28.0,535.0,174.0,123.0,164.0,49.0,218.0,108.0,179.0,55.0,111.0,41.0,133.0,152.0
2020-10-13,85.0,85.0,94.0,89.0,7.0,284.0,32.0,6.0,588.0,1142,186.0,220.0,80.0,73.0,262.0,367.0,106.0,37.0,24.0,435.0,82.0,126.0,175.0,34.0,204.0,90.0,105.0,60.0,96.0,27.0,95.0,138.0
2020-10-14,85.0,85.0,94.0,68.0,4.0,254.0,36.0,8.0,557.0,1084,177.0,239.0,66.0,91.0,236.0,364.0,125.0,34.0,13.0,388.0,69.0,112.0,190.0,30.0,193.0,81.0,120.0,67.0,76.0,13.0,94.0,101.0
2020-10-15,101.0,101.0,102.0,83.0,11.0,338.0,53.0,10.0,661.0,1469,220.0,314.0,81.0,114.0,284.0,501.0,150.0,37.0,17.0,445.0,90.0,175.0,185.0,40.0,191.0,103.0,137.0,71.0,135.0,25.0,115.0,147.0
2020-10-16,100.0,100.0,106.0,86.0,14.0,333.0,44.0,7.0,581.0,1352,220.0,283.0,76.0,92.0,252.0,385.0,134.0,14.0,27.0,432.0,101.0,130.0,179.0,31.0,191.0,86.0,170.0,62.0,134.0,30.0,113.0,98.0
2020-10-17,73.0,73.0,108.0,70.0,3.0,267.0,31.0,5.0,609.0,1097,175.0,305.0,68.0,73.0,266.0,380.0,99.0,25.0,24.0,402.0,136.0,115.0,194.0,34.0,172.0,93.0,170.0,57.0,113.0,18.0,81.0,63.0
2020-10-18,83.0,83.0,102.0,98.0,11.0,348.0,34.0,6.0,502.0,1150,268.0,378.0,72.0,112.0,269.0,343.0,119.0,44.0,28.0,422.0,94.0,105.0,205.0,47.0,230.0,95.0,165.0,77.0,153.0,39.0,85.0,124.0
2020-10-19,148.0,148.0,125.0,79.0,10.0,434.0,32.0,7.0,762.0,1632,307.0,429.0,69.0,126.0,278.0,502.0,142.0,36.0,19.0,512.0,84.0,126.0,246.0,41.0,298.0,109.0,207.0,72.0,149.0,34.0,117.0,145.0
2020-10-20,126.0,126.0,126.0,91.0,19.0,517.0,33.0,4.0,701.0,2223,367.0,400.0,91.0,132.0,275.0,541.0,166.0,28.0,6.0,530.0,103.0,181.0,280.0,29.0,255.0,119.0,130.0,84.0,180.0,28.0,94.0,121.0
2020-10-21,120.0,120.0,110.0,71.0,7.0,333.0,30.0,8.0,431.0,1388,229.0,301.0,46.0,90.0,200.0,332.0,117.0,34.0,14.0,330.0,85.0,118.0,155.0,28.0,183.0,91.0,112.0,65.0,99.0,23.0,78.0,132.0
2020-10-22,118.0,118.0,116.0,75.0,14.0,329.0,38.0,11.0,511.0,1353,249.0,357.0,56.0,102.0,224.0,402.0,90.0,22.0,14.0,350.0,115.0,130.0,187.0,17.0,215.0,81.0,132.0,68.0,92.0,25.0,97.0,86.0
2020-10-23,119.0,119.0,108.0,75.0,12.0,294.0,39.0,7.0,521.0,1392,263.0,356.0,59.0,98.0,200.0,438.0,116.0,22.0,16.0,383.0,110.0,112.0,157.0,38.0,169.0,86.0,168.0,77.0,108.0,14.0,97.0,98.0
2020-10-24,118.0,118.0,103.0,81.0,12.0,243.0,35.0,5.0,362.0,1098,211.0,382.0,37.0,97.0,239.0,337.0,102.0,22.0,16.0,380.0,101.0,121.0,187.0,28.0,160.0,74.0,126.0,62.0,118.0,18.0,97.0,46.0
2020-10-25,130.0,130.0,118.0,81.0,10.0,321.0,33.0,2.0,511.0,1337,274.0,473.0,52.0,104.0,261.0,435.0,121.0,32.0,17.0,394.0,122.0,122.0,223.0,37.0,158.0,85.0,115.0,75.0,114.0,32.0,86.0,76.0
2020-10-26,170.0,170.0,90.0,86.0,6.0,332.0,39.0,2.0,660.0,1727,335.0,401.0,53.0,109.0,273.0,496.0,108.0,37.0,21.0,442.0,90.0,148.0,267.0,43.0,209.0,88.0,114.0,64.0,94.0,30.0,112.0,88.0
2020-10-27,149.0,149.0,93.0,67.0,8.0,292.0,19.0,6.0,392.0,1451,273.0,306.0,38.0,95.0,265.0,406.0,110.0,23.0,13.0,435.0,69.0,156.0,213.0,34.0,134.0,61.0,76.0,73.0,80.0,25.0,70.0,58.0
2020-10-28,152.0,152.0,97.0,61.0,10.0,306.0,31.0,2.0,410.0,1500,247.0,318.0,56.0,109.0,222.0,466.0,104.0,40.0,10.0,372.0,73.0,148.0,221.0,31.0,148.0,70.0,94.0,71.0,94.0,28.0,97.0,84.0
2020-10-29,130.0,130.0,88.0,54.0,11.0,287.0,24.0,0.0,375.0,1236,190.0,306.0,57.0,81.0,192.0,408.0,85.0,22.0,16.0,338.0,47.0,123.0,188.0,26.0,128.0,65.0,93.0,69.0,72.0,24.0,86.0,58.0
2020-10-30,140.0,140.0,93.0,51.0,9.0,320.0,16.0,5.0,463.0,1470,278.0,338.0,44.0,98.0,257.0,472.0,85.0,18.0,19.0,467.0,73.0,113.0,232.0,26.0,184.0,70.0,175.0,66.0,123.0,37.0,68.0,79.0
2020-10-31,125.0,125.0,101.0,43.0,4.0,208.0,24.0,6.0,324.0,972,228.0,373.0,50.0,122.0,232.0,335.0,105.0,26.0,19.0,374.0,92.0,74.0,233.0,18.0,160.0,59.0,167.0,50.0,81.0,15.0,75.0,36.0
2020-11-01,140.0,140.0,167.0,88.0,8.0,422.0,34.0,4.0,524.0,1876,281.0,492.0,54.0,127.0,279.0,559.0,156.0,50.0,28.0,689.0,109.0,153.0,256.0,41.0,223.0,117.0,206.0,105.0,162.0,38.0,104.0,48.0
2020-11-02,214.0,214.0,113.0,75.0,7.0,373.0,28.0,3.0,390.0,1482,280.0,378.0,51.0,88.0,248.0,523.0,129.0,57.0,13.0,628.0,100.0,166.0,307.0,29.0,210.0,70.0,176.0,70.0,115.0,31.0,94.0,62.0
2020-11-03,180.0,180.0,87.0,84.0,7.0,293.0,24.0,1.0,289.0,1810,200.0,387.0,58.0,103.0,208.0,478.0,125.0,31.0,16.0,572.0,90.0,140.0,260.0,33.0,194.0,71.0,147.0,64.0,111.0,39.0,91.0,64.0
2020-11-04,142.0,142.0,102.0,61.0,11.0,310.0,17.0,10.0,305.0,1443,250.0,392.0,48.0,91.0,198.0,486.0,121.0,23.0,22.0,502.0,90.0,142.0,236.0,25.0,199.0,64.0,171.0,72.0,113.0,33.0,85.0,84.0
2020-11-05,151.0,151.0,116.0,66.0,15.0,339.0,19.0,5.0,346.0,1697,190.0,403.0,41.0,118.0,238.0,456.0,114.0,41.0,14.0,561.0,104.0,139.0,228.0,26.0,199.0,84.0,169.0,105.0,142.0,29.0,94.0,70.0
2020-11-06,138.0,138.0,118.0,51.0,13.0,341.0,26.0,7.0,318.0,1608,260.0,470.0,57.0,117.0,217.0,497.0,111.0,34.0,20.0,608.0,101.0,125.0,281.0,22.0,201.0,79.0,189.0,104.0,106.0,25.0,82.0,87.0
2020-11-07,136.0,136.0,105.0,65.0,6.0,293.0,29.0,12.0,287.0,1400,195.0,422.0,56.0,117.0,231.0,438.0,97.0,33.0,15.0,578.0,137.0,153.0,250.0,31.0,182.0,88.0,182.0,70.0,118.0,33.0,94.0,59.0
2020-11-08,160.0,160.0,89.0,69.0,12.0,311.0,21.0,8.0,287.0,1202,235.0,432.0,45.0,115.0,253.0,448.0,101.0,34.0,18.0,469.0,114.0,129.0,287.0,28.0,175.0,73.0,162.0,86.0,112.0,37.0,95.0,47.0
2020-11-09,195.0,195.0,112.0,75.0,8.0,379.0,19.0,5.0,268.0,2084,301.0,552.0,51.0,163.0,278.0,568.0,124.0,56.0,21.0,634.0,95.0,153.0,319.0,31.0,309.0,87.0,224.0,129.0,136.0,49.0,98.0,83.0
2020-11-10,186.0,186.0,115.0,91.0,15.0,432.0,12.0,13.0,320.0,2153,339.0,577.0,58.0,150.0,307.0,680.0,157.0,48.0,7.0,642.0,106.0,233.0,381.0,22.0,254.0,93.0,174.0,128.0,125.0,42.0,98.0,91.0
2020-11-11,170.0,170.0,100.0,47.0,7.0,324.0,8.0,4.0,220.0,1734,241.0,455.0,40.0,97.0,242.0,539.0,87.0,46.0,14.0,528.0,79.0,122.0,239.0,18.0,181.0,74.0,117.0,75.0,120.0,38.0,68.0,79.0
2020-11-12,144.0,144.0,125.0,47.0,6.0,280.0,13.0,8.0,218.0,1521,231.0,435.0,46.0,105.0,224.0,514.0,76.0,30.0,11.0,397.0,64.0,139.0,260.0,15.0,222.0,64.0,127.0,96.0,106.0,43.0,75.0,109.0
2020-11-13,159.0,159.0,119.0,46.0,8.0,266.0,17.0,5.0,193.0,1525,139.0,456.0,47.0,104.0,273.0,510.0,84.0,23.0,10.0,421.0,80.0,137.0,249.0,19.0,211.0,60.0,148.0,79.0,141.0,40.0,75.0,83.0
2020-11-14,121.0,121.0,152.0,40.0,12.0,238.0,18.0,18.0,198.0,1306,174.0,516.0,54.0,101.0,251.0,443.0,106.0,25.0,15.0,412.0,83.0,141.0,255.0,24.0,201.0,85.0,198.0,91.0,132.0,32.0,64.0,39.0
2020-11-15,136.0,136.0,195.0,78.0,17.0,300.0,23.0,10.0,247.0,1696,243.0,655.0,51.0,124.0,305.0,552.0,132.0,38.0,15.0,458.0,155.0,165.0,336.0,32.0,230.0,83.0,262.0,110.0,131.0,47.0,110.0,76.0
2020-11-16,153.0,153.0,216.0,80.0,8.0,282.0,21.0,14.0,244.0,1609,283.0,580.0,43.0,141.0,275.0,578.0,118.0,48.0,19.0,478.0,116.0,155.0,357.0,40.0,205.0,76.0,256.0,99.0,154.0,34.0,91.0,73.0
2020-11-17,201.0,201.0,213.0,69.0,18.0,292.0,16.0,6.0,185.0,1937,279.0,608.0,61.0,113.0,281.0,653.0,115.0,43.0,10.0,429.0,118.0,168.0,318.0,31.0,197.0,77.0,250.0,102.0,130.0,46.0,88.0,103.0
2020-11-18,173.0,173.0,243.0,59.0,5.0,254.0,16.0,6.0,217.0,2016,279.0,597.0,67.0,112.0,298.0,649.0,107.0,47.0,14.0,431.0,77.0,165.0,322.0,33.0,226.0,54.0,258.0,109.0,141.0,22.0,87.0,99.0
2020-11-19,213.0,213.0,243.0,67.0,14.0,243.0,22.0,6.0,272.0,1754,165.0,601.0,52.0,125.0,284.0,553.0,124.0,37.0,13.0,358.0,97.0,177.0,315.0,28.0,188.0,66.0,247.0,119.0,145.0,31.0,64.0,128.0
2020-11-20,211.0,211.0,309.0,89.0,21.0,426.0,23.0,14.0,348.0,3279,280.0,899.0,88.0,181.0,364.0,938.0,158.0,38.0,27.0,615.0,112.0,236.0,510.0,69.0,252.0,97.0,381.0,203.0,202.0,45.0,118.0,127.0
2020-11-21,116.0,116.0,236.0,37.0,12.0,178.0,20.0,7.0,175.0,1982,154.0,625.0,84.0,137.0,239.0,544.0,115.0,30.0,23.0,405.0,62.0,153.0,342.0,44.0,191.0,71.0,265.0,120.0,111.0,26.0,84.0,74.0
2020-11-22,162.0,162.0,262.0,90.0,12.0,232.0,20.0,8.0,143.0,1843,212.0,599.0,56.0,130.0,313.0,661.0,114.0,40.0,12.0,365.0,62.0,138.0,371.0,29.0,201.0,57.0,306.0,103.0,106.0,32.0,83.0,109.0
2020-11-23,197.0,197.0,307.0,85.0,16.0,309.0,26.0,5.0,162.0,2805,229.0,740.0,43.0,131.0,364.0,785.0,132.0,53.0,21.0,509.0,116.0,199.0,384.0,72.0,222.0,59.0,286.0,144.0,131.0,28.0,124.0,113.0
2020-11-24,139.0,139.0,248.0,88.0,12.0,282.0,16.0,7.0,155.0,2404,211.0,647.0,59.0,142.0,304.0,706.0,120.0,48.0,23.0,369.0,90.0,181.0,361.0,36.0,179.0,55.0,243.0,122.0,117.0,30.0,111.0,90.0
2020-11-25,90.0,90.0,228.0,93.0,21.0,302.0,16.0,4.0,134.0,2954,193.0,653.0,79.0,154.0,311.0,780.0,151.0,54.0,24.0,380.0,91.0,262.0,373.0,39.0,213.0,67.0,243.0,170.0,126.0,37.0,93.0,134.0
2020-11-26,123.0,123.0,233.0,81.0,12.0,288.0,20.0,17.0,123.0,2394,180.0,544.0,47.0,140.0,289.0,761.0,126.0,55.0,14.0,318.0,88.0,213.0,331.0,35.0,178.0,62.0,231.0,107.0,131.0,38.0,90.0,82.0
2020-11-27,114.0,114.0,235.0,63.0,5.0,224.0,18.0,14.0,111.0,2760,185.0,671.0,70.0,128.0,338.0,829.0,117.0,45.0,27.0,361.0,147.0,201.0,326.0,42.0,195.0,64.0,323.0,129.0,126.0,30.0,99.0,55.0
2020-11-28,95.0,95.0,259.0,70.0,21.0,185.0,22.0,16.0,99.0,2936,199.0,715.0,66.0,162.0,317.0,795.0,152.0,52.0,16.0,403.0,111.0,217.0,334.0,32.0,182.0,69.0,302.0,140.0,121.0,30.0,90.0,88.0
2020-11-29,141.0,141.0,269.0,114.0,6.0,210.0,22.0,13.0,80.0,2328,160.0,660.0,41.0,131.0,321.0,750.0,128.0,64.0,18.0,324.0,101.0,166.0,332.0,39.0,146.0,73.0,300.0,129.0,117.0,56.0,82.0,80.0
2020-11-30,164.0,164.0,327.0,79.0,17.0,295.0,25.0,10.0,128.0,4473,238.0,890.0,78.0,201.0,383.0,1214.0,183.0,71.0,19.0,429.0,145.0,291.0,464.0,61.0,195.0,91.0,325.0,199.0,114.0,51.0,101.0,98.0
2020-12-01,146.0,146.0,349.0,113.0,33.0,374.0,27.0,26.0,132.0,5115,173.0,803.0,81.0,230.0,383.0,1580.0,196.0,70.0,29.0,469.0,137.0,346.0,459.0,79.0,213.0,82.0,421.0,230.0,150.0,59.0,110.0,98.0
2020-12-02,114.0,114.0,239.0,76.0,9.0,190.0,17.0,10.0,81.0,3855,127.0,542.0,71.0,165.0,287.0,1111.0,142.0,53.0,14.0,338.0,116.0,264.0,388.0,30.0,157.0,67.0,264.0,183.0,133.0,42.0,76.0,83.0
2020-12-03,97.0,97.0,250.0,90.0,10.0,222.0,24.0,20.0,82.0,3790,115.0,566.0,76.0,155.0,309.0,1091.0,113.0,50.0,11.0,354.0,149.0,212.0,315.0,35.0,148.0,56.0,301.0,183.0,100.0,33.0,101.0,75.0
2020-12-04,93.0,93.0,263.0,72.0,14.0,201.0,15.0,14.0,83.0,3862,108.0,684.0,81.0,165.0,289.0,1161.0,137.0,47.0,25.0,405.0,111.0,231.0,312.0,40.0,173.0,67.0,305.0,209.0,109.0,52.0,93.0,63.0
2020-12-05,89.0,89.0,294.0,69.0,13.0,202.0,16.0,22.0,103.0,4137,101.0,855.0,71.0,187.0,333.0,1146.0,132.0,56.0,27.0,490.0,121.0,239.0,355.0,31.0,187.0,70.0,398.0,262.0,142.0,43.0,108.0,73.0
2020-12-06,77.0,77.0,275.0,101.0,9.0,206.0,14.0,18.0,77.0,2936,98.0,613.0,55.0,145.0,332.0,928.0,119.0,74.0,10.0,462.0,123.0,174.0,321.0,34.0,166.0,84.0,381.0,187.0,149.0,43.0,87.0,79.0
2020-12-07,98.0,98.0,360.0,109.0,16.0,265.0,25.0,31.0,93.0,4886,146.0,803.0,87.0,194.0,305.0,1507.0,173.0,74.0,28.0,653.0,138.0,294.0,456.0,52.0,188.0,74.0,293.0,260.0,164.0,75.0,110.0,86.0
2020-12-08,90.0,90.0,305.0,102.0,20.0,231.0,22.0,13.0,79.0,4228,135.0,604.0,76.0,182.0,287.0,1331.0,138.0,89.0,18.0,476.0,107.0,281.0,392.0,38.0,179.0,74.0,280.0,255.0,144.0,52.0,80.0,93.0
2020-12-09,76.0,76.0,283.0,80.0,20.0,228.0,21.0,20.0,75.0,4338,119.0,631.0,83.0,175.0,350.0,1276.0,132.0,63.0,21.0,519.0,158.0,255.0,288.0,46.0,140.0,65.0,324.0,313.0,150.0,62.0,121.0,105.0
2020-12-10,77.0,77.0,321.0,115.0,22.0,347.0,15.0,31.0,111.0,5180,127.0,704.0,122.0,217.0,403.0,1474.0,211.0,67.0,21.0,556.0,171.0,311.0,377.0,52.0,202.0,83.0,333.0,346.0,244.0,85.0,142.0,75.0
2020-12-11,102.0,102.0,275.0,112.0,21.0,218.0,16.0,14.0,88.0,4523,100.0,618.0,84.0,162.0,315.0,1288.0,143.0,52.0,27.0,504.0,112.0,288.0,357.0,57.0,170.0,78.0,369.0,242.0,169.0,62.0,126.0,58.0
2020-12-12,68.0,68.0,263.0,102.0,15.0,238.0,21.0,23.0,90.0,4183,93.0,628.0,87.0,215.0,336.0,1319.0,178.0,43.0,18.0,560.0,126.0,277.0,362.0,72.0,199.0,70.0,420.0,218.0,176.0,79.0,114.0,138.0
2020-12-13,97.0,97.0,277.0,131.0,9.0,244.0,23.0,22.0,81.0,3153,102.0,595.0,103.0,180.0,316.0,1022.0,176.0,82.0,16.0,498.0,146.0,207.0,316.0,55.0,152.0,90.0,425.0,198.0,160.0,91.0,123.0,151.0
2020-12-14,104.0,104.0,304.0,132.0,17.0,311.0,16.0,32.0,91.0,5054,151.0,734.0,116.0,194.0,377.0,1578.0,175.0,81.0,21.0,575.0,159.0,354.0,413.0,71.0,224.0,82.0,313.0,311.0,236.0,104.0,139.0,106.0
2020-12-15,69.0,69.0,287.0,118.0,16.0,294.0,25.0,20.0,83.0,4965,136.0,698.0,81.0,180.0,405.0,1510.0,212.0,114.0,22.0,541.0,161.0,369.0,322.0,49.0,206.0,90.0,269.0,249.0,195.0,87.0,128.0,102.0
2020-12-16,79.0,79.0,199.0,92.0,17.0,221.0,16.0,23.0,69.0,4180,118.0,517.0,77.0,149.0,308.0,1252.0,132.0,85.0,11.0,418.0,170.0,268.0,254.0,58.0,179.0,53.0,280.0,214.0,176.0,78.0,126.0,84.0
2020-12-17,66.0,66.0,232.0,95.0,13.0,210.0,26.0,18.0,62.0,3958,85.0,497.0,57.0,149.0,258.0,1183.0,148.0,87.0,19.0,443.0,195.0,291.0,243.0,37.0,172.0,64.0,357.0,210.0,173.0,79.0,93.0,39.0
2020-12-18,58.0,58.0,238.0,84.0,17.0,260.0,29.0,29.0,64.0,4661,87.0,577.0,81.0,194.0,355.0,1399.0,193.0,71.0,20.0,508.0,274.0,318.0,297.0,52.0,183.0,75.0,429.0,245.0,224.0,65.0,158.0,51.0
2020-12-19,58.0,58.0,234.0,101.0,11.0,190.0,29.0,23.0,66.0,3648,83.0,548.0,69.0,178.0,357.0,1041.0,150.0,63.0,16.0,447.0,168.0,353.0,287.0,55.0,172.0,80.0,388.0,195.0,165.0,72.0,111.0,99.0
2020-12-20,70.0,70.0,273.0,145.0,26.0,271.0,28.0,30.0,94.0,3909,125.0,586.0,86.0,180.0,418.0,1266.0,208.0,145.0,22.0,634.0,234.0,366.0,378.0,62.0,213.0,82.0,409.0,263.0,180.0,117.0,157.0,93.0
2020-12-21,98.0,98.0,185.0,105.0,15.0,273.0,23.0,21.0,55.0,4150,94.0,517.0,75.0,142.0,378.0,1341.0,150.0,138.0,21.0,557.0,121.0,311.0,351.0,44.0,159.0,60.0,293.0,206.0,155.0,80.0,113.0,82.0
2020-12-22,86.0,86.0,179.0,94.0,17.0,185.0,21.0,12.0,72.0,3721,70.0,435.0,89.0,149.0,322.0,1193.0,151.0,86.0,31.0,451.0,151.0,315.0,337.0,41.0,188.0,55.0,274.0,228.0,139.0,101.0,109.0,72.0
2020-12-23,73.0,73.0,160.0,80.0,6.0,206.0,23.0,6.0,63.0,3705,55.0,457.0,86.0,151.0,345.0,1053.0,177.0,115.0,21.0,428.0,116.0,320.0,243.0,50.0,161.0,72.0,339.0,208.0,143.0,63.0,121.0,51.0
2020-12-24,63.0,63.0,210.0,114.0,14.0,236.0,31.0,13.0,74.0,3829,86.0,601.0,92.0,166.0,374.0,1276.0,242.0,127.0,26.0,525.0,269.0,378.0,360.0,58.0,168.0,67.0,329.0,255.0,208.0,98.0,145.0,49.0
2020-12-25,69.0,69.0,230.0,133.0,21.0,238.0,26.0,22.0,75.0,3487,86.0,707.0,110.0,208.0,371.0,1123.0,248.0,124.0,39.0,547.0,309.0,368.0,340.0,53.0,168.0,91.0,348.0,242.0,260.0,83.0,177.0,61.0
2020-12-26,66.0,66.0,269.0,118.0,16.0,226.0,44.0,31.0,71.0,3592,90.0,611.0,91.0,193.0,394.0,1177.0,253.0,153.0,34.0,597.0,169.0,370.0,363.0,61.0,182.0,98.0,429.0,258.0,181.0,112.0,172.0,98.0
2020-12-27,84.0,84.0,222.0,198.0,15.0,262.0,30.0,21.0,75.0,3561,87.0,601.0,99.0,181.0,460.0,1185.0,250.0,145.0,38.0,689.0,205.0,334.0,448.0,58.0,212.0,91.0,310.0,183.0,186.0,96.0,186.0,85.0
2020-12-28,105.0,105.0,260.0,163.0,18.0,310.0,38.0,19.0,90.0,5056,121.0,693.0,128.0,259.0,542.0,1611.0,292.0,272.0,34.0,844.0,184.0,483.0,529.0,87.0,255.0,116.0,330.0,292.0,286.0,133.0,209.0,126.0
2020-12-29,78.0,78.0,146.0,148.0,19.0,257.0,30.0,19.0,60.0,3747,73.0,473.0,95.0,204.0,386.0,1125.0,164.0,179.0,33.0,599.0,197.0,332.0,296.0,68.0,193.0,66.0,223.0,222.0,160.0,120.0,164.0,88.0
2020-12-30,79.0,79.0,175.0,109.0,20.0,257.0,28.0,19.0,66.0,3910,89.0,506.0,107.0,193.0,391.0,1208.0,244.0,163.0,27.0,570.0,183.0,394.0,402.0,62.0,195.0,96.0,296.0,226.0,205.0,104.0,171.0,87.0
2020-12-31,61.0,61.0,244.0,114.0,27.0,268.0,36.0,36.0,88.0,4493,77.0,669.0,175.0,274.0,550.0,1306.0,290.0,208.0,34.0,682.0,242.0,510.0,402.0,81.0,277.0,117.0,301.0,234.0,236.0,148.0,248.0,95.0
2021-01-01,107.0,107.0,312.0,255.0,32.0,442.0,51.0,36.0,128.0,5121,140.0,1266.0,189.0,312.0,791.0,1769.0,415.0,415.0,82.0,1144.0,318.0,596.0,622.0,120.0,379.0,218.0,540.0,385.0,397.0,142.0,331.0,110.0
2021-01-02,121.0,121.0,289.0,154.0,15.0,342.0,37.0,49.0,106.0,4371,124.0,868.0,158.0,284.0,651.0,1243.0,262.0,276.0,70.0,839.0,335.0,496.0,466.0,86.0,336.0,138.0,373.0,293.0,296.0,125.0,259.0,149.0
2021-01-03,107.0,107.0,302.0,225.0,27.0,331.0,46.0,39.0,103.0,4607,105.0,847.0,138.0,263.0,724.0,1483.0,227.0,242.0,69.0,908.0,300.0,458.0,538.0,114.0,340.0,143.0,374.0,218.0,289.0,159.0,237.0,118.0
2021-01-04,150.0,150.0,333.0,250.0,17.0,423.0,66.0,36.0,119.0,6945,168.0,1017.0,199.0,367.0,792.0,1982.0,232.0,235.0,66.0,1122.0,327.0,660.0,614.0,129.0,469.0,177.0,330.0,348.0,347.0,176.0,283.0,156.0
2021-01-05,139.0,139.0,259.0,222.0,26.0,417.0,53.0,42.0,132.0,6157,134.0,964.0,208.0,277.0,658.0,1698.0,234.0,462.0,71.0,838.0,279.0,646.0,581.0,117.0,351.0,169.0,307.0,298.0,295.0,154.0,253.0,122.0
2021-01-06,146.0,146.0,240.0,165.0,24.0,275.0,66.0,38.0,64.0,5207,125.0,787.0,238.0,250.0,678.0,1567.0,248.0,274.0,62.0,708.0,259.0,629.0,485.0,93.0,354.0,144.0,306.0,276.0,285.0,150.0,265.0,109.0
2021-01-07,134.0,134.0,223.0,177.0,20.0,303.0,67.0,54.0,91.0,5303,97.0,822.0,219.0,239.0,710.0,1549.0,218.0,186.0,71.0,783.0,302.0,543.0,540.0,86.0,348.0,166.0,249.0,270.0,240.0,131.0,252.0,83.0
2021-01-08,135.0,135.0,223.0,221.0,22.0,324.0,51.0,35.0,93.0,5387,136.0,1061.0,252.0,265.0,786.0,1578.0,288.0,379.0,82.0,756.0,270.0,608.0,555.0,87.0,404.0,189.0,280.0,335.0,342.0,134.0,303.0,82.0
2021-01-09,119.0,119.0,196.0,140.0,28.0,272.0,50.0,46.0,83.0,5269,113.0,1033.0,206.0,238.0,694.0,1443.0,204.0,178.0,102.0,625.0,310.0,498.0,514.0,104.0,331.0,166.0,350.0,344.0,281.0,147.0,276.0,99.0
2021-01-10,155.0,155.0,252.0,241.0,40.0,327.0,55.0,54.0,122.0,5499,182.0,1270.0,254.0,320.0,828.0,1726.0,384.0,431.0,101.0,949.0,281.0,620.0,619.0,116.0,484.0,199.0,358.0,257.0,257.0,158.0,345.0,135.0
2021-01-11,164.0,164.0,204.0,193.0,25.0,335.0,67.0,42.0,103.0,6405,121.0,980.0,229.0,254.0,744.0,2030.0,291.0,321.0,75.0,949.0,233.0,611.0,689.0,119.0,452.0,173.0,310.0,313.0,328.0,155.0,302.0,93.0
2021-01-12,144.0,144.0,193.0,188.0,15.0,359.0,47.0,44.0,83.0,5460,109.0,891.0,195.0,226.0,594.0,1711.0,217.0,219.0,67.0,762.0,222.0,535.0,549.0,81.0,366.0,134.0,237.0,229.0,291.0,121.0,282.0,104.0
2021-01-13,132.0,132.0,183.0,173.0,18.0,294.0,51.0,39.0,91.0,5030,106.0,807.0,214.0,206.0,629.0,1677.0,191.0,353.0,62.0,718.0,132.0,465.0,527.0,65.0,376.0,141.0,255.0,259.0,285.0,132.0,262.0,149.0
2021-01-14,95.0,95.0,185.0,179.0,28.0,315.0,48.0,32.0,88.0,4989,83.0,808.0,223.0,235.0,580.0,1617.0,201.0,359.0,83.0,726.0,224.0,532.0,505.0,67.0,407.0,135.0,291.0,274.0,287.0,112.0,289.0,61.0
2021-01-15,146.0,146.0,220.0,173.0,29.0,389.0,73.0,43.0,122.0,5602,152.0,889.0,204.0,267.0,701.0,1846.0,325.0,420.0,93.0,864.0,311.0,628.0,577.0,77.0,549.0,184.0,337.0,398.0,328.0,140.0,317.0,88.0
2021-01-16,147.0,147.0,168.0,148.0,32.0,271.0,60.0,32.0,84.0,4269,107.0,738.0,214.0,223.0,595.0,1417.0,253.0,342.0,90.0,783.0,239.0,519.0,528.0,67.0,405.0,150.0,290.0,277.0,262.0,108.0,271.0,128.0
2021-01-17,138.0,138.0,184.0,225.0,29.0,295.0,60.0,24.0,79.0,3287,91.0,736.0,251.0,189.0,570.0,1188.0,200.0,204.0,87.0,780.0,229.0,408.0,435.0,95.0,350.0,143.0,251.0,227.0,232.0,102.0,275.0,118.0
2021-01-18,216.0,216.0,192.0,236.0,34.0,352.0,66.0,32.0,125.0,5728,123.0,927.0,256.0,262.0,697.0,1958.0,273.0,278.0,106.0,1079.0,250.0,570.0,669.0,111.0,516.0,170.0,254.0,315.0,345.0,175.0,376.0,142.0
2021-01-19,154.0,154.0,160.0,224.0,24.0,319.0,42.0,25.0,88.0,4777,100.0,670.0,207.0,206.0,533.0,1634.0,212.0,214.0,79.0,734.0,233.0,454.0,485.0,99.0,401.0,129.0,245.0,255.0,238.0,106.0,249.0,143.0
2021-01-20,189.0,189.0,170.0,231.0,19.0,379.0,61.0,29.0,105.0,5713,107.0,828.0,237.0,252.0,587.0,1819.0,308.0,722.0,90.0,777.0,201.0,589.0,552.0,156.0,540.0,207.0,285.0,320.0,284.0,142.0,325.0,121.0
2021-01-21,127.0,127.0,141.0,174.0,27.0,269.0,62.0,22.0,89.0,4167,75.0,625.0,126.0,177.0,447.0,1428.0,175.0,257.0,71.0,616.0,176.0,423.0,380.0,92.0,417.0,140.0,190.0,218.0,211.0,90.0,221.0,92.0
2021-01-22,127.0,127.0,125.0,160.0,27.0,242.0,54.0,35.0,102.0,4183,88.0,622.0,190.0,234.0,545.0,1388.0,209.0,317.0,81.0,677.0,195.0,440.0,474.0,94.0,382.0,152.0,185.0,238.0,261.0,92.0,203.0,109.0
2021-01-23,94.0,94.0,149.0,157.0,12.0,221.0,45.0,39.0,93.0,3503,76.0,771.0,176.0,164.0,533.0,1103.0,152.0,428.0,70.0,607.0,167.0,457.0,392.0,88.0,389.0,140.0,182.0,282.0,232.0,93.0,215.0,116.0
2021-01-24,104.0,104.0,157.0,151.0,30.0,237.0,39.0,43.0,84.0,2907,84.0,675.0,201.0,171.0,418.0,1084.0,149.0,153.0,50.0,583.0,219.0,336.0,363.0,103.0,285.0,104.0,178.0,171.0,216.0,93.0,247.0,111.0
2021-01-25,121.0,121.0,128.0,208.0,34.0,285.0,50.0,43.0,110.0,5060,110.0,810.0,224.0,184.0,532.0,1653.0,211.0,689.0,73.0,672.0,269.0,475.0,496.0,102.0,406.0,130.0,178.0,283.0,255.0,136.0,247.0,130.0
2021-01-26,98.0,98.0,136.0,191.0,21.0,202.0,36.0,33.0,62.0,4005,69.0,526.0,187.0,125.0,352.0,1254.0,127.0,279.0,45.0,555.0,153.0,370.0,340.0,98.0,307.0,96.0,166.0,166.0,154.0,80.0,189.0,113.0
2021-01-27,91.0,91.0,100.0,139.0,24.0,188.0,44.0,44.0,66.0,3362,73.0,497.0,156.0,126.0,272.0,1106.0,115.0,343.0,33.0,445.0,182.0,366.0,321.0,75.0,249.0,99.0,155.0,165.0,135.0,71.0,153.0,91.0
2021-01-28,75.0,75.0,91.0,153.0,15.0,198.0,28.0,39.0,70.0,3432,78.0,603.0,159.0,128.0,290.0,1113.0,129.0,672.0,37.0,455.0,164.0,325.0,271.0,72.0,210.0,92.0,137.0,165.0,165.0,98.0,144.0,64.0
2021-01-29,83.0,83.0,78.0,76.0,25.0,166.0,45.0,38.0,66.0,2842,58.0,521.0,129.0,102.0,299.0,915.0,98.0,245.0,41.0,335.0,140.0,314.0,309.0,33.0,215.0,89.0,137.0,169.0,129.0,87.0,150.0,71.0
2021-01-30,81.0,81.0,88.0,92.0,17.0,143.0,37.0,14.0,47.0,2659,48.0,443.0,141.0,93.0,265.0,780.0,88.0,378.0,50.0,311.0,174.0,317.0,270.0,55.0,207.0,93.0,140.0,218.0,148.0,85.0,138.0,76.0
2021-01-31,84.0,84.0,89.0,136.0,10.0,165.0,57.0,18.0,67.0,1744,63.0,570.0,138.0,112.0,295.0,715.0,123.0,154.0,26.0,317.0,156.0,269.0,261.0,56.0,185.0,101.0,155.0,135.0,103.0,91.0,166.0,108.0
2021-02-01,91.0,91.0,116.0,222.0,22.0,231.0,51.0,29.0,136.0,3144,98.0,767.0,199.0,157.0,404.0,1077.0,181.0,229.0,37.0,562.0,253.0,532.0,416.0,77.0,259.0,151.0,196.0,268.0,174.0,136.0,205.0,116.0
2021-02-02,92.0,92.0,110.0,144.0,15.0,178.0,41.0,25.0,67.0,3260,83.0,537.0,149.0,120.0,269.0,1053.0,121.0,471.0,30.0,367.0,142.0,326.0,298.0,58.0,233.0,110.0,131.0,224.0,136.0,104.0,157.0,80.0
2021-02-03,68.0,68.0,71.0,113.0,14.0,156.0,25.0,16.0,61.0,2926,52.0,496.0,136.0,116.0,220.0,840.0,103.0,274.0,30.0,306.0,130.0,316.0,250.0,39.0,247.0,84.0,114.0,112.0,119.0,70.0,117.0,84.0
2021-02-04,75.0,75.0,82.0,126.0,10.0,121.0,39.0,16.0,65.0,2669,52.0,487.0,116.0,91.0,227.0,801.0,79.0,294.0,25.0,255.0,165.0,328.0,264.0,41.0,171.0,73.0,126.0,126.0,102.0,69.0,106.0,72.0
2021-02-05,83.0,83.0,94.0,106.0,13.0,147.0,46.0,16.0,75.0,2999,83.0,469.0,113.0,92.0,271.0,858.0,100.0,517.0,38.0,315.0,203.0,279.0,253.0,34.0,234.0,105.0,112.0,162.0,113.0,107.0,183.0,93.0
2021-02-06,53.0,53.0,79.0,91.0,15.0,98.0,39.0,21.0,66.0,2211,52.0,389.0,91.0,97.0,228.0,687.0,58.0,228.0,36.0,317.0,157.0,224.0,232.0,35.0,140.0,85.0,115.0,149.0,111.0,55.0,138.0,88.0
2021-02-07,63.0,63.0,79.0,138.0,12.0,120.0,40.0,31.0,74.0,1683,56.0,352.0,80.0,83.0,234.0,586.0,86.0,69.0,31.0,277.0,147.0,243.0,221.0,39.0,146.0,74.0,140.0,112.0,108.0,55.0,128.0,91.0
2021-02-08,92.0,92.0,79.0,110.0,16.0,149.0,27.0,29.0,75.0,3204,69.0,512.0,101.0,94.0,253.0,1071.0,90.0,236.0,27.0,281.0,159.0,290.0,326.0,38.0,187.0,113.0,129.0,200.0,117.0,77.0,131.0,105.0
2021-02-09,65.0,65.0,62.0,96.0,8.0,117.0,24.0,19.0,62.0,2453,67.0,325.0,99.0,71.0,189.0,806.0,71.0,76.0,20.0,260.0,159.0,271.0,227.0,45.0,151.0,93.0,99.0,138.0,83.0,56.0,102.0,96.0
2021-02-10,48.0,48.0,84.0,83.0,20.0,131.0,24.0,13.0,88.0,3062,65.0,404.0,112.0,97.0,242.0,898.0,80.0,201.0,18.0,246.0,132.0,308.0,251.0,40.0,161.0,98.0,112.0,188.0,73.0,73.0,136.0,92.0
2021-02-11,54.0,54.0,70.0,86.0,14.0,77.0,19.0,11.0,63.0,2116,41.0,280.0,73.0,64.0,183.0,710.0,60.0,144.0,27.0,123.0,97.0,238.0,232.0,38.0,119.0,86.0,76.0,116.0,62.0,50.0,109.0,65.0
2021-02-12,50.0,50.0,46.0,57.0,9.0,78.0,42.0,18.0,70.0,2327,42.0,321.0,94.0,60.0,212.0,742.0,68.0,101.0,21.0,158.0,167.0,234.0,235.0,49.0,149.0,86.0,77.0,151.0,57.0,49.0,114.0,73.0
2021-02-13,61.0,61.0,66.0,50.0,10.0,90.0,22.0,14.0,58.0,1866,36.0,315.0,83.0,46.0,188.0,589.0,64.0,91.0,19.0,142.0,147.0,236.0,268.0,46.0,141.0,73.0,88.0,95.0,42.0,45.0,90.0,97.0
2021-02-14,44.0,44.0,54.0,76.0,14.0,92.0,24.0,16.0,47.0,1560,43.0,349.0,102.0,77.0,191.0,601.0,63.0,89.0,23.0,155.0,126.0,191.0,269.0,43.0,136.0,75.0,95.0,95.0,52.0,31.0,103.0,69.0
2021-02-15,86.0,86.0,54.0,106.0,28.0,130.0,30.0,18.0,134.0,2862,70.0,434.0,98.0,101.0,245.0,935.0,101.0,161.0,22.0,251.0,162.0,294.0,339.0,49.0,169.0,106.0,99.0,196.0,78.0,62.0,139.0,116.0
2021-02-16,62.0,62.0,38.0,104.0,15.0,108.0,20.0,13.0,90.0,2244,51.0,310.0,76.0,75.0,155.0,760.0,59.0,171.0,26.0,161.0,112.0,254.0,249.0,45.0,118.0,60.0,94.0,123.0,56.0,54.0,94.0,121.0
2021-02-17,50.0,50.0,46.0,67.0,16.0,73.0,22.0,14.0,84.0,2141,46.0,331.0,65.0,82.0,178.0,720.0,68.0,167.0,24.0,161.0,91.0,246.0,204.0,31.0,102.0,74.0,75.0,121.0,64.0,31.0,87.0,76.0
2021-02-18,57.0,57.0,49.0,80.0,12.0,67.0,22.0,15.0,86.0,2156,42.0,334.0,92.0,101.0,201.0,724.0,107.0,107.0,15.0,194.0,185.0,252.0,250.0,39.0,117.0,69.0,84.0,125.0,80.0,46.0,100.0,86.0
2021-02-19,51.0,51.0,55.0,53.0,18.0,104.0,19.0,14.0,89.0,1950,47.0,288.0,93.0,102.0,189.0,733.0,77.0,222.0,22.0,176.0,186.0,265.0,294.0,34.0,159.0,73.0,74.0,132.0,81.0,43.0,125.0,67.0
2021-02-20,52.0,52.0,54.0,91.0,22.0,102.0,25.0,11.0,114.0,2391,56.0,388.0,99.0,90.0,215.0,697.0,88.0,211.0,22.0,230.0,203.0,321.0,284.0,52.0,138.0,90.0,104.0,139.0,86.0,45.0,131.0,100.0
2021-02-21,54.0,54.0,64.0,83.0,17.0,89.0,23.0,12.0,67.0,1378,19.0,286.0,76.0,73.0,160.0,559.0,62.0,105.0,24.0,189.0,127.0,205.0,264.0,29.0,105.0,60.0,62.0,66.0,69.0,24.0,79.0,101.0
2021-02-22,73.0,73.0,64.0,75.0,13.0,85.0,16.0,19.0,82.0,2614,53.0,319.0,62.0,87.0,211.0,800.0,67.0,213.0,29.0,223.0,179.0,270.0,316.0,29.0,146.0,81.0,72.0,155.0,87.0,45.0,101.0,112.0
2021-02-23,60.0,60.0,38.0,74.0,15.0,51.0,21.0,7.0,92.0,2171,33.0,234.0,79.0,81.0,172.0,726.0,54.0,145.0,15.0,192.0,142.0,230.0,251.0,31.0,130.0,53.0,60.0,100.0,61.0,40.0,78.0,115.0
2021-02-24,53.0,53.0,55.0,58.0,12.0,88.0,18.0,12.0,80.0,1862,35.0,219.0,97.0,79.0,151.0,617.0,64.0,127.0,16.0,158.0,89.0,221.0,269.0,29.0,100.0,58.0,55.0,89.0,74.0,36.0,75.0,98.0
2021-02-25,54.0,54.0,63.0,38.0,11.0,69.0,16.0,12.0,79.0,2204,35.0,241.0,75.0,81.0,141.0,700.0,78.0,191.0,17.0,125.0,111.0,265.0,254.0,32.0,95.0,60.0,83.0,151.0,92.0,34.0,99.0,94.0
2021-02-26,71.0,71.0,38.0,34.0,31.0,91.0,12.0,10.0,89.0,2158,58.0,241.0,72.0,86.0,175.0,696.0,59.0,203.0,13.0,151.0,179.0,252.0,291.0,34.0,124.0,79.0,94.0,139.0,71.0,50.0,103.0,69.0
2021-02-27,53.0,53.0,55.0,51.0,15.0,66.0,17.0,14.0,85.0,1681,48.0,259.0,77.0,71.0,125.0,555.0,65.0,91.0,16.0,146.0,175.0,222.0,262.0,35.0,136.0,47.0,70.0,112.0,76.0,32.0,100.0,93.0
2021-02-28,48.0,48.0,75.0,99.0,23.0,74.0,13.0,36.0,109.0,1801,53.0,296.0,112.0,98.0,165.0,656.0,75.0,170.0,25.0,188.0,187.0,283.0,332.0,39.0,128.0,71.0,108.0,130.0,77.0,41.0,122.0,126.0
2021-03-01,80.0,80.0,66.0,79.0,13.0,97.0,24.0,12.0,149.0,2961,58.0,355.0,136.0,116.0,182.0,1040.0,112.0,262.0,22.0,253.0,175.0,337.0,402.0,42.0,163.0,80.0,137.0,230.0,107.0,65.0,129.0,145.0
2021-03-02,43.0,43.0,49.0,50.0,15.0,80.0,15.0,16.0,78.0,2196,45.0,171.0,62.0,75.0,134.0,699.0,47.0,156.0,22.0,154.0,91.0,214.0,234.0,35.0,116.0,66.0,88.0,118.0,78.0,40.0,77.0,99.0
2021-03-03,56.0,56.0,48.0,61.0,18.0,54.0,19.0,10.0,94.0,2030,51.0,171.0,79.0,73.0,142.0,624.0,53.0,106.0,14.0,133.0,90.0,241.0,273.0,35.0,100.0,63.0,96.0,111.0,56.0,50.0,96.0,83.0
2021-03-04,48.0,48.0,36.0,50.0,15.0,55.0,11.0,18.0,80.0,1796,41.0,144.0,75.0,62.0,99.0,582.0,47.0,220.0,19.0,127.0,121.0,180.0,237.0,20.0,88.0,71.0,80.0,97.0,62.0,39.0,73.0,68.0
2021-03-05,71.0,71.0,46.0,48.0,22.0,50.0,17.0,19.0,142.0,1884,54.0,221.0,78.0,54.0,111.0,575.0,61.0,209.0,19.0,144.0,135.0,217.0,246.0,26.0,107.0,79.0,110.0,136.0,59.0,40.0,116.0,71.0
2021-03-06,59.0,59.0,37.0,40.0,11.0,47.0,20.0,20.0,83.0,1458,46.0,158.0,67.0,36.0,127.0,493.0,49.0,106.0,18.0,121.0,128.0,211.0,241.0,35.0,112.0,63.0,88.0,111.0,67.0,29.0,75.0,70.0
2021-03-07,51.0,51.0,35.0,61.0,6.0,51.0,9.0,31.0,96.0,1203,35.0,188.0,60.0,63.0,111.0,441.0,31.0,97.0,21.0,138.0,123.0,166.0,210.0,31.0,98.0,53.0,90.0,87.0,67.0,31.0,56.0,87.0
2021-03-08,65.0,65.0,43.0,62.0,18.0,57.0,18.0,22.0,105.0,1843,44.0,249.0,100.0,65.0,125.0,639.0,66.0,235.0,11.0,163.0,134.0,203.0,260.0,33.0,138.0,57.0,114.0,123.0,88.0,49.0,95.0,92.0
2021-03-09,54.0,54.0,36.0,57.0,13.0,45.0,14.0,14.0,81.0,1680,33.0,187.0,56.0,63.0,91.0,583.0,60.0,90.0,17.0,140.0,96.0,190.0,243.0,34.0,94.0,61.0,114.0,112.0,45.0,49.0,57.0,88.0
2021-03-10,50.0,50.0,34.0,71.0,19.0,54.0,15.0,21.0,106.0,1881,62.0,187.0,60.0,53.0,125.0,636.0,78.0,319.0,16.0,131.0,112.0,228.0,201.0,36.0,107.0,69.0,85.0,111.0,67.0,44.0,83.0,81.0
2021-03-11,43.0,43.0,21.0,39.0,7.0,30.0,17.0,14.0,80.0,1453,27.0,127.0,60.0,36.0,90.0,477.0,48.0,124.0,10.0,88.0,58.0,188.0,153.0,28.0,83.0,69.0,82.0,90.0,44.0,55.0,59.0,43.0
2021-03-12,35.0,35.0,15.0,35.0,11.0,38.0,9.0,11.0,83.0,1497,49.0,166.0,73.0,47.0,89.0,492.0,58.0,75.0,17.0,114.0,77.0,182.0,161.0,33.0,90.0,74.0,78.0,83.0,58.0,50.0,88.0,61.0
2021-03-13,25.0,25.0,33.0,36.0,13.0,38.0,19.0,14.0,94.0,1161,33.0,169.0,58.0,63.0,91.0,390.0,45.0,70.0,15.0,84.0,92.0,182.0,174.0,40.0,80.0,59.0,80.0,120.0,45.0,38.0,72.0,66.0
2021-03-14,34.0,34.0,19.0,54.0,13.0,40.0,9.0,13.0,96.0,934,35.0,214.0,65.0,52.0,97.0,381.0,47.0,76.0,15.0,92.0,99.0,151.0,183.0,39.0,81.0,66.0,85.0,76.0,55.0,35.0,80.0,78.0
2021-03-15,104.0,104.0,41.0,82.0,14.0,41.0,15.0,19.0,124.0,1424,48.0,203.0,70.0,96.0,121.0,528.0,59.0,177.0,5.0,117.0,126.0,188.0,204.0,41.0,92.0,84.0,89.0,139.0,65.0,80.0,92.0,101.0
2021-03-16,34.0,34.0,39.0,56.0,10.0,49.0,12.0,12.0,114.0,1725,59.0,163.0,84.0,64.0,110.0,564.0,66.0,81.0,14.0,82.0,119.0,217.0,181.0,52.0,68.0,69.0,92.0,106.0,60.0,53.0,68.0,71.0
2021-03-17,48.0,48.0,32.0,61.0,10.0,31.0,14.0,15.0,123.0,1584,51.0,156.0,53.0,61.0,95.0,539.0,61.0,68.0,14.0,76.0,109.0,187.0,155.0,32.0,64.0,42.0,76.0,94.0,46.0,45.0,68.0,71.0
2021-03-18,38.0,38.0,42.0,118.0,17.0,36.0,9.0,10.0,107.0,1468,24.0,166.0,92.0,63.0,99.0,502.0,53.0,127.0,12.0,103.0,64.0,203.0,198.0,45.0,76.0,65.0,96.0,102.0,38.0,51.0,81.0,60.0
2021-03-19,32.0,32.0,45.0,61.0,20.0,42.0,13.0,16.0,143.0,1367,47.0,202.0,63.0,62.0,85.0,459.0,53.0,92.0,10.0,68.0,84.0,193.0,183.0,48.0,75.0,77.0,103.0,177.0,37.0,53.0,65.0,63.0
2021-03-20,35.0,35.0,46.0,99.0,18.0,57.0,14.0,16.0,196.0,1688,38.0,258.0,79.0,57.0,119.0,459.0,59.0,117.0,15.0,85.0,117.0,224.0,159.0,64.0,86.0,84.0,128.0,139.0,55.0,70.0,86.0,83.0
2021-03-21,33.0,33.0,45.0,57.0,15.0,49.0,7.0,17.0,108.0,915,29.0,158.0,65.0,40.0,88.0,393.0,50.0,55.0,10.0,59.0,108.0,154.0,136.0,41.0,70.0,62.0,82.0,63.0,42.0,40.0,74.0,68.0
2021-03-22,40.0,40.0,48.0,88.0,14.0,55.0,12.0,14.0,180.0,1695,40.0,178.0,62.0,51.0,101.0,591.0,69.0,84.0,9.0,81.0,65.0,189.0,147.0,40.0,114.0,53.0,80.0,104.0,59.0,47.0,83.0,76.0
2021-03-23,38.0,38.0,41.0,63.0,15.0,35.0,13.0,13.0,173.0,1445,38.0,194.0,43.0,65.0,93.0,536.0,59.0,65.0,7.0,84.0,66.0,155.0,134.0,27.0,66.0,58.0,84.0,73.0,49.0,40.0,74.0,68.0
2021-03-24,36.0,36.0,31.0,88.0,19.0,40.0,6.0,10.0,151.0,1210,47.0,141.0,57.0,41.0,64.0,475.0,53.0,66.0,5.0,57.0,56.0,171.0,140.0,34.0,86.0,52.0,84.0,114.0,55.0,35.0,62.0,71.0
2021-03-25,38.0,38.0,37.0,59.0,11.0,33.0,8.0,11.0,132.0,1281,33.0,171.0,50.0,40.0,78.0,460.0,76.0,102.0,8.0,70.0,103.0,147.0,112.0,46.0,58.0,57.0,93.0,90.0,45.0,24.0,54.0,44.0
2021-03-26,26.0,26.0,26.0,37.0,15.0,42.0,7.0,19.0,141.0,1102,27.0,99.0,62.0,46.0,86.0,394.0,65.0,60.0,4.0,72.0,59.0,137.0,118.0,37.0,77.0,58.0,87.0,88.0,60.0,22.0,49.0,46.0
2021-03-27,29.0,29.0,33.0,48.0,16.0,37.0,6.0,9.0,128.0,1046,26.0,121.0,53.0,54.0,83.0,327.0,64.0,48.0,10.0,84.0,78.0,165.0,113.0,25.0,65.0,50.0,66.0,79.0,38.0,17.0,43.0,50.0
2021-03-28,39.0,39.0,36.0,77.0,11.0,40.0,12.0,18.0,155.0,830,29.0,105.0,67.0,72.0,82.0,378.0,48.0,53.0,12.0,79.0,66.0,120.0,137.0,40.0,53.0,62.0,95.0,98.0,43.0,29.0,56.0,73.0
2021-03-29,31.0,31.0,40.0,80.0,12.0,31.0,9.0,7.0,185.0,1147,33.0,76.0,79.0,51.0,88.0,463.0,77.0,54.0,14.0,103.0,70.0,157.0,132.0,32.0,78.0,45.0,71.0,132.0,53.0,31.0,52.0,72.0
2021-03-30,42.0,42.0,37.0,54.0,9.0,35.0,10.0,15.0,154.0,1156,39.0,87.0,54.0,38.0,63.0,362.0,60.0,59.0,5.0,76.0,56.0,128.0,126.0,32.0,74.0,56.0,71.0,101.0,48.0,25.0,51.0,57.0
2021-03-31,39.0,39.0,25.0,52.0,7.0,30.0,14.0,12.0,194.0,953,22.0,98.0,65.0,46.0,74.0,323.0,63.0,52.0,15.0,56.0,45.0,110.0,118.0,35.0,71.0,44.0,61.0,85.0,49.0,26.0,43.0,42.0
2021-04-01,30.0,30.0,26.0,63.0,13.0,27.0,11.0,15.0,267.0,970,35.0,166.0,65.0,69.0,118.0,367.0,77.0,122.0,14.0,82.0,81.0,168.0,205.0,53.0,85.0,90.0,102.0,141.0,63.0,32.0,73.0,76.0
2021-04-02,35.0,35.0,32.0,32.0,9.0,20.0,13.0,22.0,191.0,699,35.0,125.0,70.0,50.0,86.0,291.0,60.0,60.0,17.0,72.0,82.0,123.0,123.0,43.0,70.0,53.0,85.0,104.0,69.0,44.0,57.0,78.0
2021-04-03,34.0,34.0,38.0,45.0,9.0,35.0,12.0,27.0,229.0,787,42.0,99.0,79.0,62.0,87.0,346.0,55.0,66.0,20.0,72.0,67.0,134.0,133.0,77.0,87.0,59.0,97.0,107.0,51.0,24.0,51.0,66.0
2021-04-04,35.0,35.0,31.0,74.0,15.0,29.0,12.0,14.0,243.0,959,61.0,114.0,73.0,47.0,115.0,329.0,61.0,61.0,15.0,89.0,60.0,135.0,132.0,72.0,76.0,54.0,102.0,104.0,60.0,47.0,46.0,73.0
2021-04-05,58.0,58.0,37.0,101.0,20.0,42.0,14.0,23.0,309.0,1408,83.0,134.0,70.0,68.0,128.0,558.0,61.0,102.0,36.0,108.0,75.0,169.0,151.0,69.0,93.0,87.0,115.0,141.0,71.0,41.0,71.0,65.0
2021-04-06,32.0,32.0,45.0,79.0,8.0,38.0,21.0,14.0,202.0,1141,40.0,87.0,66.0,47.0,102.0,430.0,52.0,63.0,18.0,82.0,55.0,125.0,120.0,62.0,75.0,53.0,97.0,103.0,53.0,19.0,75.0,59.0
2021-04-07,28.0,28.0,40.0,78.0,5.0,34.0,15.0,15.0,192.0,1042,40.0,104.0,87.0,66.0,97.0,422.0,57.0,51.0,17.0,77.0,42.0,145.0,125.0,45.0,76.0,65.0,82.0,98.0,66.0,39.0,51.0,40.0
2021-04-08,31.0,31.0,29.0,75.0,8.0,35.0,10.0,18.0,166.0,1043,37.0,93.0,78.0,62.0,81.0,429.0,39.0,51.0,21.0,65.0,48.0,121.0,104.0,38.0,77.0,41.0,90.0,100.0,51.0,30.0,57.0,70.0
2021-04-09,37.0,37.0,28.0,38.0,13.0,37.0,19.0,11.0,197.0,1120,35.0,73.0,82.0,57.0,74.0,400.0,46.0,57.0,18.0,82.0,56.0,117.0,117.0,63.0,88.0,57.0,91.0,91.0,57.0,33.0,60.0,57.0
2021-04-10,30.0,30.0,39.0,79.0,20.0,57.0,18.0,22.0,269.0,1126,46.0,84.0,83.0,77.0,88.0,448.0,72.0,210.0,17.0,78.0,85.0,153.0,104.0,78.0,116.0,68.0,100.0,138.0,66.0,33.0,62.0,66.0
2021-04-11,37.0,37.0,35.0,76.0,9.0,42.0,21.0,12.0,195.0,664,31.0,87.0,71.0,48.0,62.0,329.0,49.0,50.0,12.0,82.0,50.0,131.0,96.0,85.0,62.0,39.0,103.0,105.0,36.0,17.0,57.0,70.0
2021-04-12,48.0,48.0,40.0,70.0,12.0,37.0,17.0,20.0,226.0,1138,57.0,79.0,58.0,58.0,110.0,487.0,63.0,46.0,17.0,105.0,66.0,129.0,126.0,79.0,88.0,45.0,100.0,157.0,84.0,30.0,63.0,80.0
2021-04-13,29.0,29.0,36.0,73.0,12.0,31.0,13.0,17.0,205.0,960,40.0,51.0,53.0,53.0,63.0,399.0,49.0,43.0,17.0,61.0,37.0,101.0,90.0,74.0,80.0,47.0,48.0,87.0,70.0,32.0,63.0,55.0
2021-04-14,30.0,30.0,28.0,60.0,13.0,32.0,15.0,4.0,215.0,957,26.0,67.0,57.0,43.0,76.0,338.0,51.0,54.0,18.0,68.0,40.0,115.0,91.0,64.0,62.0,27.0,56.0,97.0,59.0,19.0,54.0,50.0
2021-04-15,27.0,27.0,43.0,62.0,23.0,28.0,17.0,16.0,194.0,1017,23.0,58.0,58.0,65.0,65.0,314.0,59.0,108.0,11.0,66.0,47.0,119.0,90.0,63.0,80.0,34.0,71.0,153.0,62.0,16.0,63.0,74.0
2021-04-16,21.0,21.0,30.0,39.0,14.0,47.0,19.0,12.0,197.0,861,47.0,61.0,56.0,39.0,77.0,314.0,46.0,56.0,14.0,62.0,46.0,100.0,105.0,70.0,76.0,59.0,67.0,144.0,69.0,20.0,52.0,67.0
2021-04-17,22.0,22.0,44.0,48.0,20.0,19.0,16.0,18.0,154.0,716,28.0,76.0,62.0,44.0,81.0,257.0,38.0,37.0,10.0,50.0,44.0,112.0,107.0,80.0,43.0,44.0,63.0,97.0,66.0,30.0,50.0,62.0
2021-04-18,30.0,30.0,40.0,66.0,12.0,27.0,19.0,16.0,149.0,589,33.0,102.0,51.0,37.0,64.0,287.0,43.0,50.0,15.0,61.0,50.0,108.0,118.0,73.0,59.0,41.0,90.0,100.0,62.0,15.0,57.0,60.0
2021-04-19,32.0,32.0,35.0,55.0,8.0,26.0,13.0,25.0,234.0,1109,43.0,116.0,64.0,48.0,86.0,391.0,46.0,52.0,24.0,67.0,45.0,92.0,112.0,72.0,73.0,65.0,99.0,169.0,71.0,23.0,75.0,61.0
2021-04-20,25.0,25.0,35.0,85.0,11.0,42.0,16.0,30.0,221.0,979,51.0,86.0,63.0,49.0,79.0,359.0,64.0,222.0,6.0,69.0,61.0,88.0,139.0,92.0,72.0,58.0,101.0,138.0,91.0,22.0,78.0,73.0
2021-04-21,23.0,23.0,44.0,71.0,28.0,23.0,20.0,9.0,140.0,798,23.0,70.0,52.0,35.0,67.0,288.0,48.0,58.0,13.0,71.0,36.0,88.0,89.0,63.0,60.0,45.0,55.0,92.0,50.0,22.0,47.0,62.0
2021-04-22,20.0,20.0,33.0,53.0,10.0,27.0,12.0,13.0,181.0,723,25.0,60.0,48.0,42.0,65.0,259.0,41.0,66.0,15.0,55.0,56.0,77.0,58.0,70.0,65.0,43.0,56.0,124.0,63.0,21.0,49.0,47.0
2021-04-23,36.0,36.0,32.0,50.0,15.0,20.0,18.0,17.0,165.0,766,33.0,54.0,45.0,30.0,78.0,261.0,38.0,52.0,6.0,56.0,22.0,84.0,74.0,106.0,61.0,46.0,61.0,131.0,64.0,14.0,42.0,60.0
2021-04-24,23.0,23.0,35.0,46.0,16.0,37.0,23.0,17.0,160.0,634,22.0,81.0,61.0,33.0,87.0,273.0,50.0,55.0,16.0,57.0,55.0,87.0,71.0,103.0,63.0,31.0,57.0,132.0,80.0,18.0,43.0,69.0
2021-04-25,25.0,25.0,39.0,49.0,32.0,24.0,15.0,18.0,162.0,601,22.0,67.0,55.0,23.0,63.0,249.0,47.0,268.0,12.0,64.0,71.0,94.0,75.0,111.0,57.0,40.0,89.0,120.0,75.0,10.0,43.0,95.0
2021-04-26,30.0,30.0,28.0,76.0,46.0,27.0,27.0,20.0,163.0,794,39.0,59.0,63.0,32.0,62.0,315.0,52.0,51.0,19.0,76.0,54.0,86.0,80.0,109.0,52.0,56.0,64.0,145.0,92.0,21.0,55.0,81.0
2021-04-27,25.0,25.0,27.0,54.0,13.0,38.0,13.0,8.0,117.0,838,15.0,55.0,55.0,23.0,57.0,246.0,47.0,62.0,8.0,59.0,37.0,61.0,61.0,103.0,56.0,31.0,48.0,133.0,93.0,22.0,33.0,64.0
2021-04-28,24.0,24.0,49.0,44.0,11.0,29.0,13.0,12.0,126.0,741,20.0,38.0,57.0,33.0,47.0,233.0,53.0,50.0,17.0,65.0,35.0,101.0,57.0,88.0,49.0,36.0,49.0,111.0,72.0,25.0,39.0,66.0
2021-04-29,18.0,18.0,29.0,48.0,18.0,15.0,22.0,9.0,102.0,574,28.0,41.0,50.0,20.0,57.0,221.0,35.0,40.0,11.0,58.0,22.0,64.0,52.0,84.0,44.0,36.0,58.0,111.0,73.0,9.0,55.0,38.0
2021-04-30,15.0,15.0,40.0,42.0,20.0,20.0,27.0,17.0,144.0,605,21.0,46.0,72.0,17.0,56.0,184.0,40.0,66.0,31.0,64.0,33.0,71.0,65.0,85.0,39.0,24.0,70.0,108.0,94.0,15.0,52.0,78.0
2021-05-01,15.0,15.0,42.0,53.0,22.0,37.0,29.0,11.0,160.0,428,31.0,56.0,89.0,32.0,77.0,187.0,46.0,203.0,24.0,51.0,54.0,91.0,77.0,136.0,56.0,40.0,83.0,152.0,109.0,11.0,45.0,74.0
2021-05-02,23.0,23.0,44.0,54.0,20.0,17.0,28.0,16.0,112.0,378,14.0,48.0,57.0,17.0,60.0,174.0,45.0,30.0,11.0,70.0,32.0,69.0,44.0,87.0,48.0,22.0,52.0,109.0,84.0,10.0,44.0,57.0
2021-05-03,23.0,23.0,64.0,69.0,20.0,40.0,27.0,11.0,138.0,662,37.0,47.0,65.0,21.0,71.0,243.0,45.0,68.0,17.0,96.0,42.0,50.0,69.0,142.0,46.0,35.0,70.0,126.0,110.0,12.0,40.0,80.0
2021-05-04,19.0,19.0,42.0,41.0,14.0,32.0,21.0,17.0,104.0,549,18.0,41.0,58.0,22.0,64.0,197.0,34.0,34.0,8.0,83.0,30.0,45.0,45.0,111.0,54.0,23.0,42.0,137.0,89.0,11.0,45.0,58.0
2021-05-05,19.0,19.0,54.0,54.0,14.0,26.0,21.0,21.0,102.0,611,15.0,43.0,70.0,32.0,69.0,210.0,47.0,126.0,18.0,92.0,99.0,55.0,41.0,121.0,49.0,27.0,49.0,105.0,107.0,9.0,44.0,58.0
2021-05-06,17.0,17.0,39.0,44.0,15.0,20.0,22.0,10.0,82.0,509,15.0,50.0,41.0,14.0,45.0,158.0,40.0,88.0,18.0,57.0,28.0,47.0,42.0,104.0,60.0,28.0,50.0,118.0,98.0,10.0,51.0,39.0
2021-05-07,16.0,16.0,61.0,31.0,17.0,26.0,17.0,15.0,84.0,477,16.0,33.0,61.0,16.0,56.0,184.0,35.0,48.0,16.0,63.0,35.0,37.0,33.0,120.0,52.0,37.0,61.0,130.0,116.0,5.0,50.0,39.0
2021-05-08,19.0,19.0,46.0,40.0,21.0,16.0,21.0,12.0,88.0,396,10.0,44.0,42.0,6.0,51.0,130.0,28.0,19.0,10.0,72.0,33.0,63.0,40.0,129.0,54.0,38.0,48.0,125.0,96.0,6.0,55.0,81.0
2021-05-09,9.0,9.0,63.0,56.0,17.0,29.0,22.0,6.0,93.0,251,17.0,40.0,42.0,21.0,48.0,127.0,32.0,8.0,10.0,70.0,28.0,49.0,24.0,128.0,36.0,44.0,54.0,110.0,80.0,8.0,41.0,85.0
2021-05-10,20.0,20.0,68.0,71.0,21.0,36.0,33.0,19.0,165.0,499,41.0,66.0,62.0,18.0,46.0,246.0,38.0,76.0,16.0,98.0,37.0,54.0,49.0,160.0,61.0,62.0,79.0,197.0,122.0,18.0,53.0,106.0
2021-05-11,18.0,18.0,46.0,44.0,14.0,21.0,20.0,13.0,76.0,583,27.0,39.0,34.0,11.0,38.0,222.0,30.0,28.0,11.0,83.0,36.0,35.0,36.0,141.0,52.0,42.0,69.0,117.0,99.0,14.0,63.0,71.0
2021-05-12,16.0,16.0,42.0,43.0,24.0,24.0,19.0,15.0,85.0,478,18.0,37.0,30.0,13.0,48.0,206.0,29.0,40.0,10.0,63.0,40.0,60.0,34.0,145.0,41.0,35.0,70.0,126.0,95.0,11.0,45.0,72.0
2021-05-13,17.0,17.0,42.0,47.0,28.0,23.0,25.0,16.0,67.0,468,14.0,34.0,33.0,6.0,41.0,146.0,26.0,55.0,14.0,79.0,23.0,50.0,21.0,141.0,49.0,34.0,62.0,87.0,101.0,12.0,58.0,77.0
2021-05-14,15.0,15.0,42.0,42.0,36.0,16.0,15.0,15.0,76.0,521,18.0,32.0,34.0,19.0,41.0,194.0,30.0,25.0,20.0,62.0,39.0,40.0,31.0,117.0,41.0,44.0,65.0,126.0,123.0,8.0,58.0,87.0
2021-05-15,9.0,9.0,54.0,55.0,61.0,22.0,21.0,15.0,85.0,425,19.0,47.0,42.0,16.0,45.0,201.0,27.0,30.0,13.0,72.0,41.0,69.0,28.0,145.0,34.0,50.0,63.0,214.0,125.0,16.0,67.0,119.0
2021-05-16,8.0,8.0,40.0,70.0,28.0,20.0,11.0,12.0,69.0,290,26.0,35.0,35.0,26.0,46.0,155.0,20.0,8.0,15.0,77.0,31.0,48.0,21.0,111.0,31.0,31.0,59.0,105.0,95.0,16.0,49.0,69.0
2021-05-17,21.0,21.0,54.0,93.0,26.0,18.0,21.0,12.0,92.0,522,33.0,34.0,39.0,36.0,70.0,236.0,32.0,24.0,23.0,102.0,32.0,55.0,41.0,166.0,46.0,65.0,62.0,191.0,145.0,10.0,105.0,121.0
2021-05-18,4.0,4.0,39.0,93.0,21.0,30.0,26.0,15.0,75.0,647,17.0,33.0,41.0,20.0,44.0,206.0,13.0,20.0,9.0,99.0,24.0,26.0,19.0,151.0,36.0,50.0,61.0,163.0,125.0,6.0,81.0,87.0
2021-05-19,10.0,10.0,42.0,78.0,19.0,20.0,23.0,15.0,54.0,467,19.0,22.0,28.0,12.0,38.0,174.0,28.0,29.0,17.0,71.0,27.0,42.0,20.0,147.0,21.0,53.0,58.0,136.0,100.0,14.0,47.0,97.0
2021-05-20,10.0,10.0,40.0,88.0,32.0,27.0,24.0,15.0,59.0,556,24.0,65.0,37.0,27.0,50.0,242.0,27.0,19.0,10.0,101.0,39.0,51.0,28.0,148.0,44.0,47.0,102.0,180.0,139.0,8.0,70.0,103.0
2021-05-21,10.0,10.0,35.0,78.0,21.0,14.0,16.0,16.0,52.0,490,14.0,21.0,51.0,25.0,48.0,168.0,12.0,28.0,14.0,87.0,28.0,29.0,34.0,112.0,37.0,56.0,69.0,131.0,109.0,15.0,53.0,73.0
2021-05-22,13.0,13.0,32.0,77.0,21.0,18.0,16.0,23.0,40.0,340,14.0,38.0,32.0,17.0,42.0,183.0,20.0,7.0,9.0,58.0,37.0,31.0,24.0,203.0,32.0,56.0,68.0,127.0,121.0,15.0,73.0,121.0
2021-05-23,9.0,9.0,32.0,117.0,18.0,26.0,13.0,13.0,51.0,301,20.0,26.0,21.0,16.0,38.0,140.0,12.0,17.0,10.0,110.0,35.0,30.0,28.0,118.0,33.0,46.0,69.0,126.0,117.0,21.0,72.0,170.0
2021-05-24,11.0,11.0,50.0,106.0,26.0,27.0,15.0,27.0,67.0,710,12.0,23.0,32.0,22.0,52.0,236.0,22.0,24.0,12.0,83.0,31.0,44.0,35.0,151.0,57.0,74.0,95.0,195.0,140.0,9.0,81.0,164.0
2021-05-25,12.0,12.0,46.0,121.0,30.0,24.0,17.0,13.0,48.0,629,22.0,20.0,25.0,23.0,46.0,207.0,17.0,12.0,15.0,101.0,26.0,31.0,31.0,145.0,44.0,53.0,79.0,195.0,130.0,4.0,83.0,166.0
2021-05-26,11.0,11.0,52.0,100.0,39.0,17.0,12.0,32.0,43.0,580,27.0,29.0,21.0,15.0,40.0,157.0,18.0,25.0,12.0,79.0,34.0,51.0,21.0,136.0,40.0,45.0,64.0,156.0,124.0,9.0,67.0,143.0
2021-05-27,6.0,6.0,34.0,74.0,43.0,27.0,13.0,13.0,30.0,461,17.0,21.0,21.0,12.0,33.0,164.0,17.0,9.0,10.0,90.0,21.0,34.0,16.0,145.0,55.0,51.0,70.0,158.0,110.0,20.0,70.0,126.0
2021-05-28,10.0,10.0,45.0,101.0,38.0,13.0,21.0,24.0,53.0,555,14.0,32.0,31.0,31.0,31.0,175.0,18.0,15.0,8.0,79.0,30.0,28.0,23.0,175.0,40.0,54.0,93.0,241.0,148.0,3.0,76.0,178.0
2021-05-29,6.0,6.0,37.0,90.0,59.0,13.0,18.0,19.0,47.0,378,8.0,30.0,23.0,11.0,38.0,105.0,21.0,12.0,16.0,66.0,17.0,19.0,10.0,150.0,30.0,60.0,75.0,192.0,113.0,5.0,61.0,194.0
2021-05-30,8.0,8.0,53.0,154.0,14.0,21.0,20.0,22.0,36.0,351,17.0,24.0,17.0,11.0,60.0,143.0,14.0,10.0,11.0,74.0,26.0,31.0,15.0,266.0,22.0,63.0,66.0,155.0,141.0,9.0,114.0,160.0
2021-05-31,8.0,8.0,42.0,145.0,26.0,26.0,19.0,24.0,46.0,616,18.0,28.0,19.0,16.0,59.0,171.0,14.0,14.0,15.0,97.0,22.0,39.0,26.0,183.0,46.0,62.0,71.0,212.0,197.0,7.0,115.0,258.0
2021-06-01,7.0,7.0,44.0,172.0,30.0,40.0,23.0,32.0,66.0,773,24.0,40.0,25.0,30.0,60.0,222.0,15.0,12.0,13.0,131.0,29.0,46.0,32.0,250.0,38.0,85.0,156.0,322.0,191.0,8.0,108.0,258.0
2021-06-02,10.0,10.0,33.0,137.0,16.0,18.0,9.0,30.0,35.0,613,13.0,19.0,27.0,19.0,34.0,156.0,16.0,16.0,18.0,114.0,22.0,37.0,12.0,158.0,33.0,62.0,75.0,227.0,139.0,6.0,85.0,207.0
2021-06-03,8.0,8.0,28.0,165.0,23.0,16.0,14.0,27.0,37.0,540,33.0,28.0,21.0,17.0,37.0,138.0,8.0,6.0,13.0,88.0,35.0,26.0,10.0,130.0,32.0,71.0,115.0,172.0,160.0,2.0,98.0,173.0
2021-06-04,6.0,6.0,32.0,161.0,27.0,25.0,12.0,18.0,31.0,604,21.0,38.0,25.0,17.0,46.0,153.0,2.0,17.0,11.0,96.0,41.0,25.0,19.0,146.0,45.0,89.0,107.0,256.0,167.0,7.0,88.0,187.0
2021-06-05,8.0,8.0,28.0,188.0,33.0,22.0,12.0,13.0,32.0,574,42.0,27.0,20.0,13.0,37.0,180.0,12.0,9.0,13.0,109.0,34.0,25.0,12.0,156.0,26.0,80.0,129.0,296.0,188.0,2.0,97.0,238.0
2021-06-06,11.0,11.0,41.0,241.0,53.0,33.0,12.0,29.0,39.0,525,13.0,26.0,22.0,15.0,52.0,181.0,11.0,12.0,17.0,103.0,37.0,35.0,12.0,171.0,32.0,78.0,138.0,218.0,192.0,5.0,108.0,239.0
2021-06-07,16.0,16.0,35.0,270.0,50.0,40.0,19.0,45.0,36.0,853,22.0,37.0,19.0,21.0,40.0,226.0,15.0,12.0,16.0,104.0,32.0,34.0,13.0,166.0,37.0,101.0,120.0,238.0,248.0,5.0,106.0,305.0
2021-06-08,5.0,5.0,45.0,254.0,59.0,30.0,14.0,30.0,39.0,816,22.0,32.0,17.0,12.0,46.0,196.0,20.0,9.0,20.0,105.0,20.0,35.0,20.0,164.0,44.0,93.0,129.0,291.0,199.0,4.0,114.0,233.0
2021-06-09,10.0,10.0,36.0,264.0,38.0,29.0,11.0,27.0,36.0,752,9.0,30.0,15.0,21.0,40.0,199.0,7.0,8.0,20.0,97.0,29.0,29.0,17.0,196.0,35.0,86.0,138.0,233.0,199.0,1.0,104.0,201.0
2021-06-10,5.0,5.0,36.0,244.0,51.0,24.0,7.0,35.0,41.0,811,13.0,38.0,20.0,12.0,55.0,214.0,7.0,13.0,6.0,119.0,37.0,20.0,15.0,160.0,25.0,106.0,161.0,346.0,245.0,4.0,111.0,189.0
2021-06-11,2.0,2.0,49.0,288.0,62.0,18.0,17.0,33.0,21.0,793,17.0,20.0,17.0,12.0,43.0,198.0,14.0,13.0,19.0,82.0,31.0,42.0,8.0,155.0,40.0,91.0,129.0,253.0,192.0,3.0,93.0,213.0
2021-06-12,9.0,9.0,33.0,304.0,72.0,17.0,8.0,25.0,26.0,538,9.0,30.0,29.0,15.0,38.0,214.0,7.0,8.0,11.0,68.0,31.0,37.0,10.0,183.0,30.0,139.0,142.0,301.0,182.0,7.0,100.0,248.0
2021-06-13,10.0,10.0,45.0,345.0,75.0,20.0,13.0,40.0,20.0,567,16.0,37.0,19.0,19.0,45.0,177.0,8.0,9.0,16.0,111.0,41.0,21.0,13.0,127.0,25.0,93.0,162.0,246.0,176.0,2.0,99.0,239.0
2021-06-14,4.0,4.0,46.0,416.0,81.0,36.0,16.0,41.0,29.0,958,27.0,32.0,8.0,19.0,65.0,297.0,9.0,14.0,34.0,132.0,39.0,44.0,20.0,191.0,50.0,171.0,184.0,338.0,269.0,2.0,122.0,264.0
2021-06-15,5.0,5.0,57.0,425.0,57.0,31.0,10.0,26.0,28.0,1007,12.0,31.0,18.0,25.0,60.0,290.0,14.0,8.0,25.0,113.0,63.0,31.0,19.0,176.0,49.0,169.0,174.0,303.0,259.0,12.0,139.0,222.0
2021-06-16,3.0,3.0,39.0,301.0,51.0,23.0,8.0,32.0,21.0,1027,14.0,18.0,30.0,16.0,58.0,293.0,20.0,19.0,17.0,108.0,51.0,24.0,15.0,179.0,28.0,106.0,121.0,320.0,226.0,3.0,124.0,244.0
2021-06-17,6.0,6.0,34.0,276.0,61.0,24.0,12.0,42.0,31.0,905,6.0,20.0,26.0,14.0,59.0,247.0,22.0,7.0,10.0,93.0,33.0,29.0,18.0,230.0,41.0,135.0,138.0,252.0,232.0,3.0,128.0,200.0
2021-06-18,4.0,4.0,43.0,373.0,80.0,21.0,12.0,31.0,28.0,1177,11.0,31.0,27.0,20.0,58.0,294.0,14.0,8.0,15.0,111.0,27.0,28.0,15.0,298.0,51.0,190.0,201.0,338.0,311.0,1.0,174.0,239.0
2021-06-19,4.0,4.0,42.0,354.0,87.0,24.0,12.0,31.0,26.0,1007,12.0,24.0,25.0,20.0,51.0,247.0,16.0,8.0,18.0,100.0,57.0,31.0,16.0,237.0,47.0,168.0,194.0,317.0,222.0,6.0,166.0,323.0
2021-06-20,9.0,9.0,44.0,430.0,126.0,28.0,17.0,56.0,33.0,1136,20.0,43.0,33.0,36.0,98.0,345.0,27.0,13.0,17.0,152.0,97.0,57.0,31.0,325.0,36.0,229.0,261.0,383.0,293.0,7.0,222.0,310.0
2021-06-21,16.0,16.0,55.0,376.0,92.0,29.0,26.0,34.0,29.0,1465,18.0,31.0,33.0,33.0,86.0,404.0,22.0,16.0,25.0,148.0,87.0,38.0,34.0,203.0,59.0,201.0,191.0,305.0,298.0,13.0,225.0,330.0
2021-06-22,12.0,12.0,40.0,332.0,60.0,25.0,16.0,38.0,32.0,1493,21.0,32.0,39.0,25.0,88.0,379.0,26.0,10.0,27.0,142.0,76.0,43.0,25.0,220.0,48.0,157.0,192.0,327.0,230.0,3.0,200.0,300.0
2021-06-23,10.0,10.0,40.0,345.0,66.0,37.0,18.0,31.0,30.0,1439,15.0,19.0,40.0,33.0,105.0,354.0,26.0,19.0,23.0,145.0,65.0,31.0,25.0,224.0,41.0,164.0,157.0,277.0,222.0,4.0,240.0,249.0
2021-06-24,5.0,5.0,43.0,270.0,82.0,20.0,15.0,35.0,23.0,1392,19.0,28.0,38.0,30.0,101.0,395.0,22.0,16.0,27.0,138.0,74.0,31.0,20.0,247.0,42.0,191.0,216.0,297.0,225.0,6.0,208.0,176.0
2021-06-25,10.0,10.0,49.0,319.0,86.0,29.0,17.0,43.0,26.0,1604,16.0,43.0,62.0,32.0,111.0,418.0,24.0,15.0,36.0,142.0,101.0,48.0,35.0,220.0,57.0,250.0,243.0,386.0,229.0,8.0,222.0,273.0
2021-06-26,6.0,6.0,37.0,367.0,62.0,23.0,20.0,43.0,32.0,1512,20.0,58.0,58.0,45.0,127.0,447.0,28.0,11.0,42.0,149.0,91.0,55.0,36.0,212.0,46.0,221.0,233.0,343.0,203.0,2.0,249.0,230.0
2021-06-27,7.0,7.0,43.0,465.0,101.0,30.0,21.0,41.0,25.0,1213,30.0,57.0,67.0,20.0,118.0,457.0,31.0,19.0,52.0,206.0,102.0,39.0,44.0,406.0,35.0,281.0,182.0,285.0,198.0,6.0,252.0,250.0
2021-06-28,6.0,6.0,46.0,379.0,67.0,37.0,31.0,56.0,45.0,2041,29.0,59.0,88.0,48.0,165.0,595.0,39.0,13.0,61.0,223.0,137.0,51.0,74.0,260.0,53.0,316.0,222.0,406.0,286.0,4.0,351.0,292.0
2021-06-29,13.0,13.0,38.0,311.0,45.0,26.0,17.0,33.0,34.0,1937,30.0,43.0,96.0,55.0,143.0,576.0,37.0,15.0,40.0,189.0,102.0,44.0,67.0,205.0,59.0,280.0,156.0,243.0,213.0,8.0,260.0,211.0
2021-06-30,13.0,13.0,46.0,305.0,77.0,31.0,26.0,32.0,46.0,2061,36.0,48.0,96.0,52.0,170.0,635.0,41.0,20.0,51.0,223.0,137.0,56.0,72.0,243.0,51.0,289.0,183.0,256.0,227.0,13.0,309.0,213.0
2021-07-01,12.0,12.0,40.0,367.0,91.0,52.0,27.0,26.0,55.0,2570,34.0,95.0,186.0,64.0,229.0,757.0,66.0,13.0,64.0,252.0,130.0,67.0,66.0,404.0,68.0,409.0,232.0,417.0,238.0,12.0,364.0,212.0
2021-07-02,14.0,14.0,47.0,269.0,96.0,39.0,31.0,28.0,49.0,2353,20.0,79.0,182.0,75.0,245.0,806.0,42.0,29.0,52.0,202.0,175.0,59.0,95.0,210.0,69.0,355.0,203.0,276.0,240.0,5.0,350.0,205.0
2021-07-03,10.0,10.0,56.0,340.0,113.0,38.0,27.0,58.0,56.0,2164,24.0,93.0,225.0,81.0,280.0,664.0,44.0,18.0,101.0,250.0,171.0,87.0,103.0,222.0,69.0,423.0,240.0,245.0,218.0,13.0,370.0,253.0
2021-07-04,16.0,16.0,46.0,325.0,85.0,52.0,38.0,43.0,65.0,2071,32.0,90.0,272.0,91.0,290.0,716.0,53.0,29.0,95.0,312.0,164.0,75.0,76.0,295.0,43.0,478.0,204.0,278.0,216.0,8.0,348.0,268.0
2021-07-05,16.0,16.0,49.0,363.0,91.0,76.0,37.0,70.0,82.0,3638,74.0,164.0,307.0,108.0,429.0,1123.0,79.0,63.0,105.0,374.0,235.0,129.0,102.0,281.0,96.0,664.0,320.0,371.0,291.0,19.0,520.0,279.0
2021-07-06,20.0,20.0,43.0,336.0,58.0,73.0,25.0,64.0,68.0,3363,41.0,137.0,297.0,112.0,413.0,982.0,83.0,19.0,125.0,354.0,206.0,89.0,98.0,274.0,67.0,547.0,250.0,267.0,193.0,25.0,466.0,253.0
2021-07-07,21.0,21.0,44.0,280.0,79.0,101.0,47.0,47.0,67.0,3483,50.0,163.0,267.0,107.0,427.0,1060.0,79.0,70.0,101.0,375.0,208.0,117.0,121.0,333.0,89.0,547.0,237.0,252.0,217.0,36.0,433.0,230.0
2021-07-08,19.0,19.0,45.0,289.0,71.0,81.0,44.0,42.0,67.0,3218,49.0,115.0,335.0,118.0,415.0,1056.0,92.0,49.0,107.0,361.0,178.0,122.0,92.0,293.0,93.0,557.0,206.0,219.0,223.0,16.0,405.0,222.0
2021-07-09,29.0,29.0,50.0,294.0,77.0,81.0,59.0,84.0,87.0,3180,37.0,153.0,398.0,122.0,486.0,1128.0,128.0,97.0,146.0,363.0,245.0,130.0,126.0,375.0,111.0,600.0,327.0,323.0,242.0,24.0,436.0,235.0
2021-07-10,30.0,30.0,49.0,323.0,95.0,129.0,84.0,102.0,68.0,3934,87.0,264.0,567.0,166.0,617.0,1179.0,146.0,53.0,172.0,470.0,335.0,186.0,141.0,369.0,132.0,854.0,350.0,425.0,269.0,35.0,579.0,278.0
2021-07-11,33.0,33.0,62.0,268.0,112.0,123.0,76.0,82.0,95.0,2733,57.0,206.0,441.0,150.0,549.0,1005.0,123.0,66.0,148.0,494.0,270.0,138.0,131.0,260.0,111.0,636.0,291.0,219.0,230.0,38.0,443.0,241.0
2021-07-12,43.0,43.0,47.0,316.0,101.0,124.0,127.0,110.0,86.0,4351,114.0,213.0,582.0,177.0,769.0,1694.0,153.0,112.0,269.0,689.0,340.0,147.0,201.0,391.0,169.0,787.0,384.0,357.0,243.0,33.0,603.0,227.0
2021-07-13,29.0,29.0,71.0,280.0,68.0,122.0,120.0,103.0,92.0,4283,93.0,239.0,437.0,163.0,662.0,1490.0,122.0,83.0,205.0,651.0,299.0,159.0,193.0,376.0,177.0,614.0,253.0,313.0,238.0,24.0,523.0,273.0
2021-07-14,39.0,39.0,60.0,241.0,52.0,118.0,92.0,98.0,97.0,3844,87.0,255.0,408.0,170.0,659.0,1360.0,153.0,124.0,255.0,532.0,275.0,171.0,195.0,383.0,160.0,507.0,290.0,253.0,215.0,32.0,484.0,226.0
2021-07-15,65.0,65.0,48.0,251.0,83.0,126.0,114.0,84.0,90.0,4042,79.0,368.0,597.0,204.0,749.0,1473.0,188.0,157.0,307.0,597.0,357.0,187.0,173.0,363.0,182.0,585.0,321.0,358.0,234.0,41.0,526.0,192.0
2021-07-16,58.0,58.0,62.0,249.0,80.0,134.0,136.0,108.0,79.0,3695,118.0,236.0,683.0,196.0,856.0,1679.0,186.0,83.0,287.0,543.0,373.0,199.0,174.0,390.0,256.0,619.0,364.0,322.0,244.0,32.0,519.0,187.0
2021-07-17,46.0,46.0,64.0,283.0,93.0,148.0,181.0,122.0,110.0,3582,103.0,210.0,754.0,199.0,1111.0,1485.0,143.0,120.0,314.0,608.0,399.0,210.0,196.0,385.0,201.0,634.0,396.0,342.0,219.0,44.0,674.0,252.0
2021-07-18,40.0,40.0,81.0,236.0,89.0,154.0,173.0,104.0,109.0,3131,136.0,310.0,809.0,245.0,924.0,1512.0,175.0,82.0,340.0,739.0,365.0,237.0,203.0,358.0,244.0,673.0,325.0,351.0,210.0,52.0,718.0,244.0
2021-07-19,69.0,69.0,103.0,281.0,98.0,208.0,229.0,178.0,134.0,5467,167.0,370.0,864.0,287.0,1140.0,2350.0,270.0,285.0,464.0,926.0,447.0,308.0,323.0,454.0,358.0,772.0,346.0,549.0,329.0,56.0,956.0,258.0
2021-07-20,53.0,53.0,97.0,257.0,124.0,210.0,214.0,149.0,134.0,5604,196.0,396.0,843.0,306.0,1089.0,2281.0,319.0,123.0,539.0,942.0,486.0,311.0,256.0,439.0,384.0,751.0,380.0,544.0,268.0,81.0,778.0,234.0
2021-07-21,61.0,61.0,80.0,193.0,90.0,182.0,204.0,143.0,99.0,4443,135.0,364.0,567.0,262.0,887.0,1884.0,206.0,184.0,355.0,740.0,365.0,298.0,257.0,432.0,342.0,462.0,317.0,336.0,221.0,54.0,673.0,201.0
2021-07-22,59.0,59.0,83.0,191.0,90.0,149.0,226.0,146.0,126.0,4087,131.0,287.0,587.0,275.0,956.0,1822.0,259.0,262.0,387.0,718.0,405.0,264.0,233.0,377.0,364.0,514.0,420.0,463.0,274.0,72.0,693.0,181.0
2021-07-23,66.0,66.0,80.0,211.0,126.0,170.0,260.0,167.0,74.0,4167,181.0,325.0,749.0,255.0,1105.0,1955.0,288.0,271.0,441.0,830.0,457.0,295.0,242.0,425.0,378.0,698.0,406.0,415.0,285.0,58.0,749.0,204.0
2021-07-24,76.0,76.0,94.0,252.0,115.0,170.0,263.0,157.0,106.0,4099,159.0,298.0,825.0,276.0,1042.0,1754.0,227.0,146.0,393.0,896.0,524.0,328.0,253.0,385.0,426.0,594.0,497.0,544.0,268.0,67.0,811.0,212.0
2021-07-25,107.0,107.0,85.0,311.0,160.0,289.0,287.0,172.0,144.0,3884,205.0,395.0,864.0,300.0,1190.0,2026.0,275.0,191.0,400.0,1097.0,626.0,367.0,288.0,335.0,479.0,615.0,465.0,525.0,329.0,97.0,887.0,212.0
2021-07-26,94.0,94.0,116.0,230.0,139.0,286.0,361.0,208.0,129.0,5745,239.0,429.0,821.0,348.0,1335.0,2572.0,370.0,363.0,460.0,1280.0,538.0,451.0,368.0,461.0,584.0,653.0,473.0,666.0,345.0,109.0,967.0,234.0
2021-07-27,79.0,79.0,101.0,215.0,131.0,291.0,333.0,167.0,115.0,5138,219.0,387.0,734.0,313.0,1257.0,2306.0,389.0,297.0,374.0,1160.0,453.0,421.0,372.0,520.0,570.0,457.0,383.0,701.0,323.0,90.0,866.0,209.0
2021-07-28,91.0,91.0,89.0,188.0,126.0,285.0,291.0,153.0,101.0,4669,221.0,383.0,643.0,274.0,1111.0,2092.0,309.0,303.0,370.0,1003.0,453.0,402.0,341.0,554.0,515.0,389.0,392.0,589.0,359.0,100.0,818.0,198.0
2021-07-29,77.0,77.0,82.0,156.0,121.0,255.0,290.0,166.0,93.0,4183,191.0,339.0,604.0,280.0,910.0,1926.0,328.0,278.0,331.0,1007.0,416.0,363.0,290.0,465.0,484.0,432.0,384.0,514.0,380.0,95.0,834.0,169.0
2021-07-30,95.0,95.0,98.0,177.0,124.0,240.0,309.0,156.0,86.0,4244,218.0,421.0,729.0,306.0,1071.0,1967.0,297.0,332.0,407.0,1044.0,463.0,441.0,332.0,441.0,525.0,420.0,387.0,612.0,376.0,87.0,871.0,217.0
2021-07-31,57.0,57.0,92.0,185.0,116.0,225.0,291.0,178.0,100.0,3541,168.0,374.0,752.0,293.0,1067.0,1573.0,364.0,117.0,405.0,952.0,470.0,353.0,326.0,428.0,569.0,440.0,429.0,601.0,400.0,81.0,833.0,226.0
2021-08-01,131.0,131.0,136.0,236.0,177.0,396.0,401.0,175.0,136.0,4384,324.0,547.0,1035.0,423.0,1254.0,2179.0,475.0,175.0,504.0,1711.0,663.0,533.0,427.0,398.0,740.0,580.0,519.0,878.0,465.0,144.0,1079.0,250.0
2021-08-02,137.0,137.0,139.0,193.0,138.0,401.0,407.0,206.0,108.0,4851,287.0,418.0,739.0,395.0,1258.0,2364.0,416.0,192.0,461.0,1504.0,627.0,599.0,436.0,535.0,796.0,439.0,438.0,788.0,489.0,136.0,1095.0,245.0
2021-08-03,111.0,111.0,113.0,139.0,118.0,304.0,349.0,166.0,109.0,4427,246.0,406.0,584.0,386.0,1015.0,2047.0,421.0,131.0,411.0,1334.0,488.0,495.0,414.0,451.0,730.0,335.0,331.0,650.0,428.0,111.0,864.0,218.0
2021-08-04,122.0,122.0,116.0,133.0,154.0,288.0,336.0,154.0,96.0,4074,265.0,432.0,535.0,365.0,946.0,1800.0,349.0,158.0,362.0,1102.0,412.0,558.0,366.0,358.0,628.0,272.0,365.0,720.0,396.0,123.0,779.0,213.0
2021-08-05,71.0,71.0,117.0,152.0,150.0,316.0,261.0,152.0,92.0,4433,280.0,556.0,617.0,346.0,971.0,1864.0,388.0,171.0,340.0,1423.0,514.0,556.0,391.0,380.0,693.0,326.0,426.0,811.0,491.0,168.0,861.0,209.0
2021-08-06,93.0,93.0,135.0,108.0,164.0,305.0,343.0,156.0,108.0,4017,321.0,545.0,665.0,399.0,1026.0,1884.0,335.0,173.0,440.0,1294.0,481.0,531.0,426.0,436.0,718.0,360.0,406.0,811.0,494.0,122.0,925.0,224.0
2021-08-07,123.0,123.0,132.0,128.0,191.0,299.0,352.0,187.0,103.0,3774,188.0,511.0,586.0,336.0,1102.0,1606.0,361.0,204.0,407.0,1275.0,432.0,582.0,432.0,375.0,700.0,289.0,386.0,830.0,447.0,131.0,903.0,235.0
2021-08-08,86.0,86.0,138.0,166.0,200.0,316.0,412.0,143.0,99.0,3504,279.0,519.0,623.0,373.0,1096.0,1710.0,429.0,179.0,399.0,1561.0,582.0,631.0,412.0,340.0,731.0,274.0,420.0,848.0,484.0,137.0,920.0,254.0
2021-08-09,114.0,114.0,155.0,134.0,201.0,405.0,505.0,182.0,105.0,4595,308.0,659.0,594.0,471.0,1261.0,2211.0,448.0,232.0,437.0,1602.0,522.0,636.0,517.0,543.0,936.0,350.0,447.0,969.0,579.0,176.0,1034.0,298.0
2021-08-10,129.0,129.0,175.0,141.0,257.0,383.0,387.0,168.0,83.0,4745,351.0,668.0,555.0,463.0,1159.0,2115.0,514.0,224.0,397.0,1693.0,439.0,762.0,466.0,340.0,852.0,330.0,415.0,1299.0,573.0,187.0,1085.0,277.0
2021-08-11,105.0,105.0,142.0,115.0,191.0,284.0,336.0,128.0,66.0,3697,236.0,601.0,415.0,380.0,912.0,1675.0,384.0,188.0,312.0,1332.0,421.0,617.0,387.0,292.0,708.0,198.0,328.0,754.0,460.0,134.0,761.0,211.0
2021-08-12,109.0,109.0,125.0,120.0,166.0,319.0,325.0,153.0,74.0,3491,186.0,467.0,435.0,350.0,863.0,1578.0,354.0,187.0,309.0,1147.0,383.0,574.0,397.0,344.0,661.0,189.0,332.0,923.0,521.0,125.0,708.0,248.0
2021-08-13,100.0,100.0,148.0,144.0,187.0,314.0,345.0,178.0,78.0,3354,215.0,508.0,487.0,344.0,887.0,1602.0,365.0,214.0,286.0,1234.0,353.0,597.0,459.0,290.0,695.0,235.0,455.0,1047.0,508.0,139.0,874.0,229.0
2021-08-14,101.0,101.0,154.0,133.0,199.0,283.0,392.0,165.0,64.0,2967,172.0,659.0,433.0,374.0,987.0,1423.0,387.0,176.0,289.0,1225.0,516.0,606.0,421.0,295.0,647.0,242.0,460.0,927.0,457.0,155.0,840.0,258.0
2021-08-15,127.0,127.0,167.0,136.0,261.0,343.0,398.0,154.0,86.0,2901,215.0,699.0,458.0,393.0,940.0,1430.0,410.0,173.0,305.0,1473.0,505.0,653.0,430.0,294.0,657.0,251.0,462.0,1004.0,533.0,190.0,917.0,271.0
2021-08-16,126.0,126.0,185.0,136.0,236.0,366.0,431.0,199.0,110.0,3788,278.0,717.0,427.0,399.0,1057.0,1947.0,457.0,144.0,353.0,1590.0,509.0,725.0,558.0,407.0,890.0,253.0,358.0,1114.0,560.0,188.0,890.0,275.0
2021-08-17,106.0,106.0,163.0,111.0,196.0,319.0,313.0,125.0,56.0,3497,222.0,553.0,304.0,366.0,826.0,1533.0,380.0,151.0,237.0,1250.0,390.0,586.0,437.0,280.0,636.0,199.0,327.0,826.0,477.0,150.0,660.0,221.0
2021-08-18,141.0,141.0,154.0,79.0,184.0,273.0,333.0,131.0,75.0,3130,163.0,570.0,319.0,313.0,748.0,1337.0,357.0,145.0,246.0,1173.0,474.0,572.0,417.0,219.0,650.0,180.0,364.0,976.0,529.0,152.0,666.0,253.0
2021-08-19,85.0,85.0,146.0,109.0,171.0,283.0,260.0,134.0,86.0,2798,125.0,496.0,295.0,277.0,771.0,1190.0,312.0,195.0,169.0,936.0,413.0,491.0,360.0,212.0,557.0,188.0,363.0,857.0,437.0,129.0,677.0,259.0
2021-08-20,150.0,150.0,187.0,115.0,212.0,364.0,393.0,165.0,110.0,3377,208.0,751.0,416.0,366.0,907.0,1473.0,367.0,193.0,252.0,1280.0,419.0,680.0,463.0,243.0,661.0,260.0,427.0,1421.0,664.0,171.0,899.0,330.0
2021-08-21,96.0,96.0,141.0,118.0,168.0,261.0,315.0,149.0,60.0,2133,109.0,520.0,294.0,268.0,769.0,1028.0,261.0,135.0,184.0,985.0,314.0,501.0,371.0,322.0,531.0,177.0,378.0,832.0,442.0,136.0,646.0,274.0
2021-08-22,96.0,96.0,175.0,99.0,161.0,248.0,291.0,97.0,72.0,1908,183.0,579.0,242.0,254.0,757.0,970.0,304.0,172.0,176.0,1022.0,376.0,473.0,338.0,198.0,398.0,164.0,333.0,750.0,435.0,136.0,716.0,322.0
2021-08-23,126.0,126.0,185.0,140.0,199.0,321.0,324.0,109.0,76.0,3146,166.0,650.0,245.0,320.0,856.0,1392.0,345.0,145.0,213.0,1198.0,355.0,606.0,442.0,246.0,639.0,172.0,373.0,1007.0,451.0,162.0,800.0,329.0
2021-08-24,116.0,116.0,142.0,92.0,161.0,308.0,232.0,98.0,81.0,2587,148.0,613.0,206.0,255.0,739.0,1023.0,281.0,114.0,197.0,970.0,258.0,449.0,389.0,243.0,502.0,133.0,278.0,851.0,463.0,140.0,543.0,236.0
2021-08-25,93.0,93.0,154.0,85.0,165.0,300.0,269.0,100.0,72.0,2647,174.0,691.0,196.0,302.0,679.0,1057.0,323.0,106.0,177.0,948.0,354.0,476.0,362.0,178.0,443.0,142.0,305.0,987.0,481.0,170.0,598.0,277.0
2021-08-26,82.0,82.0,72.0,67.0,136.0,206.0,229.0,96.0,57.0,2310,132.0,555.0,180.0,212.0,665.0,982.0,240.0,140.0,149.0,870.0,243.0,445.0,300.0,163.0,402.0,126.0,250.0,793.0,411.0,111.0,560.0,216.0
2021-08-27,117.0,117.0,113.0,68.0,145.0,265.0,207.0,117.0,50.0,2544,141.0,624.0,206.0,223.0,725.0,1014.0,242.0,134.0,159.0,886.0,267.0,438.0,332.0,162.0,436.0,130.0,302.0,902.0,403.0,121.0,567.0,299.0
2021-08-28,92.0,92.0,113.0,117.0,119.0,266.0,245.0,120.0,78.0,2245,123.0,714.0,219.0,251.0,753.0,787.0,278.0,141.0,155.0,917.0,363.0,502.0,351.0,180.0,463.0,135.0,338.0,997.0,469.0,99.0,576.0,288.0
2021-08-29,90.0,90.0,123.0,81.0,145.0,271.0,214.0,87.0,67.0,1629,92.0,567.0,186.0,231.0,725.0,864.0,228.0,132.0,159.0,956.0,309.0,464.0,339.0,187.0,336.0,118.0,323.0,638.0,418.0,129.0,631.0,280.0
2021-08-30,111.0,111.0,153.0,53.0,198.0,363.0,244.0,108.0,96.0,2499,198.0,667.0,227.0,265.0,823.0,1283.0,303.0,134.0,164.0,923.0,352.0,535.0,381.0,185.0,462.0,132.0,304.0,964.0,503.0,160.0,708.0,326.0
2021-08-31,110.0,110.0,113.0,77.0,159.0,342.0,218.0,78.0,82.0,1958,168.0,532.0,183.0,186.0,643.0,971.0,252.0,123.0,141.0,708.0,267.0,456.0,315.0,156.0,362.0,119.0,225.0,733.0,424.0,134.0,477.0,315.0
2021-09-01,116.0,116.0,136.0,67.0,148.0,361.0,266.0,95.0,84.0,2584,150.0,728.0,200.0,254.0,856.0,1191.0,319.0,150.0,148.0,861.0,398.0,616.0,371.0,152.0,414.0,123.0,287.0,1057.0,548.0,180.0,674.0,331.0
2021-09-02,84.0,84.0,109.0,55.0,118.0,266.0,210.0,90.0,54.0,2057,119.0,552.0,197.0,206.0,700.0,1095.0,208.0,194.0,131.0,583.0,254.0,450.0,317.0,132.0,285.0,122.0,217.0,700.0,359.0,130.0,493.0,201.0
2021-09-03,79.0,79.0,108.0,51.0,119.0,247.0,208.0,101.0,67.0,2004,102.0,547.0,181.0,192.0,695.0,1007.0,222.0,240.0,117.0,602.0,261.0,452.0,334.0,127.0,323.0,104.0,213.0,844.0,449.0,118.0,530.0,275.0
2021-09-04,71.0,71.0,112.0,62.0,126.0,244.0,179.0,60.0,77.0,1527,112.0,565.0,169.0,196.0,762.0,902.0,250.0,200.0,130.0,573.0,293.0,401.0,258.0,159.0,315.0,130.0,214.0,721.0,370.0,110.0,516.0,299.0
2021-09-05,61.0,61.0,140.0,78.0,100.0,260.0,218.0,114.0,70.0,1490,125.0,544.0,158.0,183.0,699.0,917.0,195.0,181.0,125.0,646.0,301.0,432.0,265.0,111.0,300.0,136.0,258.0,707.0,374.0,113.0,467.0,276.0
2021-09-06,127.0,127.0,138.0,63.0,77.0,285.0,187.0,105.0,70.0,2009,153.0,684.0,167.0,171.0,753.0,1345.0,291.0,126.0,130.0,647.0,272.0,497.0,374.0,121.0,350.0,112.0,256.0,814.0,393.0,130.0,549.0,300.0
2021-09-07,102.0,102.0,116.0,41.0,65.0,231.0,169.0,105.0,68.0,1764,127.0,610.0,101.0,158.0,580.0,1122.0,228.0,96.0,115.0,583.0,217.0,404.0,292.0,121.0,313.0,103.0,191.0,652.0,369.0,107.0,439.0,306.0
2021-09-08,72.0,72.0,84.0,36.0,80.0,226.0,180.0,65.0,75.0,1649,108.0,591.0,95.0,147.0,619.0,977.0,218.0,175.0,90.0,531.0,228.0,358.0,252.0,104.0,288.0,95.0,211.0,579.0,324.0,84.0,349.0,279.0
2021-09-09,84.0,84.0,78.0,49.0,67.0,182.0,226.0,91.0,78.0,1578,100.0,638.0,115.0,165.0,611.0,977.0,193.0,151.0,88.0,506.0,254.0,400.0,201.0,115.0,259.0,93.0,214.0,518.0,251.0,95.0,370.0,206.0
2021-09-10,80.0,80.0,132.0,54.0,75.0,217.0,191.0,110.0,82.0,1830,97.0,754.0,123.0,176.0,797.0,1202.0,217.0,210.0,133.0,528.0,266.0,387.0,232.0,116.0,273.0,119.0,277.0,831.0,375.0,101.0,420.0,272.0
2021-09-11,65.0,65.0,89.0,35.0,47.0,167.0,136.0,84.0,58.0,1403,44.0,542.0,94.0,134.0,567.0,774.0,171.0,181.0,105.0,461.0,213.0,281.0,174.0,99.0,226.0,90.0,185.0,468.0,264.0,57.0,305.0,189.0
2021-09-12,60.0,60.0,125.0,58.0,71.0,186.0,166.0,65.0,61.0,1032,64.0,519.0,82.0,146.0,509.0,674.0,178.0,109.0,88.0,486.0,270.0,315.0,173.0,93.0,221.0,97.0,167.0,471.0,226.0,67.0,271.0,307.0
2021-09-13,98.0,98.0,126.0,82.0,72.0,199.0,167.0,69.0,74.0,1519,120.0,530.0,59.0,144.0,552.0,1017.0,183.0,103.0,91.0,480.0,184.0,372.0,260.0,105.0,248.0,74.0,174.0,656.0,337.0,73.0,333.0,239.0
2021-09-14,63.0,63.0,109.0,52.0,63.0,170.0,123.0,62.0,61.0,1521,82.0,493.0,67.0,101.0,443.0,904.0,159.0,97.0,71.0,372.0,185.0,266.0,169.0,78.0,224.0,64.0,178.0,484.0,272.0,65.0,259.0,220.0
2021-09-15,65.0,65.0,128.0,33.0,76.0,154.0,149.0,61.0,64.0,1474,55.0,588.0,87.0,138.0,477.0,1233.0,185.0,109.0,93.0,384.0,251.0,303.0,225.0,105.0,242.0,89.0,207.0,636.0,316.0,68.0,280.0,273.0
2021-09-16,70.0,70.0,121.0,50.0,71.0,128.0,118.0,82.0,54.0,831,56.0,454.0,65.0,119.0,496.0,658.0,140.0,104.0,70.0,348.0,192.0,252.0,169.0,87.0,166.0,78.0,189.0,445.0,202.0,79.0,253.0,220.0
2021-09-17,81.0,81.0,143.0,41.0,76.0,158.0,170.0,70.0,79.0,1618,92.0,628.0,72.0,108.0,527.0,1292.0,143.0,107.0,80.0,388.0,172.0,361.0,215.0,107.0,186.0,71.0,224.0,611.0,269.0,76.0,306.0,294.0
2021-09-18,60.0,60.0,171.0,31.0,60.0,163.0,163.0,76.0,74.0,1221,66.0,750.0,70.0,141.0,510.0,794.0,166.0,113.0,106.0,369.0,231.0,382.0,236.0,77.0,209.0,123.0,201.0,591.0,283.0,76.0,274.0,315.0
2021-09-19,78.0,78.0,200.0,33.0,83.0,161.0,139.0,66.0,115.0,1143,61.0,686.0,58.0,136.0,548.0,780.0,169.0,84.0,68.0,408.0,189.0,330.0,202.0,109.0,185.0,82.0,197.0,522.0,245.0,81.0,321.0,278.0
2021-09-20,123.0,123.0,208.0,32.0,87.0,199.0,166.0,81.0,130.0,1981,109.0,901.0,83.0,163.0,644.0,1262.0,188.0,102.0,87.0,493.0,201.0,440.0,199.0,97.0,282.0,110.0,213.0,747.0,358.0,83.0,333.0,328.0
2021-09-21,83.0,83.0,173.0,46.0,53.0,148.0,132.0,65.0,81.0,1420,85.0,609.0,44.0,111.0,359.0,866.0,121.0,63.0,64.0,284.0,172.0,258.0,156.0,88.0,165.0,63.0,133.0,447.0,204.0,59.0,210.0,242.0
2021-09-22,70.0,70.0,176.0,45.0,43.0,145.0,98.0,35.0,71.0,1400,76.0,709.0,38.0,92.0,338.0,735.0,113.0,102.0,63.0,294.0,152.0,249.0,166.0,66.0,230.0,80.0,121.0,474.0,191.0,68.0,192.0,196.0
2021-09-23,74.0,74.0,156.0,43.0,39.0,130.0,80.0,49.0,64.0,1186,51.0,519.0,52.0,96.0,306.0,845.0,95.0,96.0,75.0,306.0,102.0,240.0,151.0,57.0,184.0,65.0,138.0,409.0,164.0,41.0,220.0,157.0
2021-09-24,63.0,63.0,171.0,36.0,59.0,164.0,94.0,78.0,67.0,1367,47.0,615.0,61.0,97.0,352.0,813.0,129.0,100.0,56.0,312.0,153.0,295.0,143.0,66.0,175.0,78.0,168.0,454.0,222.0,57.0,225.0,205.0
2021-09-25,87.0,87.0,192.0,48.0,64.0,182.0,110.0,67.0,105.0,1111,59.0,660.0,49.0,97.0,297.0,635.0,115.0,98.0,73.0,324.0,179.0,272.0,150.0,79.0,163.0,92.0,131.0,445.0,229.0,49.0,233.0,235.0
2021-09-26,71.0,71.0,179.0,40.0,63.0,165.0,65.0,48.0,67.0,828,46.0,552.0,57.0,97.0,260.0,570.0,99.0,84.0,52.0,329.0,150.0,200.0,155.0,66.0,127.0,92.0,134.0,349.0,153.0,55.0,217.0,196.0
2021-09-27,103.0,103.0,218.0,30.0,62.0,183.0,78.0,47.0,97.0,1213,56.0,802.0,33.0,80.0,310.0,790.0,115.0,75.0,58.0,427.0,114.0,233.0,163.0,79.0,180.0,84.0,120.0,504.0,195.0,48.0,238.0,217.0
2021-09-28,62.0,62.0,210.0,35.0,42.0,187.0,71.0,34.0,84.0,957,66.0,511.0,47.0,69.0,241.0,669.0,85.0,51.0,42.0,310.0,107.0,203.0,152.0,59.0,142.0,66.0,111.0,361.0,146.0,50.0,178.0,149.0
2021-09-29,66.0,66.0,167.0,21.0,35.0,156.0,65.0,41.0,86.0,856,50.0,536.0,32.0,68.0,214.0,562.0,78.0,53.0,56.0,237.0,122.0,222.0,165.0,60.0,123.0,59.0,108.0,362.0,142.0,52.0,150.0,114.0
2021-09-30,48.0,48.0,153.0,30.0,46.0,142.0,83.0,27.0,62.0,678,60.0,547.0,37.0,60.0,270.0,488.0,73.0,64.0,58.0,276.0,120.0,213.0,152.0,56.0,130.0,49.0,129.0,360.0,176.0,41.0,170.0,132.0
2021-10-01,119.0,119.0,218.0,32.0,67.0,187.0,103.0,56.0,135.0,1073,65.0,711.0,64.0,81.0,287.0,759.0,104.0,105.0,49.0,327.0,161.0,248.0,141.0,51.0,150.0,76.0,169.0,450.0,187.0,44.0,210.0,158.0
2021-10-02,90.0,90.0,177.0,31.0,50.0,168.0,84.0,37.0,101.0,623,35.0,579.0,53.0,48.0,207.0,554.0,54.0,75.0,37.0,243.0,128.0,150.0,123.0,52.0,127.0,83.0,141.0,305.0,126.0,34.0,151.0,131.0
2021-10-03,62.0,62.0,196.0,25.0,36.0,169.0,63.0,31.0,111.0,627,33.0,427.0,23.0,64.0,176.0,510.0,67.0,76.0,43.0,280.0,103.0,134.0,134.0,47.0,123.0,70.0,118.0,254.0,118.0,36.0,150.0,155.0
2021-10-04,99.0,99.0,290.0,24.0,55.0,159.0,68.0,37.0,111.0,967,67.0,552.0,59.0,60.0,240.0,668.0,86.0,54.0,58.0,275.0,97.0,168.0,146.0,64.0,178.0,80.0,153.0,324.0,135.0,38.0,192.0,160.0
2021-10-05,72.0,72.0,251.0,20.0,38.0,168.0,63.0,24.0,91.0,832,66.0,479.0,30.0,68.0,150.0,562.0,64.0,45.0,55.0,259.0,100.0,180.0,124.0,47.0,128.0,62.0,125.0,292.0,119.0,44.0,109.0,125.0
2021-10-06,82.0,82.0,220.0,15.0,35.0,147.0,40.0,27.0,97.0,674,61.0,447.0,27.0,54.0,152.0,489.0,49.0,70.0,31.0,253.0,125.0,121.0,97.0,52.0,117.0,58.0,129.0,311.0,131.0,33.0,108.0,107.0
2021-10-07,71.0,71.0,215.0,16.0,23.0,105.0,50.0,22.0,86.0,614,48.0,445.0,25.0,52.0,167.0,434.0,74.0,65.0,33.0,220.0,66.0,109.0,125.0,67.0,120.0,43.0,131.0,228.0,123.0,21.0,84.0,87.0
2021-10-08,72.0,72.0,248.0,27.0,26.0,106.0,46.0,35.0,65.0,663,54.0,492.0,44.0,57.0,166.0,490.0,51.0,67.0,36.0,245.0,101.0,140.0,127.0,44.0,142.0,47.0,119.0,297.0,145.0,20.0,108.0,106.0
2021-10-09,61.0,61.0,263.0,20.0,37.0,118.0,47.0,36.0,130.0,505,37.0,563.0,24.0,50.0,174.0,472.0,52.0,78.0,30.0,201.0,90.0,137.0,115.0,61.0,119.0,45.0,134.0,216.0,150.0,17.0,146.0,117.0
2021-10-10,93.0,93.0,259.0,28.0,41.0,141.0,43.0,35.0,113.0,648,54.0,625.0,39.0,64.0,196.0,491.0,85.0,93.0,47.0,319.0,122.0,141.0,115.0,56.0,128.0,58.0,152.0,297.0,127.0,25.0,149.0,127.0
2021-10-11,74.0,74.0,270.0,28.0,39.0,171.0,50.0,29.0,104.0,713,56.0,538.0,19.0,39.0,159.0,634.0,55.0,47.0,30.0,283.0,79.0,119.0,129.0,42.0,143.0,64.0,129.0,281.0,140.0,28.0,102.0,119.0
2021-10-12,78.0,78.0,241.0,13.0,31.0,154.0,30.0,31.0,104.0,667,48.0,423.0,31.0,39.0,113.0,455.0,42.0,43.0,38.0,204.0,103.0,87.0,95.0,44.0,135.0,36.0,77.0,199.0,102.0,14.0,86.0,102.0
2021-10-13,65.0,65.0,263.0,16.0,23.0,136.0,17.0,17.0,103.0,550,28.0,339.0,26.0,34.0,116.0,421.0,34.0,55.0,37.0,210.0,61.0,115.0,91.0,36.0,100.0,24.0,110.0,191.0,103.0,16.0,80.0,82.0
2021-10-14,28.0,28.0,261.0,16.0,25.0,115.0,26.0,24.0,97.0,502,29.0,359.0,34.0,21.0,135.0,426.0,37.0,56.0,29.0,208.0,53.0,83.0,74.0,57.0,113.0,44.0,87.0,160.0,76.0,15.0,85.0,73.0
2021-10-15,57.0,57.0,297.0,28.0,41.0,125.0,34.0,29.0,147.0,716,35.0,411.0,37.0,37.0,120.0,447.0,51.0,61.0,20.0,182.0,97.0,115.0,91.0,57.0,131.0,57.0,128.0,217.0,119.0,21.0,84.0,95.0
2021-10-16,45.0,45.0,337.0,15.0,25.0,131.0,27.0,25.0,119.0,401,33.0,344.0,29.0,35.0,123.0,356.0,35.0,52.0,26.0,208.0,94.0,91.0,57.0,37.0,97.0,54.0,125.0,151.0,84.0,16.0,59.0,107.0
2021-10-17,36.0,36.0,328.0,32.0,23.0,141.0,32.0,16.0,127.0,389,35.0,403.0,48.0,47.0,132.0,345.0,25.0,45.0,25.0,186.0,76.0,87.0,84.0,34.0,80.0,41.0,102.0,136.0,73.0,17.0,92.0,92.0
2021-10-18,76.0,76.0,402.0,22.0,26.0,168.0,37.0,26.0,134.0,653,57.0,456.0,30.0,35.0,134.0,525.0,36.0,50.0,35.0,254.0,101.0,107.0,112.0,34.0,128.0,61.0,121.0,186.0,98.0,20.0,113.0,84.0
2021-10-19,44.0,44.0,381.0,30.0,24.0,152.0,21.0,15.0,115.0,558,34.0,358.0,52.0,26.0,113.0,448.0,36.0,29.0,23.0,215.0,93.0,87.0,93.0,40.0,106.0,41.0,123.0,132.0,82.0,10.0,59.0,83.0
2021-10-20,60.0,60.0,406.0,20.0,23.0,150.0,25.0,12.0,140.0,592,41.0,438.0,37.0,38.0,133.0,431.0,35.0,59.0,23.0,209.0,52.0,81.0,107.0,37.0,99.0,45.0,147.0,165.0,101.0,15.0,76.0,74.0
2021-10-21,32.0,32.0,382.0,19.0,14.0,140.0,30.0,10.0,89.0,420,20.0,303.0,25.0,29.0,100.0,363.0,19.0,44.0,20.0,157.0,52.0,59.0,89.0,26.0,86.0,31.0,96.0,127.0,65.0,9.0,56.0,73.0
2021-10-22,45.0,45.0,386.0,11.0,24.0,107.0,36.0,10.0,104.0,530,30.0,372.0,23.0,43.0,109.0,357.0,17.0,43.0,19.0,168.0,70.0,74.0,77.0,41.0,80.0,44.0,137.0,96.0,91.0,21.0,59.0,66.0
2021-10-23,54.0,54.0,421.0,22.0,15.0,78.0,24.0,13.0,123.0,367,30.0,332.0,29.0,34.0,103.0,263.0,29.0,29.0,15.0,161.0,70.0,49.0,58.0,32.0,99.0,44.0,136.0,103.0,63.0,16.0,58.0,69.0
2021-10-24,42.0,42.0,360.0,10.0,20.0,115.0,16.0,14.0,118.0,283,36.0,324.0,39.0,39.0,111.0,275.0,24.0,23.0,24.0,186.0,53.0,50.0,76.0,35.0,62.0,36.0,124.0,86.0,71.0,11.0,58.0,81.0
2021-10-25,79.0,79.0,421.0,16.0,23.0,185.0,24.0,14.0,123.0,583,57.0,426.0,46.0,48.0,133.0,638.0,33.0,17.0,35.0,194.0,62.0,76.0,81.0,25.0,83.0,62.0,128.0,138.0,99.0,17.0,85.0,98.0
2021-10-26,51.0,51.0,362.0,17.0,15.0,154.0,17.0,3.0,106.0,471,35.0,313.0,31.0,43.0,89.0,389.0,28.0,18.0,19.0,170.0,53.0,52.0,62.0,20.0,95.0,33.0,89.0,94.0,67.0,13.0,46.0,80.0
2021-10-27,43.0,43.0,353.0,9.0,23.0,121.0,15.0,10.0,119.0,378,40.0,259.0,30.0,42.0,84.0,428.0,13.0,23.0,15.0,137.0,32.0,34.0,44.0,24.0,64.0,28.0,89.0,96.0,52.0,10.0,41.0,74.0
2021-10-28,23.0,23.0,359.0,12.0,11.0,100.0,14.0,10.0,105.0,366,21.0,223.0,19.0,24.0,84.0,301.0,22.0,31.0,17.0,130.0,56.0,34.0,71.0,11.0,84.0,27.0,99.0,75.0,58.0,10.0,38.0,54.0
2021-10-29,23.0,23.0,379.0,16.0,11.0,106.0,7.0,12.0,119.0,477,19.0,238.0,30.0,28.0,80.0,338.0,17.0,53.0,18.0,162.0,24.0,46.0,49.0,19.0,60.0,27.0,128.0,89.0,57.0,6.0,37.0,71.0
2021-10-30,27.0,27.0,375.0,6.0,3.0,190.0,14.0,12.0,75.0,245,35.0,254.0,20.0,25.0,98.0,188.0,29.0,24.0,15.0,111.0,34.0,35.0,55.0,16.0,67.0,25.0,113.0,73.0,73.0,3.0,54.0,64.0
2021-10-31,24.0,24.0,406.0,15.0,12.0,122.0,18.0,6.0,91.0,249,29.0,274.0,29.0,50.0,90.0,242.0,19.0,27.0,13.0,143.0,43.0,43.0,65.0,13.0,53.0,30.0,149.0,55.0,52.0,11.0,44.0,59.0
2021-11-01,47.0,47.0,581.0,13.0,16.0,214.0,15.0,5.0,175.0,517,48.0,353.0,29.0,42.0,119.0,356.0,26.0,32.0,17.0,182.0,72.0,60.0,101.0,22.0,105.0,49.0,182.0,105.0,76.0,8.0,57.0,81.0
2021-11-02,39.0,39.0,431.0,12.0,6.0,110.0,7.0,7.0,123.0,335,49.0,281.0,30.0,39.0,83.0,278.0,16.0,10.0,16.0,142.0,42.0,44.0,70.0,18.0,79.0,39.0,131.0,81.0,56.0,6.0,33.0,75.0
2021-11-03,57.0,57.0,352.0,16.0,9.0,130.0,14.0,9.0,139.0,555,51.0,247.0,32.0,24.0,60.0,363.0,18.0,18.0,6.0,82.0,49.0,40.0,81.0,17.0,65.0,47.0,133.0,67.0,49.0,13.0,31.0,66.0
2021-11-04,35.0,35.0,330.0,23.0,8.0,133.0,7.0,10.0,99.0,406,27.0,230.0,28.0,16.0,61.0,290.0,19.0,29.0,13.0,95.0,76.0,44.0,63.0,17.0,71.0,30.0,150.0,42.0,49.0,4.0,32.0,52.0
2021-11-05,46.0,46.0,373.0,25.0,15.0,127.0,6.0,6.0,179.0,423,23.0,252.0,35.0,27.0,70.0,262.0,27.0,13.0,11.0,117.0,67.0,41.0,74.0,24.0,94.0,38.0,165.0,46.0,65.0,7.0,37.0,39.0
2021-11-06,37.0,37.0,413.0,23.0,6.0,109.0,10.0,8.0,142.0,397,22.0,262.0,26.0,20.0,56.0,244.0,20.0,27.0,15.0,118.0,55.0,41.0,88.0,14.0,65.0,47.0,201.0,52.0,68.0,6.0,34.0,57.0
2021-11-07,48.0,48.0,399.0,24.0,11.0,143.0,8.0,6.0,148.0,258,29.0,219.0,22.0,24.0,59.0,296.0,19.0,21.0,10.0,150.0,61.0,48.0,88.0,14.0,47.0,34.0,207.0,45.0,55.0,13.0,37.0,74.0
2021-11-08,57.0,57.0,398.0,37.0,5.0,189.0,7.0,7.0,177.0,500,39.0,271.0,18.0,25.0,55.0,423.0,18.0,12.0,15.0,216.0,48.0,61.0,92.0,15.0,123.0,32.0,153.0,54.0,82.0,10.0,22.0,41.0
2021-11-09,49.0,49.0,326.0,32.0,3.0,182.0,5.0,5.0,143.0,420,45.0,229.0,22.0,26.0,64.0,389.0,11.0,7.0,11.0,138.0,31.0,39.0,71.0,7.0,80.0,26.0,166.0,31.0,47.0,13.0,23.0,55.0
2021-11-10,54.0,54.0,353.0,46.0,6.0,146.0,5.0,3.0,146.0,474,39.0,261.0,16.0,22.0,54.0,353.0,8.0,14.0,17.0,139.0,56.0,27.0,87.0,8.0,73.0,36.0,183.0,58.0,55.0,13.0,43.0,42.0
2021-11-11,31.0,31.0,285.0,39.0,4.0,116.0,8.0,4.0,117.0,407,37.0,177.0,18.0,25.0,61.0,282.0,12.0,24.0,11.0,120.0,48.0,22.0,55.0,8.0,73.0,26.0,152.0,34.0,44.0,5.0,32.0,32.0
2021-11-12,40.0,40.0,301.0,41.0,9.0,132.0,8.0,6.0,134.0,336,35.0,243.0,19.0,13.0,56.0,244.0,15.0,31.0,12.0,93.0,42.0,34.0,46.0,8.0,69.0,25.0,199.0,31.0,31.0,3.0,28.0,27.0
2021-11-13,24.0,24.0,328.0,39.0,2.0,137.0,4.0,14.0,157.0,278,34.0,275.0,14.0,16.0,48.0,172.0,11.0,14.0,8.0,81.0,29.0,37.0,48.0,4.0,71.0,40.0,214.0,20.0,44.0,2.0,16.0,39.0
2021-11-14,42.0,42.0,345.0,45.0,5.0,141.0,3.0,6.0,159.0,247,39.0,201.0,8.0,16.0,66.0,204.0,14.0,25.0,7.0,109.0,57.0,31.0,43.0,8.0,47.0,28.0,267.0,30.0,49.0,6.0,29.0,42.0
2021-11-15,57.0,57.0,424.0,51.0,7.0,195.0,9.0,7.0,226.0,360,44.0,329.0,14.0,21.0,76.0,255.0,19.0,27.0,14.0,139.0,40.0,33.0,60.0,12.0,75.0,35.0,264.0,39.0,63.0,13.0,35.0,50.0
2021-11-16,38.0,38.0,431.0,45.0,8.0,168.0,3.0,2.0,155.0,363,54.0,227.0,8.0,13.0,53.0,344.0,16.0,7.0,10.0,110.0,32.0,20.0,51.0,11.0,84.0,28.0,184.0,27.0,49.0,5.0,34.0,45.0
2021-11-17,34.0,34.0,386.0,37.0,7.0,174.0,3.0,5.0,151.0,442,41.0,255.0,8.0,12.0,50.0,330.0,13.0,18.0,10.0,116.0,39.0,414.0,66.0,7.0,75.0,18.0,191.0,22.0,42.0,8.0,21.0,36.0
2021-11-18,42.0,42.0,352.0,31.0,1.0,118.0,1.0,2.0,169.0,378,28.0,261.0,11.0,9.0,57.0,253.0,9.0,16.0,9.0,114.0,37.0,165.0,50.0,7.0,75.0,34.0,251.0,25.0,35.0,11.0,33.0,23.0
2021-11-19,52.0,52.0,364.0,55.0,8.0,157.0,6.0,2.0,218.0,447,46.0,203.0,15.0,11.0,77.0,279.0,10.0,20.0,17.0,103.0,30.0,151.0,42.0,9.0,69.0,45.0,242.0,26.0,38.0,8.0,30.0,27.0
2021-11-20,80.0,80.0,427.0,52.0,9.0,175.0,7.0,8.0,277.0,384,28.0,288.0,37.0,23.0,86.0,238.0,22.0,24.0,14.0,101.0,58.0,116.0,44.0,12.0,74.0,56.0,302.0,31.0,54.0,8.0,30.0,46.0
2021-11-21,41.0,41.0,380.0,49.0,5.0,162.0,4.0,4.0,190.0,270,41.0,178.0,15.0,24.0,59.0,222.0,15.0,17.0,10.0,123.0,39.0,22.0,50.0,10.0,68.0,33.0,214.0,13.0,28.0,4.0,28.0,33.0
2021-11-22,53.0,53.0,448.0,34.0,8.0,202.0,4.0,6.0,249.0,363,65.0,246.0,19.0,15.0,83.0,276.0,22.0,19.0,9.0,124.0,50.0,28.0,58.0,4.0,109.0,41.0,238.0,25.0,35.0,4.0,16.0,45.0
2021-11-23,61.0,61.0,362.0,49.0,1.0,163.0,4.0,5.0,185.0,379,42.0,190.0,10.0,15.0,64.0,283.0,20.0,13.0,7.0,83.0,26.0,23.0,41.0,7.0,66.0,33.0,185.0,22.0,35.0,6.0,26.0,38.0
2021-11-24,53.0,53.0,352.0,40.0,3.0,133.0,3.0,0.0,192.0,321,43.0,233.0,5.0,15.0,59.0,257.0,13.0,14.0,3.0,80.0,29.0,22.0,36.0,10.0,66.0,33.0,201.0,19.0,26.0,10.0,19.0,32.0
2021-11-25,63.0,63.0,325.0,57.0,8.0,130.0,3.0,0.0,233.0,413,50.0,215.0,18.0,11.0,78.0,315.0,14.0,19.0,7.0,111.0,49.0,25.0,35.0,7.0,79.0,41.0,234.0,18.0,31.0,11.0,17.0,17.0
2021-11-26,38.0,38.0,373.0,50.0,2.0,132.0,3.0,10.0,220.0,338,49.0,176.0,9.0,11.0,56.0,251.0,12.0,10.0,9.0,83.0,32.0,19.0,48.0,9.0,72.0,29.0,240.0,26.0,25.0,5.0,23.0,18.0
2021-11-27,57.0,57.0,401.0,35.0,4.0,146.0,4.0,3.0,249.0,240,43.0,230.0,15.0,6.0,89.0,171.0,7.0,12.0,7.0,79.0,50.0,18.0,31.0,6.0,59.0,33.0,205.0,16.0,36.0,10.0,17.0,28.0
2021-11-28,42.0,42.0,459.0,48.0,5.0,197.0,3.0,3.0,266.0,315,47.0,280.0,17.0,14.0,74.0,274.0,14.0,12.0,11.0,114.0,31.0,27.0,51.0,13.0,67.0,43.0,234.0,43.0,53.0,14.0,21.0,28.0
2021-11-29,40.0,40.0,447.0,46.0,5.0,184.0,3.0,4.0,279.0,371,40.0,237.0,13.0,15.0,82.0,361.0,5.0,14.0,6.0,123.0,35.0,21.0,47.0,14.0,79.0,28.0,199.0,21.0,50.0,8.0,28.0,21.0
2021-11-30,66.0,66.0,397.0,31.0,0.0,165.0,2.0,1.0,258.0,366,41.0,206.0,13.0,17.0,91.0,232.0,14.0,8.0,17.0,103.0,40.0,24.0,30.0,7.0,84.0,44.0,259.0,19.0,52.0,9.0,26.0,28.0
2021-12-01,54.0,54.0,439.0,46.0,1.0,199.0,3.0,3.0,273.0,379,48.0,212.0,18.0,11.0,65.0,320.0,15.0,11.0,16.0,129.0,52.0,27.0,50.0,13.0,75.0,43.0,208.0,22.0,79.0,7.0,27.0,31.0
2021-12-02,59.0,59.0,390.0,36.0,4.0,125.0,3.0,6.0,228.0,357,31.0,185.0,3.0,21.0,72.0,279.0,11.0,8.0,8.0,104.0,20.0,14.0,33.0,11.0,75.0,35.0,186.0,18.0,50.0,5.0,20.0,8.0
2021-12-03,31.0,31.0,418.0,36.0,2.0,125.0,7.0,3.0,236.0,292,33.0,220.0,10.0,13.0,73.0,202.0,7.0,14.0,16.0,90.0,15.0,14.0,32.0,18.0,86.0,24.0,222.0,14.0,51.0,16.0,21.0,24.0
2021-12-04,38.0,38.0,484.0,24.0,4.0,149.0,4.0,5.0,226.0,208,35.0,225.0,16.0,13.0,72.0,185.0,9.0,15.0,12.0,85.0,24.0,21.0,28.0,9.0,67.0,27.0,212.0,18.0,52.0,2.0,22.0,20.0
2021-12-05,54.0,54.0,429.0,36.0,2.0,148.0,5.0,7.0,225.0,274,28.0,271.0,16.0,17.0,110.0,192.0,14.0,19.0,8.0,83.0,19.0,13.0,26.0,18.0,59.0,26.0,233.0,11.0,34.0,4.0,37.0,33.0
2021-12-06,58.0,58.0,454.0,37.0,3.0,182.0,4.0,8.0,260.0,342,49.0,234.0,12.0,5.0,108.0,331.0,7.0,20.0,18.0,100.0,14.0,16.0,37.0,7.0,111.0,34.0,226.0,18.0,63.0,11.0,24.0,25.0
2021-12-07,66.0,66.0,415.0,46.0,0.0,132.0,7.0,3.0,195.0,282,50.0,207.0,12.0,13.0,82.0,235.0,7.0,13.0,13.0,95.0,18.0,22.0,34.0,15.0,72.0,38.0,157.0,11.0,44.0,2.0,23.0,18.0
2021-12-08,75.0,75.0,321.0,50.0,2.0,115.0,1.0,2.0,204.0,261,28.0,180.0,11.0,12.0,72.0,261.0,9.0,12.0,8.0,68.0,20.0,21.0,29.0,8.0,75.0,29.0,151.0,10.0,42.0,4.0,27.0,15.0
2021-12-09,49.0,49.0,279.0,30.0,1.0,126.0,4.0,1.0,169.0,227,22.0,174.0,14.0,19.0,76.0,266.0,6.0,9.0,12.0,64.0,13.0,20.0,22.0,21.0,59.0,21.0,175.0,9.0,34.0,1.0,21.0,13.0
2021-12-10,49.0,49.0,306.0,48.0,8.0,154.0,2.0,3.0,292.0,476,32.0,247.0,19.0,12.0,89.0,267.0,9.0,24.0,13.0,75.0,10.0,15.0,17.0,17.0,75.0,45.0,252.0,7.0,34.0,6.0,19.0,11.0
2021-12-11,43.0,43.0,290.0,54.0,3.0,97.0,2.0,11.0,199.0,192,33.0,197.0,13.0,12.0,56.0,191.0,9.0,13.0,16.0,54.0,16.0,24.0,22.0,18.0,76.0,32.0,163.0,8.0,26.0,2.0,36.0,13.0
2021-12-12,69.0,69.0,341.0,79.0,2.0,137.0,0.0,3.0,244.0,274,32.0,215.0,9.0,17.0,86.0,209.0,10.0,9.0,21.0,115.0,32.0,20.0,17.0,30.0,53.0,38.0,143.0,7.0,47.0,7.0,25.0,16.0
2021-12-13,85.0,85.0,359.0,94.0,2.0,138.0,6.0,1.0,268.0,386,41.0,212.0,18.0,9.0,82.0,364.0,10.0,12.0,12.0,100.0,25.0,26.0,42.0,21.0,100.0,33.0,184.0,8.0,33.0,4.0,27.0,20.0
2021-12-14,51.0,51.0,298.0,80.0,2.0,127.0,6.0,3.0,236.0,352,46.0,232.0,12.0,13.0,87.0,232.0,8.0,20.0,21.0,80.0,19.0,22.0,39.0,29.0,75.0,38.0,130.0,5.0,32.0,6.0,18.0,12.0
2021-12-15,83.0,83.0,275.0,85.0,4.0,115.0,4.0,7.0,228.0,390,37.0,210.0,10.0,8.0,61.0,252.0,4.0,9.0,15.0,77.0,18.0,26.0,35.0,30.0,98.0,31.0,146.0,14.0,34.0,8.0,17.0,22.0
2021-12-16,53.0,53.0,229.0,107.0,3.0,116.0,4.0,5.0,155.0,449,27.0,191.0,10.0,19.0,69.0,185.0,9.0,19.0,15.0,72.0,13.0,24.0,31.0,31.0,94.0,32.0,100.0,8.0,28.0,1.0,24.0,7.0
2021-12-17,62.0,62.0,222.0,121.0,1.0,116.0,5.0,5.0,228.0,478,33.0,214.0,12.0,20.0,75.0,206.0,7.0,12.0,12.0,76.0,27.0,29.0,31.0,43.0,82.0,34.0,115.0,22.0,31.0,2.0,20.0,17.0
2021-12-18,54.0,54.0,270.0,197.0,3.0,114.0,7.0,4.0,238.0,476,37.0,179.0,25.0,11.0,83.0,233.0,9.0,22.0,17.0,94.0,39.0,33.0,32.0,54.0,81.0,37.0,137.0,20.0,32.0,7.0,37.0,20.0
2021-12-19,65.0,65.0,252.0,209.0,7.0,131.0,3.0,9.0,206.0,523,25.0,320.0,13.0,13.0,89.0,224.0,15.0,21.0,14.0,76.0,21.0,41.0,46.0,60.0,70.0,46.0,124.0,26.0,48.0,9.0,23.0,31.0
2021-12-20,101.0,101.0,340.0,314.0,6.0,222.0,8.0,2.0,296.0,1013,30.0,320.0,25.0,36.0,135.0,417.0,11.0,32.0,21.0,160.0,34.0,67.0,71.0,102.0,129.0,65.0,176.0,47.0,73.0,11.0,45.0,44.0
2021-12-21,59.0,59.0,256.0,311.0,3.0,140.0,7.0,1.0,206.0,933,36.0,191.0,13.0,31.0,114.0,329.0,14.0,19.0,9.0,113.0,33.0,38.0,55.0,102.0,108.0,46.0,103.0,33.0,65.0,3.0,33.0,43.0
2021-12-22,78.0,78.0,208.0,321.0,9.0,148.0,12.0,5.0,187.0,941,38.0,333.0,18.0,39.0,96.0,334.0,10.0,24.0,16.0,139.0,17.0,48.0,57.0,114.0,135.0,49.0,99.0,41.0,54.0,7.0,22.0,49.0
2021-12-23,85.0,85.0,216.0,346.0,11.0,137.0,14.0,1.0,212.0,1171,33.0,305.0,31.0,35.0,121.0,380.0,19.0,24.0,16.0,156.0,20.0,26.0,48.0,145.0,168.0,59.0,125.0,30.0,82.0,10.0,67.0,64.0
2021-12-24,88.0,88.0,279.0,505.0,12.0,154.0,15.0,12.0,311.0,1388,47.0,338.0,29.0,46.0,170.0,468.0,27.0,49.0,13.0,209.0,45.0,44.0,73.0,235.0,192.0,82.0,178.0,67.0,124.0,9.0,25.0,95.0
2021-12-25,123.0,123.0,313.0,524.0,18.0,185.0,20.0,10.0,458.0,1508,58.0,531.0,46.0,73.0,191.0,453.0,32.0,61.0,27.0,319.0,48.0,69.0,104.0,327.0,203.0,88.0,202.0,73.0,140.0,14.0,39.0,103.0
2021-12-26,195.0,195.0,423.0,741.0,23.0,276.0,25.0,17.0,577.0,2109,75.0,480.0,68.0,95.0,289.0,683.0,33.0,48.0,45.0,509.0,72.0,87.0,165.0,507.0,267.0,173.0,251.0,107.0,172.0,18.0,61.0,207.0
2021-12-27,185.0,185.0,571.0,886.0,25.0,352.0,31.0,21.0,635.0,3192,115.0,483.0,58.0,137.0,348.0,919.0,50.0,76.0,62.0,625.0,87.0,146.0,170.0,666.0,397.0,213.0,308.0,143.0,291.0,27.0,87.0,271.0
2021-12-28,168.0,168.0,483.0,864.0,24.0,358.0,37.0,20.0,575.0,3205,115.0,521.0,71.0,138.0,335.0,1014.0,67.0,58.0,77.0,584.0,93.0,109.0,157.0,565.0,456.0,224.0,246.0,163.0,356.0,16.0,91.0,300.0
2021-12-29,147.0,147.0,386.0,845.0,19.0,320.0,44.0,13.0,479.0,2973,113.0,399.0,46.0,102.0,325.0,847.0,43.0,72.0,59.0,476.0,107.0,111.0,165.0,557.0,494.0,209.0,191.0,140.0,294.0,17.0,91.0,254.0
2021-12-30,163.0,163.0,431.0,720.0,21.0,362.0,53.0,23.0,418.0,3044,156.0,335.0,53.0,123.0,401.0,919.0,55.0,103.0,72.0,497.0,95.0,147.0,179.0,624.0,622.0,250.0,302.0,181.0,394.0,18.0,124.0,183.0
