NOM_REGION,CLAVE_REGION,NOM_MUN,CVEGEO,POBTOT,POB_HOM,POR_HOM,POB_MUJ,POR_MUJ,POB_EDAD_0_14,POR_EDAD_0_14,POB_EDAD_15_64,POR_EDAD_15_64,POB_EDAD_65+,POR_EDAD_65+,SUPERFICIE,DENSIDAD,POB_RURAL,POB_ETNIA,POB_MIGRANTE,POBREZA_ING,POBREZA_ING_EXTR,POBREZA_MULTI,MARGINACION_1,VULNERABILIDAD_SOCIAL,PRIORIDAD_SOCIAL,REZAGO_SOCIAL_1,IMN_num,REZAGO_SOCIAL_NUM,longitud,latitud,Hospitalizados,Muertes,Positivos,TASA_HospitalizadoS,TASA_Muertes,TASA_Positivos
AGUASCALIENTES,1,AGUASCALIENTES,1001,948990.0,486917.0,51.31,462073.0,48.69,240583.0,25.35,639532.0,67.39,67941.0,7.16,116635.92,8.14,7.52,0.43,,23.68,1.97,,Muy bajo,,,Muy bajo,0.94,-1.32,-102.3,21.88,0.0,0.0,0.0,0.0,0.0,0.0
AGUASCALIENTES,1,ASIENTOS,1002,51536.0,26275.0,50.98,25261.0,49.02,16266.0,31.56,31919.0,61.94,3331.0,6.46,54337.43,0.95,78.22,0.08,,40.13,4.14,,Muy bajo,,,Muy bajo,0.89,-0.86,-102.09,22.24,0.0,0.0,0.0,0.0,0.0,0.0
AGUASCALIENTES,1,CALVILLO,1003,58250.0,29687.0,50.96,28563.0,49.04,16720.0,28.7,35854.0,61.55,5641.0,9.68,92335.78,0.63,51.3,0.3,,45.76,4.5,,Muy bajo,,,Muy bajo,0.89,-0.92,-102.72,21.85,0.0,0.0,0.0,0.0,0.0,0.0
AGUASCALIENTES,1,COSIO,1004,17000.0,8708.0,51.22,8292.0,48.78,5183.0,30.49,10699.0,62.94,1118.0,6.58,12838.35,1.32,65.47,0.09,,37.04,3.38,,Muy bajo,,,Muy bajo,0.89,-1.0,-102.3,22.37,0.0,0.0,0.0,0.0,0.0,0.0
AGUASCALIENTES,1,JESUS MARIA,1005,129929.0,65710.0,50.57,64219.0,49.43,38303.0,29.48,84949.0,65.38,6538.0,5.03,49989.51,2.6,37.16,0.3,,26.34,3.29,,Muy bajo,,,Muy bajo,0.92,-1.17,-102.34,21.96,0.0,0.0,0.0,0.0,0.0,0.0
AGUASCALIENTES,1,PABELLON DE ARTEAGA,1006,47646.0,24269.0,50.94,23377.0,49.06,14140.0,29.68,30491.0,63.99,2977.0,6.25,19573.59,2.43,32.76,0.24,,28.92,2.88,,Muy bajo,,,Muy bajo,0.92,-1.17,-102.28,22.15,0.0,0.0,0.0,0.0,0.0,0.0
AGUASCALIENTES,1,RINCON DE ROMOS,1007,57369.0,29268.0,51.02,28101.0,48.98,17703.0,30.86,35926.0,62.62,3579.0,6.24,37229.52,1.54,44.29,0.71,,40.51,5.56,,Muy bajo,,,Muy bajo,0.9,-1.07,-102.32,22.23,0.0,0.0,0.0,0.0,0.0,0.0
AGUASCALIENTES,1,SAN JOSE DE GRACIA,1008,9552.0,5020.0,52.55,4532.0,47.45,3033.0,31.75,5838.0,61.12,681.0,7.13,85779.06,0.11,41.3,0.31,,45.77,2.32,,Muy bajo,,,Muy bajo,0.9,-0.96,-102.42,22.15,0.0,0.0,0.0,0.0,0.0,0.0
AGUASCALIENTES,1,TEPEZALA,1009,22485.0,11371.0,50.57,11114.0,49.43,6858.0,30.5,14007.0,62.29,1566.0,6.96,22966.1,0.98,76.76,0.16,,37.65,3.15,,Muy bajo,,,Muy bajo,0.89,-0.9,-102.17,22.22,0.0,0.0,0.0,0.0,0.0,0.0
AGUASCALIENTES,1,EL LLANO,1010,20853.0,10407.0,49.91,10446.0,50.09,6249.0,29.97,13211.0,63.35,1392.0,6.68,50405.1,0.41,69.75,0.1,,40.61,4.81,,Muy bajo,,,Muy bajo,0.89,-0.83,-101.97,21.92,0.0,0.0,0.0,0.0,0.0,0.0
AGUASCALIENTES,1,SAN FRANCISCO DE LOS ROMO,1011,61997.0,31292.0,50.47,30705.0,49.53,20157.0,32.51,39408.0,63.56,2306.0,3.72,13777.02,4.5,41.12,0.43,,37.79,5.93,,Muy bajo,,,Muy bajo,0.92,-1.08,-102.27,22.07,0.0,0.0,0.0,0.0,0.0,0.0
BAJA CALIFRONIA,2,ENSENADA,2001,443807.0,222500.0,50.13,221307.0,49.87,103674.0,23.36,304500.0,68.61,35220.0,7.94,5298226.98,0.08,13.57,5.37,,22.3,2.06,,Muy bajo,,,Muy bajo,0.91,-0.97,-116.6,31.81,0.0,0.0,0.0,0.0,0.0,0.0
BAJA CALIFRONIA,2,MEXICALI,2002,1049792.0,520544.0,49.59,529248.0,50.41,234367.0,22.33,734081.0,69.93,80587.0,7.68,1574297.45,0.67,11.39,0.92,,20.22,1.08,,Muy bajo,,,Muy bajo,0.93,-1.24,-115.48,32.64,0.0,0.0,0.0,0.0,0.0,0.0
BAJA CALIFRONIA,2,TECATE,2003,108440.0,51310.0,47.32,57130.0,52.68,25657.0,23.66,74969.0,69.13,7576.0,6.99,272286.03,0.4,20.4,1.47,,21.11,1.21,,Muy bajo,,,Muy bajo,0.91,-1.02,-116.63,32.57,0.0,0.0,0.0,0.0,0.0,0.0
BAJA CALIFRONIA,2,TIJUANA,2004,1922523.0,953783.0,49.61,968740.0,50.39,449147.0,23.36,1359876.0,70.73,107406.0,5.59,125246.95,15.35,1.7,1.5,,23.7,1.86,,Muy bajo,,,Muy bajo,0.93,-1.15,-117.02,32.53,0.0,0.0,0.0,0.0,0.0,0.0
BAJA CALIFRONIA,2,PLAYAS DE ROSARITO,2005,126890.0,62504.0,49.26,64386.0,50.74,29326.0,23.11,87401.0,68.88,9530.0,7.51,50599.34,2.51,15.76,2.25,,31.23,2.16,,Muy bajo,,,Muy bajo,0.91,-0.96,-117.05,32.36,0.0,0.0,0.0,0.0,0.0,0.0
BAJA CALIFRONIA,2,SAN QUINTIN,2006,117568.0,57790.0,49.15,59778.0,50.85,36132.0,30.73,76391.0,64.98,4961.0,4.22,35191.9,3.34,54.4,30.5,,34.9,3.79,,Medio,,,Medio,0.84,0.35,-115.94,30.56,0.0,0.0,0.0,0.0,0.0,0.0
BAJA CALIFORNIA SUR,3,COMONDU,3001,73021.0,36217.0,49.6,36804.0,50.4,17812.0,24.39,48719.0,66.72,6449.0,8.83,1715026.08,0.04,19.64,2.19,,34.95,4.28,,Muy bajo,,,Muy bajo,0.91,-0.81,-111.67,25.03,0.0,0.0,0.0,0.0,0.0,0.0
BAJA CALIFORNIA SUR,3,MULEGE,3002,64022.0,30951.0,48.34,33071.0,51.66,16999.0,26.55,42453.0,66.31,4460.0,6.97,3067014.63,0.02,39.32,9.85,,24.11,3.16,,Muy bajo,,,Bajo,0.9,-0.57,-112.27,27.34,0.0,0.0,0.0,0.0,0.0,0.0
BAJA CALIFORNIA SUR,3,LA PAZ,3003,292241.0,146438.0,50.11,145803.0,49.89,64197.0,21.97,203031.0,69.47,24109.0,8.25,1523950.86,0.19,9.82,2.21,,20.61,1.89,,Muy bajo,,,Muy bajo,0.94,-1.1,-110.31,24.15,0.0,0.0,0.0,0.0,0.0,0.0
BAJA CALIFORNIA SUR,3,LOS CABOS,3008,351111.0,170167.0,48.47,180944.0,51.53,93513.0,26.63,242624.0,69.1,12209.0,3.48,370993.76,0.95,3.46,4.15,,31.7,4.77,,Muy bajo,,,Muy bajo,0.92,-0.76,-109.69,23.06,0.0,0.0,0.0,0.0,0.0,0.0
BAJA CALIFORNIA SUR,3,LORETO,3009,18052.0,8795.0,48.72,9257.0,51.28,4532.0,25.11,12212.0,67.65,1286.0,7.12,458071.57,0.04,9.64,2.61,,34.08,2.94,,Muy bajo,,,Muy bajo,0.92,-0.89,-111.34,26.01,0.0,0.0,0.0,0.0,0.0,0.0
CAMPECHE,4,CALKINI,4001,59232.0,30062.0,50.75,29170.0,49.25,15423.0,26.04,38406.0,64.84,5311.0,8.97,207355.0,0.29,28.34,76.13,,62.84,17.78,,Bajo,,,Bajo,0.87,-0.43,-90.05,20.37,0.0,0.0,0.0,0.0,0.0,0.0
CAMPECHE,4,CAMPECHE,4002,294077.0,152522.0,51.86,141555.0,48.14,67071.0,22.81,201182.0,68.41,25297.0,8.6,322214.1,0.91,9.93,11.79,,32.53,4.7,,Muy bajo,,,Muy bajo,0.92,-1.14,-90.54,19.84,0.0,0.0,0.0,0.0,0.0,0.0
CAMPECHE,4,CARMEN,4003,248845.0,125802.0,50.55,123043.0,49.45,60958.0,24.5,169105.0,67.96,15332.0,6.16,657055.75,0.38,14.86,3.2,,35.36,7.63,,Muy bajo,,,Muy bajo,0.91,-0.92,-91.84,18.64,0.0,0.0,0.0,0.0,0.0,0.0
CAMPECHE,4,CHAMPOTON,4004,78170.0,39140.0,50.07,39030.0,49.93,22355.0,28.6,49988.0,63.95,5779.0,7.39,681914.53,0.11,54.2,21.21,,57.17,12.11,,Bajo,,,Bajo,0.86,-0.45,-90.72,19.36,0.0,0.0,0.0,0.0,0.0,0.0
CAMPECHE,4,HECELCHAKAN,4005,31917.0,16204.0,50.77,15713.0,49.23,8551.0,26.79,20759.0,65.04,2607.0,8.17,126545.96,0.25,34.12,64.64,,66.68,16.6,,Bajo,,,Bajo,0.87,-0.45,-90.13,20.18,0.0,0.0,0.0,0.0,0.0,0.0
CAMPECHE,4,HOPELCHEN,4006,42140.0,20812.0,49.39,21328.0,50.61,13067.0,31.01,25858.0,61.36,3155.0,7.49,773400.51,0.05,80.9,62.85,,74.85,21.72,,Medio,,,Bajo,0.84,0.04,-89.85,19.75,0.0,0.0,0.0,0.0,0.0,0.0
CAMPECHE,4,PALIZADA,4007,8683.0,4260.0,49.06,4423.0,50.94,2442.0,28.12,5379.0,61.95,862.0,9.93,216468.4,0.04,100.0,2.5,,59.86,13.72,,Medio,,,Bajo,0.83,-0.31,-92.09,18.25,0.0,0.0,0.0,0.0,0.0,0.0
CAMPECHE,4,TENABO,4008,11452.0,5655.0,49.38,5797.0,50.62,3120.0,27.24,7406.0,64.67,926.0,8.09,105068.7,0.11,23.61,41.54,,53.86,10.6,,Bajo,,,Bajo,0.86,-0.34,-90.23,20.04,0.0,0.0,0.0,0.0,0.0,0.0
CAMPECHE,4,ESCARCEGA,4009,59923.0,30455.0,50.82,29468.0,49.18,18061.0,30.14,37749.0,63.0,4090.0,6.83,476683.16,0.13,47.64,12.05,,68.06,17.83,,Bajo,,,Bajo,0.86,-0.38,-90.73,18.6,0.0,0.0,0.0,0.0,0.0,0.0
CAMPECHE,4,CALAKMUL,4010,31714.0,15613.0,49.23,16101.0,50.77,11278.0,35.56,18621.0,58.72,1804.0,5.69,1394456.96,0.02,81.94,38.94,,82.97,30.26,,Alto,,,Medio,0.79,0.32,-89.4,18.51,0.0,0.0,0.0,0.0,0.0,0.0
CAMPECHE,4,CANDELARIA,4011,46913.0,23239.0,49.54,23674.0,50.46,15039.0,32.06,28478.0,60.7,3314.0,7.06,565545.92,0.08,76.29,12.06,,80.45,30.96,,Alto,,,Medio,0.79,0.41,-91.05,18.18,0.0,0.0,0.0,0.0,0.0,0.0
CAMPECHE,4,SEYBAPLAYA,4012,15297.0,7660.0,50.08,7637.0,49.92,3753.0,24.53,10182.0,66.56,1361.0,8.9,289.9,52.77,37.8,8.21,,,,,Bajo,,,Bajo,0.87,-0.7,-90.69,19.64,0.0,0.0,0.0,0.0,0.0,0.0
COAHUILA,5,ABASOLO,5001,1022.0,487.0,47.65,535.0,52.35,208.0,20.35,643.0,62.92,171.0,16.73,73795.65,0.01,100.0,0.29,,10.97,0.64,,Muy bajo,,,Muy bajo,0.91,-1.28,-101.43,27.18,0.0,0.0,0.0,0.0,0.0,0.0
COAHUILA,5,ACUNA,5002,163058.0,81115.0,49.75,81943.0,50.25,45621.0,27.98,109827.0,67.35,7387.0,4.53,1145257.61,0.14,1.74,0.7,,23.45,1.51,,Muy bajo,,,Muy bajo,0.92,-1.19,-100.98,29.33,0.0,0.0,0.0,0.0,0.0,0.0
COAHUILA,5,ALLENDE,5003,23056.0,11610.0,50.36,11446.0,49.64,6310.0,27.37,14933.0,64.77,1813.0,7.86,25062.53,0.92,7.29,0.12,,24.8,1.4,,Muy bajo,,,Muy bajo,0.94,-1.22,-100.85,28.35,0.0,0.0,0.0,0.0,0.0,0.0
COAHUILA,5,ARTEAGA,5004,29578.0,14623.0,49.44,14955.0,50.56,8074.0,27.3,19186.0,64.87,2308.0,7.8,161915.31,0.18,47.48,0.46,,29.01,3.19,,Muy bajo,,,Muy bajo,0.91,-1.05,-100.85,25.45,0.0,0.0,0.0,0.0,0.0,0.0
COAHUILA,5,CANDELA,5005,1643.0,800.0,48.69,843.0,51.31,457.0,27.81,975.0,59.34,211.0,12.84,210281.65,0.01,100.0,0.0,,33.39,4.61,,Bajo,,,Bajo,0.88,-0.71,-100.66,26.84,0.0,0.0,0.0,0.0,0.0,0.0
COAHUILA,5,CASTANOS,5006,29128.0,14532.0,49.89,14596.0,50.11,8028.0,27.56,18857.0,64.74,2243.0,7.7,331609.17,0.09,6.23,0.1,,33.75,4.22,,Muy bajo,,,Muy bajo,0.93,-1.17,-101.43,26.79,0.0,0.0,0.0,0.0,0.0,0.0
COAHUILA,5,CUATRO CIENEGAS,5007,12715.0,6350.0,49.94,6365.0,50.06,3676.0,28.91,7819.0,61.49,1218.0,9.58,1058864.96,0.01,18.25,0.26,,33.0,6.46,,Muy bajo,,,Muy bajo,0.9,-0.77,-102.07,26.99,0.0,0.0,0.0,0.0,0.0,0.0
COAHUILA,5,ESCOBEDO,5008,3047.0,1518.0,49.82,1529.0,50.18,860.0,28.22,1874.0,61.5,313.0,10.27,101816.35,0.03,100.0,0.03,,29.07,3.83,,Bajo,,,Muy bajo,0.88,-0.96,-101.41,27.23,0.0,0.0,0.0,0.0,0.0,0.0
COAHUILA,5,FRANCISCO I. MADERO,5009,59035.0,29818.0,50.51,29217.0,49.49,16808.0,28.47,37902.0,64.2,4319.0,7.32,278611.36,0.21,44.6,0.21,,31.77,3.47,,Muy bajo,,,Muy bajo,0.91,-1.03,-103.27,25.78,0.0,0.0,0.0,0.0,0.0,0.0
COAHUILA,5,FRONTERA,5010,82409.0,41200.0,49.99,41209.0,50.01,22111.0,26.83,54231.0,65.81,6019.0,7.3,45409.12,1.81,8.7,0.15,,22.25,1.74,,Muy bajo,,,Muy bajo,0.94,-1.3,-101.45,26.93,0.0,0.0,0.0,0.0,0.0,0.0
COAHUILA,5,GENERAL CEPEDA,5011,11898.0,5807.0,48.81,6091.0,51.19,3341.0,28.08,7207.0,60.57,1323.0,11.12,261530.34,0.05,53.48,0.03,,37.06,3.1,,Muy bajo,,,Muy bajo,0.89,-0.92,-101.48,25.38,0.0,0.0,0.0,0.0,0.0,0.0
COAHUILA,5,GUERRERO,5012,1643.0,760.0,46.26,883.0,53.74,413.0,25.14,1038.0,63.18,192.0,11.69,291285.25,0.01,100.0,1.03,,23.83,3.07,,Bajo,,,Muy bajo,0.87,-0.74,-100.38,28.31,0.0,0.0,0.0,0.0,0.0,0.0
COAHUILA,5,HIDALGO,5013,1735.0,839.0,48.36,896.0,51.64,590.0,34.01,1016.0,58.56,126.0,7.26,112320.8,0.02,100.0,0.0,,24.15,5.85,,Bajo,,,Muy bajo,0.88,-0.9,-99.88,27.79,0.0,0.0,0.0,0.0,0.0,0.0
COAHUILA,5,JIMENEZ,5014,9502.0,4645.0,48.88,4857.0,51.12,2609.0,27.46,6093.0,64.12,800.0,8.42,219673.8,0.04,100.0,0.06,,24.07,3.76,,Bajo,,,Muy bajo,0.87,-0.72,-100.67,29.07,0.0,0.0,0.0,0.0,0.0,0.0
COAHUILA,5,JUAREZ,5015,1584.0,798.0,50.38,786.0,49.62,433.0,27.34,995.0,62.82,156.0,9.85,244403.8,0.01,100.0,0.0,,29.38,1.85,,Muy bajo,,,Muy bajo,0.89,-1.01,-100.73,27.61,0.0,0.0,0.0,0.0,0.0,0.0
COAHUILA,5,LAMADRID,5016,1764.0,836.0,47.39,928.0,52.61,412.0,23.36,1111.0,62.98,241.0,13.66,66870.09,0.03,100.0,0.17,,16.46,0.82,,Muy bajo,,,Muy bajo,0.9,-1.1,-101.79,27.05,0.0,0.0,0.0,0.0,0.0,0.0
COAHUILA,5,MATAMOROS,5017,118337.0,59645.0,50.4,58692.0,49.6,32049.0,27.08,77421.0,65.42,8774.0,7.41,79827.1,1.48,41.71,0.14,,27.91,2.37,,Muy bajo,,,Muy bajo,0.91,-1.04,-103.23,25.53,0.0,0.0,0.0,0.0,0.0,0.0
COAHUILA,5,MONCLOVA,5018,237951.0,119893.0,50.39,118058.0,49.61,60186.0,25.29,157411.0,66.15,20161.0,8.47,124217.09,1.92,0.33,0.22,,22.81,2.41,,Muy bajo,,,Muy bajo,0.95,-1.36,-101.42,26.9,0.0,0.0,0.0,0.0,0.0,0.0
COAHUILA,5,MORELOS,5019,7928.0,3993.0,50.37,3935.0,49.63,2147.0,27.08,5088.0,64.18,693.0,8.74,63666.05,0.12,15.24,0.05,,22.94,2.11,,Muy bajo,,,Muy bajo,0.93,-1.28,-100.89,28.41,0.0,0.0,0.0,0.0,0.0,0.0
COAHUILA,5,MUZQUIZ,5020,71627.0,35771.0,49.94,35856.0,50.06,19489.0,27.21,44899.0,62.68,6429.0,8.98,825830.09,0.09,10.18,0.35,,28.97,2.07,,Muy bajo,,,Muy bajo,0.92,-1.1,-101.52,27.88,0.0,0.0,0.0,0.0,0.0,0.0
COAHUILA,5,NADADORES,5021,6539.0,3296.0,50.41,3243.0,49.59,1593.0,24.36,4336.0,66.31,610.0,9.33,71173.76,0.09,100.0,0.28,,16.79,0.65,,Muy bajo,,,Muy bajo,0.9,-1.16,-101.59,27.03,0.0,0.0,0.0,0.0,0.0,0.0
COAHUILA,5,NAVA,5022,33129.0,16530.0,49.9,16599.0,50.1,9544.0,28.81,21594.0,65.18,1964.0,5.93,90485.43,0.37,2.76,0.18,,24.41,1.5,,Muy bajo,,,Muy bajo,0.92,-1.23,-100.77,28.42,0.0,0.0,0.0,0.0,0.0,0.0
COAHUILA,5,OCAMPO,5023,9642.0,4650.0,48.23,4992.0,51.77,2785.0,28.88,6008.0,62.31,849.0,8.81,2589698.47,0.0,100.0,0.08,,34.15,4.52,,Bajo,,,Bajo,0.86,-0.43,-102.4,27.31,0.0,0.0,0.0,0.0,0.0,0.0
COAHUILA,5,PARRAS,5024,44472.0,21938.0,49.33,22534.0,50.67,11762.0,26.45,28556.0,64.21,4103.0,9.23,1051778.11,0.04,21.75,0.22,,30.0,3.21,,Muy bajo,,,Muy bajo,0.91,-1.03,-102.18,25.44,0.0,0.0,0.0,0.0,0.0,0.0
COAHUILA,5,PIEDRAS NEGRAS,5025,176327.0,87616.0,49.69,88711.0,50.31,47189.0,26.76,118048.0,66.95,10817.0,6.13,47308.4,3.73,1.34,0.37,,22.55,1.67,,Muy bajo,,,Muy bajo,0.93,-1.3,-100.53,28.71,0.0,0.0,0.0,0.0,0.0,0.0
COAHUILA,5,PROGRESO,5026,3239.0,1605.0,49.55,1634.0,50.45,837.0,25.84,2008.0,61.99,349.0,10.77,286830.48,0.01,100.0,0.0,,27.73,2.18,,Bajo,,,Muy bajo,0.88,-0.84,-100.99,27.43,0.0,0.0,0.0,0.0,0.0,0.0
COAHUILA,5,RAMOS ARIZPE,5027,122243.0,59521.0,48.69,62722.0,51.31,34157.0,27.94,83352.0,68.19,4644.0,3.8,669250.28,0.18,6.73,0.73,,16.81,1.43,,Muy bajo,,,Muy bajo,0.94,-1.26,-100.95,25.54,0.0,0.0,0.0,0.0,0.0,0.0
COAHUILA,5,SABINAS,5028,64811.0,32574.0,50.26,32237.0,49.74,16685.0,25.74,42616.0,65.75,5462.0,8.43,196632.93,0.33,8.66,0.31,,20.64,1.27,,Muy bajo,,,Muy bajo,0.94,-1.27,-101.12,27.85,0.0,0.0,0.0,0.0,0.0,0.0
COAHUILA,5,SACRAMENTO,5029,2471.0,1229.0,49.74,1242.0,50.26,653.0,26.43,1604.0,64.91,214.0,8.66,28722.83,0.09,100.0,0.0,,16.63,1.96,,Muy bajo,,,Muy bajo,0.9,-1.16,-101.73,27.0,0.0,0.0,0.0,0.0,0.0,0.0
COAHUILA,5,SALTILLO,5030,879958.0,442166.0,50.25,437792.0,49.75,229165.0,26.04,590090.0,67.06,57919.0,6.58,556230.52,1.58,1.76,0.51,,17.63,1.55,,Muy bajo,,,Muy bajo,0.95,-1.38,-101.0,25.42,0.0,0.0,0.0,0.0,0.0,0.0
COAHUILA,5,SAN BUENAVENTURA,5031,24759.0,12484.0,50.42,12275.0,49.58,6301.0,25.45,16154.0,65.24,2277.0,9.2,640945.76,0.04,5.44,0.14,,23.11,1.94,,Muy bajo,,,Muy bajo,0.94,-1.29,-101.55,27.06,0.0,0.0,0.0,0.0,0.0,0.0
COAHUILA,5,SAN JUAN DE SABINAS,5032,42260.0,21338.0,50.49,20922.0,49.51,10207.0,24.15,27223.0,64.42,4823.0,11.41,79866.97,0.53,7.58,0.11,,22.41,1.31,,Muy bajo,,,Muy bajo,0.94,-1.25,-101.3,27.93,0.0,0.0,0.0,0.0,0.0,0.0
COAHUILA,5,SAN PEDRO,5033,101041.0,51092.0,50.57,49949.0,49.43,28607.0,28.31,63648.0,62.99,8762.0,8.67,708024.83,0.14,43.13,0.35,,41.38,7.09,,Muy bajo,,,Muy bajo,0.89,-0.95,-102.98,25.76,0.0,0.0,0.0,0.0,0.0,0.0
COAHUILA,5,SIERRA MOJADA,5034,6744.0,3217.0,47.7,3527.0,52.3,2011.0,29.82,4333.0,64.25,400.0,5.93,787353.79,0.01,100.0,0.42,,25.5,1.87,,Muy bajo,,,Muy bajo,0.91,-1.04,-103.7,27.29,0.0,0.0,0.0,0.0,0.0,0.0
COAHUILA,5,TORREON,5035,720848.0,369095.0,51.2,351753.0,48.8,177805.0,24.67,483827.0,67.12,57889.0,8.03,126984.43,5.68,4.25,0.27,,26.0,2.71,,Muy bajo,,,Muy bajo,0.94,-1.33,-103.45,25.54,0.0,0.0,0.0,0.0,0.0,0.0
COAHUILA,5,VIESCA,5036,20305.0,10075.0,49.62,10230.0,50.38,5713.0,28.14,12708.0,62.59,1843.0,9.08,435768.41,0.05,100.0,0.1,,43.25,6.86,,Bajo,,,Bajo,0.86,-0.59,-102.81,25.34,0.0,0.0,0.0,0.0,0.0,0.0
COAHUILA,5,VILLA UNION,5037,6188.0,3058.0,49.42,3130.0,50.58,1759.0,28.43,3876.0,62.64,553.0,8.94,184608.04,0.03,12.04,0.05,,26.59,2.53,,Muy bajo,,,Muy bajo,0.91,-1.1,-100.73,28.22,0.0,0.0,0.0,0.0,0.0,0.0
COAHUILA,5,ZARAGOZA,5038,13135.0,6578.0,50.08,6557.0,49.92,3685.0,28.05,8238.0,62.72,1212.0,9.23,791984.93,0.02,15.11,0.15,,32.78,2.27,,Muy bajo,,,Muy bajo,0.9,-0.91,-100.92,28.49,0.0,0.0,0.0,0.0,0.0,0.0
COLIMA,6,ARMERIA,6001,27626.0,13686.0,49.54,13940.0,50.46,7151.0,25.89,17625.0,63.8,2829.0,10.24,40633.26,0.68,44.37,0.74,,38.43,4.14,,Bajo,,,Bajo,0.88,-0.49,-103.96,18.94,0.0,0.0,0.0,0.0,0.0,0.0
COLIMA,6,COLIMA,6002,157048.0,80893.0,51.51,76155.0,48.49,33125.0,21.09,105685.0,67.29,17714.0,11.28,74224.52,2.12,6.42,0.81,,24.96,2.23,,Muy bajo,,,Muy bajo,0.94,-1.16,-103.73,19.24,0.0,0.0,0.0,0.0,0.0,0.0
COLIMA,6,COMALA,6003,21661.0,10768.0,49.71,10893.0,50.29,4969.0,22.94,14256.0,65.81,2341.0,10.81,31253.93,0.69,55.45,0.52,,46.39,7.92,,Muy bajo,,,Muy bajo,0.9,-0.72,-103.76,19.32,0.0,0.0,0.0,0.0,0.0,0.0
COLIMA,6,COQUIMATLAN,6004,20837.0,10353.0,49.69,10484.0,50.31,5067.0,24.32,13666.0,65.59,2090.0,10.03,52423.78,0.4,28.53,1.35,,44.04,6.09,,Muy bajo,,,Bajo,0.89,-0.65,-103.81,19.2,0.0,0.0,0.0,0.0,0.0,0.0
COLIMA,6,CUAUHTEMOC,6005,31267.0,15538.0,49.69,15729.0,50.31,7083.0,22.65,20637.0,66.0,3483.0,11.14,40996.04,0.76,37.07,5.65,,29.08,1.85,,Muy bajo,,,Muy bajo,0.91,-0.88,-103.6,19.33,0.0,0.0,0.0,0.0,0.0,0.0
COLIMA,6,IXTLAHUACAN,6006,5623.0,2736.0,48.66,2887.0,51.34,1271.0,22.6,3684.0,65.52,668.0,11.88,37501.47,0.15,100.0,0.87,,41.78,6.36,,Bajo,,,Bajo,0.86,-0.42,-103.74,19.0,0.0,0.0,0.0,0.0,0.0,0.0
COLIMA,6,MANZANILLO,6007,191031.0,95914.0,50.21,95117.0,49.79,46527.0,24.36,131002.0,68.58,12994.0,6.8,134683.89,1.42,11.26,1.13,,24.74,1.63,,Muy bajo,,,Muy bajo,0.94,-1.09,-104.32,19.05,0.0,0.0,0.0,0.0,0.0,0.0
COLIMA,6,MINATITLAN,6008,10231.0,4997.0,48.84,5234.0,51.16,2795.0,27.32,6480.0,63.34,835.0,8.16,41254.1,0.25,40.62,0.52,,28.0,3.12,,Muy bajo,,,Bajo,0.9,-0.62,-104.05,19.39,0.0,0.0,0.0,0.0,0.0,0.0
COLIMA,6,TECOMAN,6009,116305.0,58476.0,50.28,57829.0,49.72,31268.0,26.88,76039.0,65.38,8838.0,7.6,91862.91,1.27,11.41,2.59,,37.89,5.54,,Muy bajo,,,Bajo,0.9,-0.49,-103.87,18.91,0.0,0.0,0.0,0.0,0.0,0.0
COLIMA,6,VILLA DE ALVAREZ,6010,149762.0,77408.0,51.69,72354.0,48.31,33907.0,22.64,105436.0,70.4,9970.0,6.66,28641.43,5.23,1.51,0.58,,19.42,0.97,,Muy bajo,,,Muy bajo,0.95,-1.33,-103.74,19.26,0.0,0.0,0.0,0.0,0.0,0.0
CHIAPAS,7,ACACOYAGUA,7001,17994.0,8997.0,50.0,8997.0,50.0,6112.0,33.97,10572.0,58.75,1310.0,7.28,25022.39,0.72,55.03,0.78,,77.0,21.6,,Medio,,,Bajo,0.83,0.08,-92.67,15.34,0.0,0.0,0.0,0.0,0.0,0.0
CHIAPAS,7,ACALA,7002,21187.0,10773.0,50.85,10414.0,49.15,6404.0,30.23,13153.0,62.08,1630.0,7.69,48294.12,0.44,29.2,11.38,,77.52,28.11,,Medio,,,Bajo,0.83,-0.03,-92.81,16.55,0.0,0.0,0.0,0.0,0.0,0.0
CHIAPAS,7,ACAPETAHUA,7003,26899.0,13714.0,50.98,13185.0,49.02,7977.0,29.66,16522.0,61.42,2397.0,8.91,54541.31,0.49,76.78,0.26,,57.94,11.76,,Alto,,,Bajo,0.82,0.04,-92.69,15.28,0.0,0.0,0.0,0.0,0.0,0.0
CHIAPAS,7,ALTAMIRANO,7004,36160.0,18128.0,50.13,18032.0,49.87,12608.0,34.87,21086.0,58.31,1563.0,4.32,95818.48,0.38,70.64,77.3,,94.64,44.63,,Alto,,,Alto,0.78,1.42,-92.04,16.74,0.0,0.0,0.0,0.0,0.0,0.0
CHIAPAS,7,AMATAN,7005,24512.0,12184.0,49.71,12328.0,50.29,8828.0,36.02,14415.0,58.81,1269.0,5.18,31606.19,0.78,100.0,39.3,,90.44,38.2,,Alto,,,Alto,0.76,1.26,-92.82,17.37,0.0,0.0,0.0,0.0,0.0,0.0
CHIAPAS,7,AMATENANGO DE LA FRONTERA,7006,31735.0,16307.0,51.38,15428.0,48.62,10600.0,33.4,18756.0,59.1,2376.0,7.49,25354.19,1.25,100.0,4.43,,80.31,20.22,,Alto,,,Medio,0.82,0.23,-92.12,15.44,0.0,0.0,0.0,0.0,0.0,0.0
CHIAPAS,7,AMATENANGO DEL VALLE,7007,11283.0,5910.0,52.38,5373.0,47.62,3989.0,35.35,6718.0,59.54,576.0,5.11,15267.77,0.74,47.53,82.1,,94.27,42.92,,Muy alto,,,Muy alto,0.72,2.32,-92.44,16.53,0.0,0.0,0.0,0.0,0.0,0.0
CHIAPAS,7,ANGEL ALBINO CORZO,7008,31947.0,16042.0,50.21,15905.0,49.79,10662.0,33.37,19357.0,60.59,1928.0,6.03,58568.19,0.55,62.83,6.42,,84.96,29.32,,Alto,,,Medio,0.81,0.52,-92.73,15.87,0.0,0.0,0.0,0.0,0.0,0.0
CHIAPAS,7,ARRIAGA,7009,41135.0,21181.0,51.49,19954.0,48.51,10562.0,25.68,26233.0,63.77,4340.0,10.55,81137.25,0.51,38.33,1.25,,62.1,15.07,,Medio,,,Bajo,0.85,-0.43,-93.9,16.24,0.0,0.0,0.0,0.0,0.0,0.0
CHIAPAS,7,BEJUCAL DE OCAMPO,7010,7365.0,3713.0,50.41,3652.0,49.59,2582.0,35.06,4236.0,57.52,547.0,7.43,7938.49,0.93,100.0,0.96,,93.88,28.79,,Alto,,,Medio,0.78,0.68,-92.16,15.46,0.0,0.0,0.0,0.0,0.0,0.0
CHIAPAS,7,BELLA VISTA,7011,20157.0,10155.0,50.38,10002.0,49.62,6786.0,33.67,11768.0,58.38,1603.0,7.95,21539.46,0.94,100.0,2.09,,82.62,19.61,,Alto,,,Medio,0.81,0.61,-92.24,15.58,0.0,0.0,0.0,0.0,0.0,0.0
CHIAPAS,7,BERRIOZABAL,7012,64632.0,32718.0,50.62,31914.0,49.38,20377.0,31.53,40864.0,63.23,3388.0,5.24,35273.31,1.83,32.79,7.24,,61.64,21.06,,Medio,,,Bajo,0.83,0.05,-93.27,16.8,0.0,0.0,0.0,0.0,0.0,0.0
CHIAPAS,7,BOCHIL,7013,37263.0,19055.0,51.14,18208.0,48.86,13125.0,35.22,20022.0,53.73,1500.0,4.03,36586.91,1.02,61.89,53.35,,78.28,34.65,,Alto,,,Medio,0.81,0.68,-92.89,17.0,0.0,0.0,0.0,0.0,0.0,0.0
CHIAPAS,7,EL BOSQUE,7014,24273.0,12562.0,51.75,11711.0,48.25,9452.0,38.94,13889.0,57.22,932.0,3.84,15943.31,1.52,75.97,97.66,,96.27,47.6,,Alto,,,Alto,0.78,1.3,-92.72,17.06,0.0,0.0,0.0,0.0,0.0,0.0
CHIAPAS,7,CACAHOATAN,7015,50112.0,25685.0,51.26,24427.0,48.74,15538.0,31.01,30585.0,61.03,3989.0,7.96,17522.04,2.86,61.87,6.91,,76.63,29.63,,Medio,,,Bajo,0.85,-0.22,-92.17,14.99,0.0,0.0,0.0,0.0,0.0,0.0
CHIAPAS,7,CATAZAJA,7016,17619.0,8737.0,49.59,8882.0,50.41,4577.0,25.98,11073.0,62.85,1969.0,11.18,62911.07,0.28,100.0,4.52,,67.41,19.69,,Alto,,,Bajo,0.82,-0.07,-92.02,17.73,0.0,0.0,0.0,0.0,0.0,0.0
CHIAPAS,7,CINTALAPA,7017,88106.0,44429.0,50.43,43677.0,49.57,25876.0,29.37,55144.0,62.59,7033.0,7.98,244691.22,0.36,44.16,9.34,,71.95,18.33,,Medio,,,Bajo,0.84,-0.14,-93.72,16.7,0.0,0.0,0.0,0.0,0.0,0.0
CHIAPAS,7,COAPILLA,7018,9900.0,5027.0,50.78,4873.0,49.22,3363.0,33.97,5848.0,59.07,689.0,6.96,15522.86,0.64,100.0,20.66,,82.9,25.72,,Alto,,,Medio,0.82,0.38,-93.16,17.13,0.0,0.0,0.0,0.0,0.0,0.0
CHIAPAS,7,COMITAN DE DOMINGUEZ,7019,166178.0,86738.0,52.2,79440.0,47.8,46496.0,27.98,108466.0,65.27,11105.0,6.68,98250.07,1.69,31.71,7.25,,68.77,18.64,,Bajo,,,Bajo,0.86,-0.28,-92.14,16.25,0.0,0.0,0.0,0.0,0.0,0.0
CHIAPAS,7,LA CONCORDIA,7020,49920.0,24787.0,49.65,25133.0,50.35,15678.0,31.41,30667.0,61.43,3565.0,7.14,258788.9,0.19,83.2,10.52,,76.24,23.32,,Alto,,,Medio,0.79,0.53,-92.69,16.12,0.0,0.0,0.0,0.0,0.0,0.0
CHIAPAS,7,COPAINALA,7021,22192.0,11346.0,51.13,10846.0,48.87,6676.0,30.08,13587.0,61.22,1929.0,8.69,34417.52,0.64,67.89,17.26,,74.78,19.05,,Medio,,,Bajo,0.83,0.08,-93.21,17.09,0.0,0.0,0.0,0.0,0.0,0.0
CHIAPAS,7,CHALCHIHUITAN,7022,21915.0,11042.0,50.39,10873.0,49.61,9964.0,45.47,11381.0,51.93,566.0,2.58,18562.24,1.18,100.0,99.86,,98.87,76.44,,Muy alto,,,Muy alto,0.59,4.26,-92.62,16.96,0.0,0.0,0.0,0.0,0.0,0.0
CHIAPAS,7,CHAMULA,7023,101967.0,55019.0,53.96,46948.0,46.04,40999.0,40.21,56336.0,55.25,4630.0,4.54,34549.69,2.95,100.0,99.63,,96.32,52.31,,Muy alto,,,Muy alto,0.73,2.56,-92.69,16.79,0.0,0.0,0.0,0.0,0.0,0.0
CHIAPAS,7,CHANAL,7024,13678.0,6944.0,50.77,6734.0,49.23,6617.0,48.38,6496.0,47.49,564.0,4.12,40808.42,0.34,30.3,99.51,,99.11,67.96,,Muy alto,,,Muy alto,0.73,2.45,-92.26,16.66,0.0,0.0,0.0,0.0,0.0,0.0
CHIAPAS,7,CHAPULTENNANGO,7025,7472.0,3737.0,50.01,3735.0,49.99,2441.0,32.67,4471.0,59.84,560.0,7.49,18153.9,0.41,100.0,94.35,,86.12,28.81,,Alto,,,Medio,0.81,0.73,-93.13,17.34,0.0,0.0,0.0,0.0,0.0,0.0
CHIAPAS,7,CHENALHO,7026,47371.0,24177.0,51.04,23194.0,48.96,19416.0,40.99,26453.0,55.84,1499.0,3.16,25184.58,1.88,100.0,99.27,,98.63,69.42,,Muy alto,,,Muy alto,0.71,2.88,-92.63,16.89,0.0,0.0,0.0,0.0,0.0,0.0
CHIAPAS,7,CHIAPA DE CORZO,7027,112075.0,56909.0,50.78,55166.0,49.22,31734.0,28.31,72958.0,65.1,6999.0,6.24,83353.9,1.34,42.96,6.45,,60.47,17.37,,Bajo,,,Bajo,0.86,-0.45,-93.02,16.71,0.0,0.0,0.0,0.0,0.0,0.0
CHIAPAS,7,CHIAPILLA,7028,6156.0,3050.0,49.55,3106.0,50.45,1656.0,26.9,4012.0,65.17,488.0,7.93,5159.15,1.19,100.0,5.96,,82.61,20.57,,Alto,,,Bajo,0.81,0.05,-92.72,16.57,0.0,0.0,0.0,0.0,0.0,0.0
CHIAPAS,7,CHICOASEN,7029,5402.0,2701.0,50.0,2701.0,50.0,1657.0,30.67,3339.0,61.81,406.0,7.52,11555.38,0.47,100.0,12.87,,77.66,26.17,,Medio,,,Bajo,0.84,-0.17,-93.11,16.97,0.0,0.0,0.0,0.0,0.0,0.0
CHIAPAS,7,CHICOMUSELO,7030,36785.0,18646.0,50.69,18139.0,49.31,12102.0,32.9,22189.0,60.32,2494.0,6.78,100339.59,0.37,80.74,1.31,,81.56,26.27,,Alto,,,Medio,0.79,0.53,-92.28,15.74,0.0,0.0,0.0,0.0,0.0,0.0
CHIAPAS,7,CHILON,7031,137262.0,69945.0,50.96,67317.0,49.04,56745.0,41.34,75546.0,55.04,4944.0,3.6,168201.8,0.82,88.59,97.51,,96.89,53.19,,Muy alto,,,Muy alto,0.71,2.17,-92.27,17.11,0.0,0.0,0.0,0.0,0.0,0.0
CHIAPAS,7,ESCUINTLA,7032,30896.0,15682.0,50.76,15214.0,49.24,9876.0,31.97,18452.0,59.72,2568.0,8.31,42066.13,0.73,65.61,1.08,,70.47,20.1,,Alto,,,Medio,0.82,0.15,-92.66,15.32,0.0,0.0,0.0,0.0,0.0,0.0
CHIAPAS,7,FRANCISCO LEON,7033,7245.0,3572.0,49.3,3673.0,50.7,2529.0,34.91,4328.0,59.74,388.0,5.36,21025.2,0.34,100.0,83.67,,86.51,32.47,,Alto,,,Medio,0.78,0.79,0.0,0.0,0.0,0.0,0.0,0.0,0.0,0.0
CHIAPAS,7,FRONTERA COMALAPA,7034,80897.0,41738.0,51.59,39159.0,48.41,25351.0,31.34,50211.0,62.07,5295.0,6.55,76849.86,1.05,73.14,3.34,,77.55,26.78,,Medio,,,Bajo,0.83,-0.09,-92.14,15.66,0.0,0.0,0.0,0.0,0.0,0.0
CHIAPAS,7,FRONTERA HIDALGO,7035,14556.0,7380.0,50.7,7176.0,49.3,4535.0,31.16,9002.0,61.84,1019.0,7.0,9499.21,1.53,100.0,0.48,,69.13,19.53,,Alto,,,Bajo,0.82,0.06,-92.18,14.78,0.0,0.0,0.0,0.0,0.0,0.0
CHIAPAS,7,LA GRANDEZA,7036,7701.0,3936.0,51.11,3765.0,48.89,2826.0,36.7,4318.0,56.07,557.0,7.23,4909.63,1.57,100.0,1.97,,88.43,12.27,,Alto,,,Medio,0.82,0.28,-92.23,15.51,0.0,0.0,0.0,0.0,0.0,0.0
CHIAPAS,7,HUEHUETAN,7037,36333.0,18622.0,51.25,17711.0,48.75,10613.0,29.21,22823.0,62.82,2873.0,7.91,30645.29,1.19,57.9,0.57,,56.18,13.41,,Alto,,,Medio,0.82,0.18,-92.38,15.02,0.0,0.0,0.0,0.0,0.0,0.0
CHIAPAS,7,HUIXTAN,7038,22975.0,11711.0,50.97,11264.0,49.03,8497.0,36.98,12992.0,56.55,1483.0,6.45,31173.49,0.74,100.0,97.56,,96.65,49.29,,Muy alto,,,Muy alto,0.76,1.88,-92.45,16.71,0.0,0.0,0.0,0.0,0.0,0.0
CHIAPAS,7,HUITIUPAN,7039,27893.0,13898.0,49.83,13995.0,50.17,10274.0,36.83,16128.0,57.82,1491.0,5.35,33942.38,0.82,100.0,73.61,,94.14,58.0,,Alto,,,Alto,0.77,1.39,-92.69,17.17,0.0,0.0,0.0,0.0,0.0,0.0
CHIAPAS,7,HUIXTLA,7040,53242.0,27163.0,51.02,26079.0,48.98,15202.0,28.55,33771.0,63.43,4263.0,8.01,40011.08,1.33,39.69,0.93,,56.98,12.29,,Medio,,,Bajo,0.85,-0.22,-92.47,15.14,0.0,0.0,0.0,0.0,0.0,0.0
CHIAPAS,7,LA INDEPENDENCIA,7041,46409.0,23832.0,51.35,22577.0,48.65,14172.0,30.54,29209.0,62.94,3024.0,6.52,51688.47,0.9,75.52,7.09,,91.6,34.28,,Alto,,,Medio,0.82,0.77,-92.02,16.25,0.0,0.0,0.0,0.0,0.0,0.0
CHIAPAS,7,IXHUATAN,7042,11377.0,5838.0,51.31,5539.0,48.69,4167.0,36.63,6526.0,57.36,684.0,6.01,9443.41,1.2,100.0,49.68,,84.79,23.19,,Medio,,,Medio,0.83,0.39,-93.01,17.29,0.0,0.0,0.0,0.0,0.0,0.0
CHIAPAS,7,IXTACOMITAN,7043,10961.0,5542.0,50.56,5419.0,49.44,3517.0,32.09,6685.0,60.99,759.0,6.92,12528.65,0.87,51.56,32.92,,65.67,16.16,,Medio,,,Bajo,0.84,0.04,-93.1,17.43,0.0,0.0,0.0,0.0,0.0,0.0
CHIAPAS,7,IXTAPA,7044,28999.0,14713.0,50.74,14286.0,49.26,9559.0,32.96,17866.0,61.61,1574.0,5.43,27980.28,1.04,77.65,28.24,,87.01,40.92,,Alto,,,Medio,0.81,0.66,-92.91,16.8,0.0,0.0,0.0,0.0,0.0,0.0
CHIAPAS,7,IXTAPANGAJOYA,7045,6284.0,3162.0,50.32,3122.0,49.68,1939.0,30.86,3928.0,62.51,412.0,6.56,10725.66,0.59,100.0,18.27,,71.91,20.75,,Alto,,,Medio,0.8,0.57,-93.0,17.5,0.0,0.0,0.0,0.0,0.0,0.0
CHIAPAS,7,JIQUIPILAS,7046,41063.0,20693.0,50.39,20370.0,49.61,11519.0,28.05,24971.0,60.81,4573.0,11.14,130627.61,0.31,71.76,8.87,,64.62,19.44,,Medio,,,Bajo,0.84,-0.12,-93.65,16.67,0.0,0.0,0.0,0.0,0.0,0.0
CHIAPAS,7,JITOTOL,7047,24966.0,12539.0,50.22,12427.0,49.78,9594.0,38.43,13230.0,52.99,993.0,3.98,23594.94,1.06,77.65,76.29,,94.57,51.33,,Alto,,,Medio,0.82,0.7,-92.86,17.07,0.0,0.0,0.0,0.0,0.0,0.0
CHIAPAS,7,JUAREZ,7048,21807.0,11035.0,50.6,10772.0,49.4,6271.0,28.76,13582.0,62.28,1954.0,8.96,74227.59,0.29,64.19,6.78,,54.64,11.1,,Medio,,,Bajo,0.84,-0.33,-93.19,17.61,0.0,0.0,0.0,0.0,0.0,0.0
CHIAPAS,7,LARRAINZAR,7049,31259.0,16055.0,51.36,15204.0,48.64,14143.0,45.24,16071.0,51.41,1040.0,3.33,14911.7,2.1,100.0,99.4,,95.73,39.0,,Alto,,,Alto,0.79,1.26,-92.71,16.88,0.0,0.0,0.0,0.0,0.0,0.0
CHIAPAS,7,LA LIBERTAD,7050,5232.0,2625.0,50.17,2607.0,49.83,1331.0,25.44,3287.0,62.82,614.0,11.74,45643.6,0.11,100.0,4.89,,42.77,8.15,,Medio,,,Bajo,0.83,-0.19,-91.72,17.69,0.0,0.0,0.0,0.0,0.0,0.0
CHIAPAS,7,MAPASTEPEC,7051,46130.0,23349.0,50.62,22781.0,49.38,13893.0,30.12,28370.0,61.5,3863.0,8.37,122880.97,0.38,58.22,0.91,,70.84,20.57,,Medio,,,Bajo,0.83,-0.06,-92.89,15.44,0.0,0.0,0.0,0.0,0.0,0.0
CHIAPAS,7,LAS MARGARITAS,7052,141027.0,72136.0,51.15,68891.0,48.85,47722.0,33.84,83534.0,59.23,7216.0,5.12,302861.22,0.47,82.75,55.91,,94.08,41.05,,Alto,,,Alto,0.77,1.6,-91.98,16.32,0.0,0.0,0.0,0.0,0.0,0.0
CHIAPAS,7,MAZAPA DE MADERO,7053,7901.0,4006.0,50.7,3895.0,49.3,2729.0,34.54,4414.0,55.87,758.0,9.59,11030.74,0.72,100.0,10.5,,82.57,17.39,,Alto,,,Medio,0.82,0.33,-92.19,15.39,0.0,0.0,0.0,0.0,0.0,0.0
CHIAPAS,7,MAZATAN,7054,28250.0,14233.0,50.38,14017.0,49.62,8155.0,28.87,17628.0,62.4,2467.0,8.73,38590.56,0.73,72.48,0.61,,56.29,13.14,,Alto,,,Bajo,0.82,0.06,-92.45,14.86,0.0,0.0,0.0,0.0,0.0,0.0
CHIAPAS,7,METAPA,7055,5876.0,3120.0,53.1,2756.0,46.9,1672.0,28.45,3627.0,61.73,505.0,8.59,2296.45,2.56,100.0,1.21,,59.99,18.81,,Medio,,,Bajo,0.84,-0.31,-92.19,14.84,0.0,0.0,0.0,0.0,0.0,0.0
CHIAPAS,7,MITONTIC,7056,13755.0,7022.0,51.05,6733.0,48.95,6302.0,45.82,7079.0,51.46,374.0,2.72,3662.18,3.76,100.0,98.63,,98.39,49.27,,Muy alto,,,Muy alto,0.71,2.87,-92.63,16.86,0.0,0.0,0.0,0.0,0.0,0.0
CHIAPAS,7,MOTOZINTLA,7057,76398.0,38973.0,51.01,37425.0,48.99,26304.0,34.43,44886.0,58.75,5202.0,6.81,58973.27,1.3,63.59,3.79,,71.17,12.02,,Medio,,,Medio,0.83,0.28,-92.25,15.36,0.0,0.0,0.0,0.0,0.0,0.0
CHIAPAS,7,NICOLAS RUIZ,7058,4765.0,2325.0,48.79,2440.0,51.21,1634.0,34.29,2897.0,60.8,234.0,4.91,2965.07,1.61,100.0,1.62,,96.65,46.6,,Alto,,,Medio,0.81,0.28,-92.59,16.44,0.0,0.0,0.0,0.0,0.0,0.0
CHIAPAS,7,OCOSINGO,7059,234661.0,118892.0,50.67,115769.0,49.33,89669.0,38.21,133941.0,57.08,8862.0,3.78,959677.12,0.24,69.76,84.54,,92.5,46.33,,Muy alto,,,Alto,0.74,1.74,-92.1,16.91,0.0,0.0,0.0,0.0,0.0,0.0
CHIAPAS,7,OCOTEPEC,7060,14088.0,7209.0,51.17,6879.0,48.83,6006.0,42.63,7313.0,51.91,769.0,5.46,6120.18,2.3,62.17,99.05,,91.98,46.75,,Alto,,,Alto,0.76,1.65,-93.16,17.23,0.0,0.0,0.0,0.0,0.0,0.0
CHIAPAS,7,OCOZOCOAUTLA DE ESPINOSA,7061,97397.0,49327.0,50.65,48070.0,49.35,31247.0,32.08,60270.0,61.88,5866.0,6.02,203861.11,0.48,55.6,21.4,,72.55,23.95,,Medio,,,Medio,0.83,0.17,-93.38,16.76,0.0,0.0,0.0,0.0,0.0,0.0
CHIAPAS,7,OSTUACAN,7062,18469.0,9281.0,50.25,9188.0,49.75,6274.0,33.97,10936.0,59.21,1259.0,6.82,56097.69,0.33,100.0,10.0,,58.29,14.25,,Alto,,,Medio,0.81,0.14,-93.34,17.41,0.0,0.0,0.0,0.0,0.0,0.0
CHIAPAS,7,OSUMACINTA,7063,3983.0,2004.0,50.31,1979.0,49.69,1241.0,31.16,2474.0,62.11,263.0,6.6,9250.85,0.43,100.0,14.59,,69.24,21.09,,Medio,,,Bajo,0.85,-0.33,-93.09,16.94,0.0,0.0,0.0,0.0,0.0,0.0
CHIAPAS,7,OXCHUC,7064,54932.0,27418.0,49.91,27514.0,50.09,23466.0,42.72,29144.0,53.05,2322.0,4.23,41760.83,1.32,81.15,98.4,,98.08,62.45,,Muy alto,,,Muy alto,0.64,3.38,-92.33,16.79,0.0,0.0,0.0,0.0,0.0,0.0
CHIAPAS,7,PALENQUE,7065,132265.0,67189.0,50.8,65076.0,49.2,43195.0,32.66,81583.0,61.68,7156.0,5.41,288815.55,0.46,60.84,53.68,,69.88,21.71,,Medio,,,Bajo,0.82,0.09,-91.98,17.51,0.0,0.0,0.0,0.0,0.0,0.0
CHIAPAS,7,PANTELHO,7066,26391.0,13441.0,50.93,12950.0,49.07,11096.0,42.04,14364.0,54.43,918.0,3.48,19285.55,1.37,67.3,96.56,,97.78,63.81,,Muy alto,,,Muy alto,0.71,2.49,-92.47,17.01,0.0,0.0,0.0,0.0,0.0,0.0
CHIAPAS,7,PANTEPEC,7067,12266.0,6212.0,50.64,6054.0,49.36,4319.0,35.21,7212.0,58.8,735.0,5.99,10579.6,1.16,100.0,62.87,,88.76,34.88,,Alto,,,Alto,0.78,1.14,-93.05,17.19,0.0,0.0,0.0,0.0,0.0,0.0
CHIAPAS,7,PICHUCALCO,7068,31919.0,16267.0,50.96,15652.0,49.04,8986.0,28.15,20382.0,63.86,2536.0,7.95,59155.38,0.54,52.24,4.66,,60.95,13.02,,Medio,,,Bajo,0.84,-0.22,-93.12,17.51,0.0,0.0,0.0,0.0,0.0,0.0
CHIAPAS,7,PIJIJIAPAN,7069,51193.0,26082.0,50.95,25111.0,49.05,14518.0,28.36,31756.0,62.03,4915.0,9.6,176034.55,0.29,64.41,1.62,,68.26,17.79,,Alto,,,Bajo,0.82,-0.05,-93.21,15.69,0.0,0.0,0.0,0.0,0.0,0.0
CHIAPAS,7,EL PORVENIR,7070,12263.0,6159.0,50.22,6104.0,49.78,4408.0,35.95,6923.0,56.45,891.0,7.27,8338.15,1.47,100.0,6.65,,94.63,14.13,,Medio,,,Medio,0.83,0.53,-92.28,15.46,0.0,0.0,0.0,0.0,0.0,0.0
CHIAPAS,7,VILLA COMALTITLAN,7071,30297.0,14719.0,48.58,15578.0,51.42,9048.0,29.86,18712.0,61.76,2535.0,8.37,44992.81,0.67,72.86,1.1,,55.45,13.7,,Alto,,,Bajo,0.82,0.08,-92.58,15.21,0.0,0.0,0.0,0.0,0.0,0.0
CHIAPAS,7,PUEBLO NUEVO SOLISTAHUACAN,7072,29636.0,15204.0,51.3,14432.0,48.7,11406.0,38.49,16911.0,57.06,1287.0,4.34,24769.05,1.2,56.79,41.89,,92.09,43.48,,Alto,,,Alto,0.79,1.12,-92.9,17.16,0.0,0.0,0.0,0.0,0.0,0.0
CHIAPAS,7,RAYON,7073,10866.0,5518.0,50.78,5348.0,49.22,3815.0,35.11,6458.0,59.43,593.0,5.46,6775.53,1.6,36.87,57.16,,85.32,30.11,,Alto,,,Medio,0.81,0.77,-93.01,17.2,0.0,0.0,0.0,0.0,0.0,0.0
CHIAPAS,7,REFORMA,7074,44829.0,22921.0,51.13,21908.0,48.87,13995.0,31.22,28058.0,62.59,2771.0,6.18,43434.59,1.03,35.27,1.39,,56.78,14.67,,Bajo,,,Muy bajo,0.88,-0.72,-93.15,17.87,0.0,0.0,0.0,0.0,0.0,0.0
CHIAPAS,7,LAS ROSAS,7075,28829.0,14695.0,50.97,14134.0,49.03,8976.0,31.14,17957.0,62.29,1896.0,6.58,23585.74,1.22,26.48,13.43,,89.62,38.13,,Alto,,,Alto,0.78,1.05,-92.37,16.36,0.0,0.0,0.0,0.0,0.0,0.0
CHIAPAS,7,SABANILLA,7076,29889.0,14968.0,50.08,14921.0,49.92,10611.0,35.5,17680.0,59.15,1598.0,5.35,25011.65,1.2,100.0,86.83,,93.4,32.86,,Alto,,,Alto,0.77,1.36,-92.55,17.28,0.0,0.0,0.0,0.0,0.0,0.0
CHIAPAS,7,SALTO DE AGUA,7077,64251.0,32405.0,50.44,31846.0,49.56,21730.0,33.82,38691.0,60.22,3830.0,5.96,122852.49,0.52,90.38,86.82,,86.37,31.21,,Muy alto,,,Alto,0.75,1.25,-92.33,17.56,0.0,0.0,0.0,0.0,0.0,0.0
CHIAPAS,7,SAN CRISTOBAL DE LAS CASAS,7078,215874.0,113582.0,52.61,102292.0,47.39,61981.0,28.71,143178.0,66.32,10562.0,4.89,39541.64,5.46,14.99,48.11,,66.12,24.99,,Bajo,,,Bajo,0.87,-0.12,-92.64,16.74,0.0,0.0,0.0,0.0,0.0,0.0
CHIAPAS,7,SAN FERNNANDO,7079,41793.0,20921.0,50.06,20872.0,49.94,12560.0,30.05,26636.0,63.73,2589.0,6.19,35847.68,1.17,71.61,4.76,,62.2,14.45,,Medio,,,Bajo,0.83,0.0,-93.21,16.87,0.0,0.0,0.0,0.0,0.0,0.0
CHIAPAS,7,SILTEPEC,7080,25937.0,12911.0,49.78,13026.0,50.22,9457.0,36.46,14798.0,57.05,1682.0,6.48,88315.22,0.29,100.0,0.99,,91.89,13.99,,Alto,,,Medio,0.8,0.56,-92.32,15.56,0.0,0.0,0.0,0.0,0.0,0.0
CHIAPAS,7,SIMOJOVEL,7081,52935.0,27047.0,51.09,25888.0,48.91,21661.0,40.92,29201.0,55.16,2029.0,3.83,31436.47,1.68,72.39,85.3,,95.36,60.86,,Muy alto,,,Alto,0.76,1.51,-92.72,17.14,0.0,0.0,0.0,0.0,0.0,0.0
CHIAPAS,7,SITALA,7082,15518.0,7894.0,50.87,7624.0,49.13,6474.0,41.72,8510.0,54.84,534.0,3.44,10558.48,1.47,100.0,97.51,,97.17,69.6,,Muy alto,,,Muy alto,0.56,4.17,-92.31,17.03,0.0,0.0,0.0,0.0,0.0,0.0
CHIAPAS,7,SOCOLTENNANGO,7083,19092.0,9679.0,50.7,9413.0,49.3,5702.0,29.87,12009.0,62.9,1381.0,7.23,63628.36,0.3,72.53,11.85,,73.87,19.21,,Alto,,,Medio,0.81,0.32,-92.35,16.24,0.0,0.0,0.0,0.0,0.0,0.0
CHIAPAS,7,SOLOSUCHIAPA,7084,8561.0,4217.0,49.26,4344.0,50.74,2917.0,34.07,5040.0,58.87,604.0,7.06,15639.19,0.55,100.0,32.32,,75.54,22.28,,Alto,,,Medio,0.82,0.37,-93.03,17.43,0.0,0.0,0.0,0.0,0.0,0.0
CHIAPAS,7,SOYALO,7085,10890.0,5425.0,49.82,5465.0,50.18,3595.0,33.01,6615.0,60.74,680.0,6.24,9629.21,1.13,100.0,43.54,,90.43,34.83,,Alto,,,Medio,0.82,0.42,-92.93,16.89,0.0,0.0,0.0,0.0,0.0,0.0
CHIAPAS,7,SUCHIAPA,7086,25627.0,12871.0,50.22,12756.0,49.78,7620.0,29.73,16322.0,63.69,1682.0,6.56,28488.9,0.9,23.63,1.44,,70.94,23.09,,Medio,,,Bajo,0.85,-0.28,-93.1,16.62,0.0,0.0,0.0,0.0,0.0,0.0
CHIAPAS,7,SUCHIATE,7087,41672.0,21191.0,50.85,20481.0,49.15,13396.0,32.15,25821.0,61.96,2453.0,5.89,23806.9,1.75,45.81,0.61,,62.75,15.44,,Alto,,,Medio,0.8,0.6,-92.15,14.68,0.0,0.0,0.0,0.0,0.0,0.0
CHIAPAS,7,SUNUAPA,7088,2308.0,1133.0,49.09,1175.0,50.91,754.0,32.67,1382.0,59.88,172.0,7.45,7833.83,0.29,100.0,2.56,,66.31,16.38,,Alto,,,Medio,0.81,0.22,-93.24,17.49,0.0,0.0,0.0,0.0,0.0,0.0
CHIAPAS,7,TAPACHULA,7089,353706.0,182096.0,51.48,171610.0,48.52,97458.0,27.55,227836.0,64.41,25575.0,7.23,98954.61,3.57,31.93,2.41,,58.49,17.1,,Bajo,,,Bajo,0.87,-0.4,-92.26,14.91,0.0,0.0,0.0,0.0,0.0,0.0
CHIAPAS,7,TAPALAPA,7090,4547.0,2338.0,51.42,2209.0,48.58,1600.0,35.19,2551.0,56.1,396.0,8.71,6616.69,0.69,100.0,96.2,,78.8,27.15,,Alto,,,Medio,0.81,0.61,-93.1,17.19,0.0,0.0,0.0,0.0,0.0,0.0
CHIAPAS,7,TAPILULA,7091,13592.0,7030.0,51.72,6562.0,48.28,4302.0,31.65,8388.0,61.71,902.0,6.64,4263.34,3.19,38.04,17.93,,73.12,16.14,,Bajo,,,Bajo,0.86,-0.07,-93.02,17.25,0.0,0.0,0.0,0.0,0.0,0.0
CHIAPAS,7,TECPATAN,7092,21426.0,10762.0,50.23,10664.0,49.77,6668.0,31.12,13005.0,60.7,1752.0,8.18,101516.85,0.21,100.0,28.88,,83.23,30.79,,Alto,,,Medio,0.79,0.32,-93.31,17.14,0.0,0.0,0.0,0.0,0.0,0.0
CHIAPAS,7,TENEJAPA,7093,48162.0,24854.0,51.6,23308.0,48.4,19937.0,41.4,26210.0,54.42,2015.0,4.18,19294.76,2.5,100.0,99.44,,97.08,47.81,,Alto,,,Alto,0.78,1.68,-92.51,16.82,0.0,0.0,0.0,0.0,0.0,0.0
CHIAPAS,7,TEOPISCA,7094,49499.0,25555.0,51.63,23944.0,48.37,17908.0,36.18,29220.0,59.03,2371.0,4.79,28454.0,1.74,59.51,53.27,,91.58,37.09,,Alto,,,Alto,0.78,1.26,-92.47,16.54,0.0,0.0,0.0,0.0,0.0,0.0
CHIAPAS,7,TILA,7096,83505.0,41804.0,50.06,41701.0,49.94,25527.0,30.57,41867.0,50.14,4339.0,5.2,80161.24,1.04,79.61,84.81,,98.07,56.03,,Muy alto,,,Alto,0.76,1.75,-92.43,17.3,0.0,0.0,0.0,0.0,0.0,0.0
CHIAPAS,7,TONALA,7097,91913.0,46632.0,50.73,45281.0,49.27,25307.0,27.53,58493.0,63.64,8104.0,8.82,164132.36,0.56,51.18,0.91,,60.94,16.98,,Bajo,,,Bajo,0.86,-0.55,-93.75,16.09,0.0,0.0,0.0,0.0,0.0,0.0
CHIAPAS,7,TOTOLAPA,7098,7211.0,3571.0,49.52,3640.0,50.48,2374.0,32.92,4420.0,61.3,417.0,5.78,16917.41,0.43,100.0,11.33,,94.14,40.98,,Alto,,,Medio,0.78,0.72,-92.68,16.54,0.0,0.0,0.0,0.0,0.0,0.0
CHIAPAS,7,LA TRINITARIA,7099,83111.0,42999.0,51.74,40112.0,48.26,25510.0,30.69,51183.0,61.58,6414.0,7.72,161185.15,0.52,86.7,14.34,,87.76,31.11,,Alto,,,Medio,0.81,0.47,-92.05,16.12,0.0,0.0,0.0,0.0,0.0,0.0
CHIAPAS,7,TUMBALA,7100,38025.0,19518.0,51.33,18507.0,48.67,13701.0,36.03,22024.0,57.92,2300.0,6.05,40248.77,0.94,100.0,98.86,,95.83,48.08,,Muy alto,,,Alto,0.74,1.67,-92.32,17.28,0.0,0.0,0.0,0.0,0.0,0.0
CHIAPAS,7,TUXTLA GUTIERREZ,7101,604147.0,316623.0,52.41,287524.0,47.59,145953.0,24.16,413489.0,68.44,42523.0,7.04,33585.33,17.99,1.6,4.45,,46.17,9.77,,Muy bajo,,,Muy bajo,0.91,-1.07,-93.12,16.75,0.0,0.0,0.0,0.0,0.0,0.0
CHIAPAS,7,TUXTLA CHICO,7102,41024.0,21247.0,51.79,19777.0,48.21,11741.0,28.62,25926.0,63.2,3353.0,8.17,16733.18,2.45,81.32,0.56,,64.58,19.53,,Alto,,,Bajo,0.82,0.05,-92.17,14.94,0.0,0.0,0.0,0.0,0.0,0.0
CHIAPAS,7,TUZANTAN,7103,30302.0,15402.0,50.83,14900.0,49.17,9477.0,31.28,18441.0,60.86,2384.0,7.87,17601.61,1.72,100.0,1.53,,68.77,21.64,,Alto,,,Bajo,0.82,0.03,-92.42,15.15,0.0,0.0,0.0,0.0,0.0,0.0
CHIAPAS,7,TZIMOL,7104,16560.0,8442.0,50.98,8118.0,49.02,4597.0,27.76,10581.0,63.89,1382.0,8.35,36016.49,0.46,61.11,2.6,,80.97,20.93,,Medio,,,Medio,0.83,0.18,-92.19,16.18,0.0,0.0,0.0,0.0,0.0,0.0
CHIAPAS,7,UNION JUAREZ,7105,16008.0,8161.0,50.98,7847.0,49.02,4661.0,29.12,9744.0,60.87,1599.0,9.99,5858.88,2.73,100.0,3.02,,69.99,17.36,,Medio,,,Bajo,0.84,-0.14,-92.08,15.06,0.0,0.0,0.0,0.0,0.0,0.0
CHIAPAS,7,VENUSTIANO CARRANZA,7106,67292.0,33793.0,50.22,33499.0,49.78,19917.0,29.6,42499.0,63.16,4810.0,7.15,136634.33,0.49,64.16,29.99,,85.32,43.97,,Alto,,,Medio,0.8,0.54,-92.57,16.34,0.0,0.0,0.0,0.0,0.0,0.0
CHIAPAS,7,VILLA CORZO,7107,65643.0,33298.0,50.73,32345.0,49.27,20129.0,30.66,40601.0,61.85,4899.0,7.46,277032.35,0.24,54.07,10.09,,81.73,34.2,,Alto,,,Medio,0.8,0.23,-93.27,16.18,0.0,0.0,0.0,0.0,0.0,0.0
CHIAPAS,7,VILLAFLORES,7108,109536.0,55728.0,50.88,53808.0,49.12,31123.0,28.41,69626.0,63.56,8763.0,8.0,191004.17,0.57,58.37,3.65,,69.52,20.97,,Medio,,,Bajo,0.84,-0.25,-93.27,16.24,0.0,0.0,0.0,0.0,0.0,0.0
CHIAPAS,7,YAJALON,7109,40285.0,20695.0,51.37,19590.0,48.63,13861.0,34.41,24130.0,59.9,2282.0,5.66,20950.74,1.92,53.02,80.06,,90.4,40.58,,Alto,,,Alto,0.77,1.29,-92.33,17.17,0.0,0.0,0.0,0.0,0.0,0.0
CHIAPAS,7,SAN LUCAS,7110,7526.0,3734.0,49.61,3792.0,50.39,2682.0,35.64,4408.0,58.57,436.0,5.79,9435.41,0.8,100.0,21.27,,87.77,37.61,,Alto,,,Medio,0.79,0.67,-92.72,16.61,0.0,0.0,0.0,0.0,0.0,0.0
CHIAPAS,7,ZINACANTAN,7111,45373.0,24258.0,53.46,21115.0,46.54,16480.0,36.32,26803.0,59.07,2089.0,4.6,19518.59,2.32,64.68,99.31,,96.85,53.86,,Muy alto,,,Muy alto,0.73,2.29,-92.72,16.76,0.0,0.0,0.0,0.0,0.0,0.0
CHIAPAS,7,SAN JUAN CANCUC,7112,37948.0,19431.0,51.2,18517.0,48.8,17018.0,44.85,19720.0,51.97,1206.0,3.18,17341.16,2.19,77.66,99.87,,99.26,65.64,,Muy alto,,,Muy alto,0.69,2.95,-92.37,16.89,0.0,0.0,0.0,0.0,0.0,0.0
CHIAPAS,7,ALDAMA,7113,8480.0,4440.0,52.36,4040.0,47.64,3758.0,44.32,4472.0,52.74,250.0,2.95,2686.8,3.16,100.0,99.94,,98.95,58.98,,Alto,,,Alto,0.77,1.69,-92.69,16.92,0.0,0.0,0.0,0.0,0.0,0.0
CHIAPAS,7,BENEMERITO DE LAS AMERICAS,7114,23603.0,11789.0,49.95,11814.0,50.05,8857.0,37.52,13698.0,58.03,1015.0,4.3,108851.53,0.22,57.52,37.32,,75.85,23.15,,Alto,,,Medio,0.81,0.41,-90.65,16.52,0.0,0.0,0.0,0.0,0.0,0.0
CHIAPAS,7,MARAVILLA TENEJAPA,7115,14714.0,7382.0,50.17,7332.0,49.83,5884.0,39.99,8213.0,55.82,617.0,4.19,54566.58,0.27,100.0,55.27,,95.36,51.11,,Muy alto,,,Alto,0.76,1.65,-91.3,16.14,0.0,0.0,0.0,0.0,0.0,0.0
CHIAPAS,7,MARQUES DE COMILLAS,7116,12892.0,6394.0,49.6,6498.0,50.4,4903.0,38.03,7428.0,57.62,561.0,4.35,91354.71,0.14,100.0,54.93,,77.16,22.99,,Alto,,,Medio,0.77,0.85,-90.77,16.33,0.0,0.0,0.0,0.0,0.0,0.0
CHIAPAS,7,MONTECRISTO DE GUERRERO,7117,8412.0,4197.0,49.89,4215.0,50.11,3069.0,36.48,4902.0,58.27,441.0,5.24,19939.9,0.42,100.0,2.69,,92.53,21.1,,Alto,,,Medio,0.8,0.64,-92.62,15.69,0.0,0.0,0.0,0.0,0.0,0.0
CHIAPAS,7,SAN ANDRES DURAZNAL,7118,6047.0,3119.0,51.58,2928.0,48.42,2535.0,41.92,3261.0,53.93,251.0,4.15,3838.57,1.58,100.0,98.36,,98.52,61.28,,Alto,,,Alto,0.77,1.69,-92.8,17.13,0.0,0.0,0.0,0.0,0.0,0.0
CHIAPAS,7,SANTIAGO EL PINAR,7119,4959.0,2508.0,50.57,2451.0,49.43,2174.0,43.84,2645.0,53.34,140.0,2.82,1657.0,2.99,100.0,100.0,,97.29,59.92,,Muy alto,,,Muy alto,0.75,1.87,-92.71,16.94,0.0,0.0,0.0,0.0,0.0,0.0
CHIAPAS,7,CAPITAN LUIS ANGEL VIDAL,7120,4315.0,2041.0,47.3,2274.0,52.7,1514.0,35.09,2584.0,59.88,217.0,5.03,225.4,19.14,100.0,0.65,,92.11,19.38,,Alto,,,Alto,0.78,1.14,-92.63,15.6,0.0,0.0,0.0,0.0,0.0,0.0
CHIAPAS,7,RINCON CHAMULA SAN PEDRO,7121,8718.0,4691.0,53.81,4027.0,46.19,3618.0,41.5,4724.0,54.19,376.0,4.31,77.93,111.87,22.78,93.61,,97.88,56.64,,Alto,,,Alto,0.78,1.7,-92.94,17.21,0.0,0.0,0.0,0.0,0.0,0.0
CHIAPAS,7,EL PARRAL,7122,15587.0,7996.0,51.3,7591.0,48.7,4437.0,28.47,9734.0,62.45,1412.0,9.06,369.9,42.14,23.34,4.95,,77.6,23.06,,Medio,,,Bajo,0.84,-0.13,-93.01,16.37,0.0,0.0,0.0,0.0,0.0,0.0
CHIAPAS,7,EMILIANO ZAPATA,7123,10783.0,5412.0,50.19,5371.0,49.81,2983.0,27.66,6898.0,63.97,902.0,8.37,179.14,60.19,51.4,24.66,,72.2,25.81,,Medio,,,Bajo,0.83,-0.07,-92.9,16.54,0.0,0.0,0.0,0.0,0.0,0.0
CHIAPAS,7,MEZCALAPA,7124,23847.0,12148.0,50.94,11699.0,49.06,8173.0,34.27,14106.0,59.15,1552.0,6.51,847.31,28.14,66.59,33.82,,79.7,28.17,,Alto,,,Medio,0.8,0.34,-93.6,17.19,0.0,0.0,0.0,0.0,0.0,0.0
CHIAPAS,7,HONDURAS DE LA SIERRA,7125,11650.0,5753.0,49.38,5897.0,50.62,4192.0,35.98,6813.0,58.48,645.0,5.54,200.0,58.25,100.0,0.34,,,,,Alto,,,Medio,0.78,0.83,-92.48,15.59,0.0,0.0,0.0,0.0,0.0,0.0
CHIHUAHUA,8,AHUMADA,8001,14635.0,7258.0,49.59,7377.0,50.41,4689.0,32.04,9015.0,61.6,927.0,6.33,1697530.63,0.01,28.19,0.85,,37.88,1.94,,Muy bajo,,,Muy bajo,0.91,-0.82,-106.51,30.62,0.0,0.0,0.0,0.0,0.0,0.0
CHIHUAHUA,8,ALDAMA,8002,26047.0,13205.0,50.7,12842.0,49.3,6863.0,26.35,17057.0,65.49,2125.0,8.16,920246.4,0.03,13.36,1.65,,25.38,1.07,,Muy bajo,,,Muy bajo,0.93,-1.17,-105.91,28.84,0.0,0.0,0.0,0.0,0.0,0.0
CHIHUAHUA,8,ALLENDE,8003,8487.0,4231.0,49.85,4256.0,50.15,1944.0,22.91,5322.0,62.71,1221.0,14.39,211812.51,0.04,100.0,3.06,,21.27,1.25,,Muy bajo,,,Muy bajo,0.9,-0.98,-105.4,26.94,0.0,0.0,0.0,0.0,0.0,0.0
CHIHUAHUA,8,AQUILES SERDAN,8004,24344.0,10850.0,44.57,13494.0,55.43,6373.0,26.18,17219.0,70.73,667.0,2.74,49382.79,0.49,17.67,2.03,,30.07,1.25,,Muy bajo,,,Muy bajo,0.94,-1.17,-105.89,28.59,0.0,0.0,0.0,0.0,0.0,0.0
CHIHUAHUA,8,ASCENSION,8005,26093.0,12862.0,49.29,13231.0,50.71,7929.0,30.39,16304.0,62.48,1774.0,6.8,1296091.26,0.02,19.1,3.28,,43.51,6.13,,Muy bajo,,,Bajo,0.89,-0.68,-108.0,31.09,0.0,0.0,0.0,0.0,0.0,0.0
CHIHUAHUA,8,BACHINIVA,8006,5807.0,2865.0,49.34,2942.0,50.66,1377.0,23.71,3547.0,61.08,882.0,15.19,95003.05,0.06,100.0,5.29,,12.19,0.9,,Bajo,,,Bajo,0.88,-0.59,-107.25,28.76,0.0,0.0,0.0,0.0,0.0,0.0
CHIHUAHUA,8,BALLEZA,8007,16440.0,8298.0,50.47,8142.0,49.53,5552.0,33.77,9559.0,58.14,1329.0,8.08,532898.87,0.03,100.0,57.07,,64.34,33.48,,Muy alto,,,Muy alto,0.58,3.33,-106.35,26.95,0.0,0.0,0.0,0.0,0.0,0.0
CHIHUAHUA,8,BATOPILAS DE MANUEL GOMEZ MORIN,8008,11270.0,5673.0,50.34,5597.0,49.66,4353.0,38.62,6168.0,54.73,748.0,6.64,212138.67,0.05,100.0,67.69,,92.21,64.85,,Muy alto,,,Muy alto,0.34,6.83,-107.74,27.03,0.0,0.0,0.0,0.0,0.0,0.0
CHIHUAHUA,8,BOCOYNA,8009,23351.0,12373.0,52.99,10978.0,47.01,6859.0,29.37,14599.0,62.52,1890.0,8.09,269153.14,0.09,54.0,16.79,,56.51,12.22,,Alto,,,Medio,0.8,0.92,-107.59,27.84,0.0,0.0,0.0,0.0,0.0,0.0
CHIHUAHUA,8,BUENAVENTURA,8010,25146.0,12637.0,50.25,12509.0,49.75,7328.0,29.14,15734.0,62.57,2071.0,8.24,792943.94,0.03,41.22,5.42,,46.8,6.6,,Muy bajo,,,Muy bajo,0.9,-0.81,-107.47,29.84,0.0,0.0,0.0,0.0,0.0,0.0
CHIHUAHUA,8,CAMARGO,8011,49499.0,25052.0,50.61,24447.0,49.39,12240.0,24.73,32560.0,65.78,4672.0,9.44,1368236.41,0.04,15.11,2.55,,27.19,1.63,,Muy bajo,,,Muy bajo,0.93,-1.15,-105.17,27.69,0.0,0.0,0.0,0.0,0.0,0.0
CHIHUAHUA,8,CARICHI,8012,8113.0,4117.0,50.75,3996.0,49.25,2668.0,32.89,4559.0,56.19,886.0,10.92,257686.8,0.03,100.0,53.78,,55.32,25.4,,Muy alto,,,Muy alto,0.57,3.49,-107.06,27.92,0.0,0.0,0.0,0.0,0.0,0.0
CHIHUAHUA,8,CASAS GRANDES,8013,11815.0,5790.0,49.01,6025.0,50.99,3258.0,27.58,7342.0,62.14,1205.0,10.2,376538.92,0.03,39.62,3.64,,32.7,3.65,,Muy bajo,,,Muy bajo,0.9,-0.85,-107.95,30.38,0.0,0.0,0.0,0.0,0.0,0.0
CHIHUAHUA,8,CORONADO,8014,2034.0,975.0,47.94,1059.0,52.06,483.0,23.75,1207.0,59.34,334.0,16.42,187499.45,0.01,100.0,0.88,,23.47,0.76,,Bajo,,,Muy bajo,0.89,-0.87,-105.16,26.74,0.0,0.0,0.0,0.0,0.0,0.0
CHIHUAHUA,8,COYAME DEL SOTOL,8015,1230.0,597.0,48.54,633.0,51.46,267.0,21.71,746.0,60.65,192.0,15.61,1166271.29,0.0,100.0,1.87,,24.06,1.05,,Bajo,,,Bajo,0.88,-0.46,-105.09,29.46,0.0,0.0,0.0,0.0,0.0,0.0
CHIHUAHUA,8,LA CRUZ,8016,3704.0,1823.0,49.22,1881.0,50.78,902.0,24.35,2346.0,63.34,456.0,12.31,104763.93,0.04,100.0,2.19,,15.21,0.77,,Muy bajo,,,Muy bajo,0.9,-1.0,-105.2,27.86,0.0,0.0,0.0,0.0,0.0,0.0
CHIHUAHUA,8,CUAUHTEMOC,8017,180638.0,92221.0,51.05,88417.0,48.95,47319.0,26.2,119369.0,66.08,13615.0,7.54,359859.34,0.5,19.3,2.58,,24.72,1.24,,Muy bajo,,,Muy bajo,0.94,-1.09,-106.87,28.41,0.0,0.0,0.0,0.0,0.0,0.0
CHIHUAHUA,8,CUSIHUIRIACHI,8018,5099.0,2439.0,47.83,2660.0,52.17,1214.0,23.81,3203.0,62.82,682.0,13.38,160135.83,0.03,100.0,7.65,,28.44,2.55,,Bajo,,,Bajo,0.87,-0.32,-106.84,28.24,0.0,0.0,0.0,0.0,0.0,0.0
CHIHUAHUA,8,CHIHUAHUA,8019,937674.0,480434.0,51.24,457240.0,48.76,209881.0,22.38,648462.0,69.16,77343.0,8.25,836764.87,1.12,1.27,1.83,,15.68,0.87,,Muy bajo,,,Muy bajo,0.96,-1.39,-106.08,28.64,0.0,0.0,0.0,0.0,0.0,0.0
CHIHUAHUA,8,CHINIPAS,8020,6222.0,3066.0,49.28,3156.0,50.72,1869.0,30.04,3753.0,60.32,586.0,9.42,197753.26,0.03,100.0,15.85,,52.32,13.0,,Muy alto,,,Muy alto,0.74,1.9,-108.54,27.39,0.0,0.0,0.0,0.0,0.0,0.0
CHIHUAHUA,8,DELICIAS,8021,150506.0,76679.0,50.95,73827.0,49.05,37504.0,24.92,100033.0,66.46,12923.0,8.59,53072.22,2.84,10.32,0.94,,21.81,1.37,,Muy bajo,,,Muy bajo,0.94,-1.28,-105.47,28.19,0.0,0.0,0.0,0.0,0.0,0.0
CHIHUAHUA,8,DR. BELISARIO DOMINGUEZ,8022,2456.0,1212.0,49.35,1244.0,50.65,414.0,16.86,1381.0,56.23,661.0,26.91,102809.19,0.02,100.0,6.39,,38.15,3.7,,Bajo,,,Bajo,0.86,-0.38,-106.48,28.15,0.0,0.0,0.0,0.0,0.0,0.0
CHIHUAHUA,8,GALEANA,8023,6656.0,3357.0,50.44,3299.0,49.56,2340.0,35.16,3908.0,58.71,401.0,6.02,173412.58,0.04,100.0,8.02,,32.3,2.49,,Bajo,,,Bajo,0.88,-0.6,-107.62,30.11,0.0,0.0,0.0,0.0,0.0,0.0
CHIHUAHUA,8,SANTA ISABEL,8024,3791.0,1927.0,50.83,1864.0,49.17,774.0,20.42,2412.0,63.62,605.0,15.96,66690.71,0.06,100.0,2.45,,20.94,0.47,,Muy bajo,,,Muy bajo,0.9,-0.86,-106.37,28.34,0.0,0.0,0.0,0.0,0.0,0.0
CHIHUAHUA,8,GOMEZ FARIAS,8025,7023.0,3558.0,50.66,3465.0,49.34,1680.0,23.92,4252.0,60.54,1091.0,15.53,85282.76,0.08,100.0,0.74,,31.78,2.1,,Muy bajo,,,Muy bajo,0.89,-0.92,-107.74,29.36,0.0,0.0,0.0,0.0,0.0,0.0
CHIHUAHUA,8,GRAN MORELOS,8026,2448.0,1197.0,48.9,1251.0,51.1,443.0,18.1,1436.0,58.66,569.0,23.24,48349.49,0.05,100.0,3.72,,23.19,1.8,,Bajo,,,Muy bajo,0.88,-0.73,-106.51,28.25,0.0,0.0,0.0,0.0,0.0,0.0
CHIHUAHUA,8,GUACHOCHI,8027,50180.0,25882.0,51.58,24298.0,48.42,16768.0,33.42,30256.0,60.29,3152.0,6.28,692418.33,0.07,65.3,64.45,,63.74,22.82,,Muy alto,,,Muy alto,0.63,2.94,-107.07,26.82,0.0,0.0,0.0,0.0,0.0,0.0
CHIHUAHUA,8,GUADALUPE,8028,4237.0,2104.0,49.66,2133.0,50.34,1086.0,25.63,2737.0,64.6,414.0,9.77,602640.66,0.01,100.0,0.09,,19.71,0.49,,Bajo,,,Muy bajo,0.88,-0.92,-106.1,31.39,0.0,0.0,0.0,0.0,0.0,0.0
CHIHUAHUA,8,GUADALUPE Y CALVO,8029,50514.0,25336.0,50.16,25178.0,49.84,18731.0,37.08,28974.0,57.36,2809.0,5.56,953464.57,0.05,87.46,42.9,,75.84,25.58,,Muy alto,,,Muy alto,0.62,3.26,-106.96,26.09,0.0,0.0,0.0,0.0,0.0,0.0
CHIHUAHUA,8,GUAZAPARES,8030,8196.0,4091.0,49.91,4105.0,50.09,2919.0,35.61,4600.0,56.12,677.0,8.26,181127.82,0.05,100.0,30.99,,66.63,24.57,,Muy alto,,,Muy alto,0.72,1.86,-108.28,27.28,0.0,0.0,0.0,0.0,0.0,0.0
CHIHUAHUA,8,GUERRERO,8031,35473.0,17771.0,50.1,17702.0,49.9,9184.0,25.89,22183.0,62.53,4097.0,11.55,570837.57,0.06,54.21,4.5,,42.44,6.77,,Bajo,,,Bajo,0.88,-0.39,-107.49,28.55,0.0,0.0,0.0,0.0,0.0,0.0
CHIHUAHUA,8,HIDALGO DEL PARRAL,8032,116662.0,60415.0,51.79,56247.0,48.21,29150.0,24.99,76738.0,65.78,10669.0,9.15,191018.81,0.61,2.42,1.8,,31.17,2.27,,Muy bajo,,,Muy bajo,0.94,-1.24,-105.67,26.92,0.0,0.0,0.0,0.0,0.0,0.0
CHIHUAHUA,8,HUEJOTITAN,8033,824.0,413.0,50.12,411.0,49.88,203.0,24.64,468.0,56.8,153.0,18.57,84682.72,0.01,100.0,3.88,,37.23,1.99,,Bajo,,,Bajo,0.88,-0.51,-106.18,27.05,0.0,0.0,0.0,0.0,0.0,0.0
CHIHUAHUA,8,IGNACIO ZARAGOZA,8034,5196.0,2591.0,49.87,2605.0,50.13,1106.0,21.29,3177.0,61.14,913.0,17.57,286323.16,0.02,100.0,0.5,,27.55,0.79,,Muy bajo,,,Muy bajo,0.89,-0.81,-107.76,29.64,0.0,0.0,0.0,0.0,0.0,0.0
CHIHUAHUA,8,JANOS,8035,11005.0,5245.0,47.66,5760.0,52.34,3433.0,31.19,6709.0,60.96,844.0,7.67,745511.54,0.01,100.0,5.66,,35.12,2.67,,Bajo,,,Bajo,0.87,-0.3,-108.19,30.89,0.0,0.0,0.0,0.0,0.0,0.0
CHIHUAHUA,8,JIMENEZ,8036,40859.0,20671.0,50.59,20188.0,49.41,11302.0,27.66,25991.0,63.61,3557.0,8.71,1069522.55,0.04,14.13,1.76,,38.03,2.42,,Muy bajo,,,Muy bajo,0.92,-1.1,-104.92,27.13,0.0,0.0,0.0,0.0,0.0,0.0
CHIHUAHUA,8,JUAREZ,8037,1512450.0,755473.0,49.95,756977.0,50.05,380302.0,25.14,1042232.0,68.91,85438.0,5.65,357651.51,4.23,0.72,1.21,,23.7,2.16,,Muy bajo,,,Muy bajo,0.92,-1.27,-106.49,31.75,0.0,0.0,0.0,0.0,0.0,0.0
CHIHUAHUA,8,JULIMES,8038,4980.0,2463.0,49.46,2517.0,50.54,1231.0,24.72,3114.0,62.53,629.0,12.63,410629.88,0.01,100.0,0.98,,21.64,0.66,,Muy bajo,,,Muy bajo,0.89,-0.82,-105.43,28.42,0.0,0.0,0.0,0.0,0.0,0.0
CHIHUAHUA,8,LOPEZ,8039,4122.0,2005.0,48.64,2117.0,51.36,1027.0,24.92,2498.0,60.6,597.0,14.48,133794.01,0.03,100.0,2.84,,21.04,1.31,,Muy bajo,,,Muy bajo,0.89,-0.83,-105.03,27.0,0.0,0.0,0.0,0.0,0.0,0.0
CHIHUAHUA,8,MADERA,8040,25144.0,12738.0,50.66,12406.0,49.34,6710.0,26.69,15490.0,61.61,2793.0,11.11,873212.81,0.03,41.32,2.42,,42.68,4.91,,Muy bajo,,,Bajo,0.9,-0.63,-108.14,29.19,0.0,0.0,0.0,0.0,0.0,0.0
CHIHUAHUA,8,MAGUARICHI,8041,1302.0,681.0,52.3,621.0,47.7,387.0,29.72,775.0,59.52,140.0,10.75,100112.7,0.01,100.0,22.04,,75.86,26.78,,Muy alto,,,Muy alto,0.69,3.29,-107.99,27.86,0.0,0.0,0.0,0.0,0.0,0.0
CHIHUAHUA,8,MANUEL BENAVIDES,8042,1178.0,552.0,46.86,626.0,53.14,199.0,16.89,785.0,66.64,194.0,16.47,501329.65,0.0,100.0,0.42,,22.51,1.02,,Bajo,,,Bajo,0.86,-0.28,-103.91,29.11,0.0,0.0,0.0,0.0,0.0,0.0
CHIHUAHUA,8,MATACHI,8043,2742.0,1328.0,48.43,1414.0,51.57,607.0,22.14,1687.0,61.52,448.0,16.34,72536.02,0.04,100.0,1.46,,29.09,1.85,,Bajo,,,Bajo,0.88,-0.66,-107.75,28.84,0.0,0.0,0.0,0.0,0.0,0.0
CHIHUAHUA,8,MATAMOROS,8044,4314.0,2151.0,49.86,2163.0,50.14,1069.0,24.78,2662.0,61.71,583.0,13.51,117287.29,0.04,100.0,1.69,,29.02,1.28,,Bajo,,,Muy bajo,0.89,-0.86,-105.58,26.76,0.0,0.0,0.0,0.0,0.0,0.0
CHIHUAHUA,8,MEOQUI,8045,44853.0,22472.0,50.1,22381.0,49.9,11709.0,26.11,28945.0,64.53,4132.0,9.21,42752.29,1.05,26.47,1.79,,30.83,2.77,,Muy bajo,,,Muy bajo,0.92,-1.02,-105.48,28.27,0.0,0.0,0.0,0.0,0.0,0.0
CHIHUAHUA,8,MORELOS,8046,7266.0,3601.0,49.56,3665.0,50.44,2627.0,36.15,4135.0,56.91,504.0,6.94,216532.69,0.03,100.0,45.42,,77.26,35.65,,Muy alto,,,Muy alto,0.62,3.41,-107.68,26.67,0.0,0.0,0.0,0.0,0.0,0.0
CHIHUAHUA,8,MORIS,8047,4447.0,2113.0,47.52,2334.0,52.48,1329.0,29.89,2655.0,59.7,437.0,9.83,179911.75,0.02,100.0,4.74,,61.5,12.43,,Medio,,,Medio,0.83,0.48,-108.52,28.15,0.0,0.0,0.0,0.0,0.0,0.0
CHIHUAHUA,8,NAMIQUIPA,8048,22712.0,11322.0,49.85,11390.0,50.15,5700.0,25.1,13802.0,60.77,3201.0,14.09,485638.24,0.05,100.0,1.76,,17.56,0.96,,Muy bajo,,,Muy bajo,0.9,-0.86,-107.41,29.25,0.0,0.0,0.0,0.0,0.0,0.0
CHIHUAHUA,8,NONOAVA,8049,2757.0,1380.0,50.05,1377.0,49.95,746.0,27.06,1666.0,60.43,345.0,12.51,198827.85,0.01,100.0,18.79,,42.91,10.75,,Alto,,,Medio,0.77,0.51,-106.74,27.47,0.0,0.0,0.0,0.0,0.0,0.0
CHIHUAHUA,8,NUEVO CASAS GRANDES,8050,65753.0,33614.0,51.12,32139.0,48.88,17150.0,26.08,43021.0,65.43,5568.0,8.47,261308.68,0.25,5.65,1.33,,29.15,2.14,,Muy bajo,,,Muy bajo,0.94,-1.24,-107.91,30.41,0.0,0.0,0.0,0.0,0.0,0.0
CHIHUAHUA,8,OCAMPO,8051,8127.0,4017.0,49.43,4110.0,50.57,2728.0,33.57,4833.0,59.47,566.0,6.96,178780.77,0.05,100.0,2.33,,40.25,6.89,,Medio,,,Medio,0.84,0.24,-108.37,28.19,0.0,0.0,0.0,0.0,0.0,0.0
CHIHUAHUA,8,OJINAGA,8052,24534.0,12341.0,50.3,12193.0,49.7,6262.0,25.52,15764.0,64.25,2493.0,10.16,678065.7,0.04,10.06,0.65,,29.04,0.91,,Muy bajo,,,Muy bajo,0.92,-1.04,-104.42,29.56,0.0,0.0,0.0,0.0,0.0,0.0
CHIHUAHUA,8,PRAXEDIS G. GUERRERO,8053,5111.0,2512.0,49.15,2599.0,50.85,1314.0,25.71,3194.0,62.49,592.0,11.58,37300.66,0.14,100.0,0.23,,13.77,0.57,,Bajo,,,Muy bajo,0.88,-0.73,-106.01,31.37,0.0,0.0,0.0,0.0,0.0,0.0
CHIHUAHUA,8,RIVA PALACIO,8054,7695.0,3802.0,49.41,3893.0,50.59,2281.0,29.64,4741.0,61.61,673.0,8.75,225770.68,0.03,100.0,1.7,,9.87,0.21,,Muy bajo,,,Bajo,0.9,-0.36,-106.5,28.55,0.0,0.0,0.0,0.0,0.0,0.0
CHIHUAHUA,8,ROSALES,8055,16776.0,8361.0,49.84,8415.0,50.16,3965.0,23.63,11018.0,65.68,1777.0,10.59,191866.52,0.09,65.03,2.1,,26.85,1.39,,Muy bajo,,,Muy bajo,0.9,-1.01,-105.55,28.19,0.0,0.0,0.0,0.0,0.0,0.0
CHIHUAHUA,8,ROSARIO,8056,2079.0,997.0,47.96,1082.0,52.04,413.0,19.87,1312.0,63.11,354.0,17.03,116433.92,0.02,100.0,2.26,,33.08,2.08,,Bajo,,,Bajo,0.86,-0.47,-106.3,27.32,0.0,0.0,0.0,0.0,0.0,0.0
CHIHUAHUA,8,SAN FRANCISCO DE BORJA,8057,2197.0,1045.0,47.56,1152.0,52.44,449.0,20.44,1307.0,59.49,441.0,20.07,131281.29,0.02,100.0,11.24,,28.93,3.27,,Medio,,,Bajo,0.84,-0.13,-106.68,27.9,0.0,0.0,0.0,0.0,0.0,0.0
CHIHUAHUA,8,SAN FRANCISCO DE CONCHOS,8058,2696.0,1295.0,48.03,1401.0,51.97,581.0,21.55,1714.0,63.58,401.0,14.87,87336.55,0.03,100.0,1.59,,13.33,0.49,,Muy bajo,,,Muy bajo,0.9,-0.9,-105.33,27.59,0.0,0.0,0.0,0.0,0.0,0.0
CHIHUAHUA,8,SAN FRANCISCO DEL ORO,8059,5004.0,2520.0,50.36,2484.0,49.64,1308.0,26.14,3110.0,62.15,584.0,11.67,47631.99,0.11,100.0,1.46,,24.51,1.63,,Muy bajo,,,Muy bajo,0.91,-1.01,-105.85,26.86,0.0,0.0,0.0,0.0,0.0,0.0
CHIHUAHUA,8,SANTA BARBARA,8060,11582.0,5765.0,49.78,5817.0,50.22,3073.0,26.53,7277.0,62.83,1191.0,10.28,34290.23,0.34,20.83,1.66,,26.85,1.38,,Muy bajo,,,Muy bajo,0.92,-1.06,-105.82,26.8,0.0,0.0,0.0,0.0,0.0,0.0
CHIHUAHUA,8,SATEVO,8061,3414.0,1609.0,47.13,1805.0,52.87,654.0,19.16,2086.0,61.1,674.0,19.74,353732.59,0.01,100.0,3.49,,32.73,1.79,,Bajo,,,Bajo,0.88,-0.54,-106.11,27.96,0.0,0.0,0.0,0.0,0.0,0.0
CHIHUAHUA,8,SAUCILLO,8062,29862.0,15034.0,50.34,14828.0,49.66,7466.0,25.0,19135.0,64.08,3261.0,10.92,302505.64,0.1,63.82,0.84,,20.64,1.06,,Muy bajo,,,Muy bajo,0.91,-1.1,-105.29,28.03,0.0,0.0,0.0,0.0,0.0,0.0
CHIHUAHUA,8,TEMOSACHIC,8063,5320.0,2654.0,49.89,2666.0,50.11,1317.0,24.76,3212.0,60.38,791.0,14.87,426333.94,0.01,100.0,9.27,,31.88,4.43,,Medio,,,Medio,0.84,0.19,-107.83,28.95,0.0,0.0,0.0,0.0,0.0,0.0
CHIHUAHUA,8,EL TULE,8064,1448.0,722.0,49.86,726.0,50.14,323.0,22.31,879.0,60.7,246.0,16.99,46634.17,0.03,100.0,4.77,,38.19,5.34,,Bajo,,,Bajo,0.86,-0.34,-106.27,27.05,0.0,0.0,0.0,0.0,0.0,0.0
CHIHUAHUA,8,URIQUE,8065,17043.0,8685.0,50.96,8358.0,49.04,5861.0,34.39,9834.0,57.7,1348.0,7.91,327943.21,0.05,100.0,56.94,,59.39,24.99,,Muy alto,,,Muy alto,0.58,3.89,-107.91,27.21,0.0,0.0,0.0,0.0,0.0,0.0
CHIHUAHUA,8,URUACHI,8066,6512.0,3224.0,49.51,3288.0,50.49,1993.0,30.61,3903.0,59.94,616.0,9.46,264511.33,0.02,100.0,25.72,,79.28,38.6,,Muy alto,,,Muy alto,0.65,3.18,-108.22,27.87,0.0,0.0,0.0,0.0,0.0,0.0
CHIHUAHUA,8,VALLE DE ZARAGOZA,8067,4775.0,2356.0,49.34,2419.0,50.66,1137.0,23.81,2835.0,59.37,803.0,16.82,293613.25,0.02,100.0,1.97,,31.22,1.57,,Bajo,,,Bajo,0.88,-0.69,-105.81,27.46,0.0,0.0,0.0,0.0,0.0,0.0
CIUDAD DE MEXICO,9,AZCAPOTZALCO,9002,432205.0,227255.0,52.58,204950.0,47.42,70366.0,16.28,306611.0,70.94,54863.0,12.69,3332.31,129.7,0.0,1.68,,24.19,2.47,,Muy bajo,,,Muy bajo,0.95,-1.39,-99.18,19.48,3246.0,1575.0,20857.0,751.03,364.41,4825.72
CIUDAD DE MEXICO,9,COYOACAN,9003,614447.0,325337.0,52.95,289110.0,47.05,91327.0,14.86,432544.0,70.4,90448.0,14.72,5362.23,114.59,0.0,2.5,,27.08,2.95,,Muy bajo,,,Muy bajo,0.95,-1.45,-99.16,19.35,3374.0,1587.0,23541.0,549.11,258.28,3831.25
CIUDAD DE MEXICO,9,CUAJIMALPA DE MORELOS,9004,217686.0,113537.0,52.16,104149.0,47.84,45307.0,20.81,155503.0,71.43,16760.0,7.7,7107.11,30.63,2.27,1.85,,32.48,4.45,,Muy bajo,,,Muy bajo,0.95,-1.28,-99.3,19.36,791.0,376.0,8404.0,363.37,172.73,3860.61
CIUDAD DE MEXICO,9,GUSTAVO A. MADERO,9005,1173351.0,609477.0,51.94,563874.0,48.06,212345.0,18.1,819397.0,69.83,141375.0,12.05,8737.83,134.28,0.0,2.82,,33.78,3.69,,Muy bajo,,,Muy bajo,0.94,-1.3,-99.11,19.48,6967.0,3757.0,43420.0,593.77,320.19,3700.51
CIUDAD DE MEXICO,9,IZTACALCO,9006,404695.0,212343.0,52.47,192352.0,47.53,69312.0,17.13,286131.0,70.7,49074.0,12.13,2296.28,176.24,0.0,2.49,,25.2,2.61,,Muy bajo,,,Muy bajo,0.95,-1.39,-99.1,19.4,2921.0,1562.0,15809.0,721.78,385.97,3906.4
CIUDAD DE MEXICO,9,IZTAPALAPA,9007,1835486.0,947835.0,51.64,887651.0,48.36,366835.0,19.99,1293944.0,70.5,174312.0,9.5,11252.81,163.11,0.0,3.98,,43.89,6.56,,Muy bajo,,,Muy bajo,0.93,-1.24,-99.09,19.36,9018.0,4766.0,54869.0,491.31,259.66,2989.34
CIUDAD DE MEXICO,9,LA MAGDALENA CONTRERAS,9008,247622.0,129335.0,52.23,118287.0,47.77,47378.0,19.13,174135.0,70.32,26066.0,10.53,6307.48,39.26,0.48,2.74,,42.5,6.71,,Muy bajo,,,Muy bajo,0.93,-1.26,-99.24,19.3,946.0,509.0,12663.0,382.03,205.56,5113.84
CIUDAD DE MEXICO,9,MILPA ALTA,9009,152685.0,78314.0,51.29,74371.0,48.71,36311.0,23.78,105619.0,69.17,10741.0,7.03,29672.89,5.15,24.41,8.52,,54.69,9.15,,Muy bajo,,,Muy bajo,0.9,-0.85,-99.02,19.19,444.0,209.0,7863.0,290.79,136.88,5149.82
CIUDAD DE MEXICO,9,ALVARO OBREGON,9010,759137.0,398130.0,52.45,361007.0,47.55,136052.0,17.92,538449.0,70.93,83813.0,11.04,9535.83,79.61,0.02,2.43,,37.69,5.64,,Muy bajo,,,Muy bajo,0.95,-1.32,-99.2,19.39,3856.0,1945.0,40930.0,507.95,256.21,5391.65
CIUDAD DE MEXICO,9,TLAHUAC,9011,392313.0,202123.0,51.52,190190.0,48.48,84051.0,21.42,278514.0,70.99,29603.0,7.55,8538.33,45.95,3.81,3.36,,42.41,5.11,,Muy bajo,,,Muy bajo,0.93,-1.18,-99.0,19.27,1428.0,669.0,19689.0,364.0,170.53,5018.7
CIUDAD DE MEXICO,9,TLALPAN,9012,699928.0,365051.0,52.16,334877.0,47.84,129152.0,18.45,496189.0,70.89,74056.0,10.58,31285.27,22.37,3.09,4.11,,39.7,7.08,,Muy bajo,,,Muy bajo,0.93,-1.27,-99.17,19.29,2968.0,1227.0,35834.0,424.04,175.3,5119.67
CIUDAD DE MEXICO,9,XOCHIMILCO,9013,442178.0,226726.0,51.27,215452.0,48.73,89049.0,20.14,312227.0,70.61,40693.0,9.2,11350.43,38.96,2.87,5.85,,48.19,9.3,,Muy bajo,,,Muy bajo,0.92,-1.08,-99.1,19.26,1893.0,834.0,20627.0,428.11,188.61,4664.86
CIUDAD DE MEXICO,9,BENITO JUAREZ,9014,434153.0,232032.0,53.44,202121.0,46.56,51243.0,11.8,321279.0,74.0,61593.0,14.19,2654.89,163.53,0.0,1.29,,7.88,0.31,,Muy bajo,,,Muy bajo,0.98,-1.55,-99.16,19.37,1870.0,849.0,13775.0,430.72,195.55,3172.84
CIUDAD DE MEXICO,9,CUAUHTEMOC,9015,545884.0,284933.0,52.2,260951.0,47.8,83469.0,15.29,398058.0,72.92,64291.0,11.78,3233.52,168.82,0.0,3.38,,20.89,2.45,,Muy bajo,,,Muy bajo,0.96,-1.41,-99.15,19.44,3210.0,1631.0,20794.0,588.04,298.78,3809.23
CIUDAD DE MEXICO,9,MIGUEL HIDALGO,9016,414470.0,219003.0,52.84,195467.0,47.16,62495.0,15.08,295866.0,71.38,50183.0,12.11,4612.19,89.86,0.0,1.48,,13.47,0.93,,Muy bajo,,,Muy bajo,0.96,-1.42,-99.19,19.41,2168.0,905.0,15006.0,523.08,218.35,3620.53
CIUDAD DE MEXICO,9,VENUSTIANO CARRANZA,9017,443704.0,233586.0,52.64,210118.0,47.36,78081.0,17.6,310974.0,70.09,54234.0,12.22,3366.61,131.8,0.0,2.29,,29.99,2.91,,Muy bajo,,,Muy bajo,0.95,-1.36,-99.11,19.42,2637.0,1378.0,19390.0,594.32,310.57,4370.03
DURANGO,10,CANATLAN,10001,31454.0,15803.0,50.24,15651.0,49.76,8369.0,26.61,19742.0,62.76,3328.0,10.58,345501.07,0.09,62.03,0.4,,43.22,2.05,,Muy bajo,,,Muy bajo,0.89,-0.89,-104.78,24.53,0.0,0.0,0.0,0.0,0.0,0.0
DURANGO,10,CANELAS,10002,4321.0,2111.0,48.85,2210.0,51.15,1436.0,33.23,2571.0,59.5,314.0,7.27,88348.54,0.05,100.0,0.07,,67.42,11.13,,Alto,,,Medio,0.8,0.68,-106.55,25.12,0.0,0.0,0.0,0.0,0.0,0.0
DURANGO,10,CONETO DE COMONFORT,10003,4084.0,2020.0,49.46,2064.0,50.54,1255.0,30.73,2421.0,59.28,397.0,9.72,106351.83,0.04,100.0,0.22,,64.89,5.95,,Bajo,,,Bajo,0.87,-0.59,-104.77,24.98,0.0,0.0,0.0,0.0,0.0,0.0
DURANGO,10,CUENCAME,10004,34955.0,17440.0,49.89,17515.0,50.11,10084.0,28.85,21610.0,61.82,3195.0,9.14,529350.63,0.07,66.86,0.19,,35.63,2.41,,Muy bajo,,,Muy bajo,0.89,-0.91,-103.7,24.87,0.0,0.0,0.0,0.0,0.0,0.0
DURANGO,10,DURANGO,10005,688697.0,353285.0,51.3,335412.0,48.7,181469.0,26.35,454946.0,66.06,50310.0,7.31,918510.07,0.75,10.55,1.19,,32.1,2.0,,Muy bajo,,,Muy bajo,0.93,-1.25,-104.67,24.02,0.0,0.0,0.0,0.0,0.0,0.0
DURANGO,10,GENERAL SIMON BOLIVAR,10006,10038.0,5057.0,50.38,4981.0,49.62,3024.0,30.13,5883.0,58.61,1127.0,11.23,216651.56,0.05,100.0,0.0,,40.15,2.59,,Medio,,,Bajo,0.85,-0.51,-103.23,24.69,0.0,0.0,0.0,0.0,0.0,0.0
DURANGO,10,GOMEZ PALACIO,10007,372750.0,188213.0,50.49,184537.0,49.51,101901.0,27.34,244327.0,65.55,25962.0,6.96,83446.45,4.47,19.05,0.19,,28.87,1.94,,Muy bajo,,,Muy bajo,0.93,-1.2,-103.5,25.57,0.0,0.0,0.0,0.0,0.0,0.0
DURANGO,10,GUADALUPE VICTORIA,10008,36695.0,18635.0,50.78,18060.0,49.22,9659.0,26.32,23673.0,64.51,3311.0,9.02,130310.35,0.28,49.05,0.26,,45.87,3.4,,Muy bajo,,,Muy bajo,0.91,-1.08,-104.12,24.45,0.0,0.0,0.0,0.0,0.0,0.0
DURANGO,10,GUANACEVI,10009,9869.0,4716.0,47.79,5153.0,52.21,2907.0,29.46,6003.0,60.83,959.0,9.72,543594.35,0.02,100.0,2.71,,53.22,10.33,,Medio,,,Medio,0.83,0.42,-105.95,25.93,0.0,0.0,0.0,0.0,0.0,0.0
DURANGO,10,HIDALGO,10010,3843.0,1907.0,49.62,1936.0,50.38,969.0,25.21,2258.0,58.76,616.0,16.03,464789.2,0.01,100.0,0.36,,39.97,2.32,,Muy bajo,,,Muy bajo,0.89,-0.91,-104.91,26.25,0.0,0.0,0.0,0.0,0.0,0.0
DURANGO,10,INDE,10011,4748.0,2374.0,50.0,2374.0,50.0,1228.0,25.86,2718.0,57.25,799.0,16.83,248151.97,0.02,100.0,1.83,,44.96,3.05,,Bajo,,,Bajo,0.87,-0.68,-105.22,25.91,0.0,0.0,0.0,0.0,0.0,0.0
DURANGO,10,LERDO,10012,163313.0,82457.0,50.49,80856.0,49.51,43978.0,26.93,107289.0,65.7,11837.0,7.25,212678.89,0.77,31.26,0.22,,29.51,1.76,,Muy bajo,,,Muy bajo,0.92,-1.12,-103.52,25.54,0.0,0.0,0.0,0.0,0.0,0.0
DURANGO,10,MAPIMI,10013,26932.0,13462.0,49.99,13470.0,50.01,8708.0,32.33,16108.0,59.81,2079.0,7.72,766206.41,0.04,37.78,0.35,,36.44,2.01,,Muy bajo,,,Muy bajo,0.89,-0.75,-103.85,25.83,0.0,0.0,0.0,0.0,0.0,0.0
DURANGO,10,MEZQUITAL,10014,48583.0,24725.0,50.89,23858.0,49.11,21390.0,44.03,25085.0,51.63,2057.0,4.23,828342.3,0.06,100.0,84.92,,91.1,65.49,,Muy alto,,,Muy alto,0.44,5.16,-104.4,23.47,0.0,0.0,0.0,0.0,0.0,0.0
DURANGO,10,NAZAS,10015,12894.0,6369.0,49.4,6525.0,50.6,3710.0,28.77,7607.0,59.0,1575.0,12.21,236361.97,0.05,100.0,0.26,,47.82,2.18,,Bajo,,,Muy bajo,0.87,-0.81,-104.11,25.23,0.0,0.0,0.0,0.0,0.0,0.0
DURANGO,10,NOMBRE DE DIOS,10016,19060.0,9552.0,50.12,9508.0,49.88,5337.0,28.0,11642.0,61.08,2081.0,10.92,117301.75,0.16,68.77,0.1,,42.38,2.35,,Muy bajo,,,Muy bajo,0.89,-0.86,-104.24,23.85,0.0,0.0,0.0,0.0,0.0,0.0
DURANGO,10,OCAMPO,10017,8003.0,3911.0,48.87,4092.0,51.13,1930.0,24.12,4801.0,59.99,1272.0,15.89,361388.02,0.02,100.0,2.74,,46.31,3.71,,Bajo,,,Bajo,0.87,-0.71,-105.51,26.44,0.0,0.0,0.0,0.0,0.0,0.0
DURANGO,10,EL ORO,10018,10384.0,5201.0,50.09,5183.0,49.91,2591.0,24.95,6302.0,60.69,1491.0,14.36,349598.79,0.03,38.93,0.99,,37.08,1.83,,Muy bajo,,,Muy bajo,0.91,-0.94,-105.36,25.95,0.0,0.0,0.0,0.0,0.0,0.0
DURANGO,10,OTAEZ,10019,4924.0,2332.0,47.36,2592.0,52.64,1643.0,33.37,2928.0,59.46,353.0,7.17,169203.06,0.03,100.0,0.0,,79.98,20.27,,Alto,,,Medio,0.79,0.79,-105.99,24.7,0.0,0.0,0.0,0.0,0.0,0.0
DURANGO,10,PANUCO DE CORONADO,10020,12656.0,6353.0,50.2,6303.0,49.8,3237.0,25.58,7898.0,62.41,1484.0,11.73,101531.73,0.12,58.47,0.1,,50.59,3.51,,Muy bajo,,,Muy bajo,0.9,-1.04,-104.32,24.4,0.0,0.0,0.0,0.0,0.0,0.0
DURANGO,10,PENON BLANCO,10021,11118.0,5506.0,49.52,5612.0,50.48,3234.0,29.09,6679.0,60.07,1193.0,10.73,166609.74,0.07,46.83,0.07,,52.99,3.39,,Muy bajo,,,Muy bajo,0.89,-0.76,-104.03,24.79,0.0,0.0,0.0,0.0,0.0,0.0
DURANGO,10,POANAS,10022,25623.0,13004.0,50.75,12619.0,49.25,6978.0,27.23,16071.0,62.72,2555.0,9.97,111528.98,0.23,55.08,0.17,,50.08,2.89,,Muy bajo,,,Muy bajo,0.9,-0.91,-104.04,23.98,0.0,0.0,0.0,0.0,0.0,0.0
DURANGO,10,PUEBLO NUEVO,10023,51269.0,25887.0,50.49,25382.0,49.51,17778.0,34.68,30766.0,60.01,2707.0,5.28,686904.16,0.07,47.96,8.2,,54.95,7.67,,Alto,,,Medio,0.81,0.39,-105.36,23.78,0.0,0.0,0.0,0.0,0.0,0.0
DURANGO,10,RODEO,10024,12818.0,6314.0,49.26,6504.0,50.74,3777.0,29.47,7557.0,58.96,1484.0,11.58,141853.77,0.09,60.38,0.02,,46.63,2.5,,Muy bajo,,,Muy bajo,0.89,-0.98,-104.56,25.18,0.0,0.0,0.0,0.0,0.0,0.0
DURANGO,10,SAN BERNARDO,10025,2837.0,1308.0,46.11,1529.0,53.89,628.0,22.14,1633.0,57.56,576.0,20.3,228699.34,0.01,100.0,2.22,,44.08,3.57,,Bajo,,,Bajo,0.86,-0.32,-105.52,26.0,0.0,0.0,0.0,0.0,0.0,0.0
DURANGO,10,SAN DIMAS,10026,17333.0,8462.0,48.82,8871.0,51.18,5628.0,32.47,10545.0,60.84,1157.0,6.68,542452.49,0.03,66.44,0.19,,61.21,5.04,,Bajo,,,Medio,0.86,0.14,-105.93,24.1,0.0,0.0,0.0,0.0,0.0,0.0
DURANGO,10,SAN JUAN DE GUADALUPE,10027,5251.0,2630.0,50.09,2621.0,49.91,1464.0,27.88,3098.0,59.0,677.0,12.89,238440.06,0.02,100.0,0.0,,59.43,8.56,,Alto,,,Bajo,0.82,-0.27,-102.78,24.63,0.0,0.0,0.0,0.0,0.0,0.0
DURANGO,10,SAN JUAN DEL RIO,10028,12013.0,6092.0,50.71,5921.0,49.29,3528.0,29.37,7090.0,59.02,1381.0,11.5,138490.4,0.09,100.0,0.22,,53.95,2.11,,Muy bajo,,,Muy bajo,0.89,-0.86,-104.46,24.78,0.0,0.0,0.0,0.0,0.0,0.0
DURANGO,10,SAN LUIS DEL CORDERO,10029,2103.0,1037.0,49.31,1066.0,50.69,595.0,28.29,1234.0,58.68,274.0,13.03,59879.56,0.04,100.0,0.0,,53.55,3.3,,Bajo,,,Muy bajo,0.87,-0.77,-104.28,25.42,0.0,0.0,0.0,0.0,0.0,0.0
DURANGO,10,SAN PEDRO DEL GALLO,10030,1633.0,782.0,47.89,851.0,52.11,405.0,24.8,993.0,60.81,235.0,14.39,177975.84,0.01,100.0,0.0,,50.17,1.87,,Bajo,,,Muy bajo,0.87,-0.76,-104.29,25.57,0.0,0.0,0.0,0.0,0.0,0.0
DURANGO,10,SANTA CLARA,10031,6727.0,3373.0,50.14,3354.0,49.86,1951.0,29.0,3920.0,58.27,856.0,12.72,97484.9,0.07,100.0,0.06,,59.71,4.93,,Bajo,,,Muy bajo,0.87,-0.92,-103.36,24.48,0.0,0.0,0.0,0.0,0.0,0.0
DURANGO,10,SANTIAGO PAPASQUIARO,10032,49207.0,24260.0,49.3,24947.0,50.7,14074.0,28.6,30918.0,62.83,4206.0,8.55,633732.92,0.08,38.91,0.84,,42.88,2.33,,Bajo,,,Bajo,0.88,-0.67,-105.42,25.04,0.0,0.0,0.0,0.0,0.0,0.0
DURANGO,10,SUCHIL,10033,6917.0,3524.0,50.95,3393.0,49.05,2042.0,29.52,4089.0,59.12,782.0,11.31,145236.26,0.05,100.0,11.39,,61.46,13.08,,Medio,,,Bajo,0.84,-0.39,-103.92,23.62,0.0,0.0,0.0,0.0,0.0,0.0
DURANGO,10,TAMAZULA,10034,26300.0,12794.0,48.65,13506.0,51.35,9195.0,34.96,15435.0,58.69,1666.0,6.33,574131.17,0.05,100.0,0.74,,74.42,13.72,,Muy alto,,,Alto,0.74,1.42,-106.97,24.97,0.0,0.0,0.0,0.0,0.0,0.0
DURANGO,10,TEPEHUANES,10035,11378.0,5629.0,49.47,5749.0,50.53,3048.0,26.79,6832.0,60.05,1498.0,13.17,600988.62,0.02,51.75,1.89,,58.92,5.73,,Medio,,,Bajo,0.85,0.04,-105.72,25.34,0.0,0.0,0.0,0.0,0.0,0.0
DURANGO,10,TLAHUALILO,10036,21143.0,10606.0,50.16,10537.0,49.84,6227.0,29.45,12894.0,60.98,1994.0,9.43,470137.19,0.04,56.96,0.12,,32.29,2.01,,Muy bajo,,,Muy bajo,0.89,-0.9,-103.44,26.11,0.0,0.0,0.0,0.0,0.0,0.0
DURANGO,10,TOPIA,10037,9320.0,4561.0,48.94,4759.0,51.06,3068.0,32.92,5601.0,60.1,651.0,6.98,161139.2,0.06,100.0,0.43,,75.28,17.19,,Alto,,,Medio,0.81,0.39,-106.57,25.21,0.0,0.0,0.0,0.0,0.0,0.0
DURANGO,10,VICENTE GUERRERO,10038,23476.0,11996.0,51.1,11480.0,48.9,6592.0,28.08,14804.0,63.06,2068.0,8.81,36569.53,0.64,23.47,2.04,,44.74,3.9,,Muy bajo,,,Muy bajo,0.92,-1.18,-103.99,23.73,0.0,0.0,0.0,0.0,0.0,0.0
DURANGO,10,NUEVO IDEAL,10039,27981.0,14096.0,50.38,13885.0,49.62,8867.0,31.69,16658.0,59.53,2435.0,8.7,183247.45,0.15,54.08,0.37,,43.59,2.69,,Muy bajo,,,Muy bajo,0.9,-0.8,-105.07,24.89,0.0,0.0,0.0,0.0,0.0,0.0
GUANAJUATO,11,ABASOLO,11001,92040.0,47187.0,51.27,44853.0,48.73,25470.0,27.67,58660.0,63.73,7905.0,8.59,61028.62,1.51,68.49,0.17,,47.78,5.37,,Bajo,,,Bajo,0.87,-0.54,-101.53,20.45,0.0,0.0,0.0,0.0,0.0,0.0
GUANAJUATO,11,ACAMBARO,11002,108697.0,56489.0,51.97,52208.0,48.03,26332.0,24.23,68964.0,63.45,13366.0,12.3,87140.75,1.25,42.16,0.2,,51.91,6.87,,Muy bajo,,,Muy bajo,0.89,-0.84,-100.72,20.04,0.0,0.0,0.0,0.0,0.0,0.0
GUANAJUATO,11,SAN MIGUEL DE ALLENDE,11003,174615.0,91538.0,52.42,83077.0,47.58,47668.0,27.3,112782.0,64.59,14115.0,8.08,154012.15,1.13,58.51,0.38,,43.47,3.17,,Bajo,,,Bajo,0.88,-0.61,-100.71,20.9,0.0,0.0,0.0,0.0,0.0,0.0
GUANAJUATO,11,APASEO EL ALTO,11004,63392.0,32842.0,51.81,30550.0,48.19,17503.0,27.61,40836.0,64.42,5049.0,7.96,37088.96,1.71,55.42,0.41,,50.74,4.73,,Muy bajo,,,Bajo,0.89,-0.7,-100.62,20.46,0.0,0.0,0.0,0.0,0.0,0.0
GUANAJUATO,11,APASEO EL GRANDE,11005,117883.0,60630.0,51.43,57253.0,48.57,30797.0,26.13,75067.0,63.68,6585.0,5.59,41694.73,2.83,53.62,0.56,,41.16,4.86,,Muy bajo,,,Muy bajo,0.9,-0.74,-100.69,20.55,0.0,0.0,0.0,0.0,0.0,0.0
GUANAJUATO,11,ATARJEA,11006,5296.0,2713.0,51.23,2583.0,48.77,1494.0,28.21,3078.0,58.12,724.0,13.67,31114.8,0.17,100.0,0.32,,68.78,14.9,,Alto,,,Medio,0.78,0.82,-99.72,21.27,0.0,0.0,0.0,0.0,0.0,0.0
GUANAJUATO,11,CELAYA,11007,521169.0,268124.0,51.45,253045.0,48.55,128188.0,24.6,352485.0,67.63,39655.0,7.61,54854.07,9.5,19.43,0.5,,40.5,5.07,,Muy bajo,,,Muy bajo,0.92,-1.12,-100.81,20.52,0.0,0.0,0.0,0.0,0.0,0.0
GUANAJUATO,11,MANUEL DOBLADO,11008,41240.0,21463.0,52.04,19777.0,47.96,11814.0,28.65,25244.0,61.21,4179.0,10.13,81289.42,0.51,60.98,0.15,,50.16,6.16,,Bajo,,,Bajo,0.87,-0.49,-101.95,20.73,0.0,0.0,0.0,0.0,0.0,0.0
GUANAJUATO,11,COMONFORT,11009,82216.0,43483.0,52.89,38733.0,47.11,23872.0,29.04,52530.0,63.89,5813.0,7.07,48449.28,1.7,53.51,0.28,,52.05,7.53,,Medio,,,Bajo,0.85,-0.21,-100.76,20.72,0.0,0.0,0.0,0.0,0.0,0.0
GUANAJUATO,11,CORONEO,11010,11083.0,5813.0,52.45,5270.0,47.55,3103.0,28.0,6869.0,61.98,1111.0,10.02,12286.71,0.9,100.0,0.47,,52.44,5.04,,Bajo,,,Bajo,0.87,-0.6,-100.36,20.2,0.0,0.0,0.0,0.0,0.0,0.0
GUANAJUATO,11,CORTAZAR,11011,97928.0,50393.0,51.46,47535.0,48.54,24441.0,24.96,65265.0,66.65,8179.0,8.35,33253.92,2.94,29.16,0.35,,40.33,4.13,,Muy bajo,,,Muy bajo,0.9,-0.88,-100.96,20.48,0.0,0.0,0.0,0.0,0.0,0.0
GUANAJUATO,11,CUERAMARO,11012,30857.0,15990.0,51.82,14867.0,48.18,8483.0,27.49,19326.0,62.63,3045.0,9.87,25815.56,1.2,50.4,0.18,,51.83,5.18,,Bajo,,,Bajo,0.88,-0.64,-101.67,20.63,0.0,0.0,0.0,0.0,0.0,0.0
GUANAJUATO,11,DOCTOR MORA,11013,27390.0,14257.0,52.05,13133.0,47.95,8393.0,30.64,17196.0,62.78,1801.0,6.58,22869.73,1.2,77.39,0.3,,39.37,2.72,,Bajo,,,Bajo,0.87,-0.55,-100.32,21.14,0.0,0.0,0.0,0.0,0.0,0.0
GUANAJUATO,11,DOLORES HIDALGO CUNA DE LA INDEPENDENCIA NACIONAL,11014,163038.0,86327.0,52.95,76711.0,47.05,50255.0,30.82,101578.0,62.3,11040.0,6.77,164057.96,0.99,58.84,0.37,,53.06,9.89,,Bajo,,,Bajo,0.86,-0.43,-100.92,21.16,0.0,0.0,0.0,0.0,0.0,0.0
GUANAJUATO,11,GUANAJUATO,11015,194500.0,100462.0,51.65,94038.0,48.35,48637.0,25.01,132066.0,67.9,13669.0,7.03,100504.27,1.94,32.22,0.24,,33.43,3.42,,Muy bajo,,,Muy bajo,0.92,-1.03,-101.25,21.02,0.0,0.0,0.0,0.0,0.0,0.0
GUANAJUATO,11,HUANIMARO,11016,21128.0,11137.0,52.71,9991.0,47.29,5710.0,27.03,13156.0,62.27,2260.0,10.7,12651.88,1.67,72.83,0.14,,49.42,3.98,,Bajo,,,Bajo,0.88,-0.67,-101.5,20.37,0.0,0.0,0.0,0.0,0.0,0.0
GUANAJUATO,11,IRAPUATO,11017,592953.0,302183.0,50.96,290770.0,49.04,153347.0,25.86,396057.0,66.79,43422.0,7.32,84386.2,7.03,20.59,0.31,,35.51,4.15,,Muy bajo,,,Muy bajo,0.92,-1.04,-101.35,20.67,0.0,0.0,0.0,0.0,0.0,0.0
GUANAJUATO,11,JARAL DEL PROGRESO,11018,38782.0,19935.0,51.4,18847.0,48.6,10117.0,26.09,24953.0,64.34,3711.0,9.57,17401.09,2.23,43.9,0.16,,54.97,5.91,,Muy bajo,,,Muy bajo,0.89,-0.84,-101.06,20.38,0.0,0.0,0.0,0.0,0.0,0.0
GUANAJUATO,11,JERECUARO,11019,49517.0,25903.0,52.31,23614.0,47.69,13863.0,28.0,30402.0,61.4,5252.0,10.61,87642.3,0.56,83.82,0.18,,58.68,5.79,,Medio,,,Bajo,0.85,-0.25,-100.51,20.15,0.0,0.0,0.0,0.0,0.0,0.0
GUANAJUATO,11,LEON,11020,1721215.0,874542.0,50.81,846673.0,49.19,447739.0,26.01,1160943.0,67.45,108370.0,6.3,121043.12,14.22,7.01,0.41,,45.89,6.51,,Muy bajo,,,Muy bajo,0.93,-1.05,-101.68,21.12,0.0,0.0,0.0,0.0,0.0,0.0
GUANAJUATO,11,MOROLEON,11021,47261.0,24559.0,51.96,22702.0,48.04,9717.0,20.56,31757.0,67.19,5787.0,12.24,15858.35,2.98,11.32,0.07,,46.88,2.8,,Muy bajo,,,Muy bajo,0.91,-0.92,-101.19,20.13,0.0,0.0,0.0,0.0,0.0,0.0
GUANAJUATO,11,OCAMPO,11022,26383.0,12881.0,48.82,13502.0,51.18,7639.0,28.95,16713.0,63.35,2030.0,7.69,101630.55,0.26,72.24,0.22,,51.3,4.63,,Bajo,,,Bajo,0.86,-0.36,-101.48,21.65,0.0,0.0,0.0,0.0,0.0,0.0
GUANAJUATO,11,PENJAMO,11023,154960.0,80543.0,51.98,74417.0,48.02,41718.0,26.92,97767.0,63.09,15431.0,9.96,154869.57,1.0,66.25,0.16,,51.08,6.81,,Bajo,,,Bajo,0.87,-0.46,-101.73,20.43,0.0,0.0,0.0,0.0,0.0,0.0
GUANAJUATO,11,PUEBLO NUEVO,11024,12403.0,6482.0,52.26,5921.0,47.74,3270.0,26.36,7814.0,63.0,1298.0,10.47,5938.73,2.09,100.0,0.16,,43.29,4.21,,Bajo,,,Bajo,0.87,-0.7,-101.37,20.53,0.0,0.0,0.0,0.0,0.0,0.0
GUANAJUATO,11,PURISIMA DEL RINCON,11025,83842.0,42508.0,50.7,41334.0,49.3,24761.0,29.53,54183.0,64.63,4642.0,5.54,28811.96,2.91,37.67,0.4,,42.86,4.22,,Muy bajo,,,Muy bajo,0.9,-0.72,-101.88,21.03,0.0,0.0,0.0,0.0,0.0,0.0
GUANAJUATO,11,ROMITA,11026,65766.0,33513.0,50.96,32253.0,49.04,19334.0,29.4,41331.0,62.85,5100.0,7.75,43688.98,1.51,62.36,0.22,,49.91,4.79,,Bajo,,,Bajo,0.88,-0.58,-101.52,20.87,0.0,0.0,0.0,0.0,0.0,0.0
GUANAJUATO,11,SALAMANCA,11027,273417.0,141139.0,51.62,132278.0,48.38,65040.0,23.79,183866.0,67.25,24390.0,8.92,74930.67,3.65,31.9,0.2,,37.08,3.32,,Muy bajo,,,Muy bajo,0.91,-1.06,-101.2,20.57,0.0,0.0,0.0,0.0,0.0,0.0
GUANAJUATO,11,SALVATIERRA,11028,94126.0,48679.0,51.72,45447.0,48.28,22221.0,23.61,60146.0,63.9,11698.0,12.43,58839.56,1.6,45.25,0.14,,50.97,5.06,,Muy bajo,,,Muy bajo,0.89,-0.73,-100.88,20.22,0.0,0.0,0.0,0.0,0.0,0.0
GUANAJUATO,11,SAN DIEGO DE LA UNION,11029,41054.0,21809.0,53.12,19245.0,46.88,12192.0,29.7,25668.0,62.52,3180.0,7.75,100341.84,0.41,80.65,0.2,,39.65,3.7,,Medio,,,Bajo,0.84,-0.14,-100.87,21.47,0.0,0.0,0.0,0.0,0.0,0.0
GUANAJUATO,11,SAN FELIPE,11030,119793.0,61706.0,51.51,58087.0,48.49,37895.0,31.63,73204.0,61.11,8583.0,7.16,297796.15,0.4,66.64,0.14,,51.91,5.75,,Medio,,,Bajo,0.85,-0.25,-101.22,21.48,0.0,0.0,0.0,0.0,0.0,0.0
GUANAJUATO,11,SAN FRANCISCO DEL RINCON,11031,130871.0,66889.0,51.11,63982.0,48.89,36972.0,28.25,84845.0,64.83,8934.0,6.83,42162.95,3.1,39.05,0.46,,47.3,4.82,,Muy bajo,,,Muy bajo,0.9,-0.75,-101.86,21.02,0.0,0.0,0.0,0.0,0.0,0.0
GUANAJUATO,11,SAN JOSE ITURBIDE,11032,89558.0,46139.0,51.52,43419.0,48.48,26788.0,29.91,57664.0,64.39,5074.0,5.67,54324.19,1.65,69.19,0.45,,24.24,2.15,,Muy bajo,,,Muy bajo,0.9,-0.93,-100.39,21.0,0.0,0.0,0.0,0.0,0.0,0.0
GUANAJUATO,11,SAN LUIS DE LA PAZ,11033,128536.0,67884.0,52.81,60652.0,47.19,39152.0,30.46,81174.0,63.15,8126.0,6.32,201204.6,0.64,52.15,3.33,,51.13,6.53,,Bajo,,,Bajo,0.86,-0.4,-100.52,21.3,0.0,0.0,0.0,0.0,0.0,0.0
GUANAJUATO,11,SANTA CATARINA,11034,5723.0,3030.0,52.94,2693.0,47.06,1690.0,29.53,3482.0,60.84,551.0,9.63,19287.6,0.3,100.0,0.68,,47.18,5.49,,Medio,,,Bajo,0.84,0.0,-100.07,21.14,0.0,0.0,0.0,0.0,0.0,0.0
GUANAJUATO,11,SANTA CRUZ DE JUVENTINO ROSAS,11035,82340.0,43178.0,52.44,39162.0,47.56,23451.0,28.48,52862.0,64.2,6015.0,7.31,42547.71,1.94,38.0,0.13,,60.19,8.43,,Bajo,,,Bajo,0.88,-0.59,-100.99,20.64,0.0,0.0,0.0,0.0,0.0,0.0
GUANAJUATO,11,SANTIAGO MARAVATIO,11036,6714.0,3495.0,52.06,3219.0,47.94,1509.0,22.48,4188.0,62.38,1017.0,15.15,8299.25,0.81,100.0,0.04,,53.94,3.65,,Bajo,,,Muy bajo,0.87,-0.74,-101.0,20.17,0.0,0.0,0.0,0.0,0.0,0.0
GUANAJUATO,11,SILAO DE LA VICTORIA,11037,203556.0,103483.0,50.84,100073.0,49.16,59511.0,29.24,131586.0,64.64,12390.0,6.09,53374.47,3.81,51.36,0.24,,43.28,4.74,,Muy bajo,,,Muy bajo,0.89,-0.78,-101.43,20.94,0.0,0.0,0.0,0.0,0.0,0.0
GUANAJUATO,11,TARANDACUAO,11038,11304.0,5810.0,51.4,5494.0,48.6,2836.0,25.09,6997.0,61.9,1467.0,12.98,11992.38,0.94,50.01,0.12,,50.81,3.98,,Muy bajo,,,Muy bajo,0.89,-0.75,-100.52,20.0,0.0,0.0,0.0,0.0,0.0,0.0
GUANAJUATO,11,TARIMORO,11039,35905.0,18505.0,51.54,17400.0,48.46,8801.0,24.51,22787.0,63.46,4316.0,12.02,33164.42,1.08,65.39,0.16,,49.95,3.78,,Bajo,,,Bajo,0.88,-0.63,-100.76,20.29,0.0,0.0,0.0,0.0,0.0,0.0
GUANAJUATO,11,TIERRA BLANCA,11040,20007.0,10347.0,51.72,9660.0,48.28,6208.0,31.03,12430.0,62.13,1366.0,6.83,40569.55,0.49,100.0,7.58,,54.05,11.84,,Alto,,,Medio,0.82,0.33,-100.16,21.1,0.0,0.0,0.0,0.0,0.0,0.0
GUANAJUATO,11,URIANGATO,11041,61494.0,31862.0,51.81,29632.0,48.19,13743.0,22.35,41704.0,67.82,6047.0,9.83,11547.68,5.33,15.19,0.43,,55.33,6.05,,Muy bajo,,,Muy bajo,0.9,-0.83,-101.18,20.14,0.0,0.0,0.0,0.0,0.0,0.0
GUANAJUATO,11,VALLE DE SANTIAGO,11042,150054.0,77750.0,51.81,72304.0,48.19,38468.0,25.64,97161.0,64.75,14361.0,9.57,81317.79,1.85,51.58,0.12,,47.0,5.45,,Bajo,,,Bajo,0.88,-0.68,-101.18,20.39,0.0,0.0,0.0,0.0,0.0,0.0
GUANAJUATO,11,VICTORIA,11043,21253.0,11318.0,53.25,9935.0,46.75,6487.0,30.52,12823.0,60.34,1942.0,9.14,103747.43,0.2,100.0,0.67,,49.63,6.61,,Medio,,,Bajo,0.83,0.09,-100.22,21.21,0.0,0.0,0.0,0.0,0.0,0.0
GUANAJUATO,11,VILLAGRAN,11044,65791.0,33804.0,51.38,31987.0,48.62,18120.0,27.54,43312.0,65.83,4340.0,6.6,12743.36,5.16,39.07,0.67,,36.96,3.86,,Muy bajo,,,Muy bajo,0.9,-1.0,-101.0,20.51,0.0,0.0,0.0,0.0,0.0,0.0
GUANAJUATO,11,XICHU,11045,11143.0,5873.0,52.71,5270.0,47.29,3471.0,31.15,6415.0,57.57,1257.0,11.28,90269.06,0.12,100.0,0.12,,61.38,7.24,,Alto,,,Medio,0.81,0.45,-100.06,21.3,0.0,0.0,0.0,0.0,0.0,0.0
GUANAJUATO,11,YURIRIA,11046,68741.0,35883.0,52.2,32858.0,47.8,17472.0,25.42,42889.0,62.39,8375.0,12.18,66133.19,1.04,54.5,0.18,,58.56,9.41,,Bajo,,,Bajo,0.87,-0.5,-101.13,20.21,0.0,0.0,0.0,0.0,0.0,0.0
GUERRERO,12,ACAPULCO DE JUAREZ,12001,779566.0,407772.0,52.31,371794.0,47.69,187082.0,24.0,509977.0,65.42,73317.0,9.4,172525.21,4.52,13.13,3.53,,52.14,16.73,,Bajo,,,Bajo,0.88,-0.58,-99.89,16.86,0.0,0.0,0.0,0.0,0.0,0.0
GUERRERO,12,AHUACUOTZINGO,12002,25205.0,13443.0,53.33,11762.0,46.67,9051.0,35.91,13947.0,55.33,2207.0,8.76,87054.4,0.29,100.0,28.92,,93.18,49.59,,Muy alto,,,Alto,0.71,1.66,-98.93,17.71,0.0,0.0,0.0,0.0,0.0,0.0
GUERRERO,12,AJUCHITLAN DEL PROGRESO,12003,37655.0,19277.0,51.19,18378.0,48.81,11985.0,31.83,21816.0,57.94,3831.0,10.17,199159.23,0.19,82.64,0.43,,64.69,26.18,,Muy alto,,,Medio,0.75,0.85,-100.5,18.16,0.0,0.0,0.0,0.0,0.0,0.0
GUERRERO,12,ALCOZAUCA DE GUERRERO,12004,21225.0,11330.0,53.38,9895.0,46.62,8766.0,41.3,10672.0,50.28,1787.0,8.42,47012.11,0.45,100.0,94.56,,94.77,59.6,,Muy alto,,,Muy alto,0.69,2.07,-98.38,17.46,0.0,0.0,0.0,0.0,0.0,0.0
GUERRERO,12,ALPOYECA,12005,7813.0,4111.0,52.62,3702.0,47.38,2511.0,32.14,4564.0,58.42,738.0,9.45,9382.72,0.83,100.0,27.66,,70.53,18.7,,Medio,,,Bajo,0.83,-0.13,-98.51,17.67,0.0,0.0,0.0,0.0,0.0,0.0
GUERRERO,12,APAXTLA,12006,11112.0,5709.0,51.38,5403.0,48.62,3400.0,30.6,6324.0,56.91,1387.0,12.48,62561.88,0.18,34.7,2.08,,78.23,34.29,,Alto,,,Medio,0.82,0.21,-99.93,18.13,0.0,0.0,0.0,0.0,0.0,0.0
GUERRERO,12,ARCELIA,12007,33267.0,17208.0,51.73,16059.0,48.27,9929.0,29.85,19924.0,59.89,3414.0,10.26,75216.72,0.44,32.26,1.72,,63.93,19.7,,Medio,,,Bajo,0.84,-0.19,-100.28,18.32,0.0,0.0,0.0,0.0,0.0,0.0
GUERRERO,12,ATENNANGO DEL RIO,12008,9147.0,4735.0,51.77,4412.0,48.23,2723.0,29.77,5332.0,58.29,1092.0,11.94,55676.89,0.16,100.0,15.64,,73.88,20.92,,Alto,,,Medio,0.77,0.63,-99.11,18.1,0.0,0.0,0.0,0.0,0.0,0.0
GUERRERO,12,ATLAMAJALCINGO DEL MONTE,12009,5811.0,3096.0,53.28,2715.0,46.72,2184.0,37.58,3077.0,52.95,550.0,9.46,14664.01,0.4,100.0,97.87,,95.3,66.49,,Muy alto,,,Muy alto,0.67,3.06,-98.61,17.31,0.0,0.0,0.0,0.0,0.0,0.0
GUERRERO,12,ATLIXTAC,12010,28491.0,14985.0,52.6,13506.0,47.4,11222.0,39.39,15381.0,53.99,1878.0,6.59,57343.84,0.5,100.0,73.05,,96.31,57.13,,Muy alto,,,Muy alto,0.69,2.35,-98.93,17.56,0.0,0.0,0.0,0.0,0.0,0.0
GUERRERO,12,ATOYAC DE ALVAREZ,12011,60680.0,31201.0,51.42,29479.0,48.58,16643.0,27.43,37162.0,61.24,6856.0,11.3,145028.48,0.42,63.3,3.1,,52.87,15.22,,Medio,,,Bajo,0.84,0.03,-100.43,17.21,0.0,0.0,0.0,0.0,0.0,0.0
GUERRERO,12,AYUTLA DE LOS LIBRES,12012,69123.0,35645.0,51.57,33478.0,48.43,24211.0,35.03,40604.0,58.74,4308.0,6.23,105389.5,0.66,73.64,41.63,,75.86,28.4,,Muy alto,,,Alto,0.72,1.6,-99.1,16.97,0.0,0.0,0.0,0.0,0.0,0.0
GUERRERO,12,AZOYU,12013,15099.0,7712.0,51.08,7387.0,48.92,4383.0,29.03,8893.0,58.9,1823.0,12.07,39458.46,0.38,100.0,15.54,,56.53,16.06,,Alto,,,Medio,0.78,0.51,-98.6,16.73,0.0,0.0,0.0,0.0,0.0,0.0
GUERRERO,12,BENITO JUAREZ,12014,15442.0,7874.0,50.99,7568.0,49.01,3469.0,22.46,9698.0,62.8,2275.0,14.73,23028.38,0.67,51.47,1.44,,27.24,4.68,,Bajo,,,Bajo,0.87,-0.44,-100.47,17.14,0.0,0.0,0.0,0.0,0.0,0.0
GUERRERO,12,BUENAVISTA DE CUELLAR,12015,12982.0,6732.0,51.86,6250.0,48.14,3236.0,24.93,8057.0,62.06,1689.0,13.01,30301.31,0.43,44.28,1.66,,52.47,11.17,,Bajo,,,Bajo,0.88,-0.61,-99.41,18.46,0.0,0.0,0.0,0.0,0.0,0.0
GUERRERO,12,COAHUAYUTLA DE JOSE MARIA IZAZAGA,12016,12408.0,6149.0,49.56,6259.0,50.44,3798.0,30.61,7210.0,58.11,1400.0,11.28,263818.97,0.05,100.0,0.03,,66.46,22.54,,Muy alto,,,Muy alto,0.67,1.85,-101.73,18.32,0.0,0.0,0.0,0.0,0.0,0.0
GUERRERO,12,COCULA,12017,15579.0,7948.0,51.02,7631.0,48.98,4561.0,29.28,9176.0,58.9,1842.0,11.82,44471.01,0.35,100.0,0.96,,56.54,17.07,,Medio,,,Bajo,0.83,-0.01,-99.66,18.24,0.0,0.0,0.0,0.0,0.0,0.0
GUERRERO,12,COPALA,12018,14463.0,7479.0,51.71,6984.0,48.29,4271.0,29.53,8660.0,59.88,1529.0,10.57,29724.75,0.49,52.71,6.46,,66.5,21.35,,Alto,,,Medio,0.81,0.18,-98.98,16.61,0.0,0.0,0.0,0.0,0.0,0.0
GUERRERO,12,COPALILLO,12019,15598.0,8122.0,52.07,7476.0,47.93,5403.0,34.64,9048.0,58.01,1147.0,7.35,73127.12,0.21,49.6,85.93,,94.19,57.78,,Muy alto,,,Muy alto,0.63,2.75,-99.04,18.03,0.0,0.0,0.0,0.0,0.0,0.0
GUERRERO,12,COPANATOYAC,12020,21648.0,11618.0,53.67,10030.0,46.33,8394.0,38.77,11692.0,54.01,1562.0,7.22,30669.96,0.71,100.0,97.03,,95.34,61.69,,Muy alto,,,Muy alto,0.66,2.55,-98.71,17.46,0.0,0.0,0.0,0.0,0.0,0.0
GUERRERO,12,COYUCA DE BENITEZ,12021,73056.0,37541.0,51.39,35515.0,48.61,20083.0,27.49,45353.0,62.08,7587.0,10.39,181312.81,0.4,73.04,1.24,,65.54,27.26,,Alto,,,Medio,0.82,0.15,-100.09,17.01,0.0,0.0,0.0,0.0,0.0,0.0
GUERRERO,12,COYUCA DE CATALAN,12022,38554.0,19529.0,50.65,19025.0,49.35,10886.0,28.24,21829.0,56.62,4688.0,12.16,335084.02,0.12,81.13,0.29,,63.61,25.68,,Alto,,,Medio,0.77,0.71,-100.7,18.33,0.0,0.0,0.0,0.0,0.0,0.0
GUERRERO,12,CUAJINICUILAPA,12023,26627.0,13443.0,50.49,13184.0,49.51,8520.0,32.0,15432.0,57.96,2643.0,9.93,63235.52,0.42,57.77,11.3,,62.6,16.36,,Alto,,,Medio,0.81,0.35,-98.42,16.47,0.0,0.0,0.0,0.0,0.0,0.0
GUERRERO,12,CUALAC,12024,7874.0,4098.0,52.04,3776.0,47.96,2709.0,34.4,4433.0,56.3,668.0,8.48,23901.2,0.33,100.0,53.82,,82.2,30.45,,Alto,,,Medio,0.78,0.67,-98.66,17.74,0.0,0.0,0.0,0.0,0.0,0.0
GUERRERO,12,CUAUTEPEC,12025,17024.0,8755.0,51.43,8269.0,48.57,5649.0,33.18,9744.0,57.24,1620.0,9.52,31490.78,0.54,100.0,2.71,,76.21,32.67,,Muy alto,,,Alto,0.74,1.07,-99.0,16.75,0.0,0.0,0.0,0.0,0.0,0.0
GUERRERO,12,CUETZALA DEL PROGRESO,12026,8272.0,4180.0,50.53,4092.0,49.47,2258.0,27.3,4759.0,57.53,1255.0,15.17,37222.62,0.22,100.0,6.89,,79.05,33.2,,Muy alto,,,Alto,0.72,1.24,-99.83,18.13,0.0,0.0,0.0,0.0,0.0,0.0
GUERRERO,12,CUTZAMALA DE PINZON,12027,20537.0,10349.0,50.39,10188.0,49.61,5626.0,27.39,12103.0,58.93,2802.0,13.64,133060.97,0.15,100.0,0.19,,56.35,17.8,,Alto,,,Medio,0.79,0.21,-100.58,18.47,0.0,0.0,0.0,0.0,0.0,0.0
GUERRERO,12,CHILAPA DE ALVAREZ,12028,123722.0,65981.0,53.33,57741.0,46.67,42563.0,34.4,71373.0,57.69,9785.0,7.91,74966.02,1.65,72.69,39.5,,75.24,31.45,,Muy alto,,,Alto,0.74,1.41,-99.18,17.59,0.0,0.0,0.0,0.0,0.0,0.0
GUERRERO,12,CHILPANCINGO DE LOS BRAVO,12029,283354.0,148857.0,52.53,134497.0,47.47,77191.0,27.24,187198.0,66.07,18694.0,6.6,218150.81,1.3,11.38,6.32,,55.51,20.83,,Bajo,,,Bajo,0.88,-0.58,-99.5,17.55,0.0,0.0,0.0,0.0,0.0,0.0
GUERRERO,12,FLORENCIO VILLARREAL,12030,22250.0,11343.0,50.98,10907.0,49.02,7072.0,31.78,13120.0,58.97,2058.0,9.25,25181.44,0.88,39.6,2.93,,54.27,15.53,,Alto,,,Medio,0.81,0.23,-99.12,16.72,0.0,0.0,0.0,0.0,0.0,0.0
GUERRERO,12,GENERAL CANUTO A. NERI,12031,6278.0,3223.0,51.34,3055.0,48.66,1981.0,31.55,3472.0,55.3,825.0,13.14,25924.59,0.24,100.0,0.45,,83.9,30.87,,Muy alto,,,Medio,0.75,0.78,-100.07,18.42,0.0,0.0,0.0,0.0,0.0,0.0
GUERRERO,12,GENERAL HELIODORO CASTILLO,12032,37254.0,19000.0,51.0,18254.0,49.0,14285.0,38.34,20533.0,55.12,2434.0,6.53,172532.88,0.22,77.34,0.66,,94.57,57.74,,Muy alto,,,Alto,0.72,1.68,-99.98,17.79,0.0,0.0,0.0,0.0,0.0,0.0
GUERRERO,12,HUAMUXTITLAN,12033,17488.0,9196.0,52.58,8292.0,47.42,5378.0,30.75,10426.0,59.62,1684.0,9.63,27462.17,0.64,55.5,24.38,,73.91,28.84,,Medio,,,Bajo,0.84,-0.23,-98.57,17.8,0.0,0.0,0.0,0.0,0.0,0.0
GUERRERO,12,HUITZUCO DE LOS FIGUEROA,12034,36593.0,19084.0,52.15,17509.0,47.85,9901.0,27.06,21762.0,59.47,4772.0,13.04,132433.68,0.28,52.04,9.6,,64.21,21.22,,Alto,,,Medio,0.8,0.38,-99.33,18.31,0.0,0.0,0.0,0.0,0.0,0.0
GUERRERO,12,IGUALA DE LA INDEPENDENCIA,12035,154173.0,80237.0,52.04,73936.0,47.96,40150.0,26.04,99958.0,64.83,13869.0,9.0,56903.23,2.71,13.83,3.92,,54.47,21.15,,Bajo,,,Bajo,0.87,-0.48,-99.54,18.34,0.0,0.0,0.0,0.0,0.0,0.0
GUERRERO,12,IGUALAPA,12036,11739.0,6140.0,52.3,5599.0,47.7,3842.0,32.73,6981.0,59.47,916.0,7.8,19566.88,0.6,100.0,35.29,,76.06,33.8,,Muy alto,,,Medio,0.76,0.95,-98.48,16.74,0.0,0.0,0.0,0.0,0.0,0.0
GUERRERO,12,IXCATEOPAN DE CUAUHTEMOC,12037,6138.0,3140.0,51.16,2998.0,48.84,1585.0,25.82,3721.0,60.62,832.0,13.55,21142.51,0.29,100.0,3.62,,73.61,23.03,,Alto,,,Medio,0.82,0.21,-99.79,18.5,0.0,0.0,0.0,0.0,0.0,0.0
GUERRERO,12,ZIHUATANEJO DE AZUETA,12038,126001.0,64564.0,51.24,61437.0,48.76,32724.0,25.97,82805.0,65.72,8620.0,6.84,146456.56,0.86,20.27,3.94,,45.86,11.21,,Muy bajo,,,Bajo,0.89,-0.67,-101.55,17.65,0.0,0.0,0.0,0.0,0.0,0.0
GUERRERO,12,JUAN R. ESCUDERO,12039,26093.0,13332.0,51.09,12761.0,48.91,7310.0,28.02,16060.0,61.55,2723.0,10.44,40934.76,0.64,53.01,2.87,,74.38,31.51,,Medio,,,Bajo,0.84,-0.07,-99.52,17.17,0.0,0.0,0.0,0.0,0.0,0.0
GUERRERO,12,LEONARDO BRAVO,12040,26357.0,13560.0,51.45,12797.0,48.55,8920.0,33.84,15253.0,57.87,2184.0,8.29,72036.37,0.37,52.64,1.06,,87.94,35.99,,Alto,,,Medio,0.8,0.56,-99.68,17.66,0.0,0.0,0.0,0.0,0.0,0.0
GUERRERO,12,MALINALTEPEC,12041,29625.0,15738.0,53.12,13887.0,46.88,11183.0,37.75,16204.0,54.7,2235.0,7.54,47354.05,0.63,100.0,96.86,,88.5,50.02,,Muy alto,,,Muy alto,0.71,2.08,-98.67,17.24,0.0,0.0,0.0,0.0,0.0,0.0
GUERRERO,12,MARTIR DE CUILAPAN,12042,18613.0,9926.0,53.33,8687.0,46.67,6517.0,35.01,10543.0,56.64,1551.0,8.33,61461.9,0.3,100.0,47.64,,85.55,40.01,,Muy alto,,,Alto,0.76,1.14,-99.33,17.74,0.0,0.0,0.0,0.0,0.0,0.0
GUERRERO,12,METLATONOC,12043,18859.0,10084.0,53.47,8775.0,46.53,8164.0,43.29,9396.0,49.82,1290.0,6.84,60242.02,0.31,100.0,98.54,,97.72,67.76,,Muy alto,,,Muy alto,0.66,2.91,-98.41,17.2,0.0,0.0,0.0,0.0,0.0,0.0
GUERRERO,12,MOCHITLAN,12044,12402.0,6378.0,51.43,6024.0,48.57,3497.0,28.2,7603.0,61.3,1302.0,10.5,51288.83,0.24,51.2,2.33,,69.06,25.54,,Medio,,,Medio,0.83,0.2,-99.37,17.47,0.0,0.0,0.0,0.0,0.0,0.0
GUERRERO,12,OLINALA,12045,28446.0,14937.0,52.51,13509.0,47.49,9867.0,34.69,16201.0,56.95,2373.0,8.34,70593.96,0.4,75.49,53.84,,88.68,45.95,,Muy alto,,,Muy alto,0.69,1.81,-98.74,17.78,0.0,0.0,0.0,0.0,0.0,0.0
GUERRERO,12,OMETEPEC,12046,68207.0,35166.0,51.56,33041.0,48.44,21254.0,31.16,42221.0,61.9,4715.0,6.91,59969.14,1.14,44.01,40.24,,68.19,31.12,,Alto,,,Medio,0.79,0.65,-98.4,16.69,0.0,0.0,0.0,0.0,0.0,0.0
GUERRERO,12,PEDRO ASCENCIO ALQUISIRAS,12047,7076.0,3724.0,52.63,3352.0,47.37,2347.0,33.17,4000.0,56.53,729.0,10.3,29322.43,0.24,100.0,0.49,,89.58,37.48,,Muy alto,,,Muy alto,0.67,2.12,-99.89,18.51,0.0,0.0,0.0,0.0,0.0,0.0
GUERRERO,12,PETATLAN,12048,44583.0,22691.0,50.9,21892.0,49.1,12817.0,28.75,27388.0,61.43,4355.0,9.77,196629.56,0.23,31.91,1.24,,54.97,19.01,,Medio,,,Bajo,0.85,-0.21,-101.27,17.54,0.0,0.0,0.0,0.0,0.0,0.0
GUERRERO,12,PILCAYA,12049,12753.0,6510.0,51.05,6243.0,48.95,3725.0,29.21,7759.0,60.84,1268.0,9.94,16164.94,0.79,51.51,0.45,,62.14,14.98,,Medio,,,Bajo,0.85,-0.11,-99.68,18.75,0.0,0.0,0.0,0.0,0.0,0.0
GUERRERO,12,PUNGARABATO,12050,38482.0,19693.0,51.17,18789.0,48.83,10790.0,28.04,24428.0,63.48,3262.0,8.48,12596.86,3.05,32.83,0.81,,52.67,15.39,,Bajo,,,Bajo,0.87,-0.59,-100.67,18.36,0.0,0.0,0.0,0.0,0.0,0.0
GUERRERO,12,QUECHULTENNANGO,12051,36143.0,18795.0,52.0,17348.0,48.0,12129.0,33.56,20722.0,57.33,3292.0,9.11,84607.74,0.43,80.04,22.06,,94.17,56.38,,Alto,,,Medio,0.77,0.92,-99.24,17.41,0.0,0.0,0.0,0.0,0.0,0.0
GUERRERO,12,SAN LUIS ACATLAN,12052,46270.0,23627.0,51.06,22643.0,48.94,16205.0,35.02,26865.0,58.06,3199.0,6.91,110026.95,0.42,79.29,65.97,,86.03,47.8,,Muy alto,,,Muy alto,0.67,2.23,-98.73,16.81,0.0,0.0,0.0,0.0,0.0,0.0
GUERRERO,12,SAN MARCOS,12053,50124.0,25550.0,50.97,24574.0,49.03,14955.0,29.84,30028.0,59.91,5134.0,10.24,115726.89,0.43,72.77,2.14,,60.48,20.51,,Alto,,,Medio,0.78,0.62,-99.39,16.8,0.0,0.0,0.0,0.0,0.0,0.0
GUERRERO,12,SAN MIGUEL TOTOLAPAN,12054,24139.0,12272.0,50.84,11867.0,49.16,8526.0,35.32,13284.0,55.03,2329.0,9.65,236813.0,0.1,100.0,0.64,,84.29,41.73,,Muy alto,,,Muy alto,0.68,1.89,-100.39,18.16,0.0,0.0,0.0,0.0,0.0,0.0
GUERRERO,12,TAXCO DE ALARCON,12055,105586.0,55221.0,52.3,50365.0,47.7,26575.0,25.17,68583.0,64.95,10420.0,9.87,64850.63,1.63,45.81,4.95,,74.98,26.79,,Medio,,,Bajo,0.85,-0.23,-99.6,18.56,0.0,0.0,0.0,0.0,0.0,0.0
GUERRERO,12,TECOANAPA,12056,46063.0,23475.0,50.96,22588.0,49.04,14378.0,31.21,27531.0,59.77,4151.0,9.01,69889.46,0.66,100.0,2.96,,82.68,39.1,,Alto,,,Medio,0.76,0.8,-99.26,16.99,0.0,0.0,0.0,0.0,0.0,0.0
GUERRERO,12,TECPAN DE GALEANA,12057,65237.0,32836.0,50.33,32401.0,49.67,17244.0,26.43,40567.0,62.18,7416.0,11.37,284606.69,0.23,46.28,1.3,,37.81,7.0,,Medio,,,Bajo,0.84,-0.01,-100.63,17.22,0.0,0.0,0.0,0.0,0.0,0.0
GUERRERO,12,TELOLOAPAN,12058,53817.0,28132.0,52.27,25685.0,47.73,16320.0,30.32,31305.0,58.17,6188.0,11.5,100652.17,0.53,53.27,2.61,,63.92,17.32,,Alto,,,Medio,0.81,0.21,-99.87,18.37,0.0,0.0,0.0,0.0,0.0,0.0
GUERRERO,12,TEPECOACUILCO DE TRUJANO,12059,30806.0,15966.0,51.83,14840.0,48.17,8467.0,27.48,18367.0,59.62,3971.0,12.89,85115.67,0.36,77.65,22.72,,75.07,30.87,,Alto,,,Medio,0.79,0.52,-99.47,18.29,0.0,0.0,0.0,0.0,0.0,0.0
GUERRERO,12,TETIPAC,12060,13552.0,6954.0,51.31,6598.0,48.69,4035.0,29.77,8153.0,60.16,1364.0,10.06,21698.87,0.62,100.0,0.32,,79.27,30.95,,Alto,,,Medio,0.81,0.35,-99.65,18.65,0.0,0.0,0.0,0.0,0.0,0.0
GUERRERO,12,TIXTLA DE GUERRERO,12061,43171.0,22564.0,52.27,20607.0,47.73,12017.0,27.84,27179.0,62.96,3932.0,9.11,38849.62,1.11,27.63,26.78,,57.86,22.53,,Alto,,,Medio,0.82,0.41,-99.4,17.57,0.0,0.0,0.0,0.0,0.0,0.0
GUERRERO,12,TLACOACHISTLAHUACA,12062,22781.0,12170.0,53.42,10611.0,46.58,8647.0,37.96,12478.0,54.77,1656.0,7.27,80447.99,0.28,77.91,86.38,,83.11,43.18,,Muy alto,,,Muy alto,0.67,2.29,-98.3,16.81,0.0,0.0,0.0,0.0,0.0,0.0
GUERRERO,12,TLACOAPA,12063,10092.0,5359.0,53.1,4733.0,46.9,3524.0,34.92,5770.0,57.17,798.0,7.91,28024.8,0.36,100.0,92.13,,92.04,49.83,,Muy alto,,,Muy alto,0.68,2.86,-98.75,17.26,0.0,0.0,0.0,0.0,0.0,0.0
GUERRERO,12,TLALCHAPA,12064,11681.0,5861.0,50.18,5820.0,49.82,3240.0,27.74,6696.0,57.32,1745.0,14.94,47058.56,0.25,100.0,0.14,,46.59,11.08,,Alto,,,Bajo,0.82,-0.18,-100.48,18.41,0.0,0.0,0.0,0.0,0.0,0.0
GUERRERO,12,TLALIXTAQUILLA DE MALDONADO,12065,7602.0,3902.0,51.33,3700.0,48.67,2454.0,32.28,4287.0,56.39,825.0,10.85,11742.06,0.65,100.0,29.48,,77.86,27.13,,Muy alto,,,Medio,0.76,0.76,-98.37,17.57,0.0,0.0,0.0,0.0,0.0,0.0
GUERRERO,12,TLAPA DE COMONFORT,12066,96125.0,51104.0,53.16,45021.0,46.84,33018.0,34.35,57427.0,59.74,5622.0,5.85,60889.62,1.58,38.02,73.36,,71.77,31.36,,Alto,,,Medio,0.81,0.5,-98.58,17.55,0.0,0.0,0.0,0.0,0.0,0.0
GUERRERO,12,TLAPEHUALA,12067,22209.0,11334.0,51.03,10875.0,48.97,6494.0,29.24,13293.0,59.85,2415.0,10.87,28394.92,0.78,63.8,0.03,,68.55,27.13,,Alto,,,Bajo,0.82,-0.03,-100.54,18.24,0.0,0.0,0.0,0.0,0.0,0.0
GUERRERO,12,LA UNION DE ISIDORO MONTES DE OCA,12068,26349.0,12988.0,49.29,13361.0,50.71,7284.0,27.64,16119.0,61.17,2946.0,11.18,175353.9,0.15,100.0,0.46,,43.5,10.22,,Alto,,,Bajo,0.81,0.0,-101.81,17.98,0.0,0.0,0.0,0.0,0.0,0.0
GUERRERO,12,XALPATLAHUAC,12069,11966.0,6545.0,54.7,5421.0,45.3,4478.0,37.42,6275.0,52.44,1213.0,10.14,22668.9,0.53,100.0,95.19,,93.21,50.0,,Muy alto,,,Muy alto,0.67,2.06,-98.61,17.47,0.0,0.0,0.0,0.0,0.0,0.0
GUERRERO,12,XOCHIHUEHUETLAN,12070,7862.0,4122.0,52.43,3740.0,47.57,2184.0,27.78,4632.0,58.92,1046.0,13.3,26124.66,0.3,31.05,4.68,,74.65,19.32,,Alto,,,Medio,0.81,0.24,-98.49,17.91,0.0,0.0,0.0,0.0,0.0,0.0
GUERRERO,12,XOCHISTLAHUACA,12071,29891.0,15631.0,52.29,14260.0,47.71,9494.0,31.76,18157.0,60.74,2145.0,7.18,45430.38,0.66,100.0,93.78,,87.48,41.33,,Muy alto,,,Muy alto,0.7,2.34,-98.24,16.79,0.0,0.0,0.0,0.0,0.0,0.0
GUERRERO,12,ZAPOTITLAN TABLAS,12072,12004.0,6175.0,51.44,5829.0,48.56,4445.0,37.03,6806.0,56.7,750.0,6.25,22850.21,0.53,100.0,96.67,,91.37,52.1,,Muy alto,,,Muy alto,0.71,2.48,-98.78,17.42,0.0,0.0,0.0,0.0,0.0,0.0
GUERRERO,12,ZIRANDARO,12073,18031.0,8952.0,49.65,9079.0,50.35,5054.0,28.03,9895.0,54.88,2083.0,11.55,213881.95,0.08,100.0,0.16,,71.5,24.82,,Alto,,,Medio,0.77,0.8,-100.98,18.48,0.0,0.0,0.0,0.0,0.0,0.0
GUERRERO,12,ZITLALA,12074,21977.0,11926.0,54.27,10051.0,45.73,7524.0,34.24,12239.0,55.69,2160.0,9.83,30440.4,0.72,72.35,63.23,,89.24,38.55,,Muy alto,,,Alto,0.74,1.72,-99.19,17.69,0.0,0.0,0.0,0.0,0.0,0.0
GUERRERO,12,EDUARDO NERI,12075,53126.0,27401.0,51.58,25725.0,48.42,16241.0,30.57,32799.0,61.74,4083.0,7.69,124796.0,0.43,36.76,17.9,,65.59,24.78,,Medio,,,Bajo,0.83,0.1,-99.53,17.65,0.0,0.0,0.0,0.0,0.0,0.0
GUERRERO,12,ACATEPEC,12076,40197.0,20657.0,51.39,19540.0,48.61,16399.0,40.8,21998.0,54.73,1800.0,4.48,63152.04,0.64,100.0,97.76,,96.03,61.54,,Muy alto,,,Muy alto,0.66,3.2,-98.91,17.33,0.0,0.0,0.0,0.0,0.0,0.0
GUERRERO,12,MARQUELIA,12077,14280.0,7253.0,50.79,7027.0,49.21,4301.0,30.12,8644.0,60.53,1335.0,9.35,20933.5,0.68,51.98,8.85,,59.71,18.59,,Alto,,,Medio,0.82,0.28,-98.82,16.58,0.0,0.0,0.0,0.0,0.0,0.0
GUERRERO,12,COCHOAPA EL GRANDE,12078,21241.0,11312.0,53.26,9929.0,46.74,9842.0,46.33,9832.0,46.29,1567.0,7.38,62150.31,0.34,100.0,99.5,,99.44,84.23,,Muy alto,,,Muy alto,0.5,5.0,-98.46,17.19,0.0,0.0,0.0,0.0,0.0,0.0
GUERRERO,12,JOSE JOAQUIN DE HERRERA,12079,18381.0,9590.0,52.17,8791.0,47.83,7169.0,39.0,10231.0,55.66,981.0,5.34,13200.45,1.39,100.0,97.74,,94.97,59.4,,Muy alto,,,Muy alto,0.63,2.99,-99.02,17.45,0.0,0.0,0.0,0.0,0.0,0.0
GUERRERO,12,JUCHITAN,12080,7559.0,3741.0,49.49,3818.0,50.51,2254.0,29.82,4358.0,57.65,947.0,12.53,25200.93,0.3,100.0,9.09,,65.73,20.59,,Muy alto,,,Medio,0.76,0.76,-98.64,16.63,0.0,0.0,0.0,0.0,0.0,0.0
GUERRERO,12,ILIATENCO,12081,11679.0,6113.0,52.34,5566.0,47.66,4048.0,34.66,6746.0,57.76,885.0,7.58,24066.48,0.49,100.0,96.38,,80.24,38.67,,Muy alto,,,Muy alto,0.73,1.82,-98.69,17.05,0.0,0.0,0.0,0.0,0.0,0.0
HIDALGO,13,ACATLAN,13001,22268.0,11563.0,51.93,10705.0,48.07,6502.0,29.2,13919.0,62.51,1847.0,8.29,23978.12,0.93,100.0,0.91,,39.29,4.9,,Medio,,,Bajo,0.84,-0.3,-98.44,20.15,0.0,0.0,0.0,0.0,0.0,0.0
HIDALGO,13,ACAXOCHITLAN,13002,46065.0,24348.0,52.86,21717.0,47.14,15410.0,33.45,27668.0,60.06,2981.0,6.47,23708.8,1.94,88.9,49.0,,80.09,28.51,,Alto,,,Medio,0.79,0.71,-98.2,20.16,0.0,0.0,0.0,0.0,0.0,0.0
HIDALGO,13,ACTOPAN,13003,61002.0,31925.0,52.33,29077.0,47.67,15550.0,25.49,40158.0,65.83,5292.0,8.68,26969.48,2.26,47.09,8.49,,48.02,3.66,,Muy bajo,,,Muy bajo,0.9,-0.87,-98.94,20.27,0.0,0.0,0.0,0.0,0.0,0.0
HIDALGO,13,AGUA BLANCA DE ITURBIDE,13004,10313.0,5400.0,52.36,4913.0,47.64,2927.0,28.38,6453.0,62.57,933.0,9.05,11907.74,0.87,100.0,1.62,,60.0,8.3,,Medio,,,Bajo,0.84,0.03,-98.36,20.35,0.0,0.0,0.0,0.0,0.0,0.0
HIDALGO,13,AJACUBA,13005,18872.0,9764.0,51.74,9108.0,48.26,4561.0,24.17,12425.0,65.84,1886.0,9.99,23722.95,0.8,56.26,0.88,,48.07,4.52,,Muy bajo,,,Bajo,0.89,-0.67,-99.12,20.09,0.0,0.0,0.0,0.0,0.0,0.0
HIDALGO,13,ALFAJAYUCAN,13006,19162.0,9964.0,52.0,9198.0,48.0,5016.0,26.18,11864.0,61.91,2281.0,11.9,43008.49,0.45,100.0,37.51,,48.56,7.78,,Medio,,,Bajo,0.85,-0.31,-99.35,20.41,0.0,0.0,0.0,0.0,0.0,0.0
HIDALGO,13,ALMOLOYA,13007,12546.0,6476.0,51.62,6070.0,48.38,3366.0,26.83,8052.0,64.18,1128.0,8.99,27053.37,0.46,55.22,0.44,,50.24,3.84,,Bajo,,,Bajo,0.88,-0.55,-98.4,19.7,0.0,0.0,0.0,0.0,0.0,0.0
HIDALGO,13,APAN,13008,46681.0,24393.0,52.25,22288.0,47.75,11525.0,24.69,30831.0,66.05,4323.0,9.26,32012.44,1.46,38.32,0.69,,41.36,3.63,,Muy bajo,,,Muy bajo,0.9,-0.93,-98.45,19.71,0.0,0.0,0.0,0.0,0.0,0.0
HIDALGO,13,EL ARENAL,13009,19836.0,10261.0,51.73,9575.0,48.27,5241.0,26.42,12955.0,65.31,1639.0,8.26,13655.62,1.45,100.0,3.57,,48.89,4.89,,Bajo,,,Bajo,0.87,-0.62,-98.91,20.22,0.0,0.0,0.0,0.0,0.0,0.0
HIDALGO,13,ATITALAQUIA,13010,31525.0,16044.0,50.89,15481.0,49.11,7463.0,23.67,21550.0,68.36,2512.0,7.97,6199.8,5.08,39.71,1.11,,28.96,1.36,,Muy bajo,,,Muy bajo,0.93,-1.05,-99.22,20.06,0.0,0.0,0.0,0.0,0.0,0.0
HIDALGO,13,ATLAPEXCO,13011,19812.0,10301.0,51.99,9511.0,48.01,5235.0,26.42,11938.0,60.26,2630.0,13.27,14136.94,1.4,100.0,85.14,,65.16,18.67,,Medio,,,Medio,0.83,0.4,-98.35,21.02,0.0,0.0,0.0,0.0,0.0,0.0
HIDALGO,13,ATOTONILCO EL GRANDE,13012,30135.0,15874.0,52.68,14261.0,47.32,8037.0,26.67,19176.0,63.63,2921.0,9.69,45491.96,0.66,72.07,1.19,,52.42,7.0,,Bajo,,,Bajo,0.86,-0.34,-98.67,20.29,0.0,0.0,0.0,0.0,0.0,0.0
HIDALGO,13,ATOTONILCO DE TULA,13013,62470.0,32056.0,51.31,30414.0,48.69,17287.0,27.67,42090.0,67.38,3048.0,4.88,12145.62,5.14,47.67,3.49,,32.86,2.85,,Muy bajo,,,Muy bajo,0.92,-1.16,-99.22,20.01,0.0,0.0,0.0,0.0,0.0,0.0
HIDALGO,13,CALNALI,13014,16150.0,8406.0,52.05,7744.0,47.95,4186.0,25.92,9515.0,58.92,2449.0,15.16,20915.55,0.77,100.0,41.98,,66.15,13.18,,Medio,,,Medio,0.83,0.19,-98.58,20.9,0.0,0.0,0.0,0.0,0.0,0.0
HIDALGO,13,CARDONAL,13015,19431.0,10123.0,52.1,9308.0,47.9,5129.0,26.4,12314.0,63.37,1988.0,10.23,58871.47,0.33,100.0,80.02,,56.5,9.26,,Bajo,,,Bajo,0.86,-0.25,-99.12,20.61,0.0,0.0,0.0,0.0,0.0,0.0
HIDALGO,13,CUAUTEPEC DE HINOJOSA,13016,60421.0,31555.0,52.23,28866.0,47.77,16814.0,27.83,38652.0,63.97,4932.0,8.16,38861.91,1.55,66.02,1.14,,67.32,9.04,,Bajo,,,Bajo,0.86,-0.44,-98.31,20.04,0.0,0.0,0.0,0.0,0.0,0.0
HIDALGO,13,CHAPANTONGO,13017,12967.0,6690.0,51.59,6277.0,48.41,3328.0,25.67,8049.0,62.07,1590.0,12.26,27619.92,0.47,100.0,1.11,,49.26,8.38,,Medio,,,Bajo,0.84,0.01,-99.41,20.29,0.0,0.0,0.0,0.0,0.0,0.0
HIDALGO,13,CHAPULHUACAN,13018,22903.0,11641.0,50.83,11262.0,49.17,6831.0,29.83,13690.0,59.77,2382.0,10.4,22951.91,1.0,100.0,11.85,,51.37,7.13,,Medio,,,Bajo,0.83,-0.02,-98.9,21.16,0.0,0.0,0.0,0.0,0.0,0.0
HIDALGO,13,CHILCUAUTLA,13019,18909.0,9719.0,51.4,9190.0,48.6,4988.0,26.38,12146.0,64.23,1775.0,9.39,22109.17,0.86,100.0,63.28,,48.85,6.2,,Bajo,,,Bajo,0.86,-0.31,-99.23,20.33,0.0,0.0,0.0,0.0,0.0,0.0
HIDALGO,13,ELOXOCHITLAN,13020,2593.0,1354.0,52.22,1239.0,47.78,578.0,22.29,1520.0,58.62,495.0,19.09,23749.72,0.11,100.0,1.74,,52.98,4.05,,Medio,,,Bajo,0.85,-0.31,-98.81,20.75,0.0,0.0,0.0,0.0,0.0,0.0
HIDALGO,13,EMILIANO ZAPATA,13021,15175.0,7837.0,51.64,7338.0,48.36,3752.0,24.72,9947.0,65.55,1475.0,9.72,12222.82,1.24,36.84,0.84,,37.81,2.61,,Muy bajo,,,Muy bajo,0.91,-1.0,-98.55,19.66,0.0,0.0,0.0,0.0,0.0,0.0
HIDALGO,13,EPAZOYUCAN,13022,16285.0,8406.0,51.62,7879.0,48.38,3869.0,23.76,10917.0,67.04,1494.0,9.17,14131.53,1.15,100.0,1.73,,36.82,3.25,,Bajo,,,Muy bajo,0.88,-0.76,-98.64,20.02,0.0,0.0,0.0,0.0,0.0,0.0
HIDALGO,13,FRANCISCO I. MADERO,13023,36248.0,18952.0,52.28,17296.0,47.72,8654.0,23.87,24168.0,66.67,3423.0,9.44,9728.97,3.73,52.05,5.03,,48.21,4.23,,Muy bajo,,,Muy bajo,0.91,-0.88,-99.09,20.25,0.0,0.0,0.0,0.0,0.0,0.0
HIDALGO,13,HUASCA DE OCAMPO,13024,17607.0,9288.0,52.75,8319.0,47.25,5119.0,29.07,10860.0,61.68,1628.0,9.25,30054.94,0.59,100.0,1.45,,51.13,9.23,,Bajo,,,Bajo,0.86,-0.43,-98.58,20.2,0.0,0.0,0.0,0.0,0.0,0.0
HIDALGO,13,HUAUTLA,13025,20673.0,10812.0,52.3,9861.0,47.7,5248.0,25.39,11720.0,56.69,3705.0,17.92,28968.3,0.71,100.0,90.97,,64.23,16.16,,Alto,,,Medio,0.79,0.78,-98.29,21.03,0.0,0.0,0.0,0.0,0.0,0.0
HIDALGO,13,HUAZALINGO,13026,12766.0,6571.0,51.47,6195.0,48.53,3786.0,29.66,7588.0,59.44,1392.0,10.9,10649.64,1.2,100.0,91.88,,86.15,32.2,,Alto,,,Medio,0.82,0.52,-98.51,20.98,0.0,0.0,0.0,0.0,0.0,0.0
HIDALGO,13,HUEHUETLA,13027,22846.0,11830.0,51.78,11016.0,48.22,6528.0,28.57,13661.0,59.8,2657.0,11.63,21217.96,1.08,100.0,67.34,,75.76,25.48,,Alto,,,Alto,0.76,1.25,-98.08,20.46,0.0,0.0,0.0,0.0,0.0,0.0
HIDALGO,13,HUEJUTLA DE REYES,13028,126781.0,65460.0,51.63,61321.0,48.37,37625.0,29.68,77907.0,61.45,11247.0,8.87,39045.1,3.25,65.05,72.97,,65.35,18.85,,Medio,,,Bajo,0.84,0.06,-98.42,21.14,0.0,0.0,0.0,0.0,0.0,0.0
HIDALGO,13,HUICHAPAN,13029,47425.0,24645.0,51.97,22780.0,48.03,12082.0,25.48,30672.0,64.67,4654.0,9.81,65553.47,0.72,79.22,3.65,,42.44,3.61,,Bajo,,,Bajo,0.88,-0.68,-99.65,20.38,0.0,0.0,0.0,0.0,0.0,0.0
HIDALGO,13,IXMIQUILPAN,13030,98654.0,52214.0,52.93,46440.0,47.07,26528.0,26.89,64587.0,65.47,7530.0,7.63,48262.51,2.04,61.88,61.04,,50.24,6.25,,Bajo,,,Bajo,0.89,-0.67,-99.22,20.48,0.0,0.0,0.0,0.0,0.0,0.0
HIDALGO,13,JACALA DE LEDEZMA,13031,12290.0,6430.0,52.32,5860.0,47.68,3026.0,24.62,7647.0,62.22,1617.0,13.16,43706.7,0.28,100.0,1.54,,43.68,3.84,,Medio,,,Bajo,0.85,-0.32,-99.19,21.01,0.0,0.0,0.0,0.0,0.0,0.0
HIDALGO,13,JALTOCAN,13032,10523.0,5385.0,51.17,5138.0,48.83,2856.0,27.14,6412.0,60.93,1250.0,11.88,3803.38,2.77,43.75,89.56,,75.21,19.89,,Medio,,,Medio,0.83,0.31,-98.54,21.13,0.0,0.0,0.0,0.0,0.0,0.0
HIDALGO,13,JUAREZ HIDALGO,13033,2895.0,1525.0,52.68,1370.0,47.32,701.0,24.21,1718.0,59.34,476.0,16.44,10982.97,0.26,100.0,3.18,,55.64,4.35,,Medio,,,Bajo,0.85,-0.17,-98.83,20.78,0.0,0.0,0.0,0.0,0.0,0.0
HIDALGO,13,LOLOTLA,13034,9474.0,4897.0,51.69,4577.0,48.31,2741.0,28.93,5537.0,58.44,1196.0,12.62,17563.62,0.54,100.0,34.25,,77.17,20.42,,Alto,,,Medio,0.82,0.15,-98.72,20.84,0.0,0.0,0.0,0.0,0.0,0.0
HIDALGO,13,METEPEC,13035,13078.0,6893.0,52.71,6185.0,47.29,3843.0,29.39,8251.0,63.09,984.0,7.52,14522.13,0.9,100.0,2.9,,42.82,4.29,,Bajo,,,Bajo,0.86,-0.53,-98.32,20.24,0.0,0.0,0.0,0.0,0.0,0.0
HIDALGO,13,SAN AGUSTIN METZQUITITLAN,13036,9449.0,4867.0,51.51,4582.0,48.49,2140.0,22.65,6086.0,64.41,1223.0,12.94,24372.19,0.39,100.0,1.02,,53.05,8.25,,Bajo,,,Bajo,0.86,-0.55,-98.64,20.53,0.0,0.0,0.0,0.0,0.0,0.0
HIDALGO,13,METZTITLAN,13037,20962.0,10888.0,51.94,10074.0,48.06,5074.0,24.21,13180.0,62.88,2708.0,12.92,79036.05,0.27,100.0,16.19,,51.89,7.75,,Medio,,,Bajo,0.83,-0.02,-98.76,20.59,0.0,0.0,0.0,0.0,0.0,0.0
HIDALGO,13,MINERAL DEL CHICO,13038,8878.0,4577.0,51.55,4301.0,48.45,2416.0,27.21,5665.0,63.81,794.0,8.94,19068.54,0.47,100.0,1.88,,42.84,5.59,,Medio,,,Bajo,0.84,-0.12,-98.73,20.22,0.0,0.0,0.0,0.0,0.0,0.0
HIDALGO,13,MINERAL DEL MONTE,13039,14324.0,7507.0,52.41,6817.0,47.59,3288.0,22.95,9752.0,68.08,1279.0,8.93,5303.1,2.7,22.17,0.63,,49.63,7.09,,Muy bajo,,,Muy bajo,0.9,-0.95,-98.67,20.14,0.0,0.0,0.0,0.0,0.0,0.0
HIDALGO,13,LA MISION,13040,9819.0,5062.0,51.55,4757.0,48.45,2599.0,26.47,5874.0,59.82,1346.0,13.71,23068.22,0.43,100.0,1.43,,61.95,9.37,,Alto,,,Medio,0.78,0.55,-99.12,21.1,0.0,0.0,0.0,0.0,0.0,0.0
HIDALGO,13,MIXQUIAHUALA DE JUAREZ,13041,47222.0,24597.0,52.09,22625.0,47.91,11520.0,24.4,31742.0,67.22,3942.0,8.35,13483.52,3.5,41.31,3.38,,39.75,2.56,,Muy bajo,,,Muy bajo,0.91,-0.87,-99.21,20.23,0.0,0.0,0.0,0.0,0.0,0.0
HIDALGO,13,MOLANGO DE ESCAMILLA,13042,11578.0,5893.0,50.9,5685.0,49.1,3059.0,26.42,6985.0,60.33,1534.0,13.25,19653.65,0.59,100.0,2.68,,59.72,7.37,,Bajo,,,Bajo,0.86,-0.27,-98.73,20.79,0.0,0.0,0.0,0.0,0.0,0.0
HIDALGO,13,NICOLAS FLORES,13043,6265.0,3229.0,51.54,3036.0,48.46,1751.0,27.95,3710.0,59.22,804.0,12.83,24755.76,0.25,100.0,82.38,,67.64,9.93,,Medio,,,Medio,0.84,0.18,-99.15,20.77,0.0,0.0,0.0,0.0,0.0,0.0
HIDALGO,13,NOPALA DE VILLAGRAN,13044,16948.0,8711.0,51.4,8237.0,48.6,4068.0,24.0,10618.0,62.65,2260.0,13.33,33872.16,0.5,100.0,0.73,,43.09,4.86,,Medio,,,Bajo,0.85,-0.24,-99.64,20.25,0.0,0.0,0.0,0.0,0.0,0.0
HIDALGO,13,OMITLAN DE JUAREZ,13045,9295.0,4873.0,52.43,4422.0,47.57,2481.0,26.69,6008.0,64.64,806.0,8.67,7913.82,1.17,100.0,0.83,,44.75,6.19,,Bajo,,,Bajo,0.87,-0.6,-98.65,20.17,0.0,0.0,0.0,0.0,0.0,0.0
HIDALGO,13,SAN FELIPE ORIZATLAN,13046,38492.0,19764.0,51.35,18728.0,48.65,11269.0,29.28,22882.0,59.45,4341.0,11.28,32097.24,1.2,81.72,75.29,,68.92,17.11,,Medio,,,Medio,0.83,0.2,-98.61,21.17,0.0,0.0,0.0,0.0,0.0,0.0
HIDALGO,13,PACULA,13047,4748.0,2518.0,53.03,2230.0,46.97,1236.0,26.03,2808.0,59.14,704.0,14.83,38195.6,0.12,100.0,5.2,,53.88,6.71,,Alto,,,Medio,0.79,0.29,-99.3,21.05,0.0,0.0,0.0,0.0,0.0,0.0
HIDALGO,13,PACHUCA DE SOTO,13048,314331.0,164772.0,52.42,149559.0,47.58,64957.0,20.67,218928.0,69.65,28212.0,8.98,15296.64,20.55,5.24,7.99,,28.22,2.31,,Muy bajo,,,Muy bajo,0.94,-1.26,-98.74,20.12,0.0,0.0,0.0,0.0,0.0,0.0
HIDALGO,13,PISAFLORES,13049,18723.0,9614.0,51.35,9109.0,48.65,6653.0,35.53,10257.0,54.78,1813.0,9.68,18633.25,1.0,100.0,2.8,,61.69,14.68,,Alto,,,Medio,0.82,0.17,-99.01,21.19,0.0,0.0,0.0,0.0,0.0,0.0
HIDALGO,13,PROGRESO DE OBREGON,13050,23641.0,12476.0,52.77,11165.0,47.23,5631.0,23.82,15802.0,66.84,2205.0,9.33,9027.22,2.62,25.05,4.52,,38.97,2.7,,Muy bajo,,,Muy bajo,0.91,-0.94,-99.19,20.25,0.0,0.0,0.0,0.0,0.0,0.0
HIDALGO,13,MINERAL DE LA REFORMA,13051,202749.0,106490.0,52.52,96259.0,47.48,46226.0,22.8,145508.0,71.77,10578.0,5.22,11166.59,18.16,50.81,5.4,,18.73,1.21,,Muy bajo,,,Muy bajo,0.94,-1.36,-98.7,20.07,0.0,0.0,0.0,0.0,0.0,0.0
HIDALGO,13,SAN AGUSTIN TLAXIACA,13052,38891.0,19941.0,51.27,18950.0,48.73,9500.0,24.43,26148.0,67.23,3235.0,8.32,29518.74,1.32,68.3,2.16,,43.41,5.35,,Muy bajo,,,Muy bajo,0.89,-0.73,-98.89,20.12,0.0,0.0,0.0,0.0,0.0,0.0
HIDALGO,13,SAN BARTOLO TUTOTEPEC,13053,17699.0,8962.0,50.64,8737.0,49.36,4882.0,27.58,10756.0,60.77,2061.0,11.64,35650.75,0.5,100.0,51.61,,65.13,15.39,,Muy alto,,,Alto,0.76,1.44,-98.2,20.4,0.0,0.0,0.0,0.0,0.0,0.0
HIDALGO,13,SAN SALVADOR,13054,36796.0,18927.0,51.44,17869.0,48.56,9289.0,25.24,24031.0,65.31,3476.0,9.45,20412.33,1.8,100.0,38.72,,42.88,3.63,,Bajo,,,Muy bajo,0.88,-0.72,-99.02,20.28,0.0,0.0,0.0,0.0,0.0,0.0
HIDALGO,13,SANTIAGO DE ANAYA,13055,18329.0,9383.0,51.19,8946.0,48.81,4799.0,26.18,11835.0,64.57,1695.0,9.25,25419.02,0.72,100.0,77.24,,49.0,5.79,,Bajo,,,Bajo,0.87,-0.5,-98.96,20.38,0.0,0.0,0.0,0.0,0.0,0.0
HIDALGO,13,SANTIAGO TULANTEPEC DE LUGO GUERRERO,13056,39561.0,20915.0,52.87,18646.0,47.13,10098.0,25.53,26576.0,67.18,2860.0,7.23,6382.84,6.2,42.99,2.66,,39.15,2.99,,Muy bajo,,,Muy bajo,0.9,-0.93,-98.36,20.04,0.0,0.0,0.0,0.0,0.0,0.0
HIDALGO,13,SINGUILUCAN,13057,15142.0,7763.0,51.27,7379.0,48.73,4112.0,27.16,9624.0,63.56,1406.0,9.29,41722.56,0.36,100.0,0.72,,48.89,5.28,,Bajo,,,Bajo,0.86,-0.46,-98.52,19.97,0.0,0.0,0.0,0.0,0.0,0.0
HIDALGO,13,TASQUILLO,13058,17441.0,9295.0,53.29,8146.0,46.71,4306.0,24.69,11217.0,64.31,1913.0,10.97,23804.9,0.73,100.0,60.53,,51.63,7.45,,Bajo,,,Bajo,0.86,-0.44,-99.31,20.55,0.0,0.0,0.0,0.0,0.0,0.0
HIDALGO,13,TECOZAUTLA,13059,38010.0,19873.0,52.28,18137.0,47.72,10209.0,26.86,24375.0,64.13,3420.0,9.0,52073.82,0.73,82.37,17.25,,44.22,4.69,,Medio,,,Bajo,0.85,-0.29,-99.63,20.53,0.0,0.0,0.0,0.0,0.0,0.0
HIDALGO,13,TENNANGO DE DORIA,13060,17503.0,9108.0,52.04,8395.0,47.96,5133.0,29.33,10600.0,60.56,1770.0,10.11,17525.21,1.0,100.0,40.15,,63.54,8.96,,Medio,,,Medio,0.83,0.2,-98.23,20.34,0.0,0.0,0.0,0.0,0.0,0.0
HIDALGO,13,TEPEAPULCO,13061,56245.0,29305.0,52.1,26940.0,47.9,12392.0,22.03,38015.0,67.59,5820.0,10.35,24127.53,2.33,14.47,1.33,,31.55,2.45,,Muy bajo,,,Muy bajo,0.93,-1.19,-98.55,19.79,0.0,0.0,0.0,0.0,0.0,0.0
HIDALGO,13,TEPEHUACAN DE GUERRERO,13062,31235.0,15667.0,50.16,15568.0,49.84,10790.0,34.54,17872.0,57.22,2573.0,8.24,34420.98,0.91,100.0,55.95,,81.58,27.12,,Alto,,,Alto,0.77,1.07,-98.84,21.01,0.0,0.0,0.0,0.0,0.0,0.0
HIDALGO,13,TEPEJI DEL RIO DE OCAMPO,13063,90546.0,46484.0,51.34,44062.0,48.66,23195.0,25.62,60838.0,67.19,6478.0,7.15,35098.2,2.58,46.97,6.09,,32.27,3.42,,Muy bajo,,,Muy bajo,0.9,-0.8,-99.34,19.91,0.0,0.0,0.0,0.0,0.0,0.0
HIDALGO,13,TEPETITLAN,13064,10830.0,5575.0,51.48,5255.0,48.52,2572.0,23.75,7000.0,64.64,1258.0,11.62,14673.79,0.74,100.0,4.09,,42.04,4.04,,Bajo,,,Bajo,0.87,-0.44,-99.38,20.19,0.0,0.0,0.0,0.0,0.0,0.0
HIDALGO,13,TETEPANGO,13065,11768.0,6028.0,51.22,5740.0,48.78,2901.0,24.65,7930.0,67.39,932.0,7.92,4460.33,2.64,22.29,0.75,,53.89,4.77,,Muy bajo,,,Muy bajo,0.91,-0.83,-99.16,20.1,0.0,0.0,0.0,0.0,0.0,0.0
HIDALGO,13,VILLA DE TEZONTEPEC,13066,13032.0,6706.0,51.46,6326.0,48.54,3335.0,25.59,8755.0,67.18,942.0,7.23,9009.85,1.45,52.33,1.1,,52.61,5.56,,Muy bajo,,,Muy bajo,0.9,-1.04,-98.82,19.88,0.0,0.0,0.0,0.0,0.0,0.0
HIDALGO,13,TEZONTEPEC DE ALDAMA,13067,55134.0,28045.0,50.87,27089.0,49.13,14575.0,26.44,36480.0,66.17,4077.0,7.39,16212.09,3.4,55.53,1.28,,55.11,5.27,,Muy bajo,,,Bajo,0.89,-0.63,-99.27,20.19,0.0,0.0,0.0,0.0,0.0,0.0
HIDALGO,13,TIANGUISTENGO,13068,14340.0,7322.0,51.06,7018.0,48.94,4185.0,29.18,8417.0,58.7,1738.0,12.12,26339.97,0.54,100.0,44.42,,79.22,26.79,,Alto,,,Medio,0.79,0.83,-98.63,20.73,0.0,0.0,0.0,0.0,0.0,0.0
HIDALGO,13,TIZAYUCA,13069,168302.0,86255.0,51.25,82047.0,48.75,46159.0,27.43,113995.0,67.73,8081.0,4.8,7628.62,22.06,7.29,4.41,,35.89,3.47,,Muy bajo,,,Muy bajo,0.93,-1.25,-98.98,19.84,0.0,0.0,0.0,0.0,0.0,0.0
HIDALGO,13,TLAHUELILPAN,13070,19067.0,9763.0,51.2,9304.0,48.8,4816.0,25.26,12806.0,67.16,1439.0,7.55,3129.36,6.09,54.6,1.87,,50.15,3.65,,Muy bajo,,,Muy bajo,0.9,-0.85,-99.23,20.13,0.0,0.0,0.0,0.0,0.0,0.0
HIDALGO,13,TLAHUILTEPA,13071,9086.0,4675.0,51.45,4411.0,48.55,2312.0,25.45,5381.0,59.22,1393.0,15.33,52696.05,0.17,100.0,1.3,,71.17,8.39,,Alto,,,Medio,0.8,0.41,-98.95,20.92,0.0,0.0,0.0,0.0,0.0,0.0
HIDALGO,13,TLANALAPA,13072,11113.0,5747.0,51.71,5366.0,48.29,2483.0,22.34,7513.0,67.61,1117.0,10.05,8236.57,1.35,27.45,0.42,,35.31,3.22,,Muy bajo,,,Muy bajo,0.92,-1.12,-98.6,19.82,0.0,0.0,0.0,0.0,0.0,0.0
HIDALGO,13,TLANCHINOL,13073,37722.0,19245.0,51.02,18477.0,48.98,11867.0,31.46,22451.0,59.52,3402.0,9.02,38858.97,0.97,83.78,65.07,,85.78,33.76,,Medio,,,Medio,0.83,0.37,-98.66,20.99,0.0,0.0,0.0,0.0,0.0,0.0
HIDALGO,13,TLAXCOAPAN,13074,28626.0,14720.0,51.42,13906.0,48.58,6912.0,24.15,19499.0,68.12,2210.0,7.72,3869.26,7.4,20.77,0.95,,54.46,5.18,,Muy bajo,,,Muy bajo,0.91,-0.86,-99.22,20.09,0.0,0.0,0.0,0.0,0.0,0.0
HIDALGO,13,TOLCAYUCA,13075,21362.0,11058.0,51.76,10304.0,48.24,5529.0,25.88,14327.0,67.07,1504.0,7.04,12789.02,1.67,58.03,2.47,,41.11,3.53,,Muy bajo,,,Muy bajo,0.91,-1.09,-98.92,19.96,0.0,0.0,0.0,0.0,0.0,0.0
HIDALGO,13,TULA DE ALLENDE,13076,115107.0,59519.0,51.71,55588.0,48.29,26838.0,23.32,78212.0,67.95,9974.0,8.66,33367.35,3.45,40.4,1.35,,27.76,1.61,,Muy bajo,,,Muy bajo,0.91,-1.01,-99.34,20.06,0.0,0.0,0.0,0.0,0.0,0.0
HIDALGO,13,TULANCINGO DE BRAVO,13077,168369.0,88602.0,52.62,79767.0,47.38,42768.0,25.4,112647.0,66.9,12867.0,7.64,21581.04,7.8,19.86,6.55,,44.52,4.39,,Muy bajo,,,Muy bajo,0.91,-0.94,-98.37,20.08,0.0,0.0,0.0,0.0,0.0,0.0
HIDALGO,13,XOCHIATIPAN,13078,18260.0,9417.0,51.57,8843.0,48.43,5632.0,30.84,10590.0,58.0,2038.0,11.16,13423.04,1.36,100.0,98.47,,88.27,36.7,,Muy alto,,,Alto,0.76,1.49,-98.28,20.84,0.0,0.0,0.0,0.0,0.0,0.0
HIDALGO,13,XOCHICOATLAN,13079,7015.0,3561.0,50.76,3454.0,49.24,1617.0,23.05,4279.0,61.0,1119.0,15.95,17532.03,0.4,100.0,3.25,,55.6,9.67,,Bajo,,,Bajo,0.86,-0.11,-98.68,20.78,0.0,0.0,0.0,0.0,0.0,0.0
HIDALGO,13,YAHUALICA,13080,24674.0,12614.0,51.12,12060.0,48.88,7373.0,29.88,14611.0,59.22,2686.0,10.89,15299.49,1.61,100.0,92.26,,79.54,26.66,,Alto,,,Alto,0.77,1.19,-98.38,20.95,0.0,0.0,0.0,0.0,0.0,0.0
HIDALGO,13,ZACUALTIPAN DE ANGELES,13081,38155.0,20018.0,52.46,18137.0,47.54,10354.0,27.14,25037.0,65.62,2763.0,7.24,27040.99,1.41,22.76,10.53,,59.43,8.98,,Bajo,,,Bajo,0.89,-0.6,-98.65,20.65,0.0,0.0,0.0,0.0,0.0,0.0
HIDALGO,13,ZAPOTLAN DE JUAREZ,13082,21443.0,11101.0,51.77,10342.0,48.23,5221.0,24.35,14391.0,67.11,1830.0,8.53,10452.13,2.05,24.48,3.14,,49.6,5.0,,Muy bajo,,,Muy bajo,0.91,-0.97,-98.86,19.97,0.0,0.0,0.0,0.0,0.0,0.0
HIDALGO,13,ZEMPOALA,13083,57906.0,30000.0,51.81,27906.0,48.19,13943.0,24.08,39589.0,68.37,4366.0,7.54,31764.24,1.82,57.18,2.19,,34.3,3.61,,Muy bajo,,,Muy bajo,0.92,-1.18,-98.67,19.92,0.0,0.0,0.0,0.0,0.0,0.0
HIDALGO,13,ZIMAPAN,13084,39927.0,21028.0,52.67,18899.0,47.33,10621.0,26.6,25312.0,63.4,3994.0,10.0,86504.9,0.46,63.1,20.77,,40.52,3.71,,Bajo,,,Bajo,0.88,-0.55,-99.38,20.74,0.0,0.0,0.0,0.0,0.0,0.0
JALISCO,14,ACATIC,14001,23175.0,11792.0,50.88,11383.0,49.12,6733.0,29.05,14458.0,62.39,1984.0,8.56,33628.9,0.69,43.76,0.17,,30.67,2.22,,Muy bajo,,,Muy bajo,0.89,-0.79,-102.91,20.78,0.0,0.0,0.0,0.0,0.0,0.0
JALISCO,14,ACATLAN DE JUAREZ,14002,25250.0,12006.0,47.55,13244.0,52.45,7487.0,29.65,15866.0,62.84,1893.0,7.5,15275.69,1.65,25.1,0.28,,28.34,2.1,,Muy bajo,,,Muy bajo,0.92,-1.12,-103.59,20.42,0.0,0.0,0.0,0.0,0.0,0.0
JALISCO,14,AHUALULCO DE MERCADO,14003,23630.0,11846.0,50.13,11784.0,49.87,6004.0,25.41,15234.0,64.47,2368.0,10.02,27166.78,0.87,28.06,0.28,,32.85,1.98,,Muy bajo,,,Muy bajo,0.93,-1.19,-103.98,20.7,0.0,0.0,0.0,0.0,0.0,0.0
JALISCO,14,AMACUECA,14004,5743.0,2967.0,51.66,2776.0,48.34,1611.0,28.05,3488.0,60.73,644.0,11.21,12393.1,0.46,100.0,0.59,,46.04,5.01,,Bajo,,,Muy bajo,0.88,-0.84,-103.6,20.01,0.0,0.0,0.0,0.0,0.0,0.0
JALISCO,14,AMATITAN,14005,16490.0,8306.0,50.37,8184.0,49.63,4745.0,28.78,10546.0,63.95,1198.0,7.27,17107.22,0.96,26.14,0.91,,36.65,2.66,,Muy bajo,,,Muy bajo,0.91,-1.15,-103.73,20.84,0.0,0.0,0.0,0.0,0.0,0.0
JALISCO,14,AMECA,14006,60386.0,30822.0,51.04,29564.0,48.96,14856.0,24.6,38559.0,63.85,6970.0,11.54,83225.6,0.73,37.29,0.53,,35.38,3.91,,Muy bajo,,,Muy bajo,0.91,-1.09,-104.04,20.55,0.0,0.0,0.0,0.0,0.0,0.0
JALISCO,14,SAN JUANITO DE ESCOBEDO,14007,9433.0,4713.0,49.96,4720.0,50.04,2578.0,27.33,5775.0,61.22,1080.0,11.45,19302.91,0.49,40.69,0.24,,40.73,2.87,,Muy bajo,,,Muy bajo,0.91,-1.03,-104.0,20.8,0.0,0.0,0.0,0.0,0.0,0.0
JALISCO,14,ARANDAS,14008,80609.0,41117.0,51.01,39492.0,48.99,21867.0,27.13,52889.0,65.61,5853.0,7.26,94171.73,0.86,26.0,0.5,,33.96,2.95,,Muy bajo,,,Muy bajo,0.91,-0.91,-102.34,20.71,0.0,0.0,0.0,0.0,0.0,0.0
JALISCO,14,EL ARENAL,14009,21115.0,10770.0,51.01,10345.0,48.99,6154.0,29.15,13473.0,63.81,1485.0,7.03,11080.41,1.91,41.09,1.06,,30.92,1.92,,Muy bajo,,,Muy bajo,0.92,-1.14,-103.69,20.78,0.0,0.0,0.0,0.0,0.0,0.0
JALISCO,14,ATEMAJAC DE BRIZUELA,14010,7758.0,3911.0,50.41,3847.0,49.59,2529.0,32.6,4630.0,59.68,599.0,7.72,35315.3,0.22,17.07,0.18,,73.21,18.94,,Bajo,,,Bajo,0.88,-0.4,-103.72,20.14,0.0,0.0,0.0,0.0,0.0,0.0
JALISCO,14,ATENGO,14011,5599.0,2766.0,49.4,2833.0,50.6,1524.0,27.22,3300.0,58.94,775.0,13.84,43714.36,0.13,100.0,0.05,,49.16,12.03,,Bajo,,,Bajo,0.86,-0.56,-104.23,20.28,0.0,0.0,0.0,0.0,0.0,0.0
JALISCO,14,ATENGUILLO,14012,4176.0,2121.0,50.79,2055.0,49.21,973.0,23.3,2578.0,61.73,625.0,14.97,60544.0,0.07,100.0,0.31,,17.43,0.86,,Muy bajo,,,Muy bajo,0.9,-0.9,-104.49,20.41,0.0,0.0,0.0,0.0,0.0,0.0
JALISCO,14,ATOTONILCO EL ALTO,14013,64009.0,32438.0,50.68,31571.0,49.32,17840.0,27.87,40743.0,63.65,5425.0,8.48,50670.82,1.26,36.41,0.31,,34.38,2.98,,Muy bajo,,,Muy bajo,0.91,-0.89,-102.5,20.55,0.0,0.0,0.0,0.0,0.0,0.0
JALISCO,14,ATOYAC,14014,8689.0,4475.0,51.5,4214.0,48.5,2195.0,25.26,5366.0,61.76,1128.0,12.98,44831.89,0.19,37.98,0.53,,44.28,4.94,,Bajo,,,Bajo,0.88,-0.56,-103.52,20.01,0.0,0.0,0.0,0.0,0.0,0.0
JALISCO,14,AUTLAN DE NAVARRO,14015,64931.0,33045.0,50.89,31886.0,49.11,16486.0,25.39,42227.0,65.03,6188.0,9.53,70051.41,0.93,19.89,1.93,,31.45,3.03,,Muy bajo,,,Muy bajo,0.92,-1.02,-104.37,19.77,0.0,0.0,0.0,0.0,0.0,0.0
JALISCO,14,AYOTLAN,14016,41552.0,21188.0,50.99,20364.0,49.01,12547.0,30.2,25429.0,61.2,3572.0,8.6,42738.39,0.97,45.33,0.15,,52.21,7.21,,Bajo,,,Bajo,0.89,-0.71,-102.33,20.53,0.0,0.0,0.0,0.0,0.0,0.0
JALISCO,14,AYUTLA,14017,12880.0,6466.0,50.2,6414.0,49.8,3523.0,27.35,7703.0,59.81,1654.0,12.84,87698.81,0.15,42.01,0.13,,44.15,5.78,,Muy bajo,,,Muy bajo,0.9,-0.89,-104.35,20.13,0.0,0.0,0.0,0.0,0.0,0.0
JALISCO,14,LA BARCA,14018,67937.0,35086.0,51.64,32851.0,48.36,18713.0,27.54,42583.0,62.68,6640.0,9.77,41491.31,1.64,42.92,0.23,,41.22,4.44,,Muy bajo,,,Muy bajo,0.9,-0.91,-102.54,20.29,0.0,0.0,0.0,0.0,0.0,0.0
JALISCO,14,BOLANOS,14019,7043.0,3541.0,50.28,3502.0,49.72,2805.0,39.83,3845.0,54.59,393.0,5.58,85778.8,0.08,100.0,59.39,,54.75,29.31,,Muy alto,,,Muy alto,0.64,2.41,-103.78,21.83,0.0,0.0,0.0,0.0,0.0,0.0
JALISCO,14,CABO CORRIENTES,14020,10940.0,5296.0,48.41,5644.0,51.59,3111.0,28.44,6595.0,60.28,1234.0,11.28,153015.92,0.07,100.0,0.44,,44.6,7.38,,Bajo,,,Bajo,0.86,-0.36,-105.32,20.32,0.0,0.0,0.0,0.0,0.0,0.0
JALISCO,14,CASIMIRO CASTILLO,14021,20548.0,10354.0,50.39,10194.0,49.61,5522.0,26.87,12742.0,62.01,2281.0,11.1,51945.07,0.4,43.82,0.37,,40.25,3.97,,Muy bajo,,,Muy bajo,0.9,-0.74,-104.43,19.6,0.0,0.0,0.0,0.0,0.0,0.0
JALISCO,14,CIHUATLAN,14022,40139.0,20160.0,50.23,19979.0,49.77,11392.0,28.38,25396.0,63.27,3351.0,8.35,49494.86,0.81,35.86,2.46,,45.96,4.69,,Muy bajo,,,Muy bajo,0.9,-0.76,-104.56,19.24,0.0,0.0,0.0,0.0,0.0,0.0
JALISCO,14,ZAPOTLAN EL GRANDE,14023,115141.0,58953.0,51.2,56188.0,48.8,26691.0,23.18,78440.0,68.13,9989.0,8.68,27171.77,4.24,2.75,0.89,,26.4,2.31,,Muy bajo,,,Muy bajo,0.94,-1.19,-103.46,19.71,0.0,0.0,0.0,0.0,0.0,0.0
JALISCO,14,COCULA,14024,29267.0,14872.0,50.81,14395.0,49.19,7630.0,26.07,18167.0,62.07,3470.0,11.86,32863.08,0.89,43.45,0.31,,38.38,2.74,,Muy bajo,,,Muy bajo,0.91,-0.99,-103.82,20.37,0.0,0.0,0.0,0.0,0.0,0.0
JALISCO,14,COLOTLAN,14025,19689.0,10207.0,51.84,9482.0,48.16,4971.0,25.25,12730.0,64.66,1988.0,10.1,64147.14,0.31,23.16,3.59,,37.75,2.51,,Muy bajo,,,Muy bajo,0.91,-1.12,-103.26,22.12,0.0,0.0,0.0,0.0,0.0,0.0
JALISCO,14,CONCEPCION DE BUENOS AIRES,14026,6334.0,3136.0,49.51,3198.0,50.49,1618.0,25.54,3980.0,62.84,732.0,11.56,26375.49,0.24,19.28,0.41,,45.34,3.12,,Muy bajo,,,Muy bajo,0.91,-0.74,-103.26,19.98,0.0,0.0,0.0,0.0,0.0,0.0
JALISCO,14,CUAUTITLAN DE GARCIA BARRAGAN,14027,18370.0,9023.0,49.12,9347.0,50.88,5456.0,29.7,11065.0,60.23,1848.0,10.06,138301.27,0.13,100.0,2.53,,57.5,18.87,,Alto,,,Medio,0.78,0.7,-104.36,19.45,0.0,0.0,0.0,0.0,0.0,0.0
JALISCO,14,CUAUTLA,14028,2166.0,1109.0,51.2,1057.0,48.8,526.0,24.28,1293.0,59.7,347.0,16.02,41398.33,0.05,100.0,0.18,,33.97,2.16,,Bajo,,,Bajo,0.88,-0.55,-104.41,20.2,0.0,0.0,0.0,0.0,0.0,0.0
JALISCO,14,CUQUIO,14029,17820.0,9165.0,51.43,8655.0,48.57,4785.0,26.85,11003.0,61.75,2032.0,11.4,63730.02,0.28,71.88,0.03,,43.39,4.52,,Bajo,,,Bajo,0.88,-0.62,-103.02,20.93,0.0,0.0,0.0,0.0,0.0,0.0
JALISCO,14,CHAPALA,14030,55196.0,28381.0,51.42,26815.0,48.58,13428.0,24.33,33253.0,60.25,8496.0,15.39,62520.49,0.88,10.48,0.47,,38.52,4.47,,Muy bajo,,,Muy bajo,0.92,-1.16,-103.19,20.29,0.0,0.0,0.0,0.0,0.0,0.0
JALISCO,14,CHIMALTITAN,14031,3270.0,1646.0,50.34,1624.0,49.66,1122.0,34.31,1748.0,53.46,400.0,12.23,64860.65,0.05,100.0,3.73,,65.81,23.8,,Alto,,,Medio,0.78,0.75,-103.78,21.78,0.0,0.0,0.0,0.0,0.0,0.0
JALISCO,14,CHIQUILISTLAN,14032,5983.0,3008.0,50.28,2975.0,49.72,1916.0,32.02,3490.0,58.33,577.0,9.64,29521.52,0.2,100.0,0.13,,68.41,16.4,,Bajo,,,Bajo,0.86,-0.48,-103.86,20.09,0.0,0.0,0.0,0.0,0.0,0.0
JALISCO,14,DEGOLLADO,14033,21226.0,10963.0,51.65,10263.0,48.35,6084.0,28.66,12945.0,60.99,2197.0,10.35,42331.01,0.5,45.29,0.42,,42.65,7.2,,Muy bajo,,,Muy bajo,0.89,-0.81,-102.14,20.45,0.0,0.0,0.0,0.0,0.0,0.0
JALISCO,14,EJUTLA,14034,1981.0,974.0,49.17,1007.0,50.83,443.0,22.36,1158.0,58.46,380.0,19.18,29557.84,0.07,100.0,0.0,,24.23,1.79,,Muy bajo,,,Muy bajo,0.89,-0.72,-104.16,19.91,0.0,0.0,0.0,0.0,0.0,0.0
JALISCO,14,ENCARNACION DE DIAZ,14035,53039.0,27472.0,51.8,25567.0,48.2,14969.0,28.22,33370.0,62.92,4700.0,8.86,124126.28,0.43,47.52,0.12,,37.27,2.06,,Muy bajo,,,Muy bajo,0.9,-0.91,-102.23,21.52,0.0,0.0,0.0,0.0,0.0,0.0
JALISCO,14,ETZATLAN,14036,20011.0,10227.0,51.11,9784.0,48.89,5453.0,27.25,12526.0,62.6,2032.0,10.15,33488.49,0.6,26.56,0.06,,37.93,2.45,,Muy bajo,,,Muy bajo,0.92,-1.15,-104.08,20.77,0.0,0.0,0.0,0.0,0.0,0.0
JALISCO,14,EL GRULLO,14037,25920.0,13294.0,51.29,12626.0,48.71,6820.0,26.31,16409.0,63.31,2682.0,10.35,17612.61,1.47,12.28,2.09,,39.1,4.38,,Muy bajo,,,Muy bajo,0.92,-1.07,-104.22,19.81,0.0,0.0,0.0,0.0,0.0,0.0
JALISCO,14,GUACHINANGO,14038,4199.0,2045.0,48.7,2154.0,51.3,1043.0,24.84,2500.0,59.54,636.0,15.15,83068.01,0.05,100.0,0.17,,44.3,7.03,,Bajo,,,Bajo,0.87,-0.71,-104.38,20.58,0.0,0.0,0.0,0.0,0.0,0.0
JALISCO,14,GUADALAJARA,14039,1385629.0,718632.0,51.86,666997.0,48.14,272081.0,19.64,940751.0,67.89,168417.0,12.15,14991.08,92.43,0.0,0.55,,24.82,1.53,,Muy bajo,,,Muy bajo,0.95,-1.34,-103.34,20.68,0.0,0.0,0.0,0.0,0.0,0.0
JALISCO,14,HOSTOTIPAQUILLO,14040,8732.0,4364.0,49.98,4368.0,50.02,2520.0,28.86,5291.0,60.59,921.0,10.55,74955.08,0.12,100.0,0.68,,63.67,8.26,,Bajo,,,Bajo,0.86,-0.63,-104.05,21.06,0.0,0.0,0.0,0.0,0.0,0.0
JALISCO,14,HUEJUCAR,14041,5920.0,3013.0,50.9,2907.0,49.1,1418.0,23.95,3526.0,59.56,976.0,16.49,30602.03,0.19,100.0,0.32,,42.78,4.19,,Bajo,,,Muy bajo,0.88,-0.98,-103.21,22.36,0.0,0.0,0.0,0.0,0.0,0.0
JALISCO,14,HUEJUQUILLA EL ALTO,14042,10015.0,5177.0,51.69,4838.0,48.31,3120.0,31.15,5656.0,56.48,1239.0,12.37,76139.86,0.13,40.6,10.19,,50.96,8.69,,Medio,,,Bajo,0.85,-0.29,-103.89,22.63,0.0,0.0,0.0,0.0,0.0,0.0
JALISCO,14,LA HUERTA,14043,23258.0,11632.0,50.01,11626.0,49.99,6490.0,27.9,14220.0,61.14,2548.0,10.96,199823.73,0.12,65.8,1.37,,33.11,3.79,,Muy bajo,,,Bajo,0.89,-0.7,-104.64,19.49,0.0,0.0,0.0,0.0,0.0,0.0
JALISCO,14,IXTLAHUACAN DE LOS MEMBRILLOS,14044,67969.0,34547.0,50.83,33422.0,49.17,20689.0,30.44,43982.0,64.71,3295.0,4.85,19964.99,3.4,39.11,1.02,,35.8,3.49,,Muy bajo,,,Muy bajo,0.91,-0.97,-103.19,20.35,0.0,0.0,0.0,0.0,0.0,0.0
JALISCO,14,IXTLAHUACAN DEL RIO,14045,20465.0,10489.0,51.25,9976.0,48.75,5844.0,28.56,12421.0,60.69,2200.0,10.75,82452.53,0.25,66.37,0.17,,40.19,6.3,,Bajo,,,Muy bajo,0.88,-0.8,-103.24,20.86,0.0,0.0,0.0,0.0,0.0,0.0
JALISCO,14,JALOSTOTITLAN,14046,32678.0,16666.0,51.0,16012.0,49.0,9244.0,28.29,20494.0,62.71,2940.0,9.0,51609.87,0.63,23.83,0.14,,39.93,3.18,,Muy bajo,,,Muy bajo,0.91,-1.0,-102.46,21.17,0.0,0.0,0.0,0.0,0.0,0.0
JALISCO,14,JAMAY,14047,24894.0,12430.0,49.93,12464.0,50.07,6959.0,27.95,15734.0,63.2,2157.0,8.66,16151.14,1.54,25.26,0.78,,46.18,4.73,,Muy bajo,,,Muy bajo,0.9,-0.92,-102.71,20.29,0.0,0.0,0.0,0.0,0.0,0.0
JALISCO,14,JESUS MARIA,14048,18982.0,10108.0,53.25,8874.0,46.75,5310.0,27.97,11642.0,61.33,2030.0,10.69,65962.32,0.29,50.29,0.4,,39.19,5.07,,Bajo,,,Bajo,0.88,-0.62,-102.22,20.61,0.0,0.0,0.0,0.0,0.0,0.0
JALISCO,14,JILOTLAN DE LOS DOLORES,14049,9425.0,4372.0,46.39,5053.0,53.61,2613.0,27.72,5927.0,62.89,885.0,9.39,146801.52,0.06,100.0,0.72,,53.26,10.24,,Medio,,,Bajo,0.84,-0.21,-103.02,19.37,0.0,0.0,0.0,0.0,0.0,0.0
JALISCO,14,JOCOTEPEC,14050,47105.0,23876.0,50.69,23229.0,49.31,13827.0,29.35,29069.0,61.71,4189.0,8.89,32181.49,1.46,38.99,0.87,,43.98,5.73,,Muy bajo,,,Muy bajo,0.9,-0.81,-103.43,20.28,0.0,0.0,0.0,0.0,0.0,0.0
JALISCO,14,JUANACATLAN,14051,30855.0,15596.0,50.55,15259.0,49.45,9832.0,31.87,19492.0,63.17,1526.0,4.95,13696.82,2.25,14.89,0.3,,31.87,2.96,,Muy bajo,,,Muy bajo,0.93,-1.11,-103.17,20.51,0.0,0.0,0.0,0.0,0.0,0.0
JALISCO,14,JUCHITLAN,14052,5534.0,2865.0,51.77,2669.0,48.23,1569.0,28.35,3186.0,57.57,779.0,14.08,24410.53,0.23,100.0,0.47,,44.8,4.8,,Bajo,,,Muy bajo,0.88,-0.88,-104.1,20.08,0.0,0.0,0.0,0.0,0.0,0.0
JALISCO,14,LAGOS DE MORENO,14053,172403.0,88426.0,51.29,83977.0,48.71,48900.0,28.36,111416.0,64.63,12049.0,6.99,249029.31,0.69,35.29,0.17,,37.21,4.38,,Muy bajo,,,Muy bajo,0.9,-0.97,-101.93,21.36,0.0,0.0,0.0,0.0,0.0,0.0
JALISCO,14,EL LIMON,14054,5368.0,2698.0,50.26,2670.0,49.74,1145.0,21.33,3232.0,60.21,991.0,18.46,11345.79,0.47,100.0,0.09,,23.6,0.91,,Muy bajo,,,Muy bajo,0.9,-0.95,-104.15,19.82,0.0,0.0,0.0,0.0,0.0,0.0
JALISCO,14,MAGDALENA,14055,21781.0,11192.0,51.38,10589.0,48.62,6441.0,29.57,13341.0,61.25,1999.0,9.18,29060.74,0.75,22.53,0.28,,40.38,2.46,,Muy bajo,,,Muy bajo,0.91,-1.05,-103.98,20.91,0.0,0.0,0.0,0.0,0.0,0.0
JALISCO,14,SANTA MARIA DEL ORO,14056,1815.0,901.0,49.64,914.0,50.36,405.0,22.31,1145.0,63.09,265.0,14.6,77173.0,0.02,100.0,0.0,,55.32,12.07,,Alto,,,Medio,0.79,0.6,-102.91,19.59,0.0,0.0,0.0,0.0,0.0,0.0
JALISCO,14,LA MANZANILLA DE LA PAZ,14057,4099.0,2097.0,51.16,2002.0,48.84,996.0,24.3,2575.0,62.82,528.0,12.88,13303.15,0.31,100.0,0.32,,35.43,3.25,,Muy bajo,,,Muy bajo,0.9,-0.94,-103.15,20.0,0.0,0.0,0.0,0.0,0.0,0.0
JALISCO,14,MASCOTA,14058,14451.0,7412.0,51.29,7039.0,48.71,3608.0,24.97,8903.0,61.61,1936.0,13.4,182793.75,0.08,35.84,0.5,,38.26,2.89,,Muy bajo,,,Muy bajo,0.91,-1.04,-104.78,20.53,0.0,0.0,0.0,0.0,0.0,0.0
JALISCO,14,MAZAMITLA,14059,14043.0,7283.0,51.86,6760.0,48.14,3945.0,28.09,8823.0,62.83,1272.0,9.06,28694.59,0.49,42.02,0.56,,45.56,5.18,,Muy bajo,,,Muy bajo,0.91,-0.92,-103.02,19.92,0.0,0.0,0.0,0.0,0.0,0.0
JALISCO,14,MEXTICACAN,14060,5307.0,2860.0,53.89,2447.0,46.11,1396.0,26.3,3107.0,58.55,804.0,15.15,28433.0,0.19,100.0,0.0,,58.26,2.92,,Bajo,,,Bajo,0.88,-0.69,-102.78,21.26,0.0,0.0,0.0,0.0,0.0,0.0
JALISCO,14,MEZQUITIC,14061,22083.0,11468.0,51.93,10615.0,48.07,9454.0,42.81,11332.0,51.32,1296.0,5.87,332882.17,0.07,100.0,75.97,,80.09,53.15,,Muy alto,,,Muy alto,0.49,4.61,-103.73,22.39,0.0,0.0,0.0,0.0,0.0,0.0
JALISCO,14,MIXTLAN,14062,3638.0,1821.0,50.05,1817.0,49.95,905.0,24.88,2215.0,60.89,518.0,14.24,62584.4,0.06,100.0,0.19,,24.54,2.62,,Bajo,,,Muy bajo,0.88,-0.79,-104.41,20.44,0.0,0.0,0.0,0.0,0.0,0.0
JALISCO,14,OCOTLAN,14063,106050.0,54275.0,51.18,51775.0,48.82,27855.0,26.27,69196.0,65.25,8991.0,8.48,24079.8,4.4,10.44,0.31,,28.44,3.01,,Muy bajo,,,Muy bajo,0.92,-1.02,-102.77,20.35,0.0,0.0,0.0,0.0,0.0,0.0
JALISCO,14,OJUELOS DE JALISCO,14064,33588.0,17330.0,51.6,16258.0,48.4,10713.0,31.9,20344.0,60.57,2530.0,7.53,114422.94,0.29,40.87,0.18,,47.64,6.26,,Bajo,,,Bajo,0.88,-0.56,-101.59,21.86,0.0,0.0,0.0,0.0,0.0,0.0
JALISCO,14,PIHUAMO,14065,11386.0,5712.0,50.17,5674.0,49.83,2925.0,25.69,6945.0,61.0,1516.0,13.31,87011.69,0.13,41.44,0.25,,42.32,4.65,,Bajo,,,Bajo,0.88,-0.54,-103.38,19.25,0.0,0.0,0.0,0.0,0.0,0.0
JALISCO,14,PONCITLAN,14066,53659.0,27279.0,50.84,26380.0,49.16,17605.0,32.81,32105.0,59.83,3890.0,7.25,82840.46,0.65,38.0,0.17,,41.23,7.04,,Bajo,,,Bajo,0.88,-0.69,-102.92,20.38,0.0,0.0,0.0,0.0,0.0,0.0
JALISCO,14,PUERTO VALLARTA,14067,291839.0,145652.0,49.91,146187.0,50.09,72070.0,24.7,201344.0,68.99,18347.0,6.29,67456.92,4.33,6.29,2.37,,35.43,3.29,,Muy bajo,,,Muy bajo,0.94,-1.16,-105.23,20.61,0.0,0.0,0.0,0.0,0.0,0.0
JALISCO,14,VILLA PURIFICACION,14068,11303.0,5608.0,49.62,5695.0,50.38,3159.0,27.95,6594.0,58.34,1550.0,13.71,183569.26,0.06,47.23,0.72,,45.6,6.32,,Bajo,,,Bajo,0.88,-0.5,-104.61,19.72,0.0,0.0,0.0,0.0,0.0,0.0
JALISCO,14,QUITUPAN,14069,7734.0,4057.0,52.46,3677.0,47.54,1859.0,24.04,4598.0,59.45,1277.0,16.51,66979.89,0.12,100.0,0.09,,55.15,11.11,,Medio,,,Bajo,0.85,-0.37,-102.87,19.93,0.0,0.0,0.0,0.0,0.0,0.0
JALISCO,14,EL SALTO,14070,232852.0,111162.0,47.74,121690.0,52.26,65557.0,28.15,157211.0,67.52,9906.0,4.25,9199.35,25.31,8.06,1.18,,40.04,5.21,,Muy bajo,,,Muy bajo,0.92,-0.96,-103.18,20.52,0.0,0.0,0.0,0.0,0.0,0.0
JALISCO,14,SAN CRISTOBAL DE LA BARRANCA,14071,2924.0,1459.0,49.9,1465.0,50.1,841.0,28.76,1732.0,59.23,351.0,12.0,51826.21,0.06,100.0,4.24,,42.92,7.43,,Medio,,,Bajo,0.85,-0.52,-103.43,21.04,0.0,0.0,0.0,0.0,0.0,0.0
JALISCO,14,SAN DIEGO DE ALEJANDRIA,14072,7609.0,3870.0,50.86,3739.0,49.14,2289.0,30.08,4592.0,60.35,728.0,9.57,34855.76,0.22,20.82,0.29,,43.13,6.2,,Muy bajo,,,Muy bajo,0.9,-0.79,-101.99,20.99,0.0,0.0,0.0,0.0,0.0,0.0
JALISCO,14,SAN JUAN DE LOS LAGOS,14073,72230.0,36502.0,50.54,35728.0,49.46,20967.0,29.03,46105.0,63.83,5101.0,7.06,83977.14,0.86,25.88,0.16,,36.06,2.49,,Muy bajo,,,Muy bajo,0.91,-0.97,-102.33,21.25,0.0,0.0,0.0,0.0,0.0,0.0
JALISCO,14,SAN JULIAN,14074,16792.0,8741.0,52.05,8051.0,47.95,4588.0,27.32,10554.0,62.85,1650.0,9.83,25960.01,0.65,13.53,0.14,,34.52,2.33,,Muy bajo,,,Muy bajo,0.91,-0.95,-102.18,21.01,0.0,0.0,0.0,0.0,0.0,0.0
JALISCO,14,SAN MARCOS,14075,3791.0,1898.0,50.07,1893.0,49.93,1028.0,27.12,2279.0,60.12,484.0,12.77,30286.44,0.13,100.0,0.37,,44.81,5.5,,Muy bajo,,,Muy bajo,0.89,-0.86,-104.2,20.79,0.0,0.0,0.0,0.0,0.0,0.0
JALISCO,14,SAN MARTIN DE BOLANOS,14076,3095.0,1585.0,51.21,1510.0,48.79,937.0,30.27,1765.0,57.03,386.0,12.47,68334.4,0.05,100.0,7.3,,34.88,7.27,,Medio,,,Bajo,0.84,-0.14,-103.81,21.68,0.0,0.0,0.0,0.0,0.0,0.0
JALISCO,14,SAN MARTIN HIDALGO,14077,28102.0,14301.0,50.89,13801.0,49.11,6908.0,24.58,17421.0,61.99,3773.0,13.43,34017.94,0.83,68.51,0.2,,38.06,4.78,,Muy bajo,,,Muy bajo,0.9,-1.04,-103.93,20.44,0.0,0.0,0.0,0.0,0.0,0.0
JALISCO,14,SAN MIGUEL EL ALTO,14078,31965.0,16416.0,51.36,15549.0,48.64,8847.0,27.68,20133.0,62.98,2985.0,9.34,77996.19,0.41,18.9,0.33,,38.2,4.56,,Muy bajo,,,Muy bajo,0.9,-0.87,-102.4,21.03,0.0,0.0,0.0,0.0,0.0,0.0
JALISCO,14,GOMEZ FARIAS,14079,16431.0,8353.0,50.84,8078.0,49.16,4517.0,27.49,10545.0,64.18,1368.0,8.33,35104.02,0.47,10.67,1.1,,41.02,5.35,,Muy bajo,,,Muy bajo,0.9,-0.78,-103.47,19.79,0.0,0.0,0.0,0.0,0.0,0.0
JALISCO,14,SAN SEBASTIAN DEL OESTE,14080,5086.0,2451.0,48.19,2635.0,51.81,1292.0,25.4,3051.0,59.99,743.0,14.61,110701.52,0.05,100.0,0.37,,45.99,5.52,,Bajo,,,Bajo,0.87,-0.56,-104.85,20.76,0.0,0.0,0.0,0.0,0.0,0.0
JALISCO,14,SANTA MARIA DE LOS ANGELES,14081,3515.0,1799.0,51.18,1716.0,48.82,843.0,23.98,2067.0,58.81,605.0,17.21,25812.86,0.14,100.0,0.2,,54.62,6.26,,Bajo,,,Bajo,0.86,-0.64,-103.22,22.17,0.0,0.0,0.0,0.0,0.0,0.0
JALISCO,14,SAYULA,14082,37186.0,19202.0,51.64,17984.0,48.36,9946.0,26.75,23974.0,64.47,3266.0,8.78,21449.75,1.73,1.95,0.95,,37.96,2.86,,Muy bajo,,,Muy bajo,0.92,-1.02,-103.6,19.88,0.0,0.0,0.0,0.0,0.0,0.0
JALISCO,14,TALA,14083,87690.0,44173.0,50.37,43517.0,49.63,24164.0,27.56,57324.0,65.37,6171.0,7.04,44805.77,1.96,27.53,2.37,,28.29,2.33,,Muy bajo,,,Muy bajo,0.92,-0.98,-103.7,20.65,0.0,0.0,0.0,0.0,0.0,0.0
JALISCO,14,TALPA DE ALLENDE,14084,14997.0,7503.0,50.03,7494.0,49.97,3966.0,26.45,9242.0,61.63,1789.0,11.93,198093.37,0.08,32.57,0.41,,46.6,4.39,,Muy bajo,,,Bajo,0.89,-0.7,-104.82,20.38,0.0,0.0,0.0,0.0,0.0,0.0
JALISCO,14,TAMAZULA DE GORDIANO,14085,38955.0,19835.0,50.92,19120.0,49.08,9664.0,24.81,24501.0,62.9,4790.0,12.3,135492.05,0.29,50.94,0.42,,31.62,2.4,,Muy bajo,,,Muy bajo,0.9,-0.8,-103.25,19.68,0.0,0.0,0.0,0.0,0.0,0.0
JALISCO,14,TAPALPA,14086,21245.0,10684.0,50.29,10561.0,49.71,6815.0,32.08,13165.0,61.97,1265.0,5.95,61506.13,0.35,71.97,1.01,,46.59,7.82,,Muy bajo,,,Bajo,0.89,-0.67,-103.75,19.95,0.0,0.0,0.0,0.0,0.0,0.0
JALISCO,14,TECALITLAN,14087,16705.0,8449.0,50.58,8256.0,49.42,4297.0,25.72,10360.0,62.02,2048.0,12.26,129409.86,0.13,20.72,0.19,,39.38,3.33,,Muy bajo,,,Bajo,0.89,-0.59,-103.31,19.47,0.0,0.0,0.0,0.0,0.0,0.0
JALISCO,14,TECOLOTLAN,14088,16603.0,8372.0,50.42,8231.0,49.58,4280.0,25.78,10166.0,61.23,2157.0,12.99,75929.04,0.22,41.77,0.28,,37.64,2.03,,Muy bajo,,,Muy bajo,0.91,-0.95,-104.05,20.2,0.0,0.0,0.0,0.0,0.0,0.0
JALISCO,14,TECHALUTA DE MONTENEGRO,14089,4072.0,2061.0,50.61,2011.0,49.39,1120.0,27.5,2473.0,60.73,479.0,11.76,7865.86,0.52,100.0,0.52,,44.11,5.76,,Bajo,,,Muy bajo,0.88,-0.78,-103.55,20.07,0.0,0.0,0.0,0.0,0.0,0.0
JALISCO,14,TENAMAXTLAN,14090,7302.0,3728.0,51.05,3574.0,48.95,1760.0,24.1,4478.0,61.33,1064.0,14.57,27944.65,0.26,100.0,0.56,,42.05,3.12,,Muy bajo,,,Muy bajo,0.89,-1.04,-104.16,20.22,0.0,0.0,0.0,0.0,0.0,0.0
JALISCO,14,TEOCALTICHE,14091,39839.0,20680.0,51.91,19159.0,48.09,11092.0,27.84,24607.0,61.77,4091.0,10.27,92458.44,0.43,38.3,0.29,,41.45,2.84,,Muy bajo,,,Muy bajo,0.89,-0.89,-102.57,21.43,0.0,0.0,0.0,0.0,0.0,0.0
JALISCO,14,TEOCUITATLAN DE CORONA,14092,11039.0,5544.0,50.22,5495.0,49.78,2554.0,23.14,6843.0,61.99,1641.0,14.87,33197.48,0.33,100.0,0.25,,44.89,6.96,,Bajo,,,Muy bajo,0.88,-0.74,-103.38,20.09,0.0,0.0,0.0,0.0,0.0,0.0
JALISCO,14,TEPATITLAN DE MORELOS,14093,150190.0,76480.0,50.92,73710.0,49.08,40338.0,26.86,98299.0,65.45,11496.0,7.65,138801.98,1.08,20.15,0.25,,28.93,2.21,,Muy bajo,,,Muy bajo,0.93,-1.09,-102.76,20.82,0.0,0.0,0.0,0.0,0.0,0.0
JALISCO,14,TEQUILA,14094,44353.0,22462.0,50.64,21891.0,49.36,12765.0,28.78,28328.0,63.87,3257.0,7.34,167759.6,0.26,29.85,0.34,,40.55,6.37,,Muy bajo,,,Muy bajo,0.91,-0.99,-103.84,20.88,0.0,0.0,0.0,0.0,0.0,0.0
JALISCO,14,TEUCHITLAN,14095,9647.0,4938.0,51.19,4709.0,48.81,2382.0,24.69,6127.0,63.51,1138.0,11.8,21725.19,0.44,100.0,0.2,,21.23,1.14,,Muy bajo,,,Muy bajo,0.9,-1.03,-103.85,20.69,0.0,0.0,0.0,0.0,0.0,0.0
JALISCO,14,TIZAPAN EL ALTO,14096,22758.0,11579.0,50.88,11179.0,49.12,6495.0,28.54,13862.0,60.91,2373.0,10.43,19245.18,1.18,28.27,0.32,,53.33,7.94,,Muy bajo,,,Bajo,0.89,-0.7,-103.04,20.16,0.0,0.0,0.0,0.0,0.0,0.0
JALISCO,14,TLAJOMULCO DE ZUNIGA,14097,727750.0,367408.0,50.49,360342.0,49.51,215808.0,29.65,485534.0,66.72,26105.0,3.59,66856.03,10.89,11.67,1.24,,34.39,3.46,,Muy bajo,,,Muy bajo,0.94,-1.18,-103.44,20.47,0.0,0.0,0.0,0.0,0.0,0.0
JALISCO,14,SAN PEDRO TLAQUEPAQUE,14098,687127.0,348283.0,50.69,338844.0,49.31,175311.0,25.51,464129.0,67.55,43111.0,6.27,11539.27,59.55,1.2,1.12,,27.36,2.61,,Muy bajo,,,Muy bajo,0.94,-1.19,-103.31,20.64,0.0,0.0,0.0,0.0,0.0,0.0
JALISCO,14,TOLIMAN,14099,11219.0,5654.0,50.4,5565.0,49.6,3370.0,30.04,6727.0,59.96,1122.0,10.0,50949.34,0.22,100.0,1.43,,46.14,9.3,,Medio,,,Bajo,0.85,-0.31,-103.91,19.6,0.0,0.0,0.0,0.0,0.0,0.0
JALISCO,14,TOMATLAN,14100,36316.0,17872.0,49.21,18444.0,50.79,10557.0,29.07,22089.0,60.82,3628.0,9.99,299346.59,0.12,72.9,2.41,,46.24,6.58,,Bajo,,,Bajo,0.87,-0.43,-105.25,19.94,0.0,0.0,0.0,0.0,0.0,0.0
JALISCO,14,TONALA,14101,569913.0,288218.0,50.57,281695.0,49.43,152833.0,26.82,383947.0,67.37,28914.0,5.07,15664.16,36.38,3.43,0.52,,37.16,4.33,,Muy bajo,,,Muy bajo,0.93,-1.18,-103.25,20.62,0.0,0.0,0.0,0.0,0.0,0.0
JALISCO,14,TONAYA,14102,5961.0,3063.0,51.38,2898.0,48.62,1373.0,23.03,3726.0,62.51,862.0,14.46,29157.89,0.2,100.0,0.03,,28.86,1.64,,Muy bajo,,,Muy bajo,0.89,-1.01,-103.97,19.78,0.0,0.0,0.0,0.0,0.0,0.0
JALISCO,14,TONILA,14103,7565.0,3796.0,50.18,3769.0,49.82,1848.0,24.43,4793.0,63.36,924.0,12.21,14502.11,0.52,100.0,1.02,,29.0,1.93,,Muy bajo,,,Muy bajo,0.89,-0.91,-103.55,19.41,0.0,0.0,0.0,0.0,0.0,0.0
JALISCO,14,TOTATICHE,14104,4180.0,2065.0,49.4,2115.0,50.6,1035.0,24.76,2398.0,57.37,747.0,17.87,58109.74,0.07,100.0,1.22,,37.16,2.86,,Bajo,,,Muy bajo,0.87,-0.72,-103.44,21.93,0.0,0.0,0.0,0.0,0.0,0.0
JALISCO,14,TOTOTLAN,14105,23573.0,12011.0,50.95,11562.0,49.05,6595.0,27.98,14723.0,62.46,2209.0,9.37,33379.55,0.71,41.42,0.11,,41.39,4.21,,Muy bajo,,,Muy bajo,0.91,-0.83,-102.79,20.54,0.0,0.0,0.0,0.0,0.0,0.0
JALISCO,14,TUXCACUESCO,14106,5482.0,2698.0,49.22,2784.0,50.78,1536.0,28.02,3336.0,60.85,609.0,11.11,42721.43,0.13,100.0,1.33,,36.56,6.12,,Bajo,,,Bajo,0.86,-0.37,-103.98,19.7,0.0,0.0,0.0,0.0,0.0,0.0
JALISCO,14,TUXCUECA,14107,6702.0,3455.0,51.55,3247.0,48.45,2024.0,30.2,3931.0,58.65,747.0,11.15,13142.63,0.51,100.0,0.21,,47.8,6.78,,Bajo,,,Muy bajo,0.88,-0.82,-103.18,20.16,0.0,0.0,0.0,0.0,0.0,0.0
JALISCO,14,TUXPAN,14108,37518.0,19166.0,51.08,18352.0,48.92,9956.0,26.54,23844.0,63.55,3714.0,9.9,72114.39,0.52,18.78,1.27,,37.79,4.98,,Muy bajo,,,Muy bajo,0.91,-0.85,-103.37,19.55,0.0,0.0,0.0,0.0,0.0,0.0
JALISCO,14,UNION DE SAN ANTONIO,14109,19069.0,9746.0,51.11,9323.0,48.89,5467.0,28.67,11877.0,62.28,1725.0,9.05,72215.27,0.26,54.18,0.05,,34.42,3.72,,Bajo,,,Bajo,0.87,-0.6,-102.01,21.13,0.0,0.0,0.0,0.0,0.0,0.0
JALISCO,14,UNION DE TULA,14110,13799.0,7115.0,51.56,6684.0,48.44,3569.0,25.86,8355.0,60.55,1875.0,13.59,43987.76,0.31,30.94,0.43,,37.03,4.35,,Muy bajo,,,Muy bajo,0.92,-1.02,-104.26,19.95,0.0,0.0,0.0,0.0,0.0,0.0
JALISCO,14,VALLE DE GUADALUPE,14111,6627.0,3358.0,50.67,3269.0,49.33,1830.0,27.61,4124.0,62.23,673.0,10.16,34908.86,0.19,100.0,0.0,,25.96,1.04,,Muy bajo,,,Muy bajo,0.9,-0.98,-102.62,21.01,0.0,0.0,0.0,0.0,0.0,0.0
JALISCO,14,VALLE DE JUAREZ,14112,6151.0,3161.0,51.39,2990.0,48.61,1543.0,25.09,3758.0,61.1,850.0,13.82,19391.37,0.32,100.0,0.26,,44.54,4.66,,Bajo,,,Muy bajo,0.88,-0.8,-102.94,19.93,0.0,0.0,0.0,0.0,0.0,0.0
JALISCO,14,SAN GABRIEL,14113,16548.0,8351.0,50.47,8197.0,49.53,4675.0,28.25,10141.0,61.28,1731.0,10.46,74127.62,0.22,69.13,0.91,,39.25,5.92,,Bajo,,,Bajo,0.88,-0.66,-103.77,19.75,0.0,0.0,0.0,0.0,0.0,0.0
JALISCO,14,VILLA CORONA,14114,19063.0,9573.0,50.22,9490.0,49.78,5193.0,27.24,11847.0,62.15,2023.0,10.61,31566.4,0.6,55.49,0.24,,41.94,2.62,,Muy bajo,,,Muy bajo,0.9,-0.89,-103.66,20.42,0.0,0.0,0.0,0.0,0.0,0.0
JALISCO,14,VILLA GUERRERO,14115,5525.0,2763.0,50.01,2762.0,49.99,1629.0,29.48,3121.0,56.49,775.0,14.03,66644.77,0.08,100.0,7.38,,49.41,10.0,,Medio,,,Bajo,0.83,-0.11,-103.6,21.98,0.0,0.0,0.0,0.0,0.0,0.0
JALISCO,14,VILLA HIDALGO,14116,20088.0,10418.0,51.86,9670.0,48.14,5822.0,28.98,12587.0,62.66,1678.0,8.35,44849.89,0.45,22.37,0.14,,44.88,4.83,,Muy bajo,,,Muy bajo,0.9,-1.05,-102.59,21.67,0.0,0.0,0.0,0.0,0.0,0.0
JALISCO,14,CANADAS DE OBREGON,14117,4388.0,2197.0,50.07,2191.0,49.93,1098.0,25.02,2616.0,59.62,674.0,15.36,26934.2,0.16,100.0,0.41,,32.35,2.27,,Bajo,,,Bajo,0.87,-0.52,-102.69,21.15,0.0,0.0,0.0,0.0,0.0,0.0
JALISCO,14,YAHUALICA DE GONZALEZ GALLO,14118,22394.0,11681.0,52.16,10713.0,47.84,5419.0,24.2,13894.0,62.04,3081.0,13.76,55818.75,0.4,35.26,0.11,,39.63,3.2,,Muy bajo,,,Muy bajo,0.9,-0.82,-102.89,21.18,0.0,0.0,0.0,0.0,0.0,0.0
JALISCO,14,ZACOALCO DE TORRES,14119,30472.0,15110.0,49.59,15362.0,50.41,8180.0,26.84,19062.0,62.56,3225.0,10.58,47544.93,0.64,33.23,0.29,,49.87,8.0,,Muy bajo,,,Muy bajo,0.9,-0.79,-103.57,20.23,0.0,0.0,0.0,0.0,0.0,0.0
JALISCO,14,ZAPOPAN,14120,1476491.0,755899.0,51.2,720592.0,48.8,328031.0,22.22,998273.0,67.61,113576.0,7.69,114632.42,12.88,3.27,1.83,,26.6,2.73,,Muy bajo,,,Muy bajo,0.95,-1.27,-103.39,20.72,0.0,0.0,0.0,0.0,0.0,0.0
JALISCO,14,ZAPOTILTIC,14121,33713.0,17086.0,50.68,16627.0,49.32,8521.0,25.28,21920.0,65.02,3262.0,9.68,25067.11,1.34,19.14,1.43,,35.15,3.38,,Muy bajo,,,Muy bajo,0.92,-0.95,-103.41,19.63,0.0,0.0,0.0,0.0,0.0,0.0
JALISCO,14,ZAPOTITLAN DE VADILLO,14122,7466.0,3692.0,49.45,3774.0,50.55,2138.0,28.64,4474.0,59.92,854.0,11.44,30392.42,0.25,100.0,0.54,,47.62,9.63,,Medio,,,Bajo,0.84,-0.13,-103.81,19.55,0.0,0.0,0.0,0.0,0.0,0.0
JALISCO,14,ZAPOTLAN DEL REY,14123,19279.0,9780.0,50.73,9499.0,49.27,5359.0,27.8,12145.0,63.0,1775.0,9.21,39681.07,0.49,100.0,0.09,,38.61,5.28,,Bajo,,,Muy bajo,0.87,-0.77,-102.93,20.47,0.0,0.0,0.0,0.0,0.0,0.0
JALISCO,14,ZAPOTLANEJO,14124,64806.0,32924.0,50.8,31882.0,49.2,18415.0,28.42,41132.0,63.47,5257.0,8.11,71276.98,0.91,48.64,0.22,,38.03,4.84,,Muy bajo,,,Muy bajo,0.9,-0.94,-103.06,20.62,0.0,0.0,0.0,0.0,0.0,0.0
JALISCO,14,SAN IGNACIO CERRO GORDO,14125,18341.0,9427.0,51.4,8914.0,48.6,5555.0,30.29,11222.0,61.19,1536.0,8.37,22587.08,0.81,42.64,0.51,,39.11,4.21,,Muy bajo,,,Muy bajo,0.9,-0.81,-102.54,20.74,0.0,0.0,0.0,0.0,0.0,0.0
MEXICO,15,ACAMBAY DE RUIZ CASTANEDA,15001,67872.0,35255.0,51.94,32617.0,48.06,20184.0,29.74,42380.0,62.44,5303.0,7.81,47220.6,1.44,91.18,29.04,,65.69,17.15,,Medio,,,Medio,0.83,0.23,-99.84,19.96,0.0,0.0,0.0,0.0,0.0,0.0
MEXICO,15,ACOLMAN,15002,171507.0,85279.0,49.72,86228.0,50.28,40037.0,23.34,121609.0,70.91,9855.0,5.75,8635.34,19.86,5.25,3.04,,54.66,9.89,,Muy bajo,,,Muy bajo,0.91,-1.02,-98.91,19.64,0.0,0.0,0.0,0.0,0.0,0.0
MEXICO,15,ACULCO,15003,49266.0,25177.0,51.1,24089.0,48.9,14158.0,28.74,31552.0,64.04,3556.0,7.22,44997.1,1.09,100.0,13.84,,48.74,5.65,,Medio,,,Bajo,0.83,0.08,-99.83,20.1,0.0,0.0,0.0,0.0,0.0,0.0
MEXICO,15,ALMOLOYA DE ALQUISIRAS,15004,15333.0,8052.0,52.51,7281.0,47.49,4544.0,29.64,9518.0,62.08,1271.0,8.29,17022.76,0.9,100.0,0.01,,57.34,10.04,,Medio,,,Bajo,0.85,-0.11,-99.89,18.87,0.0,0.0,0.0,0.0,0.0,0.0
MEXICO,15,ALMOLOYA DE JUAREZ,15005,174587.0,87457.0,50.09,87130.0,49.91,49476.0,28.34,116125.0,66.51,8807.0,5.04,47684.0,3.66,61.81,1.49,,65.28,18.66,,Bajo,,,Bajo,0.86,-0.18,-99.76,19.37,0.0,0.0,0.0,0.0,0.0,0.0
MEXICO,15,ALMOLOYA DEL RIO,15006,12694.0,6544.0,51.55,6150.0,48.45,3464.0,27.29,8332.0,65.64,898.0,7.07,911.01,13.93,14.98,1.78,,62.25,8.53,,Muy bajo,,,Muy bajo,0.91,-0.81,-99.49,19.16,0.0,0.0,0.0,0.0,0.0,0.0
MEXICO,15,AMANALCO,15007,23675.0,12141.0,51.28,11534.0,48.72,7392.0,31.22,14804.0,62.53,1479.0,6.25,22107.37,1.07,100.0,15.12,,68.3,16.4,,Medio,,,Medio,0.84,0.25,-100.02,19.25,0.0,0.0,0.0,0.0,0.0,0.0
MEXICO,15,AMATEPEC,15008,25244.0,12997.0,51.49,12247.0,48.51,7280.0,28.84,14667.0,58.1,3297.0,13.06,63379.32,0.4,100.0,0.04,,62.5,16.08,,Medio,,,Bajo,0.83,0.05,-100.19,18.68,0.0,0.0,0.0,0.0,0.0,0.0
MEXICO,15,AMECAMECA,15009,53441.0,28001.0,52.4,25440.0,47.6,12961.0,24.25,36069.0,67.49,4403.0,8.24,17552.52,3.04,26.73,0.63,,59.74,8.83,,Muy bajo,,,Muy bajo,0.91,-0.85,-98.77,19.13,0.0,0.0,0.0,0.0,0.0,0.0
MEXICO,15,APAXCO,15010,31898.0,16265.0,50.99,15633.0,49.01,8292.0,26.0,21322.0,66.84,2273.0,7.13,7512.39,4.25,52.44,0.97,,52.74,6.26,,Muy bajo,,,Muy bajo,0.91,-1.01,-99.17,19.98,0.0,0.0,0.0,0.0,0.0,0.0
MEXICO,15,ATENCO,15011,75489.0,38437.0,50.92,37052.0,49.08,19676.0,26.06,51574.0,68.32,4237.0,5.61,8707.0,8.67,24.63,5.0,,68.29,13.18,,Muy bajo,,,Muy bajo,0.89,-0.81,-98.91,19.56,0.0,0.0,0.0,0.0,0.0,0.0
MEXICO,15,ATIZAPAN,15012,12984.0,6697.0,51.58,6287.0,48.42,3737.0,28.78,8531.0,65.7,716.0,5.51,849.17,15.29,16.26,2.82,,62.79,9.96,,Muy bajo,,,Bajo,0.9,-0.67,-99.49,19.18,0.0,0.0,0.0,0.0,0.0,0.0
MEXICO,15,ATIZAPAN DE ZARAGOZA,15013,523674.0,270245.0,51.61,253429.0,48.39,108453.0,20.71,364996.0,69.7,48829.0,9.32,9228.33,56.75,0.12,3.29,,38.31,3.88,,Muy bajo,,,Muy bajo,0.94,-1.31,-99.24,19.54,0.0,0.0,0.0,0.0,0.0,0.0
MEXICO,15,ATLACOMULCO,15014,109384.0,57166.0,52.26,52218.0,47.74,31323.0,28.64,71722.0,65.57,6337.0,5.79,25640.6,4.27,64.16,28.38,,56.44,9.27,,Bajo,,,Bajo,0.88,-0.49,-99.87,19.8,0.0,0.0,0.0,0.0,0.0,0.0
MEXICO,15,ATLAUTLA,15015,31900.0,16315.0,51.14,15585.0,48.86,8680.0,27.21,20744.0,65.03,2438.0,7.64,16689.92,1.91,37.44,0.51,,75.6,17.09,,Bajo,,,Bajo,0.87,-0.32,-98.78,19.03,0.0,0.0,0.0,0.0,0.0,0.0
MEXICO,15,AXAPUSCO,15016,29128.0,14841.0,50.95,14287.0,49.05,7695.0,26.42,19059.0,65.43,2371.0,8.14,28462.0,1.02,80.85,1.52,,62.89,6.5,,Bajo,,,Muy bajo,0.88,-0.73,-98.76,19.72,0.0,0.0,0.0,0.0,0.0,0.0
MEXICO,15,AYAPANGO,15017,10053.0,5243.0,52.15,4810.0,47.85,2623.0,26.09,6720.0,66.85,710.0,7.06,5041.67,1.99,100.0,0.81,,47.78,5.18,,Muy bajo,,,Muy bajo,0.89,-0.96,-98.8,19.13,0.0,0.0,0.0,0.0,0.0,0.0
MEXICO,15,CALIMAYA,15018,68489.0,35101.0,51.25,33388.0,48.75,17757.0,25.93,46674.0,68.15,3878.0,5.66,10243.43,6.69,52.68,0.87,,50.65,6.54,,Muy bajo,,,Muy bajo,0.91,-1.05,-99.62,19.16,0.0,0.0,0.0,0.0,0.0,0.0
MEXICO,15,CAPULHUAC,15019,36921.0,19143.0,51.85,17778.0,48.15,9702.0,26.28,24703.0,66.91,2516.0,6.81,2146.28,17.2,13.26,0.84,,60.03,5.8,,Muy bajo,,,Muy bajo,0.92,-0.99,-99.46,19.19,0.0,0.0,0.0,0.0,0.0,0.0
MEXICO,15,COACALCO DE BERRIOZABAL,15020,293444.0,152337.0,51.91,141107.0,48.09,57241.0,19.51,210275.0,71.66,25878.0,8.82,3481.0,84.3,0.07,1.4,,28.62,2.47,,Muy bajo,,,Muy bajo,0.95,-1.46,-99.1,19.63,0.0,0.0,0.0,0.0,0.0,0.0
MEXICO,15,COATEPEC HARINAS,15021,38643.0,20083.0,51.97,18560.0,48.03,12664.0,32.77,23517.0,60.86,2428.0,6.28,28528.4,1.35,82.03,0.28,,50.08,5.55,,Medio,,,Bajo,0.84,-0.01,-99.77,18.93,0.0,0.0,0.0,0.0,0.0,0.0
MEXICO,15,COCOTITLAN,15022,15107.0,7757.0,51.35,7350.0,48.65,3716.0,24.6,10236.0,67.76,1151.0,7.62,1470.02,10.28,31.89,3.12,,51.32,5.06,,Muy bajo,,,Muy bajo,0.9,-0.96,-98.86,19.23,0.0,0.0,0.0,0.0,0.0,0.0
MEXICO,15,COYOTEPEC,15023,40885.0,20893.0,51.1,19992.0,48.9,11040.0,27.0,27412.0,67.05,2432.0,5.95,3965.23,10.31,8.42,3.2,,54.1,7.49,,Muy bajo,,,Muy bajo,0.92,-0.93,-99.21,19.78,0.0,0.0,0.0,0.0,0.0,0.0
MEXICO,15,CUAUTITLAN,15024,178847.0,91181.0,50.98,87666.0,49.02,39023.0,21.82,130676.0,73.07,9111.0,5.09,4060.33,44.05,15.9,1.99,,34.12,2.96,,Muy bajo,,,Muy bajo,0.95,-1.42,-99.18,19.67,0.0,0.0,0.0,0.0,0.0,0.0
MEXICO,15,CHALCO,15025,400057.0,206928.0,51.72,193129.0,48.28,105966.0,26.49,273649.0,68.4,20171.0,5.04,22399.09,17.86,7.84,4.68,,58.08,11.91,,Muy bajo,,,Muy bajo,0.91,-0.95,-98.9,19.26,0.0,0.0,0.0,0.0,0.0,0.0
MEXICO,15,CHAPA DE MOTA,15026,31737.0,16213.0,51.09,15524.0,48.91,9337.0,29.42,20237.0,63.76,2163.0,6.82,29025.33,1.09,66.2,37.37,,66.96,12.88,,Medio,,,Bajo,0.85,-0.03,-99.53,19.81,0.0,0.0,0.0,0.0,0.0,0.0
MEXICO,15,CHAPULTEPEC,15027,12772.0,6607.0,51.73,6165.0,48.27,3344.0,26.18,8691.0,68.05,722.0,5.65,1150.47,11.1,44.25,1.54,,42.26,3.63,,Muy bajo,,,Muy bajo,0.92,-1.08,-99.56,19.2,0.0,0.0,0.0,0.0,0.0,0.0
MEXICO,15,CHIAUTLA,15028,30045.0,15377.0,51.18,14668.0,48.82,7389.0,24.59,20550.0,68.4,2100.0,6.99,1993.88,15.07,64.02,2.58,,60.55,9.97,,Muy bajo,,,Muy bajo,0.9,-1.01,-98.88,19.55,0.0,0.0,0.0,0.0,0.0,0.0
MEXICO,15,CHICOLOAPAN,15029,200750.0,103555.0,51.58,97195.0,48.42,50130.0,24.97,139971.0,69.72,10608.0,5.28,4104.89,48.91,3.6,2.94,,55.62,9.64,,Muy bajo,,,Muy bajo,0.92,-1.21,-98.9,19.42,0.0,0.0,0.0,0.0,0.0,0.0
MEXICO,15,CHICONCUAC,15030,27692.0,14144.0,51.08,13548.0,48.92,7078.0,25.56,18804.0,67.9,1810.0,6.54,679.56,40.75,6.59,5.51,,64.19,9.04,,Muy bajo,,,Muy bajo,0.91,-1.04,-98.9,19.55,0.0,0.0,0.0,0.0,0.0,0.0
MEXICO,15,CHIMALHUACAN,15031,705193.0,360622.0,51.14,344571.0,48.86,192175.0,27.25,477452.0,67.71,35424.0,5.02,5409.66,130.36,0.28,8.03,,68.87,13.06,,Muy bajo,,,Muy bajo,0.91,-0.9,-98.95,19.42,0.0,0.0,0.0,0.0,0.0,0.0
MEXICO,15,DONATO GUERRA,15032,37436.0,19045.0,50.87,18391.0,49.13,12748.0,34.05,22670.0,60.56,2014.0,5.38,19055.08,1.96,84.26,26.5,,77.83,25.29,,Alto,,,Medio,0.8,0.96,-100.14,19.31,0.0,0.0,0.0,0.0,0.0,0.0
MEXICO,15,ECATEPEC DE MORELOS,15033,1645352.0,846803.0,51.47,798549.0,48.53,359605.0,21.86,1141183.0,69.36,143997.0,8.75,15523.12,105.99,0.11,3.93,,43.49,5.34,,Muy bajo,,,Muy bajo,0.93,-1.22,-99.05,19.6,0.0,0.0,0.0,0.0,0.0,0.0
MEXICO,15,ECATZINGO,15034,10827.0,5506.0,50.85,5321.0,49.15,3282.0,30.31,6873.0,63.48,672.0,6.21,5292.3,2.05,23.4,0.79,,62.39,14.19,,Bajo,,,Bajo,0.88,-0.21,-98.75,18.96,0.0,0.0,0.0,0.0,0.0,0.0
MEXICO,15,HUEHUETOCA,15035,163244.0,83228.0,50.98,80016.0,49.02,46062.0,28.22,111404.0,68.24,5736.0,3.51,11895.76,13.72,18.85,4.24,,47.59,5.15,,Muy bajo,,,Muy bajo,0.93,-1.19,-99.2,19.83,0.0,0.0,0.0,0.0,0.0,0.0
MEXICO,15,HUEYPOXTLA,15036,46757.0,23649.0,50.58,23108.0,49.42,12594.0,26.94,30874.0,66.03,3289.0,7.03,23287.46,2.01,37.09,0.88,,67.51,9.37,,Muy bajo,,,Bajo,0.89,-0.71,-99.08,19.91,0.0,0.0,0.0,0.0,0.0,0.0
MEXICO,15,HUIXQUILUCAN,15037,284965.0,148499.0,52.11,136466.0,47.89,63390.0,22.24,199155.0,69.89,22354.0,7.84,14007.79,20.34,19.22,3.48,,51.32,6.9,,Muy bajo,,,Muy bajo,0.93,-1.23,-99.35,19.36,0.0,0.0,0.0,0.0,0.0,0.0
MEXICO,15,ISIDRO FABELA,15038,11929.0,6112.0,51.24,5817.0,48.76,3168.0,26.56,8013.0,67.17,748.0,6.27,7923.76,1.51,100.0,3.26,,37.26,4.22,,Bajo,,,Bajo,0.88,-0.68,-99.42,19.56,0.0,0.0,0.0,0.0,0.0,0.0
MEXICO,15,IXTAPALUCA,15039,542211.0,279128.0,51.48,263083.0,48.52,130642.0,24.09,383177.0,70.67,28089.0,5.18,32220.83,16.83,3.85,5.11,,54.18,8.18,,Muy bajo,,,Muy bajo,0.92,-1.15,-98.88,19.31,0.0,0.0,0.0,0.0,0.0,0.0
MEXICO,15,IXTAPAN DE LA SAL,15040,36911.0,19235.0,52.11,17676.0,47.89,10553.0,28.59,23555.0,63.82,2802.0,7.59,11462.59,3.22,47.64,0.41,,50.28,4.63,,Bajo,,,Bajo,0.88,-0.45,-99.68,18.84,0.0,0.0,0.0,0.0,0.0,0.0
MEXICO,15,IXTAPAN DEL ORO,15041,6475.0,3260.0,50.35,3215.0,49.65,2098.0,32.4,3862.0,59.64,515.0,7.95,9879.69,0.66,100.0,6.35,,80.94,18.54,,Alto,,,Medio,0.82,0.48,-100.26,19.26,0.0,0.0,0.0,0.0,0.0,0.0
MEXICO,15,IXTLAHUACA,15042,160139.0,83364.0,52.06,76775.0,47.94,44555.0,27.82,105038.0,65.59,10538.0,6.58,33344.06,4.8,55.53,37.81,,76.37,20.15,,Bajo,,,Bajo,0.86,-0.08,-99.77,19.57,0.0,0.0,0.0,0.0,0.0,0.0
MEXICO,15,XALATLACO,15043,30687.0,15735.0,51.28,14952.0,48.72,8712.0,28.39,20227.0,65.91,1742.0,5.68,10766.67,2.85,44.21,2.18,,64.25,12.11,,Muy bajo,,,Bajo,0.89,-0.59,-99.41,19.18,0.0,0.0,0.0,0.0,0.0,0.0
MEXICO,15,JALTENCO,15044,28217.0,14572.0,51.64,13645.0,48.36,6632.0,23.5,19186.0,67.99,2384.0,8.45,465.9,60.56,0.0,1.64,,51.74,3.69,,Muy bajo,,,Muy bajo,0.94,-1.21,-99.09,19.75,0.0,0.0,0.0,0.0,0.0,0.0
MEXICO,15,JILOTEPEC,15045,87671.0,44861.0,51.17,42810.0,48.83,22893.0,26.11,58105.0,66.28,6663.0,7.6,56430.86,1.55,79.59,1.3,,49.84,7.31,,Bajo,,,Bajo,0.86,-0.38,-99.53,19.95,0.0,0.0,0.0,0.0,0.0,0.0
MEXICO,15,JILOTZINGO,15046,19877.0,10158.0,51.1,9719.0,48.9,5161.0,25.96,13367.0,67.25,1348.0,6.78,11575.43,1.72,100.0,2.1,,45.8,3.09,,Muy bajo,,,Muy bajo,0.89,-0.85,-99.4,19.54,0.0,0.0,0.0,0.0,0.0,0.0
MEXICO,15,JIQUIPILCO,15047,76826.0,40362.0,52.54,36464.0,47.46,23270.0,30.29,48366.0,62.96,5190.0,6.76,27363.03,2.81,85.62,19.38,,71.43,19.6,,Bajo,,,Bajo,0.86,-0.03,-99.61,19.56,0.0,0.0,0.0,0.0,0.0,0.0
MEXICO,15,JOCOTITLAN,15048,69264.0,36019.0,52.0,33245.0,48.0,18523.0,26.74,45685.0,65.96,5056.0,7.3,27592.6,2.51,51.93,9.13,,54.35,7.39,,Bajo,,,Bajo,0.88,-0.49,-99.79,19.71,0.0,0.0,0.0,0.0,0.0,0.0
MEXICO,15,JOQUICINGO,15049,15428.0,7885.0,51.11,7543.0,48.89,4545.0,29.46,9783.0,63.41,1066.0,6.91,4583.22,3.37,67.31,1.28,,69.9,13.11,,Bajo,,,Bajo,0.87,-0.31,-99.53,19.05,0.0,0.0,0.0,0.0,0.0,0.0
MEXICO,15,JUCHITEPEC,15050,27116.0,13973.0,51.53,13143.0,48.47,7515.0,27.71,17814.0,65.7,1787.0,6.59,13183.54,2.06,6.82,0.55,,70.54,7.85,,Muy bajo,,,Bajo,0.89,-0.53,-98.88,19.1,0.0,0.0,0.0,0.0,0.0,0.0
MEXICO,15,LERMA,15051,170327.0,86359.0,50.7,83968.0,49.3,43777.0,25.7,116034.0,68.12,10333.0,6.07,22950.16,7.42,48.39,4.14,,34.85,4.0,,Muy bajo,,,Muy bajo,0.93,-1.06,-99.51,19.29,0.0,0.0,0.0,0.0,0.0,0.0
MEXICO,15,MALINALCO,15052,28155.0,14322.0,50.87,13833.0,49.13,7959.0,28.27,17810.0,63.26,2383.0,8.46,20902.76,1.35,68.31,0.46,,66.51,17.02,,Bajo,,,Bajo,0.86,-0.16,-99.5,18.95,0.0,0.0,0.0,0.0,0.0,0.0
MEXICO,15,MELCHOR OCAMPO,15053,61220.0,31313.0,51.15,29907.0,48.85,15708.0,25.66,41739.0,68.18,3766.0,6.15,1392.48,43.96,18.63,4.65,,53.46,6.19,,Muy bajo,,,Muy bajo,0.92,-1.12,-99.14,19.71,0.0,0.0,0.0,0.0,0.0,0.0
MEXICO,15,METEPEC,15054,242307.0,126310.0,52.13,115997.0,47.87,50257.0,20.74,169627.0,70.0,22219.0,9.17,6717.53,36.07,7.76,0.98,,33.24,3.07,,Muy bajo,,,Muy bajo,0.95,-1.36,-99.6,19.25,0.0,0.0,0.0,0.0,0.0,0.0
MEXICO,15,MEXICALTZINGO,15055,13807.0,7054.0,51.09,6753.0,48.91,3565.0,25.82,9334.0,67.6,908.0,6.58,1165.72,11.84,21.39,1.27,,54.0,5.75,,Muy bajo,,,Muy bajo,0.92,-1.01,-99.59,19.21,0.0,0.0,0.0,0.0,0.0,0.0
MEXICO,15,MORELOS,15056,33164.0,17194.0,51.85,15970.0,48.15,10092.0,30.43,20352.0,61.37,2714.0,8.18,23410.79,1.42,100.0,33.69,,72.83,17.33,,Alto,,,Medio,0.81,0.66,-99.67,19.79,0.0,0.0,0.0,0.0,0.0,0.0
MEXICO,15,NAUCALPAN DE JUAREZ,15057,834434.0,431939.0,51.76,402495.0,48.24,174053.0,20.86,575783.0,69.0,84358.0,10.11,15699.71,53.15,5.06,5.43,,42.61,4.86,,Muy bajo,,,Muy bajo,0.93,-1.22,-99.23,19.48,0.0,0.0,0.0,0.0,0.0,0.0
MEXICO,15,NEZAHUALCOYOTL,15058,1077208.0,557286.0,51.73,519922.0,48.27,216244.0,20.07,746322.0,69.28,114432.0,10.62,6289.96,171.26,0.42,3.0,,46.46,5.14,,Muy bajo,,,Muy bajo,0.93,-1.23,-99.02,19.41,0.0,0.0,0.0,0.0,0.0,0.0
MEXICO,15,NEXTLALPAN,15059,57082.0,29094.0,50.97,27988.0,49.03,16559.0,29.01,38107.0,66.76,2402.0,4.21,5434.19,10.5,24.46,3.9,,54.1,6.32,,Muy bajo,,,Muy bajo,0.91,-1.1,-99.08,19.74,0.0,0.0,0.0,0.0,0.0,0.0
MEXICO,15,NICOLAS ROMERO,15060,430601.0,220827.0,51.28,209774.0,48.72,105196.0,24.43,298811.0,69.39,26523.0,6.16,23107.06,18.64,11.3,6.15,,51.4,7.99,,Muy bajo,,,Muy bajo,0.92,-1.06,-99.32,19.63,0.0,0.0,0.0,0.0,0.0,0.0
MEXICO,15,NOPALTEPEC,15061,10351.0,5261.0,50.83,5090.0,49.17,2640.0,25.5,6803.0,65.72,908.0,8.77,8206.94,1.26,100.0,0.66,,60.24,2.4,,Muy bajo,,,Muy bajo,0.89,-0.76,-98.71,19.78,0.0,0.0,0.0,0.0,0.0,0.0
MEXICO,15,OCOYOACAC,15062,72103.0,36882.0,51.15,35221.0,48.85,17807.0,24.7,49324.0,68.41,4970.0,6.89,13795.55,5.23,30.84,4.75,,49.15,7.54,,Muy bajo,,,Muy bajo,0.92,-1.05,-99.46,19.27,0.0,0.0,0.0,0.0,0.0,0.0
MEXICO,15,OCUILAN,15063,36223.0,18578.0,51.29,17645.0,48.71,11173.0,30.85,22728.0,62.74,2319.0,6.4,38402.73,0.94,100.0,10.84,,64.55,12.08,,Bajo,,,Bajo,0.86,-0.24,-99.42,18.98,0.0,0.0,0.0,0.0,0.0,0.0
MEXICO,15,EL ORO,15064,36937.0,19019.0,51.49,17918.0,48.51,10574.0,28.63,23631.0,63.98,2732.0,7.4,14613.49,2.53,83.84,27.99,,61.12,11.8,,Bajo,,,Bajo,0.86,-0.18,-100.13,19.8,0.0,0.0,0.0,0.0,0.0,0.0
MEXICO,15,OTUMBA,15065,36331.0,18134.0,49.91,18197.0,50.09,9251.0,25.46,24369.0,67.07,2711.0,7.46,14100.84,2.58,57.9,0.94,,63.16,7.39,,Muy bajo,,,Muy bajo,0.89,-0.86,-98.76,19.7,0.0,0.0,0.0,0.0,0.0,0.0
MEXICO,15,OTZOLOAPAN,15066,4891.0,2494.0,50.99,2397.0,49.01,1590.0,32.51,2859.0,58.45,442.0,9.04,15625.22,0.31,100.0,0.1,,64.93,8.28,,Medio,,,Bajo,0.85,-0.33,-100.3,19.12,0.0,0.0,0.0,0.0,0.0,0.0
MEXICO,15,OTZOLOTEPEC,15067,88783.0,45336.0,51.06,43447.0,48.94,24499.0,27.59,59632.0,67.17,4625.0,5.21,11168.11,7.95,65.92,14.65,,61.75,12.37,,Muy bajo,,,Bajo,0.89,-0.61,-99.56,19.42,0.0,0.0,0.0,0.0,0.0,0.0
MEXICO,15,OZUMBA,15068,30785.0,16033.0,52.08,14752.0,47.92,8275.0,26.88,20228.0,65.71,2277.0,7.4,4715.39,6.53,39.65,0.73,,65.89,12.64,,Bajo,,,Bajo,0.88,-0.57,-98.8,19.04,0.0,0.0,0.0,0.0,0.0,0.0
MEXICO,15,PAPALOTLA,15069,4862.0,2524.0,51.91,2338.0,48.09,1176.0,24.19,3327.0,68.43,359.0,7.38,314.22,15.47,100.0,1.62,,48.23,4.45,,Muy bajo,,,Muy bajo,0.91,-1.18,-98.86,19.56,0.0,0.0,0.0,0.0,0.0,0.0
MEXICO,15,LA PAZ,15070,304088.0,155886.0,51.26,148202.0,48.74,78613.0,25.85,207136.0,68.12,18271.0,6.01,3725.45,81.62,2.51,8.84,,62.65,13.65,,Muy bajo,,,Muy bajo,0.9,-0.89,-98.98,19.36,0.0,0.0,0.0,0.0,0.0,0.0
MEXICO,15,POLOTITLAN,15071,14985.0,7656.0,51.09,7329.0,48.91,4019.0,26.82,9648.0,64.38,1318.0,8.8,12572.93,1.19,100.0,0.65,,47.09,4.07,,Bajo,,,Muy bajo,0.88,-0.72,-99.81,20.22,0.0,0.0,0.0,0.0,0.0,0.0
MEXICO,15,RAYON,15072,15972.0,8223.0,51.48,7749.0,48.52,4240.0,26.55,10743.0,67.26,989.0,6.19,2287.01,6.98,40.27,1.01,,48.48,2.68,,Muy bajo,,,Muy bajo,0.91,-0.91,-99.58,19.15,0.0,0.0,0.0,0.0,0.0,0.0
MEXICO,15,SAN ANTONIO LA ISLA,15073,31962.0,16541.0,51.75,15421.0,48.25,8653.0,27.07,21914.0,68.56,1389.0,4.35,2516.89,12.7,6.35,1.19,,44.88,4.0,,Muy bajo,,,Muy bajo,0.94,-1.18,-99.57,19.16,0.0,0.0,0.0,0.0,0.0,0.0
MEXICO,15,SAN FELIPE DEL PROGRESO,15074,144924.0,75596.0,52.16,69328.0,47.84,47372.0,32.69,89711.0,61.9,7837.0,5.41,36633.11,3.96,78.82,58.96,,75.36,26.96,,Alto,,,Medio,0.82,0.9,-99.95,19.71,0.0,0.0,0.0,0.0,0.0,0.0
MEXICO,15,SAN MARTIN DE LAS PIRAMIDES,15075,29182.0,14914.0,51.11,14268.0,48.89,7068.0,24.22,19889.0,68.16,2218.0,7.6,6948.54,4.2,51.06,2.52,,48.6,3.67,,Muy bajo,,,Muy bajo,0.9,-0.95,-98.83,19.7,0.0,0.0,0.0,0.0,0.0,0.0
MEXICO,15,SAN MATEO ATENCO,15076,97418.0,49937.0,51.26,47481.0,48.74,25639.0,26.32,65943.0,67.69,5566.0,5.71,2086.98,46.68,1.03,1.16,,53.95,9.97,,Muy bajo,,,Muy bajo,0.92,-1.02,-99.53,19.26,0.0,0.0,0.0,0.0,0.0,0.0
MEXICO,15,SAN SIMON DE GUERRERO,15077,6692.0,3439.0,51.39,3253.0,48.61,2060.0,30.78,4058.0,60.64,574.0,8.58,13016.21,0.51,100.0,0.54,,61.14,11.36,,Medio,,,Bajo,0.84,-0.16,-100.01,19.02,0.0,0.0,0.0,0.0,0.0,0.0
MEXICO,15,SANTO TOMAS,15078,9729.0,4893.0,50.29,4836.0,49.71,2907.0,29.88,6053.0,62.22,767.0,7.88,10349.79,0.94,100.0,0.13,,55.05,8.23,,Bajo,,,Bajo,0.86,-0.45,-100.26,19.18,0.0,0.0,0.0,0.0,0.0,0.0
MEXICO,15,SOYANIQUILPAN DE JUAREZ,15079,14323.0,7220.0,50.41,7103.0,49.59,3886.0,27.13,9317.0,65.05,1117.0,7.8,14552.68,0.98,60.16,0.51,,50.31,5.81,,Bajo,,,Bajo,0.87,-0.52,-99.53,20.01,0.0,0.0,0.0,0.0,0.0,0.0
MEXICO,15,SULTEPEC,15080,24145.0,12707.0,52.63,11438.0,47.37,7750.0,32.1,14078.0,58.31,2317.0,9.6,56389.21,0.43,100.0,1.76,,66.11,14.66,,Alto,,,Medio,0.81,0.53,-99.97,18.86,0.0,0.0,0.0,0.0,0.0,0.0
MEXICO,15,TECAMAC,15081,547503.0,281983.0,51.5,265520.0,48.5,131070.0,23.94,387413.0,70.76,28897.0,5.28,15584.93,35.13,2.03,2.42,,40.23,4.15,,Muy bajo,,,Muy bajo,0.94,-1.38,-98.97,19.71,0.0,0.0,0.0,0.0,0.0,0.0
MEXICO,15,TEJUPILCO,15082,79282.0,41274.0,52.06,38008.0,47.94,25316.0,31.93,47650.0,60.1,6316.0,7.97,66548.57,1.19,60.94,0.25,,59.75,13.1,,Medio,,,Bajo,0.85,-0.22,-100.15,18.91,0.0,0.0,0.0,0.0,0.0,0.0
MEXICO,15,TEMAMATLA,15083,14130.0,7202.0,50.97,6928.0,49.03,3976.0,28.14,9365.0,66.28,778.0,5.51,2908.54,4.86,54.96,4.83,,46.56,5.97,,Muy bajo,,,Muy bajo,0.89,-0.77,-98.87,19.2,0.0,0.0,0.0,0.0,0.0,0.0
MEXICO,15,TEMASCALAPA,15084,43593.0,22219.0,50.97,21374.0,49.03,11678.0,26.79,28766.0,65.99,3136.0,7.19,16350.55,2.67,53.31,2.17,,61.97,9.45,,Muy bajo,,,Muy bajo,0.89,-0.8,-98.9,19.83,0.0,0.0,0.0,0.0,0.0,0.0
MEXICO,15,TEMASCALCINGO,15085,66414.0,34517.0,51.97,31897.0,48.03,18912.0,28.48,41995.0,63.23,5501.0,8.28,35376.14,1.88,60.46,30.0,,67.88,20.8,,Bajo,,,Bajo,0.86,-0.14,-100.0,19.92,0.0,0.0,0.0,0.0,0.0,0.0
MEXICO,15,TEMASCALTEPEC,15086,35014.0,17825.0,50.91,17189.0,49.09,11123.0,31.77,21395.0,61.1,2496.0,7.13,56547.43,0.62,100.0,10.15,,62.44,13.4,,Medio,,,Medio,0.83,0.21,-100.04,19.04,0.0,0.0,0.0,0.0,0.0,0.0
MEXICO,15,TEMOAYA,15087,105766.0,54234.0,51.28,51532.0,48.72,32162.0,30.41,68341.0,64.62,5247.0,4.96,18699.35,5.66,70.08,50.73,,61.97,18.13,,Bajo,,,Bajo,0.87,-0.18,-99.59,19.47,0.0,0.0,0.0,0.0,0.0,0.0
MEXICO,15,TENNANCINGO,15088,104677.0,53450.0,51.06,51227.0,48.94,29697.0,28.37,67918.0,64.88,7029.0,6.71,16388.22,6.39,74.51,0.44,,62.74,13.39,,Bajo,,,Bajo,0.88,-0.65,-99.59,18.96,0.0,0.0,0.0,0.0,0.0,0.0
MEXICO,15,TENNANGO DEL AIRE,15089,11359.0,5807.0,51.12,5552.0,48.88,2925.0,25.75,7584.0,66.77,850.0,7.48,3776.29,3.01,43.43,1.58,,58.52,5.34,,Muy bajo,,,Muy bajo,0.9,-0.92,-98.86,19.16,0.0,0.0,0.0,0.0,0.0,0.0
MEXICO,15,TENNANGO DEL VALLE,15090,90518.0,46028.0,50.85,44490.0,49.15,25699.0,28.39,59107.0,65.3,5708.0,6.31,20749.03,4.36,29.16,1.11,,67.49,14.23,,Muy bajo,,,Bajo,0.89,-0.53,-99.59,19.1,0.0,0.0,0.0,0.0,0.0,0.0
MEXICO,15,TEOLOYUCAN,15091,65459.0,33520.0,51.21,31939.0,48.79,17125.0,26.16,43923.0,67.1,4387.0,6.7,3084.32,21.22,10.03,1.11,,52.24,5.45,,Muy bajo,,,Muy bajo,0.92,-1.01,-99.18,19.75,0.0,0.0,0.0,0.0,0.0,0.0
MEXICO,15,TEOTIHUACAN,15092,58507.0,30312.0,51.81,28195.0,48.19,14316.0,24.47,39776.0,67.99,4408.0,7.53,8266.33,7.08,37.85,3.82,,54.7,5.9,,Muy bajo,,,Muy bajo,0.91,-1.09,-98.87,19.69,0.0,0.0,0.0,0.0,0.0,0.0
MEXICO,15,TEPETLAOXTOC,15093,32564.0,16658.0,51.15,15906.0,48.85,8496.0,26.09,21739.0,66.76,2322.0,7.13,17781.26,1.83,59.23,2.23,,56.26,5.55,,Muy bajo,,,Muy bajo,0.9,-0.91,-98.82,19.57,0.0,0.0,0.0,0.0,0.0,0.0
MEXICO,15,TEPETLIXPA,15094,20500.0,10554.0,51.48,9946.0,48.52,5378.0,26.23,13550.0,66.1,1569.0,7.65,4291.98,4.78,27.1,0.88,,64.2,11.93,,Bajo,,,Bajo,0.88,-0.5,-98.82,19.03,0.0,0.0,0.0,0.0,0.0,0.0
MEXICO,15,TEPOTZOTLAN,15095,103696.0,52988.0,51.1,50708.0,48.9,25016.0,24.12,71521.0,68.97,7153.0,6.9,20577.02,5.04,24.7,2.82,,46.32,6.05,,Muy bajo,,,Muy bajo,0.91,-1.03,-99.22,19.71,0.0,0.0,0.0,0.0,0.0,0.0
MEXICO,15,TEQUIXQUIAC,15096,39489.0,20160.0,51.05,19329.0,48.95,9920.0,25.12,26866.0,68.03,2703.0,6.84,12162.33,3.25,15.99,1.32,,61.84,6.3,,Muy bajo,,,Muy bajo,0.92,-0.97,-99.15,19.91,0.0,0.0,0.0,0.0,0.0,0.0
MEXICO,15,TEXCALTITLAN,15097,18482.0,9537.0,51.6,8945.0,48.4,6077.0,32.88,11086.0,59.98,1319.0,7.14,14853.91,1.24,100.0,0.23,,56.59,10.04,,Medio,,,Bajo,0.84,-0.05,-99.94,18.93,0.0,0.0,0.0,0.0,0.0,0.0
MEXICO,15,TEXCALYACAC,15098,5736.0,2915.0,50.82,2821.0,49.18,1499.0,26.13,3856.0,67.22,381.0,6.64,2460.5,2.33,11.02,2.72,,53.83,3.38,,Muy bajo,,,Muy bajo,0.92,-0.88,-99.5,19.13,0.0,0.0,0.0,0.0,0.0,0.0
MEXICO,15,TEXCOCO,15099,277562.0,142622.0,51.38,134940.0,48.62,64717.0,23.32,191559.0,69.01,21235.0,7.65,42557.52,6.52,42.63,5.3,,56.41,9.8,,Muy bajo,,,Muy bajo,0.9,-1.01,-98.88,19.51,0.0,0.0,0.0,0.0,0.0,0.0
MEXICO,15,TEZOYUCA,15100,47044.0,23807.0,50.61,23237.0,49.39,11955.0,25.41,32418.0,68.91,2647.0,5.63,1619.51,29.05,5.88,6.46,,63.5,10.34,,Bajo,,,Bajo,0.87,-0.62,-98.91,19.59,0.0,0.0,0.0,0.0,0.0,0.0
MEXICO,15,TIANGUISTENCO,15101,84259.0,43412.0,51.52,40847.0,48.48,23096.0,27.41,55845.0,66.28,5282.0,6.27,13109.97,6.43,43.91,3.05,,60.44,12.52,,Muy bajo,,,Bajo,0.89,-0.65,-99.47,19.18,0.0,0.0,0.0,0.0,0.0,0.0
MEXICO,15,TIMILPAN,15102,16414.0,8553.0,52.11,7861.0,47.89,4259.0,25.95,10638.0,64.81,1516.0,9.24,16559.12,0.99,100.0,12.85,,45.22,4.08,,Bajo,,,Bajo,0.87,-0.55,-99.73,19.88,0.0,0.0,0.0,0.0,0.0,0.0
MEXICO,15,TLALMANALCO,15103,49196.0,25622.0,52.08,23574.0,47.92,11401.0,23.17,33405.0,67.9,4387.0,8.92,15932.88,3.09,25.04,0.72,,51.52,6.53,,Muy bajo,,,Muy bajo,0.92,-1.14,-98.8,19.21,0.0,0.0,0.0,0.0,0.0,0.0
MEXICO,15,TLALNEPANTLA DE BAZ,15104,672202.0,345185.0,51.35,327017.0,48.65,125833.0,18.72,468570.0,69.71,76655.0,11.4,7986.06,84.17,0.04,3.08,,36.69,3.92,,Muy bajo,,,Muy bajo,0.94,-1.27,-99.2,19.54,0.0,0.0,0.0,0.0,0.0,0.0
MEXICO,15,TLATLAYA,15105,31762.0,16136.0,50.8,15626.0,49.2,9344.0,29.42,18445.0,58.07,3973.0,12.51,78588.72,0.4,100.0,0.22,,60.85,15.63,,Alto,,,Bajo,0.82,0.1,-100.21,18.62,0.0,0.0,0.0,0.0,0.0,0.0
MEXICO,15,TOLUCA,15106,910608.0,471435.0,51.77,439173.0,48.23,217759.0,23.91,628235.0,68.99,63771.0,7.0,42377.67,21.49,11.51,7.55,,51.84,10.84,,Muy bajo,,,Muy bajo,0.93,-1.06,-99.66,19.29,0.0,0.0,0.0,0.0,0.0,0.0
MEXICO,15,TONATICO,15107,12912.0,6677.0,51.71,6235.0,48.29,3265.0,25.29,8257.0,63.95,1390.0,10.77,8978.07,1.44,45.62,0.6,,49.05,3.79,,Muy bajo,,,Muy bajo,0.89,-0.77,-99.67,18.8,0.0,0.0,0.0,0.0,0.0,0.0
MEXICO,15,TULTEPEC,15108,157645.0,80513.0,51.07,77132.0,48.93,38208.0,24.24,110627.0,70.17,8692.0,5.51,2659.76,59.27,4.3,2.52,,43.22,5.08,,Muy bajo,,,Muy bajo,0.94,-1.28,-99.13,19.69,0.0,0.0,0.0,0.0,0.0,0.0
MEXICO,15,TULTITLAN,15109,516341.0,264703.0,51.27,251638.0,48.73,114503.0,22.18,363205.0,70.34,38303.0,7.42,6562.04,78.69,1.72,2.62,,42.22,5.05,,Muy bajo,,,Muy bajo,0.94,-1.28,-99.17,19.65,0.0,0.0,0.0,0.0,0.0,0.0
MEXICO,15,VALLE DE BRAVO,15110,61590.0,31514.0,51.17,30076.0,48.83,17040.0,27.67,40477.0,65.72,4073.0,6.61,39875.9,1.54,51.98,1.4,,59.96,9.5,,Muy bajo,,,Muy bajo,0.89,-0.73,-100.13,19.19,0.0,0.0,0.0,0.0,0.0,0.0
MEXICO,15,VILLA DE ALLENDE,15111,53275.0,27381.0,51.4,25894.0,48.6,17284.0,32.44,33042.0,62.02,2949.0,5.54,30777.72,1.73,100.0,13.23,,73.76,19.49,,Alto,,,Medio,0.82,0.64,-100.15,19.37,0.0,0.0,0.0,0.0,0.0,0.0
MEXICO,15,VILLA DEL CARBON,15112,51498.0,25931.0,50.35,25567.0,49.65,15282.0,29.67,32910.0,63.91,3298.0,6.4,30142.08,1.71,81.36,6.14,,64.74,13.61,,Medio,,,Medio,0.84,0.14,-99.46,19.73,0.0,0.0,0.0,0.0,0.0,0.0
MEXICO,15,VILLA GUERRERO,15113,69086.0,35227.0,50.99,33859.0,49.01,22135.0,32.04,43112.0,62.4,3839.0,5.56,22825.38,3.03,85.04,0.19,,66.61,13.96,,Medio,,,Bajo,0.85,-0.07,-99.64,18.96,0.0,0.0,0.0,0.0,0.0,0.0
MEXICO,15,VILLA VICTORIA,15114,108196.0,55057.0,50.89,53139.0,49.11,36461.0,33.7,66341.0,61.32,5380.0,4.97,42230.78,2.56,100.0,17.74,,71.86,23.71,,Alto,,,Alto,0.79,1.05,-100.0,19.44,0.0,0.0,0.0,0.0,0.0,0.0
MEXICO,15,XONACATLAN,15115,54633.0,27875.0,51.02,26758.0,48.98,14689.0,26.89,36639.0,67.06,3294.0,6.03,5319.66,10.27,27.29,4.53,,60.74,10.16,,Muy bajo,,,Muy bajo,0.91,-0.87,-99.53,19.4,0.0,0.0,0.0,0.0,0.0,0.0
MEXICO,15,ZACAZONAPAN,15116,5109.0,2533.0,49.58,2576.0,50.42,1651.0,32.32,3092.0,60.52,366.0,7.16,6636.83,0.77,100.0,0.23,,56.69,6.29,,Bajo,,,Bajo,0.87,-0.55,-100.26,19.07,0.0,0.0,0.0,0.0,0.0,0.0
MEXICO,15,ZACUALPAN,15117,13522.0,7066.0,52.26,6456.0,47.74,4082.0,30.19,8103.0,59.92,1337.0,9.89,29097.63,0.46,100.0,0.02,,65.22,14.82,,Alto,,,Medio,0.78,0.72,-99.78,18.72,0.0,0.0,0.0,0.0,0.0,0.0
MEXICO,15,ZINACANTEPEC,15118,203872.0,104366.0,51.19,99506.0,48.81,54315.0,26.64,138333.0,67.85,11046.0,5.42,30805.75,6.62,24.52,1.21,,52.46,9.73,,Muy bajo,,,Muy bajo,0.91,-0.8,-99.74,19.28,0.0,0.0,0.0,0.0,0.0,0.0
MEXICO,15,ZUMPAHUACAN,15119,18833.0,9745.0,51.74,9088.0,48.26,6158.0,32.7,11291.0,59.95,1383.0,7.34,20150.98,0.93,100.0,0.49,,77.58,22.31,,Alto,,,Medio,0.82,0.33,-99.59,18.84,0.0,0.0,0.0,0.0,0.0,0.0
MEXICO,15,ZUMPANGO,15120,280455.0,143484.0,51.16,136971.0,48.84,77649.0,27.69,189444.0,67.55,13307.0,4.74,22214.24,12.63,23.44,3.17,,58.54,7.84,,Muy bajo,,,Muy bajo,0.92,-1.11,-99.1,19.8,0.0,0.0,0.0,0.0,0.0,0.0
MEXICO,15,CUAUTITLAN IZCALLI,15121,555163.0,286207.0,51.55,268956.0,48.45,112992.0,20.35,391024.0,70.43,50945.0,9.18,10937.11,50.76,2.29,2.04,,31.53,3.66,,Muy bajo,,,Muy bajo,0.95,-1.38,-99.21,19.66,0.0,0.0,0.0,0.0,0.0,0.0
MEXICO,15,VALLE DE CHALCO SOLIDARIDAD,15122,391731.0,201057.0,51.33,190674.0,48.67,104469.0,26.67,263804.0,67.34,23328.0,5.96,4641.07,84.41,0.21,7.52,,66.28,13.06,,Muy bajo,,,Muy bajo,0.91,-0.91,-98.94,19.28,0.0,0.0,0.0,0.0,0.0,0.0
MEXICO,15,LUVIANOS,15123,28822.0,14735.0,51.12,14087.0,48.88,9413.0,32.66,16541.0,57.39,2868.0,9.95,69971.3,0.41,69.8,0.23,,74.89,22.63,,Alto,,,Medio,0.81,0.24,-100.3,18.92,0.0,0.0,0.0,0.0,0.0,0.0
MEXICO,15,SAN JOSE DEL RINCON,15124,100082.0,51049.0,51.01,49033.0,48.99,34662.0,34.63,60219.0,60.17,5199.0,5.19,47551.06,2.1,100.0,29.11,,77.05,24.85,,Alto,,,Alto,0.8,1.15,-100.15,19.66,0.0,0.0,0.0,0.0,0.0,0.0
MEXICO,15,TONNANITLA,15125,14883.0,7630.0,51.27,7253.0,48.73,3973.0,26.69,10125.0,68.03,785.0,5.27,898.16,16.57,53.54,4.13,,52.8,9.01,,Muy bajo,,,Muy bajo,0.91,-1.14,-99.05,19.69,0.0,0.0,0.0,0.0,0.0,0.0
MICHOACAN,16,ACUITZIO,16001,11301.0,5808.0,51.39,5493.0,48.61,3123.0,27.63,7062.0,62.49,1115.0,9.87,17527.81,0.64,34.17,0.58,,55.52,10.53,,Bajo,,,Bajo,0.87,-0.48,-101.33,19.5,0.0,0.0,0.0,0.0,0.0,0.0
MICHOACAN,16,AGUILILLA,16002,14754.0,7419.0,50.28,7335.0,49.72,4463.0,30.25,8256.0,55.96,1688.0,11.44,139114.76,0.11,42.35,1.06,,62.77,14.15,,Medio,,,Bajo,0.85,-0.06,-102.79,18.73,0.0,0.0,0.0,0.0,0.0,0.0
MICHOACAN,16,ALVARO OBREGON,16003,23000.0,11776.0,51.2,11224.0,48.8,6620.0,28.78,14119.0,61.39,2244.0,9.76,15842.41,1.45,58.64,0.23,,62.07,12.19,,Bajo,,,Bajo,0.88,-0.65,-101.04,19.83,0.0,0.0,0.0,0.0,0.0,0.0
MICHOACAN,16,ANGAMACUTIRO,16004,14943.0,7748.0,51.85,7195.0,48.15,3789.0,25.36,9152.0,61.25,2002.0,13.4,23850.78,0.63,66.25,0.19,,46.38,6.18,,Bajo,,,Bajo,0.87,-0.4,-101.71,20.15,0.0,0.0,0.0,0.0,0.0,0.0
MICHOACAN,16,ANGANGUEO,16005,10892.0,5618.0,51.58,5274.0,48.42,3317.0,30.45,6600.0,60.59,975.0,8.95,7635.41,1.43,100.0,0.24,,61.35,13.5,,Bajo,,,Bajo,0.86,-0.23,-100.29,19.62,0.0,0.0,0.0,0.0,0.0,0.0
MICHOACAN,16,APATZINGAN,16006,126191.0,64038.0,50.75,62153.0,49.25,37128.0,29.42,79530.0,63.02,9516.0,7.54,163281.03,0.77,18.88,1.57,,41.33,6.22,,Bajo,,,Bajo,0.88,-0.49,-102.36,19.09,0.0,0.0,0.0,0.0,0.0,0.0
MICHOACAN,16,APORO,16007,3529.0,1862.0,52.76,1667.0,47.24,1039.0,29.44,2178.0,61.72,312.0,8.84,5804.28,0.61,100.0,0.14,,55.87,10.22,,Medio,,,Bajo,0.85,-0.33,-100.41,19.67,0.0,0.0,0.0,0.0,0.0,0.0
MICHOACAN,16,AQUILA,16008,24676.0,12247.0,49.63,12429.0,50.37,8678.0,35.17,13937.0,56.48,2047.0,8.3,225543.4,0.11,100.0,44.14,,48.82,16.18,,Muy alto,,,Alto,0.72,1.53,-103.5,18.6,0.0,0.0,0.0,0.0,0.0,0.0
MICHOACAN,16,ARIO,16009,36268.0,18436.0,50.83,17832.0,49.17,10759.0,29.67,22187.0,61.18,3080.0,8.49,69160.97,0.52,50.1,0.42,,45.73,6.96,,Bajo,,,Bajo,0.88,-0.53,-101.71,19.21,0.0,0.0,0.0,0.0,0.0,0.0
MICHOACAN,16,ARTEAGA,16010,20332.0,10274.0,50.53,10058.0,49.47,5831.0,28.68,12372.0,60.85,2117.0,10.41,342447.79,0.06,45.67,0.18,,46.94,8.59,,Medio,,,Bajo,0.85,-0.09,-102.29,18.36,0.0,0.0,0.0,0.0,0.0,0.0
MICHOACAN,16,BRISENAS,16011,11681.0,6011.0,51.46,5670.0,48.54,3301.0,28.26,7177.0,61.44,1203.0,10.3,6718.12,1.74,100.0,0.16,,44.99,4.86,,Bajo,,,Muy bajo,0.88,-0.73,-102.56,20.27,0.0,0.0,0.0,0.0,0.0,0.0
MICHOACAN,16,BUENAVISTA,16012,45538.0,22531.0,49.48,23007.0,50.52,13789.0,30.28,28286.0,62.12,3461.0,7.6,91751.68,0.5,50.57,4.15,,51.9,5.59,,Medio,,,Bajo,0.85,-0.19,-102.59,19.21,0.0,0.0,0.0,0.0,0.0,0.0
MICHOACAN,16,CARACUARO,16013,9176.0,4565.0,49.75,4611.0,50.25,3033.0,33.05,5115.0,55.74,1028.0,11.2,91378.69,0.1,100.0,0.16,,62.58,11.98,,Alto,,,Bajo,0.82,0.07,-101.13,19.02,0.0,0.0,0.0,0.0,0.0,0.0
MICHOACAN,16,COAHUAYANA,16014,17022.0,8298.0,48.75,8724.0,51.25,5137.0,30.18,10366.0,60.9,1519.0,8.92,36402.63,0.47,65.42,2.17,,47.45,7.68,,Bajo,,,Bajo,0.87,-0.35,-103.66,18.7,0.0,0.0,0.0,0.0,0.0,0.0
MICHOACAN,16,COALCOMAN DE VAZQUEZ PALLARES,16015,19633.0,9843.0,50.13,9790.0,49.87,5899.0,30.05,11741.0,59.8,1898.0,9.67,281555.85,0.07,29.68,0.92,,50.43,7.77,,Bajo,,,Bajo,0.86,-0.27,-103.16,18.78,0.0,0.0,0.0,0.0,0.0,0.0
MICHOACAN,16,COENEO,16016,20965.0,11042.0,52.67,9923.0,47.33,5023.0,23.96,12602.0,60.11,3340.0,15.93,39104.81,0.54,100.0,21.33,,49.06,11.64,,Medio,,,Bajo,0.85,-0.37,-101.58,19.82,0.0,0.0,0.0,0.0,0.0,0.0
MICHOACAN,16,CONTEPEC,16017,35070.0,18126.0,51.69,16944.0,48.31,11041.0,31.48,21023.0,59.95,3006.0,8.57,37619.95,0.93,100.0,0.28,,58.53,10.34,,Medio,,,Bajo,0.84,-0.29,-100.16,19.96,0.0,0.0,0.0,0.0,0.0,0.0
MICHOACAN,16,COPANDARO,16018,9484.0,4891.0,51.57,4593.0,48.43,2579.0,27.19,5899.0,62.2,1006.0,10.61,17207.37,0.55,100.0,0.18,,66.06,8.86,,Bajo,,,Bajo,0.86,-0.58,-101.22,19.89,0.0,0.0,0.0,0.0,0.0,0.0
MICHOACAN,16,COTIJA,16019,20198.0,10418.0,51.58,9780.0,48.42,5469.0,27.08,12315.0,60.97,2414.0,11.95,50168.77,0.4,30.32,0.47,,46.62,5.18,,Bajo,,,Bajo,0.88,-0.55,-102.71,19.81,0.0,0.0,0.0,0.0,0.0,0.0
MICHOACAN,16,CUITZEO,16020,29910.0,15606.0,52.18,14304.0,47.82,8066.0,26.97,18658.0,62.38,3186.0,10.65,25260.2,1.18,63.28,0.15,,65.28,13.3,,Bajo,,,Bajo,0.87,-0.49,-101.14,19.97,0.0,0.0,0.0,0.0,0.0,0.0
MICHOACAN,16,CHARAPAN,16021,13539.0,7103.0,52.46,6436.0,47.54,3883.0,28.68,8379.0,61.89,1277.0,9.43,23225.31,0.58,100.0,55.61,,81.44,31.43,,Alto,,,Alto,0.78,1.06,-102.25,19.65,0.0,0.0,0.0,0.0,0.0,0.0
MICHOACAN,16,CHARO,16022,25138.0,11516.0,45.81,13622.0,54.19,6335.0,25.2,16601.0,66.04,2202.0,8.76,32097.86,0.78,76.9,0.4,,44.4,6.66,,Bajo,,,Bajo,0.87,-0.65,-101.05,19.75,0.0,0.0,0.0,0.0,0.0,0.0
MICHOACAN,16,CHAVINDA,16023,10417.0,5349.0,51.35,5068.0,48.65,2637.0,25.31,6391.0,61.35,1389.0,13.33,15096.99,0.69,36.68,1.23,,53.34,8.79,,Bajo,,,Bajo,0.88,-0.57,-102.46,20.01,0.0,0.0,0.0,0.0,0.0,0.0
MICHOACAN,16,CHERAN,16024,20586.0,10633.0,51.65,9953.0,48.35,6514.0,31.64,12370.0,60.09,1666.0,8.09,22090.79,0.93,18.19,41.71,,76.54,26.96,,Medio,,,Medio,0.85,0.3,-101.95,19.69,0.0,0.0,0.0,0.0,0.0,0.0
MICHOACAN,16,CHILCHOTA,16025,40560.0,20897.0,51.52,19663.0,48.48,11883.0,29.3,25639.0,63.21,3008.0,7.42,30258.01,1.34,62.66,60.57,,66.62,20.63,,Medio,,,Medio,0.85,0.23,-102.12,19.85,0.0,0.0,0.0,0.0,0.0,0.0
MICHOACAN,16,CHINICUILA,16026,4773.0,2289.0,47.96,2484.0,52.04,1489.0,31.2,2774.0,58.12,510.0,10.69,101791.51,0.05,100.0,3.98,,41.61,4.42,,Medio,,,Bajo,0.82,0.03,-103.37,18.76,0.0,0.0,0.0,0.0,0.0,0.0
MICHOACAN,16,CHUCANDIRO,16027,4944.0,2557.0,51.72,2387.0,48.28,1080.0,21.84,2999.0,60.66,865.0,17.5,19097.33,0.26,100.0,0.0,,49.91,5.35,,Medio,,,Bajo,0.83,-0.05,-101.33,19.9,0.0,0.0,0.0,0.0,0.0,0.0
MICHOACAN,16,CHURINTZIO,16028,5233.0,2706.0,51.71,2527.0,48.29,1137.0,21.73,3094.0,59.12,1002.0,19.15,22772.42,0.23,100.0,0.31,,38.63,1.99,,Bajo,,,Muy bajo,0.88,-0.78,-102.07,20.15,0.0,0.0,0.0,0.0,0.0,0.0
MICHOACAN,16,CHURUMUCO,16029,12342.0,6328.0,51.27,6014.0,48.73,3939.0,31.92,7119.0,57.68,1282.0,10.39,110478.06,0.11,100.0,0.06,,62.94,14.64,,Alto,,,Medio,0.79,0.41,-101.65,18.66,0.0,0.0,0.0,0.0,0.0,0.0
MICHOACAN,16,ECUANDUREO,16030,11850.0,6299.0,53.16,5551.0,46.84,2547.0,21.49,7281.0,61.44,2022.0,17.06,30189.77,0.39,100.0,0.1,,45.16,6.33,,Bajo,,,Bajo,0.86,-0.5,-102.19,20.16,0.0,0.0,0.0,0.0,0.0,0.0
MICHOACAN,16,EPITACIO HUERTA,16031,16112.0,8343.0,51.78,7769.0,48.22,4838.0,30.03,9481.0,58.84,1793.0,11.13,42046.84,0.38,100.0,0.48,,52.6,8.34,,Medio,,,Bajo,0.85,-0.34,-100.29,20.13,0.0,0.0,0.0,0.0,0.0,0.0
MICHOACAN,16,ERONGARICUARO,16032,15715.0,8085.0,51.45,7630.0,48.55,4386.0,27.91,9446.0,60.11,1883.0,11.98,24244.56,0.65,100.0,40.47,,56.68,14.45,,Bajo,,,Bajo,0.86,-0.22,-101.72,19.59,0.0,0.0,0.0,0.0,0.0,0.0
MICHOACAN,16,GABRIEL ZAMORA,16033,21466.0,10875.0,50.66,10591.0,49.34,6236.0,29.05,13327.0,62.08,1901.0,8.86,36542.39,0.59,42.66,0.28,,47.81,6.87,,Bajo,,,Bajo,0.87,-0.46,-102.05,19.16,0.0,0.0,0.0,0.0,0.0,0.0
MICHOACAN,16,HIDALGO,16034,125712.0,65098.0,51.78,60614.0,48.22,36366.0,28.93,79489.0,63.23,9855.0,7.84,113624.74,1.11,34.18,0.26,,66.26,16.35,,Bajo,,,Bajo,0.87,-0.45,-100.56,19.69,0.0,0.0,0.0,0.0,0.0,0.0
MICHOACAN,16,LA HUACANA,16035,30627.0,15454.0,50.46,15173.0,49.54,9401.0,30.7,18012.0,58.81,3206.0,10.47,194366.33,0.16,68.51,0.38,,59.45,12.96,,Medio,,,Bajo,0.83,-0.11,-101.81,18.96,0.0,0.0,0.0,0.0,0.0,0.0
MICHOACAN,16,HUANDACAREO,16036,11644.0,6070.0,52.13,5574.0,47.87,2868.0,24.63,7116.0,61.11,1654.0,14.2,9552.94,1.22,42.55,0.18,,49.07,7.51,,Bajo,,,Muy bajo,0.88,-0.78,-101.28,19.99,0.0,0.0,0.0,0.0,0.0,0.0
MICHOACAN,16,HUANIQUEO,16037,7945.0,4207.0,52.95,3738.0,47.05,1678.0,21.12,4714.0,59.33,1549.0,19.5,19915.97,0.4,100.0,0.11,,46.22,6.48,,Medio,,,Bajo,0.85,-0.41,-101.51,19.9,0.0,0.0,0.0,0.0,0.0,0.0
MICHOACAN,16,HUETAMO,16038,41973.0,21309.0,50.77,20664.0,49.23,11220.0,26.73,25586.0,60.96,5146.0,12.26,204957.96,0.2,43.21,0.29,,41.85,7.47,,Medio,,,Bajo,0.85,-0.32,-100.9,18.63,0.0,0.0,0.0,0.0,0.0,0.0
MICHOACAN,16,HUIRAMBA,16039,9015.0,4671.0,51.81,4344.0,48.19,2815.0,31.23,5510.0,61.12,690.0,7.65,7862.68,1.15,100.0,0.61,,54.0,5.36,,Bajo,,,Bajo,0.87,-0.51,-101.44,19.55,0.0,0.0,0.0,0.0,0.0,0.0
MICHOACAN,16,INDAPARAPEO,16040,18385.0,9387.0,51.06,8998.0,48.94,5145.0,27.98,11546.0,62.8,1694.0,9.21,17529.78,1.05,60.69,0.13,,65.83,17.51,,Bajo,,,Bajo,0.86,-0.26,-100.97,19.79,0.0,0.0,0.0,0.0,0.0,0.0
MICHOACAN,16,IRIMBO,16041,16043.0,8372.0,52.18,7671.0,47.82,4714.0,29.38,10015.0,62.43,1314.0,8.19,12582.87,1.27,100.0,0.12,,61.98,11.77,,Medio,,,Bajo,0.85,-0.4,-100.48,19.7,0.0,0.0,0.0,0.0,0.0,0.0
MICHOACAN,16,IXTLAN,16042,14302.0,7285.0,50.94,7017.0,49.06,3873.0,27.08,8598.0,60.12,1831.0,12.8,12298.66,1.16,64.4,0.13,,47.1,6.0,,Bajo,,,Bajo,0.86,-0.42,-102.39,20.17,0.0,0.0,0.0,0.0,0.0,0.0
MICHOACAN,16,JACONA,16043,68781.0,35442.0,51.53,33339.0,48.47,19966.0,29.03,43522.0,63.28,5281.0,7.68,11787.25,5.84,10.57,2.22,,47.24,8.79,,Muy bajo,,,Bajo,0.9,-0.54,-102.31,19.96,0.0,0.0,0.0,0.0,0.0,0.0
MICHOACAN,16,JIMENEZ,16044,12946.0,6665.0,51.48,6281.0,48.52,3013.0,23.27,7858.0,60.7,2075.0,16.03,19313.34,0.67,100.0,0.24,,44.68,5.96,,Bajo,,,Bajo,0.87,-0.59,-101.75,19.92,0.0,0.0,0.0,0.0,0.0,0.0
MICHOACAN,16,JIQUILPAN,16045,36158.0,18922.0,52.33,17236.0,47.67,8979.0,24.83,22803.0,63.06,4376.0,12.1,24151.07,1.5,31.79,0.37,,41.42,4.97,,Muy bajo,,,Muy bajo,0.9,-0.79,-102.72,19.99,0.0,0.0,0.0,0.0,0.0,0.0
MICHOACAN,16,JUAREZ,16046,14936.0,7620.0,51.02,7316.0,48.98,4409.0,29.52,9143.0,61.21,1384.0,9.27,14022.12,1.07,100.0,0.09,,61.89,13.11,,Medio,,,Bajo,0.85,-0.51,-100.43,19.31,0.0,0.0,0.0,0.0,0.0,0.0
MICHOACAN,16,JUNGAPEO,16047,19834.0,10002.0,50.43,9832.0,49.57,6107.0,30.79,11955.0,60.28,1772.0,8.93,26393.73,0.75,74.74,0.24,,50.58,9.01,,Bajo,,,Bajo,0.86,-0.48,-100.49,19.46,0.0,0.0,0.0,0.0,0.0,0.0
MICHOACAN,16,LAGUNILLAS,16048,5745.0,2932.0,51.04,2813.0,48.96,1620.0,28.2,3510.0,61.1,615.0,10.7,7221.98,0.8,100.0,0.26,,61.07,6.11,,Bajo,,,Bajo,0.86,-0.47,-101.41,19.56,0.0,0.0,0.0,0.0,0.0,0.0
MICHOACAN,16,MADERO,16049,19086.0,9457.0,49.55,9629.0,50.45,6331.0,33.17,11194.0,58.65,1560.0,8.17,101392.84,0.19,60.01,0.3,,70.25,17.49,,Alto,,,Medio,0.82,0.32,-101.28,19.39,0.0,0.0,0.0,0.0,0.0,0.0
MICHOACAN,16,MARAVATIO,16050,89311.0,46120.0,51.64,43191.0,48.36,26934.0,30.16,55334.0,61.96,7038.0,7.88,69290.03,1.29,49.72,0.46,,60.1,10.36,,Bajo,,,Bajo,0.86,-0.43,-100.44,19.89,0.0,0.0,0.0,0.0,0.0,0.0
MICHOACAN,16,MARCOS CASTELLANOS,16051,13983.0,7241.0,51.78,6742.0,48.22,3605.0,25.78,8869.0,63.43,1509.0,10.79,23135.5,0.6,25.15,0.32,,39.72,3.48,,Muy bajo,,,Muy bajo,0.92,-1.04,-103.02,19.99,0.0,0.0,0.0,0.0,0.0,0.0
MICHOACAN,16,LAZARO CARDENAS,16052,196003.0,98519.0,50.26,97484.0,49.74,53153.0,27.12,130606.0,66.63,12201.0,6.22,113862.49,1.72,11.1,1.83,,31.1,4.69,,Muy bajo,,,Muy bajo,0.92,-0.97,-102.2,17.96,0.0,0.0,0.0,0.0,0.0,0.0
MICHOACAN,16,MORELIA,16053,849053.0,441924.0,52.05,407129.0,47.95,197158.0,23.22,576091.0,67.85,74024.0,8.72,118481.39,7.17,8.96,1.36,,27.25,3.41,,Muy bajo,,,Muy bajo,0.93,-1.18,-101.19,19.7,0.0,0.0,0.0,0.0,0.0,0.0
MICHOACAN,16,MORELOS,16054,7983.0,4196.0,52.56,3787.0,47.44,1905.0,23.86,4773.0,59.79,1305.0,16.35,18209.0,0.44,100.0,0.21,,46.69,4.01,,Bajo,,,Bajo,0.86,-0.51,-101.41,20.0,0.0,0.0,0.0,0.0,0.0,0.0
MICHOACAN,16,MUGICA,16055,45732.0,23329.0,51.01,22403.0,48.99,13945.0,30.49,28006.0,61.24,3695.0,8.08,37582.15,1.22,29.31,0.71,,54.8,10.74,,Bajo,,,Bajo,0.87,-0.4,-102.09,19.03,0.0,0.0,0.0,0.0,0.0,0.0
MICHOACAN,16,NAHUATZEN,16056,32598.0,16636.0,51.03,15962.0,48.97,10171.0,31.2,19690.0,60.4,2709.0,8.31,30222.71,1.08,44.75,46.1,,78.16,30.14,,Alto,,,Alto,0.82,1.12,-101.92,19.65,0.0,0.0,0.0,0.0,0.0,0.0
MICHOACAN,16,NOCUPETARO,16057,8196.0,4165.0,50.82,4031.0,49.18,2791.0,34.05,4501.0,54.92,904.0,11.03,54281.09,0.15,100.0,0.12,,59.96,10.33,,Alto,,,Medio,0.79,0.3,-101.16,19.04,0.0,0.0,0.0,0.0,0.0,0.0
MICHOACAN,16,NUEVO PARANGARICUTIRO,16058,20981.0,10668.0,50.85,10313.0,49.15,6347.0,30.25,13282.0,63.3,1335.0,6.36,23363.24,0.9,20.19,3.54,,55.7,9.06,,Muy bajo,,,Muy bajo,0.9,-0.77,-102.13,19.42,0.0,0.0,0.0,0.0,0.0,0.0
MICHOACAN,16,NUEVO URECHO,16059,9027.0,4471.0,49.53,4556.0,50.47,2578.0,28.56,5556.0,61.55,893.0,9.89,32870.4,0.27,100.0,0.65,,43.32,5.32,,Medio,,,Bajo,0.85,-0.42,-101.87,19.17,0.0,0.0,0.0,0.0,0.0,0.0
MICHOACAN,16,NUMARAN,16060,9437.0,4841.0,51.3,4596.0,48.7,2418.0,25.62,5918.0,62.71,1100.0,11.66,7631.83,1.24,100.0,0.07,,55.5,3.98,,Bajo,,,Bajo,0.87,-0.63,-101.95,20.25,0.0,0.0,0.0,0.0,0.0,0.0
MICHOACAN,16,OCAMPO,16061,24774.0,12572.0,50.75,12202.0,49.25,8634.0,34.85,14628.0,59.05,1483.0,5.99,14137.76,1.75,100.0,0.49,,77.29,26.28,,Medio,,,Medio,0.84,0.22,-100.34,19.58,0.0,0.0,0.0,0.0,0.0,0.0
MICHOACAN,16,PAJACUARAN,16062,21028.0,10818.0,51.45,10210.0,48.55,6376.0,30.32,12483.0,59.36,2169.0,10.31,16910.34,1.24,47.75,0.42,,68.19,16.57,,Bajo,,,Bajo,0.87,-0.41,-102.57,20.12,0.0,0.0,0.0,0.0,0.0,0.0
MICHOACAN,16,PANINDICUARO,16063,14889.0,7713.0,51.8,7176.0,48.2,3754.0,25.21,9021.0,60.59,2113.0,14.19,28719.31,0.52,64.62,0.13,,50.23,7.95,,Bajo,,,Bajo,0.86,-0.33,-101.76,19.98,0.0,0.0,0.0,0.0,0.0,0.0
MICHOACAN,16,PARACUARO,16064,26832.0,13360.0,49.79,13472.0,50.21,8247.0,30.74,16417.0,61.18,2168.0,8.08,50091.52,0.54,61.72,1.08,,59.65,13.54,,Medio,,,Bajo,0.85,-0.18,-102.22,19.15,0.0,0.0,0.0,0.0,0.0,0.0
MICHOACAN,16,PARACHO,16065,39657.0,20402.0,51.45,19255.0,48.55,11502.0,29.0,24842.0,62.64,3313.0,8.35,24261.45,1.63,46.5,41.7,,60.72,18.34,,Medio,,,Medio,0.85,0.17,-102.05,19.65,0.0,0.0,0.0,0.0,0.0,0.0
MICHOACAN,16,PATZCUARO,16066,98382.0,51162.0,52.0,47220.0,48.0,28078.0,28.54,61837.0,62.85,8406.0,8.54,43591.83,2.26,32.45,10.58,,51.61,11.91,,Muy bajo,,,Bajo,0.89,-0.49,-101.61,19.51,0.0,0.0,0.0,0.0,0.0,0.0
MICHOACAN,16,PENJAMILLO,16067,16621.0,8761.0,52.71,7860.0,47.29,4045.0,24.34,10168.0,61.18,2405.0,14.47,36852.32,0.45,100.0,0.1,,49.6,6.97,,Bajo,,,Bajo,0.86,-0.49,-101.93,20.1,0.0,0.0,0.0,0.0,0.0,0.0
MICHOACAN,16,PERIBAN,16068,29389.0,14616.0,49.73,14773.0,50.27,8777.0,29.86,18712.0,63.67,1900.0,6.47,32981.97,0.89,39.94,1.43,,34.42,4.2,,Muy bajo,,,Muy bajo,0.9,-0.72,-102.42,19.52,0.0,0.0,0.0,0.0,0.0,0.0
MICHOACAN,16,LA PIEDAD,16069,106490.0,55009.0,51.66,51481.0,48.34,27364.0,25.7,69415.0,65.18,9706.0,9.11,28253.75,3.77,18.26,0.53,,35.74,3.65,,Muy bajo,,,Muy bajo,0.91,-1.0,-102.02,20.34,0.0,0.0,0.0,0.0,0.0,0.0
MICHOACAN,16,PUREPERO,16070,15503.0,7910.0,51.02,7593.0,48.98,3685.0,23.77,9910.0,63.92,1908.0,12.31,19133.06,0.81,10.85,0.56,,43.58,3.2,,Muy bajo,,,Muy bajo,0.9,-0.88,-102.01,19.91,0.0,0.0,0.0,0.0,0.0,0.0
MICHOACAN,16,PURUANDIRO,16071,69260.0,35949.0,51.9,33311.0,48.1,18493.0,26.7,43056.0,62.17,7711.0,11.13,71364.31,0.97,53.32,0.3,,51.79,6.34,,Bajo,,,Bajo,0.88,-0.62,-101.52,20.09,0.0,0.0,0.0,0.0,0.0,0.0
MICHOACAN,16,QUERENDARO,16072,13961.0,7151.0,51.22,6810.0,48.78,3759.0,26.93,8720.0,62.46,1482.0,10.62,23333.16,0.6,32.15,0.47,,61.42,11.22,,Bajo,,,Bajo,0.87,-0.5,-100.88,19.81,0.0,0.0,0.0,0.0,0.0,0.0
MICHOACAN,16,QUIROGA,16073,27176.0,14253.0,52.45,12923.0,47.55,7341.0,27.01,17136.0,63.06,2699.0,9.93,21197.63,1.28,24.04,35.19,,62.33,12.51,,Bajo,,,Bajo,0.87,-0.2,-101.52,19.66,0.0,0.0,0.0,0.0,0.0,0.0
MICHOACAN,16,COJUMATLAN DE REGULES,16074,10553.0,5232.0,49.58,5321.0,50.42,2870.0,27.2,6452.0,61.14,1231.0,11.66,13013.55,0.81,31.29,0.11,,59.08,8.03,,Bajo,,,Bajo,0.88,-0.54,-102.85,20.12,0.0,0.0,0.0,0.0,0.0,0.0
MICHOACAN,16,LOS REYES,16075,78935.0,40177.0,50.9,38758.0,49.1,22783.0,28.86,50307.0,63.73,5804.0,7.35,47786.64,1.65,36.73,23.04,,44.37,7.13,,Bajo,,,Bajo,0.87,-0.2,-102.47,19.59,0.0,0.0,0.0,0.0,0.0,0.0
MICHOACAN,16,SAHUAYO,16076,78477.0,40580.0,51.71,37897.0,48.29,20789.0,26.49,50923.0,64.89,6764.0,8.62,12718.52,6.17,10.75,0.23,,46.2,5.89,,Muy bajo,,,Muy bajo,0.91,-0.9,-102.72,20.06,0.0,0.0,0.0,0.0,0.0,0.0
MICHOACAN,16,SAN LUCAS,16077,17677.0,8927.0,50.5,8750.0,49.5,4812.0,27.22,10444.0,59.08,2421.0,13.7,46627.46,0.38,100.0,0.41,,53.86,13.14,,Alto,,,Bajo,0.81,-0.09,-100.78,18.59,0.0,0.0,0.0,0.0,0.0,0.0
MICHOACAN,16,SANTA ANA MAYA,16078,12812.0,6695.0,52.26,6117.0,47.74,2988.0,23.32,8012.0,62.54,1812.0,14.14,10334.38,1.24,43.65,0.13,,57.97,9.46,,Bajo,,,Bajo,0.88,-0.64,-101.02,20.01,0.0,0.0,0.0,0.0,0.0,0.0
MICHOACAN,16,SALVADOR ESCALANTE,16079,49896.0,25494.0,51.09,24402.0,48.91,15174.0,30.41,30932.0,61.99,3790.0,7.6,48507.63,1.03,43.78,0.16,,62.4,14.33,,Bajo,,,Bajo,0.86,0.04,-101.64,19.41,0.0,0.0,0.0,0.0,0.0,0.0
MICHOACAN,16,SENGUIO,16080,19833.0,10408.0,52.48,9425.0,47.52,6276.0,31.64,11877.0,59.89,1680.0,8.47,24866.03,0.8,100.0,0.27,,58.03,12.75,,Medio,,,Bajo,0.84,-0.26,-100.35,19.73,0.0,0.0,0.0,0.0,0.0,0.0
MICHOACAN,16,SUSUPUATO,16081,9076.0,4617.0,50.87,4459.0,49.13,2891.0,31.85,5322.0,58.64,863.0,9.51,26655.95,0.34,100.0,4.02,,65.3,15.11,,Alto,,,Medio,0.79,0.61,-100.41,19.22,0.0,0.0,0.0,0.0,0.0,0.0
MICHOACAN,16,TACAMBARO,16082,79540.0,40574.0,51.01,38966.0,48.99,24815.0,31.2,48899.0,61.48,5808.0,7.3,78257.69,1.02,52.87,0.3,,42.07,5.97,,Bajo,,,Bajo,0.88,-0.62,-101.46,19.24,0.0,0.0,0.0,0.0,0.0,0.0
MICHOACAN,16,TANCITARO,16083,33453.0,16717.0,49.97,16736.0,50.03,10719.0,32.04,20491.0,61.25,2191.0,6.55,71026.99,0.47,75.69,2.1,,28.5,4.27,,Bajo,,,Bajo,0.88,-0.52,-102.36,19.34,0.0,0.0,0.0,0.0,0.0,0.0
MICHOACAN,16,TANGAMANDAPIO,16084,31716.0,16230.0,51.17,15486.0,48.83,9688.0,30.55,19612.0,61.84,2416.0,7.62,31388.23,1.01,15.98,47.06,,61.88,19.77,,Medio,,,Bajo,0.85,0.06,-102.43,19.95,0.0,0.0,0.0,0.0,0.0,0.0
MICHOACAN,16,TANGANCICUARO,16085,35256.0,18074.0,51.27,17182.0,48.73,9805.0,27.81,21524.0,61.05,3910.0,11.09,38250.93,0.92,56.28,7.14,,48.07,8.53,,Bajo,,,Bajo,0.87,-0.29,-102.21,19.89,0.0,0.0,0.0,0.0,0.0,0.0
MICHOACAN,16,TANHUATO,16086,15534.0,8031.0,51.7,7503.0,48.3,4128.0,26.57,9701.0,62.45,1705.0,10.98,22633.16,0.69,43.95,0.59,,39.6,4.4,,Muy bajo,,,Bajo,0.89,-0.71,-102.33,20.28,0.0,0.0,0.0,0.0,0.0,0.0
MICHOACAN,16,TARETAN,16087,15589.0,7913.0,50.76,7676.0,49.24,4453.0,28.57,9652.0,61.92,1472.0,9.44,18406.37,0.85,54.35,0.58,,31.58,2.67,,Muy bajo,,,Bajo,0.89,-0.64,-101.92,19.33,0.0,0.0,0.0,0.0,0.0,0.0
MICHOACAN,16,TARIMBARO,16088,114513.0,58764.0,51.32,55749.0,48.68,31300.0,27.33,76859.0,67.12,6332.0,5.53,25397.06,4.51,65.52,0.97,,33.39,3.67,,Muy bajo,,,Muy bajo,0.91,-1.05,-101.18,19.8,0.0,0.0,0.0,0.0,0.0,0.0
MICHOACAN,16,TEPALCATEPEC,16089,24074.0,12064.0,50.11,12010.0,49.89,6498.0,26.99,15175.0,63.03,2397.0,9.96,79420.53,0.3,28.17,0.58,,30.6,2.67,,Bajo,,,Bajo,0.88,-0.65,-102.84,19.19,0.0,0.0,0.0,0.0,0.0,0.0
MICHOACAN,16,TINGAMBATO,16090,16325.0,8389.0,51.39,7936.0,48.61,4926.0,30.17,10182.0,62.37,1217.0,7.45,18861.12,0.87,9.12,9.27,,64.67,16.68,,Bajo,,,Bajo,0.88,-0.1,-101.85,19.5,0.0,0.0,0.0,0.0,0.0,0.0
MICHOACAN,16,TINGUINDIN,16091,14934.0,7759.0,51.96,7175.0,48.04,3965.0,26.55,9382.0,62.82,1586.0,10.62,17161.15,0.87,47.85,8.67,,39.84,5.66,,Muy bajo,,,Bajo,0.89,-0.68,-102.48,19.74,0.0,0.0,0.0,0.0,0.0,0.0
MICHOACAN,16,TIQUICHEO DE NICOLAS ROMERO,16092,12836.0,6544.0,50.98,6292.0,49.02,4023.0,31.34,7388.0,57.56,1416.0,11.03,148576.12,0.09,100.0,0.14,,54.12,13.33,,Alto,,,Medio,0.79,0.28,-100.74,18.9,0.0,0.0,0.0,0.0,0.0,0.0
MICHOACAN,16,TLALPUJAHUA,16093,28556.0,15143.0,53.03,13413.0,46.97,8783.0,30.76,17472.0,61.19,2301.0,8.06,19589.29,1.46,100.0,0.3,,60.11,14.18,,Medio,,,Bajo,0.83,-0.15,-100.17,19.81,0.0,0.0,0.0,0.0,0.0,0.0
MICHOACAN,16,TLAZAZALCA,16094,6420.0,3308.0,51.53,3112.0,48.47,1480.0,23.05,3768.0,58.69,1172.0,18.26,20230.93,0.32,100.0,0.25,,43.59,3.57,,Bajo,,,Bajo,0.86,-0.37,-102.06,19.97,0.0,0.0,0.0,0.0,0.0,0.0
MICHOACAN,16,TOCUMBO,16095,12325.0,6250.0,50.71,6075.0,49.29,3121.0,25.32,7706.0,62.52,1498.0,12.15,50283.33,0.25,36.84,0.67,,31.94,4.16,,Bajo,,,Bajo,0.88,-0.43,-102.52,19.7,0.0,0.0,0.0,0.0,0.0,0.0
MICHOACAN,16,TUMBISCATIO,16096,5971.0,2958.0,49.54,3013.0,50.46,1766.0,29.58,3534.0,59.19,668.0,11.19,205549.71,0.03,100.0,0.32,,53.35,12.81,,Alto,,,Medio,0.81,0.27,-102.38,18.52,0.0,0.0,0.0,0.0,0.0,0.0
MICHOACAN,16,TURICATO,16097,29056.0,14913.0,51.33,14143.0,48.67,9289.0,31.97,16959.0,58.37,2806.0,9.66,153908.74,0.19,76.44,2.4,,52.29,9.77,,Alto,,,Medio,0.81,0.23,-101.42,19.05,0.0,0.0,0.0,0.0,0.0,0.0
MICHOACAN,16,TUXPAN,16098,25757.0,13264.0,51.5,12493.0,48.5,7231.0,28.07,16229.0,63.01,2297.0,8.92,24192.33,1.06,65.21,0.26,,50.72,8.64,,Bajo,,,Bajo,0.86,-0.48,-100.46,19.57,0.0,0.0,0.0,0.0,0.0,0.0
MICHOACAN,16,TUZANTLA,16099,14329.0,7285.0,50.84,7044.0,49.16,4363.0,30.45,8281.0,57.79,1681.0,11.73,101268.88,0.14,100.0,0.1,,63.02,15.48,,Alto,,,Bajo,0.81,0.05,-100.57,19.21,0.0,0.0,0.0,0.0,0.0,0.0
MICHOACAN,16,TZINTZUNTZAN,16100,14911.0,7778.0,52.16,7133.0,47.84,4196.0,28.14,9103.0,61.05,1612.0,10.81,18323.7,0.81,100.0,21.61,,63.29,14.88,,Medio,,,Bajo,0.85,-0.18,-101.58,19.63,0.0,0.0,0.0,0.0,0.0,0.0
MICHOACAN,16,TZITZIO,16101,8855.0,4428.0,50.01,4427.0,49.99,2870.0,32.41,5025.0,56.75,956.0,10.8,93582.62,0.09,100.0,0.24,,65.79,17.92,,Alto,,,Medio,0.76,0.84,-100.92,19.59,0.0,0.0,0.0,0.0,0.0,0.0
MICHOACAN,16,URUAPAN,16102,356786.0,184476.0,51.7,172310.0,48.3,96883.0,27.15,231365.0,64.85,28292.0,7.93,100698.59,3.54,10.62,7.56,,42.15,8.02,,Muy bajo,,,Muy bajo,0.91,-0.86,-102.06,19.42,0.0,0.0,0.0,0.0,0.0,0.0
MICHOACAN,16,VENUSTIANO CARRANZA,16103,23469.0,12228.0,52.1,11241.0,47.9,6346.0,27.04,14244.0,60.69,2879.0,12.27,22594.21,1.04,49.31,0.22,,61.17,10.49,,Bajo,,,Bajo,0.88,-0.66,-102.65,20.12,0.0,0.0,0.0,0.0,0.0,0.0
MICHOACAN,16,VILLAMAR,16104,15864.0,8233.0,51.9,7631.0,48.1,3901.0,24.59,9526.0,60.05,2437.0,15.36,34767.85,0.46,100.0,0.25,,39.79,5.54,,Bajo,,,Bajo,0.86,-0.46,-102.6,20.02,0.0,0.0,0.0,0.0,0.0,0.0
MICHOACAN,16,VISTA HERMOSA,16105,20982.0,10623.0,50.63,10359.0,49.37,5871.0,27.98,12981.0,61.87,2130.0,10.15,14646.65,1.43,40.74,0.21,,44.77,4.73,,Muy bajo,,,Bajo,0.89,-0.71,-102.47,20.27,0.0,0.0,0.0,0.0,0.0,0.0
MICHOACAN,16,YURECUARO,16106,32303.0,16632.0,51.49,15671.0,48.51,9186.0,28.44,20377.0,63.08,2709.0,8.39,17304.4,1.87,17.37,3.35,,48.78,8.27,,Bajo,,,Bajo,0.88,-0.41,-102.28,20.34,0.0,0.0,0.0,0.0,0.0,0.0
MICHOACAN,16,ZACAPU,16107,76829.0,39943.0,51.99,36886.0,48.01,19636.0,25.56,49002.0,63.78,8170.0,10.63,45161.56,1.7,28.04,3.16,,46.49,8.82,,Muy bajo,,,Muy bajo,0.9,-0.89,-101.79,19.82,0.0,0.0,0.0,0.0,0.0,0.0
MICHOACAN,16,ZAMORA,16108,204860.0,106041.0,51.76,98819.0,48.24,55184.0,26.94,132424.0,64.64,17190.0,8.39,33262.99,6.16,19.72,1.45,,44.02,6.91,,Muy bajo,,,Muy bajo,0.91,-0.77,-102.29,19.98,0.0,0.0,0.0,0.0,0.0,0.0
MICHOACAN,16,ZINAPARO,16109,3232.0,1679.0,51.95,1553.0,48.05,630.0,19.49,1994.0,61.7,608.0,18.81,11233.19,0.29,100.0,0.19,,28.46,1.52,,Bajo,,,Muy bajo,0.88,-0.72,-102.0,20.17,0.0,0.0,0.0,0.0,0.0,0.0
MICHOACAN,16,ZINAPECUARO,16110,49005.0,25345.0,51.72,23660.0,48.28,13351.0,27.24,30231.0,61.69,5412.0,11.04,59234.68,0.83,65.5,0.12,,52.44,7.76,,Bajo,,,Muy bajo,0.87,-0.75,-100.83,19.86,0.0,0.0,0.0,0.0,0.0,0.0
MICHOACAN,16,ZIRACUARETIRO,16111,18402.0,9341.0,50.76,9061.0,49.24,5863.0,31.86,11257.0,61.17,1282.0,6.97,15904.33,1.16,68.55,1.16,,60.63,20.13,,Bajo,,,Bajo,0.87,-0.54,-101.91,19.42,0.0,0.0,0.0,0.0,0.0,0.0
MICHOACAN,16,ZITACUARO,16112,157056.0,81603.0,51.96,75453.0,48.04,44219.0,28.15,100505.0,63.99,12293.0,7.83,50959.46,3.08,40.2,5.96,,58.62,14.22,,Bajo,,,Bajo,0.88,-0.49,-100.36,19.44,0.0,0.0,0.0,0.0,0.0,0.0
MICHOACAN,16,JOSE SIXTO VERDUZCO,16113,26213.0,13629.0,51.99,12584.0,48.01,6699.0,25.56,16002.0,61.05,3512.0,13.4,21800.12,1.2,74.45,0.12,,51.52,5.64,,Bajo,,,Bajo,0.87,-0.67,-101.6,20.3,0.0,0.0,0.0,0.0,0.0,0.0
MORELOS,17,AMACUZAC,17001,17598.0,9149.0,51.99,8449.0,48.01,4676.0,26.57,11027.0,62.66,1895.0,10.77,11682.25,1.51,68.32,0.7,,62.78,13.35,,Bajo,,,Bajo,0.87,-0.48,-99.37,18.6,0.0,0.0,0.0,0.0,0.0,0.0
MORELOS,17,ATLATLAHUCAN,17002,25232.0,12966.0,51.39,12266.0,48.61,6573.0,26.05,16044.0,63.59,2609.0,10.34,7901.21,3.19,64.26,7.78,,54.39,12.28,,Bajo,,,Bajo,0.86,-0.49,-98.9,18.94,0.0,0.0,0.0,0.0,0.0,0.0
MORELOS,17,AXOCHIAPAN,17003,39174.0,19886.0,50.76,19288.0,49.24,11094.0,28.32,24829.0,63.38,3244.0,8.28,14103.49,2.78,37.15,3.76,,72.38,23.32,,Medio,,,Bajo,0.85,-0.28,-98.75,18.5,0.0,0.0,0.0,0.0,0.0,0.0
MORELOS,17,AYALA,17004,89834.0,46292.0,51.53,43542.0,48.47,23737.0,26.42,58336.0,64.94,7747.0,8.62,36689.7,2.45,56.11,7.14,,56.62,10.06,,Bajo,,,Bajo,0.87,-0.5,-98.98,18.77,0.0,0.0,0.0,0.0,0.0,0.0
MORELOS,17,COATLAN DEL RIO,17005,10520.0,5782.0,54.96,4738.0,45.04,2484.0,23.61,6813.0,64.76,1223.0,11.63,8306.75,1.27,100.0,0.21,,59.96,10.8,,Bajo,,,Bajo,0.86,-0.42,-99.43,18.74,0.0,0.0,0.0,0.0,0.0,0.0
MORELOS,17,CUAUTLA,17006,187118.0,97335.0,52.02,89783.0,47.98,43875.0,23.45,125217.0,66.92,17975.0,9.61,12136.63,15.42,15.92,6.66,,51.24,8.38,,Muy bajo,,,Muy bajo,0.91,-0.95,-98.96,18.81,0.0,0.0,0.0,0.0,0.0,0.0
MORELOS,17,CUERNAVACA,17007,378476.0,199747.0,52.78,178729.0,47.22,76300.0,20.16,256398.0,67.74,45563.0,12.04,19880.59,19.04,7.38,2.75,,37.27,4.43,,Muy bajo,,,Muy bajo,0.94,-1.25,-99.23,18.92,0.0,0.0,0.0,0.0,0.0,0.0
MORELOS,17,EMILIANO ZAPATA,17008,107053.0,55045.0,51.42,52008.0,48.58,26025.0,24.31,72527.0,67.75,8462.0,7.9,6797.23,15.75,9.16,2.21,,49.15,8.26,,Muy bajo,,,Muy bajo,0.92,-1.01,-99.18,18.84,0.0,0.0,0.0,0.0,0.0,0.0
MORELOS,17,HUITZILAC,17009,24515.0,12539.0,51.15,11976.0,48.85,6301.0,25.7,16306.0,66.51,1892.0,7.72,18818.84,1.3,47.5,5.61,,46.29,9.31,,Bajo,,,Bajo,0.88,-0.56,-99.27,19.03,0.0,0.0,0.0,0.0,0.0,0.0
MORELOS,17,JANTETELCO,17010,18402.0,9404.0,51.1,8998.0,48.9,4804.0,26.11,12062.0,65.55,1527.0,8.3,10187.41,1.81,40.75,2.36,,64.03,10.29,,Bajo,,,Bajo,0.87,-0.48,-98.78,18.72,0.0,0.0,0.0,0.0,0.0,0.0
MORELOS,17,JIUTEPEC,17011,215357.0,112238.0,52.12,103119.0,47.88,48235.0,22.4,147634.0,68.55,19302.0,8.96,5568.07,38.68,4.66,2.12,,42.69,5.08,,Muy bajo,,,Muy bajo,0.93,-1.17,-99.18,18.88,0.0,0.0,0.0,0.0,0.0,0.0
MORELOS,17,JOJUTLA,17012,57682.0,29862.0,51.77,27820.0,48.23,13061.0,22.64,38322.0,66.44,6259.0,10.85,14851.32,3.88,29.22,1.86,,53.39,9.71,,Muy bajo,,,Muy bajo,0.9,-0.87,-99.18,18.62,0.0,0.0,0.0,0.0,0.0,0.0
MORELOS,17,JONACATEPEC DE LEANDRO VALLE,17013,16694.0,8618.0,51.62,8076.0,48.38,4107.0,24.6,10998.0,65.88,1572.0,9.42,8998.75,1.86,49.24,4.79,,70.5,17.34,,Bajo,,,Bajo,0.88,-0.52,-98.8,18.68,0.0,0.0,0.0,0.0,0.0,0.0
MORELOS,17,MAZATEPEC,17014,9653.0,5050.0,52.32,4603.0,47.68,2372.0,24.57,6197.0,64.2,1084.0,11.23,5768.74,1.67,100.0,0.54,,48.99,7.94,,Bajo,,,Muy bajo,0.88,-0.72,-99.37,18.73,0.0,0.0,0.0,0.0,0.0,0.0
MORELOS,17,MIACATLAN,17015,15802.0,8041.0,50.89,7761.0,49.11,3987.0,25.23,10089.0,63.85,1717.0,10.87,21455.24,0.74,52.75,0.84,,50.51,7.6,,Muy bajo,,,Bajo,0.89,-0.68,-99.36,18.77,0.0,0.0,0.0,0.0,0.0,0.0
MORELOS,17,OCUITUCO,17016,19219.0,9794.0,50.96,9425.0,49.04,5300.0,27.58,12391.0,64.47,1516.0,7.89,8616.9,2.23,72.04,1.03,,75.11,21.66,,Bajo,,,Bajo,0.87,-0.38,-98.78,18.88,0.0,0.0,0.0,0.0,0.0,0.0
MORELOS,17,PUENTE DE IXTLA,17017,40018.0,20948.0,52.35,19070.0,47.65,10116.0,25.28,25734.0,64.31,4133.0,10.33,29650.96,1.35,48.94,0.74,,62.3,11.89,,Muy bajo,,,Muy bajo,0.89,-0.75,-99.32,18.62,0.0,0.0,0.0,0.0,0.0,0.0
MORELOS,17,TEMIXCO,17018,122263.0,63277.0,51.75,58986.0,48.25,30369.0,24.84,81363.0,66.55,10467.0,8.56,10231.75,11.95,14.56,5.36,,61.54,13.19,,Muy bajo,,,Muy bajo,0.9,-0.8,-99.22,18.85,0.0,0.0,0.0,0.0,0.0,0.0
MORELOS,17,TEPALCINGO,17019,28122.0,14281.0,50.78,13841.0,49.22,7150.0,25.42,18123.0,64.44,2836.0,10.08,36734.75,0.77,52.34,0.98,,68.04,14.26,,Bajo,,,Bajo,0.86,-0.4,-98.84,18.59,0.0,0.0,0.0,0.0,0.0,0.0
MORELOS,17,TEPOZTLAN,17020,54987.0,28145.0,51.18,26842.0,48.82,13135.0,23.89,37193.0,67.64,4646.0,8.45,24126.18,2.28,63.13,10.92,,45.33,9.3,,Bajo,,,Bajo,0.87,-0.65,-99.1,18.99,0.0,0.0,0.0,0.0,0.0,0.0
MORELOS,17,TETECALA,17021,7617.0,3924.0,51.52,3693.0,48.48,1805.0,23.7,4945.0,64.92,867.0,11.38,6742.2,1.13,100.0,0.63,,58.61,8.84,,Bajo,,,Bajo,0.88,-0.69,-99.4,18.73,0.0,0.0,0.0,0.0,0.0,0.0
MORELOS,17,TETELA DEL VOLCAN,17022,14853.0,7549.0,50.82,7304.0,49.18,4383.0,29.51,9465.0,63.72,1005.0,6.77,9803.43,1.52,18.12,7.35,,79.16,19.77,,Bajo,,,Bajo,0.88,-0.32,-98.73,18.89,0.0,0.0,0.0,0.0,0.0,0.0
MORELOS,17,TLALNEPANTLA,17023,7943.0,3962.0,49.88,3981.0,50.12,2288.0,28.81,5064.0,63.75,591.0,7.44,10734.34,0.74,100.0,3.02,,69.36,15.37,,Medio,,,Bajo,0.83,-0.1,-99.0,19.01,0.0,0.0,0.0,0.0,0.0,0.0
MORELOS,17,TLALTIZAPAN DE ZAPATA,17024,52399.0,26874.0,51.29,25525.0,48.71,12859.0,24.54,34296.0,65.45,5238.0,10.0,23753.26,2.21,46.63,2.06,,59.08,8.95,,Bajo,,,Bajo,0.88,-0.66,-99.12,18.68,0.0,0.0,0.0,0.0,0.0,0.0
MORELOS,17,TLAQUILTENNANGO,17025,33789.0,17329.0,51.29,16460.0,48.71,7851.0,23.24,22217.0,65.75,3718.0,11.0,54215.39,0.62,45.72,1.82,,57.97,9.6,,Bajo,,,Bajo,0.88,-0.6,-99.16,18.63,0.0,0.0,0.0,0.0,0.0,0.0
MORELOS,17,TLAYACAPAN,17026,19408.0,9779.0,50.39,9629.0,49.61,4931.0,25.41,12713.0,65.5,1756.0,9.05,5694.13,3.41,56.85,12.34,,48.81,9.23,,Bajo,,,Bajo,0.87,-0.55,-98.98,18.96,0.0,0.0,0.0,0.0,0.0,0.0
MORELOS,17,TOTOLAPAN,17027,12750.0,6548.0,51.36,6202.0,48.64,3522.0,27.62,8181.0,64.16,1045.0,8.2,5969.32,2.14,46.68,4.93,,73.19,20.25,,Medio,,,Bajo,0.83,0.0,-98.92,18.99,0.0,0.0,0.0,0.0,0.0,0.0
MORELOS,17,XOCHITEPEC,17028,73539.0,36629.0,49.81,36910.0,50.19,18329.0,24.92,49395.0,67.17,5786.0,7.87,9285.16,7.92,32.77,3.28,,61.16,8.77,,Muy bajo,,,Muy bajo,0.89,-0.74,-99.23,18.78,0.0,0.0,0.0,0.0,0.0,0.0
MORELOS,17,YAUTEPEC,17029,105780.0,54681.0,51.69,51099.0,48.31,26066.0,24.64,69535.0,65.74,10064.0,9.51,17881.27,5.92,22.96,2.48,,55.3,9.04,,Muy bajo,,,Muy bajo,0.89,-0.76,-99.06,18.89,0.0,0.0,0.0,0.0,0.0,0.0
MORELOS,17,YECAPIXTLA,17030,56083.0,28433.0,50.7,27650.0,49.3,15204.0,27.11,36697.0,65.43,4163.0,7.42,17246.21,3.25,41.99,2.96,,67.91,13.23,,Bajo,,,Bajo,0.88,-0.56,-98.87,18.88,0.0,0.0,0.0,0.0,0.0,0.0
MORELOS,17,ZACATEPEC,17031,36094.0,18862.0,52.26,17232.0,47.74,7828.0,21.69,24106.0,66.79,4155.0,11.51,3063.32,11.78,9.41,1.02,,45.61,4.95,,Muy bajo,,,Muy bajo,0.92,-1.08,-99.19,18.66,0.0,0.0,0.0,0.0,0.0,0.0
MORELOS,17,ZACUALPAN DE AMILPAS,17032,9965.0,5108.0,51.26,4857.0,48.74,2457.0,24.66,6439.0,64.62,1069.0,10.73,5353.05,1.86,45.53,1.02,,61.98,6.76,,Muy bajo,,,Muy bajo,0.89,-0.75,-98.77,18.78,0.0,0.0,0.0,0.0,0.0,0.0
MORELOS,17,TEMOAC,17033,16574.0,8664.0,52.27,7910.0,47.73,4257.0,25.68,11083.0,66.87,1222.0,7.37,3693.55,4.49,61.1,1.63,,75.35,13.73,,Bajo,,,Bajo,0.87,-0.4,-98.78,18.77,0.0,0.0,0.0,0.0,0.0,0.0
MORELOS,17,COATETELCO,17034,11347.0,5877.0,51.79,5470.0,48.21,3286.0,28.96,7136.0,62.89,925.0,8.15,980.0,11.58,14.76,1.27,,83.85,40.32,,Medio,,,Medio,0.84,0.39,-99.33,18.73,0.0,0.0,0.0,0.0,0.0,0.0
MORELOS,17,XOXOCOTLA,17035,27805.0,13924.0,50.08,13881.0,49.92,7497.0,26.96,18814.0,67.66,1491.0,5.36,63.34,438.98,13.42,23.2,,79.49,32.96,,Medio,,,Medio,0.85,0.22,-99.24,18.69,0.0,0.0,0.0,0.0,0.0,0.0
MORELOS,17,HUEYAPAN,17036,7855.0,4131.0,52.59,3724.0,47.41,2287.0,29.12,4904.0,62.43,664.0,8.45,75.0,104.73,6.4,70.26,,87.34,31.78,,Bajo,,,Medio,0.87,0.53,-98.69,18.89,0.0,0.0,0.0,0.0,0.0,0.0
NAYARIT,18,ACAPONETA,18001,37232.0,18617.0,50.0,18615.0,50.0,9925.0,26.66,22921.0,61.56,4371.0,11.74,141071.81,0.26,46.35,4.22,,38.13,3.39,,Bajo,,,Bajo,0.88,-0.7,-105.36,22.49,0.0,0.0,0.0,0.0,0.0,0.0
NAYARIT,18,AHUACATLAN,18002,15393.0,7754.0,50.37,7639.0,49.63,3795.0,24.65,9548.0,62.03,2047.0,13.3,50025.97,0.31,52.84,0.4,,23.34,0.69,,Muy bajo,,,Muy bajo,0.9,-0.99,-104.48,21.05,0.0,0.0,0.0,0.0,0.0,0.0
NAYARIT,18,AMATLAN DE CANAS,18003,11536.0,5668.0,49.13,5868.0,50.87,2904.0,25.17,6869.0,59.54,1761.0,15.27,51383.31,0.22,100.0,0.66,,29.11,1.07,,Muy bajo,,,Muy bajo,0.89,-0.91,-104.41,20.81,0.0,0.0,0.0,0.0,0.0,0.0
NAYARIT,18,COMPOSTELA,18004,77436.0,38866.0,50.19,38570.0,49.81,20642.0,26.66,48711.0,62.9,8033.0,10.37,186281.79,0.42,41.46,2.16,,36.52,1.91,,Muy bajo,,,Muy bajo,0.91,-0.89,-104.9,21.24,0.0,0.0,0.0,0.0,0.0,0.0
NAYARIT,18,HUAJICORI,18005,12230.0,5998.0,49.04,6232.0,50.96,4616.0,37.74,6703.0,54.81,911.0,7.45,221349.97,0.06,100.0,27.31,,76.78,31.85,,Muy alto,,,Muy alto,0.66,1.96,-105.32,22.64,0.0,0.0,0.0,0.0,0.0,0.0
NAYARIT,18,IXTLAN DEL RIO,18006,29299.0,15155.0,51.73,14144.0,48.27,7887.0,26.92,18412.0,62.84,2989.0,10.2,48858.55,0.6,13.04,1.67,,35.3,1.23,,Muy bajo,,,Muy bajo,0.92,-1.09,-104.37,21.04,0.0,0.0,0.0,0.0,0.0,0.0
NAYARIT,18,JALA,18007,19321.0,9768.0,50.56,9553.0,49.44,6134.0,31.75,11354.0,58.77,1832.0,9.48,49898.35,0.39,69.75,1.26,,55.04,5.19,,Bajo,,,Bajo,0.87,-0.29,-104.44,21.1,0.0,0.0,0.0,0.0,0.0,0.0
NAYARIT,18,XALISCO,18008,65229.0,33507.0,51.37,31722.0,48.63,17549.0,26.9,43260.0,66.32,4370.0,6.7,49897.48,1.31,26.15,1.82,,19.8,0.88,,Muy bajo,,,Muy bajo,0.93,-1.22,-104.9,21.44,0.0,0.0,0.0,0.0,0.0,0.0
NAYARIT,18,DEL NAYAR,18009,47550.0,24089.0,50.66,23461.0,49.34,20453.0,43.01,24963.0,52.5,2107.0,4.43,508976.8,0.09,100.0,89.56,,89.18,55.64,,Muy alto,,,Muy alto,0.45,5.07,-104.52,22.25,0.0,0.0,0.0,0.0,0.0,0.0
NAYARIT,18,ROSAMORADA,18010,33567.0,16484.0,49.11,17083.0,50.89,8990.0,26.78,20535.0,61.18,4034.0,12.02,175049.07,0.19,100.0,8.61,,39.57,5.07,,Bajo,,,Bajo,0.86,-0.58,-105.2,22.12,0.0,0.0,0.0,0.0,0.0,0.0
NAYARIT,18,RUIZ,18011,24096.0,11977.0,49.71,12119.0,50.29,7019.0,29.13,14810.0,61.46,2245.0,9.32,51531.59,0.47,39.09,14.75,,40.35,4.09,,Medio,,,Bajo,0.85,-0.32,-105.15,21.95,0.0,0.0,0.0,0.0,0.0,0.0
NAYARIT,18,SAN BLAS,18012,41518.0,20241.0,48.75,21277.0,51.25,10911.0,26.28,25964.0,62.54,4634.0,11.16,106758.33,0.39,73.66,3.02,,32.7,2.01,,Muy bajo,,,Bajo,0.89,-0.68,-105.29,21.54,0.0,0.0,0.0,0.0,0.0,0.0
NAYARIT,18,SAN PEDRO LAGUNILLAS,18013,7683.0,3761.0,48.95,3922.0,51.05,1798.0,23.4,4740.0,61.69,1145.0,14.9,51095.02,0.15,100.0,0.42,,34.67,1.15,,Muy bajo,,,Muy bajo,0.89,-0.92,-104.75,21.22,0.0,0.0,0.0,0.0,0.0,0.0
NAYARIT,18,SANTA MARIA DEL ORO,18014,24911.0,12362.0,49.62,12549.0,50.38,6655.0,26.72,15664.0,62.88,2592.0,10.41,108110.13,0.23,78.55,8.69,,29.82,1.75,,Bajo,,,Bajo,0.87,-0.62,-104.59,21.33,0.0,0.0,0.0,0.0,0.0,0.0
NAYARIT,18,SANTIAGO IXCUINTLA,18015,93981.0,46515.0,49.49,47466.0,50.51,23650.0,25.16,59003.0,62.78,11315.0,12.04,168749.83,0.56,70.74,1.73,,23.4,1.19,,Bajo,,,Muy bajo,0.88,-0.8,-105.21,21.81,0.0,0.0,0.0,0.0,0.0,0.0
NAYARIT,18,TECUALA,18016,37135.0,18293.0,49.26,18842.0,50.74,9129.0,24.58,22628.0,60.93,5375.0,14.47,97774.05,0.38,63.32,0.6,,31.93,1.74,,Muy bajo,,,Muy bajo,0.89,-0.88,-105.46,22.4,0.0,0.0,0.0,0.0,0.0,0.0
NAYARIT,18,TEPIC,18017,425924.0,218832.0,51.38,207092.0,48.62,103105.0,24.21,286095.0,67.17,36201.0,8.5,161928.72,2.63,10.99,3.84,,21.62,0.78,,Muy bajo,,,Muy bajo,0.94,-1.21,-104.89,21.51,0.0,0.0,0.0,0.0,0.0,0.0
NAYARIT,18,TUXPAN,18018,30064.0,15092.0,50.2,14972.0,49.8,7069.0,23.51,19203.0,63.87,3790.0,12.61,30715.87,0.98,26.78,1.08,,32.19,1.33,,Muy bajo,,,Muy bajo,0.9,-0.96,-105.3,21.94,0.0,0.0,0.0,0.0,0.0,0.0
NAYARIT,18,LA YESCA,18019,13719.0,6861.0,50.01,6858.0,49.99,4576.0,33.36,7954.0,57.98,1036.0,7.55,427506.24,0.03,100.0,44.97,,69.56,25.16,,Muy alto,,,Alto,0.7,1.74,-104.01,21.32,0.0,0.0,0.0,0.0,0.0,0.0
NAYARIT,18,BAHIA DE BANDERAS,18020,187632.0,93338.0,49.75,94294.0,50.25,54071.0,28.82,124376.0,66.29,8909.0,4.75,76389.87,2.46,14.92,2.16,,29.9,1.65,,Muy bajo,,,Muy bajo,0.93,-1.05,-105.25,20.81,0.0,0.0,0.0,0.0,0.0,0.0
NUEVO LEON,19,ABASOLO,19001,2974.0,1532.0,51.51,1442.0,48.49,797.0,26.8,1959.0,65.87,216.0,7.26,4644.99,0.64,100.0,0.77,,10.38,0.51,,Muy bajo,,,Muy bajo,0.91,-1.13,-100.4,25.95,0.0,0.0,0.0,0.0,0.0,0.0
NUEVO LEON,19,AGUALEGUAS,19002,3382.0,1692.0,50.03,1690.0,49.97,660.0,19.52,2048.0,60.56,674.0,19.93,97246.31,0.03,100.0,0.15,,8.71,0.43,,Muy bajo,,,Muy bajo,0.89,-0.93,-99.54,26.31,0.0,0.0,0.0,0.0,0.0,0.0
NUEVO LEON,19,LOS ALDAMAS,19003,1407.0,708.0,50.32,699.0,49.68,302.0,21.46,807.0,57.36,298.0,21.18,68832.54,0.02,100.0,0.0,,12.55,0.5,,Bajo,,,Muy bajo,0.89,-0.91,-99.2,26.06,0.0,0.0,0.0,0.0,0.0,0.0
NUEVO LEON,19,ALLENDE,19004,35289.0,17460.0,49.48,17829.0,50.52,8612.0,24.4,23332.0,66.12,3332.0,9.44,18855.91,1.87,18.27,0.98,,22.59,0.91,,Muy bajo,,,Muy bajo,0.94,-1.14,-100.01,25.29,0.0,0.0,0.0,0.0,0.0,0.0
NUEVO LEON,19,ANAHUAC,19005,18030.0,9178.0,50.9,8852.0,49.1,4936.0,27.38,11220.0,62.23,1874.0,10.39,450966.05,0.04,8.96,0.19,,33.27,1.56,,Muy bajo,,,Muy bajo,0.9,-0.83,-100.13,27.24,0.0,0.0,0.0,0.0,0.0,0.0
NUEVO LEON,19,APODACA,19006,656464.0,324951.0,49.5,331513.0,50.5,165677.0,25.24,466977.0,71.14,23584.0,3.59,22261.13,29.49,2.7,1.36,,14.21,0.8,,Muy bajo,,,Muy bajo,0.96,-1.51,-100.19,25.78,0.0,0.0,0.0,0.0,0.0,0.0
NUEVO LEON,19,ARAMBERRI,19007,14992.0,7325.0,48.86,7667.0,51.14,3917.0,26.13,8937.0,59.61,2138.0,14.26,265979.55,0.06,100.0,0.03,,54.78,10.01,,Medio,,,Bajo,0.83,-0.08,-99.82,24.1,0.0,0.0,0.0,0.0,0.0,0.0
NUEVO LEON,19,BUSTAMANTE,19008,3661.0,1837.0,50.18,1824.0,49.82,926.0,25.29,2225.0,60.78,505.0,13.79,46293.31,0.08,100.0,0.25,,31.84,1.08,,Muy bajo,,,Muy bajo,0.89,-0.91,-100.5,26.53,0.0,0.0,0.0,0.0,0.0,0.0
NUEVO LEON,19,CADEREYTA JIMENEZ,19009,122337.0,59960.0,49.01,62377.0,50.99,31008.0,25.35,83069.0,67.9,8175.0,6.68,112980.73,1.08,14.25,2.7,,21.09,1.42,,Muy bajo,,,Muy bajo,0.94,-1.16,-100.0,25.59,0.0,0.0,0.0,0.0,0.0,0.0
NUEVO LEON,19,EL CARMEN,19010,104478.0,51595.0,49.38,52883.0,50.62,34472.0,32.99,68399.0,65.47,1550.0,1.48,10331.22,10.11,1.27,8.56,,28.45,1.79,,Muy bajo,,,Muy bajo,0.94,-1.21,-100.36,25.93,0.0,0.0,0.0,0.0,0.0,0.0
NUEVO LEON,19,CERRALVO,19011,7340.0,3633.0,49.5,3707.0,50.5,1798.0,24.5,4668.0,63.6,874.0,11.91,99848.09,0.07,8.19,0.35,,11.01,0.92,,Muy bajo,,,Muy bajo,0.92,-0.9,-99.61,26.09,0.0,0.0,0.0,0.0,0.0,0.0
NUEVO LEON,19,CIENEGA DE FLORES,19012,68747.0,33541.0,48.79,35206.0,51.21,21399.0,31.13,45676.0,66.44,1664.0,2.42,13747.51,5.0,12.0,6.8,,23.69,1.58,,Muy bajo,,,Muy bajo,0.94,-1.16,-100.17,25.95,0.0,0.0,0.0,0.0,0.0,0.0
NUEVO LEON,19,CHINA,19013,9930.0,4969.0,50.04,4961.0,49.96,2437.0,24.54,6203.0,62.47,1290.0,12.99,422418.83,0.02,16.78,0.15,,17.22,1.02,,Muy bajo,,,Bajo,0.9,-0.56,-99.24,25.71,0.0,0.0,0.0,0.0,0.0,0.0
NUEVO LEON,19,DOCTOR ARROYO,19014,36088.0,18028.0,49.96,18060.0,50.04,10681.0,29.6,20995.0,58.18,4327.0,11.99,499901.77,0.07,67.24,0.14,,57.42,12.57,,Alto,,,Medio,0.82,0.19,-100.18,23.67,0.0,0.0,0.0,0.0,0.0,0.0
NUEVO LEON,19,DOCTOR COSS,19015,1360.0,703.0,51.69,657.0,48.31,302.0,22.21,804.0,59.12,254.0,18.68,71417.5,0.02,100.0,1.18,,13.91,0.98,,Bajo,,,Muy bajo,0.88,-0.77,-99.18,25.93,0.0,0.0,0.0,0.0,0.0,0.0
NUEVO LEON,19,DOCTOR GONZALEZ,19016,3256.0,1584.0,48.65,1672.0,51.35,812.0,24.94,2080.0,63.88,364.0,11.18,60901.17,0.05,100.0,1.54,,15.21,1.29,,Bajo,,,Muy bajo,0.88,-0.75,-99.94,25.86,0.0,0.0,0.0,0.0,0.0,0.0
NUEVO LEON,19,GALEANA,19017,40903.0,20459.0,50.02,20444.0,49.98,11467.0,28.03,24663.0,60.3,4771.0,11.66,699471.25,0.06,80.82,0.18,,41.57,5.53,,Medio,,,Bajo,0.85,-0.38,-100.08,24.83,0.0,0.0,0.0,0.0,0.0,0.0
NUEVO LEON,19,GARCIA,19018,397205.0,196497.0,49.47,200708.0,50.53,124731.0,31.4,264846.0,66.68,7494.0,1.89,102239.17,3.89,2.03,7.18,,22.58,1.32,,Muy bajo,,,Muy bajo,0.95,-1.32,-100.59,25.8,0.0,0.0,0.0,0.0,0.0,0.0
NUEVO LEON,19,SAN PEDRO GARZA GARCIA,19019,132169.0,69583.0,52.65,62586.0,47.35,21363.0,16.16,88198.0,66.73,17883.0,13.53,7010.7,18.85,0.03,1.64,,5.45,0.28,,Muy bajo,,,Muy bajo,0.97,-1.37,-100.4,25.67,0.0,0.0,0.0,0.0,0.0,0.0
NUEVO LEON,19,GENERAL BRAVO,19020,5506.0,2710.0,49.22,2796.0,50.78,1459.0,26.5,3360.0,61.02,678.0,12.31,187097.73,0.03,100.0,1.42,,18.28,1.46,,Bajo,,,Muy bajo,0.88,-0.88,-99.18,25.79,0.0,0.0,0.0,0.0,0.0,0.0
NUEVO LEON,19,GENERAL ESCOBEDO,19021,481213.0,239052.0,49.68,242161.0,50.32,127161.0,26.43,335149.0,69.65,18619.0,3.87,14753.96,32.62,1.86,3.14,,24.96,2.06,,Muy bajo,,,Muy bajo,0.95,-1.34,-100.32,25.81,0.0,0.0,0.0,0.0,0.0,0.0
NUEVO LEON,19,GENERAL TERAN,19022,14109.0,6994.0,49.57,7115.0,50.43,3240.0,22.96,8671.0,61.46,2198.0,15.58,245414.35,0.06,54.0,0.67,,12.28,0.94,,Muy bajo,,,Muy bajo,0.9,-0.81,-99.69,25.26,0.0,0.0,0.0,0.0,0.0,0.0
NUEVO LEON,19,GENERAL TREVINO,19023,1808.0,918.0,50.77,890.0,49.23,355.0,19.63,1093.0,60.45,360.0,19.91,38454.47,0.05,100.0,0.0,,10.81,0.76,,Muy bajo,,,Muy bajo,0.9,-0.72,-99.48,26.23,0.0,0.0,0.0,0.0,0.0,0.0
NUEVO LEON,19,GENERAL ZARAGOZA,19024,6282.0,3058.0,48.68,3224.0,51.32,1852.0,29.48,3718.0,59.18,712.0,11.33,129252.35,0.05,100.0,0.06,,65.71,19.62,,Alto,,,Medio,0.8,0.34,-99.77,23.97,0.0,0.0,0.0,0.0,0.0,0.0
NUEVO LEON,19,GENERAL ZUAZUA,19025,102149.0,50305.0,49.25,51844.0,50.75,30998.0,30.35,69267.0,67.81,1855.0,1.82,18280.07,5.59,1.66,7.13,,23.84,1.45,,Muy bajo,,,Muy bajo,0.94,-1.27,-100.11,25.9,0.0,0.0,0.0,0.0,0.0,0.0
NUEVO LEON,19,GUADALUPE,19026,643143.0,324150.0,50.4,318993.0,49.6,127651.0,19.85,446794.0,69.47,68613.0,10.67,11657.63,55.17,1.13,1.1,,15.8,0.78,,Muy bajo,,,Muy bajo,0.95,-1.41,-100.26,25.68,0.0,0.0,0.0,0.0,0.0,0.0
NUEVO LEON,19,LOS HERRERAS,19027,1959.0,970.0,49.52,989.0,50.48,385.0,19.65,1137.0,58.04,436.0,22.26,49199.54,0.04,100.0,0.15,,10.41,0.9,,Bajo,,,Muy bajo,0.88,-0.71,-99.4,25.91,0.0,0.0,0.0,0.0,0.0,0.0
NUEVO LEON,19,HIGUERAS,19028,1386.0,662.0,47.76,724.0,52.24,346.0,24.96,864.0,62.34,176.0,12.7,43919.13,0.03,100.0,3.1,,9.99,1.27,,Bajo,,,Muy bajo,0.88,-0.84,-100.01,25.96,0.0,0.0,0.0,0.0,0.0,0.0
NUEVO LEON,19,HUALAHUISES,19029,7026.0,3546.0,50.47,3480.0,49.53,1681.0,23.93,4390.0,62.48,954.0,13.58,12647.16,0.56,16.68,0.14,,23.69,0.56,,Muy bajo,,,Muy bajo,0.92,-1.06,-99.67,24.88,0.0,0.0,0.0,0.0,0.0,0.0
NUEVO LEON,19,ITURBIDE,19030,3298.0,1582.0,47.97,1716.0,52.03,826.0,25.05,2010.0,60.95,462.0,14.01,55461.92,0.06,100.0,0.3,,36.73,5.81,,Bajo,,,Bajo,0.86,-0.27,-99.91,24.73,0.0,0.0,0.0,0.0,0.0,0.0
NUEVO LEON,19,JUAREZ,19031,471523.0,233806.0,49.59,237717.0,50.41,139095.0,29.5,320791.0,68.03,11160.0,2.37,24492.77,19.25,3.22,4.06,,24.42,1.65,,Muy bajo,,,Muy bajo,0.95,-1.32,-100.09,25.65,0.0,0.0,0.0,0.0,0.0,0.0
NUEVO LEON,19,LAMPAZOS DE NARANJO,19032,5351.0,2694.0,50.35,2657.0,49.65,1439.0,26.89,3291.0,61.5,621.0,11.61,340359.48,0.02,4.95,0.07,,15.12,0.43,,Muy bajo,,,Muy bajo,0.91,-0.96,-100.5,27.03,0.0,0.0,0.0,0.0,0.0,0.0
NUEVO LEON,19,LINARES,19033,84666.0,42788.0,50.54,41878.0,49.46,20938.0,24.73,55679.0,65.76,8037.0,9.49,248323.47,0.34,16.88,0.17,,26.74,2.33,,Muy bajo,,,Muy bajo,0.92,-1.05,-99.57,24.86,0.0,0.0,0.0,0.0,0.0,0.0
NUEVO LEON,19,MARIN,19034,5119.0,2480.0,48.45,2639.0,51.55,1311.0,25.61,3371.0,65.85,436.0,8.52,26241.91,0.2,100.0,7.15,,9.84,0.61,,Muy bajo,,,Muy bajo,0.9,-1.09,-100.03,25.88,0.0,0.0,0.0,0.0,0.0,0.0
NUEVO LEON,19,MELCHOR OCAMPO,19035,1483.0,719.0,48.48,764.0,51.52,298.0,20.09,969.0,65.34,216.0,14.57,20593.47,0.07,100.0,0.2,,10.07,0.24,,Muy bajo,,,Muy bajo,0.9,-1.04,-99.54,26.06,0.0,0.0,0.0,0.0,0.0,0.0
NUEVO LEON,19,MIER Y NORIEGA,19036,7652.0,3857.0,50.41,3795.0,49.59,2533.0,33.1,4252.0,55.57,867.0,11.33,98707.62,0.08,100.0,0.17,,65.15,21.35,,Alto,,,Medio,0.81,0.35,-100.12,23.42,0.0,0.0,0.0,0.0,0.0,0.0
NUEVO LEON,19,MINA,19037,6048.0,2992.0,49.47,3056.0,50.53,1681.0,27.79,3865.0,63.91,502.0,8.3,382680.43,0.02,12.75,0.64,,16.04,1.92,,Muy bajo,,,Muy bajo,0.9,-0.79,-100.53,26.0,0.0,0.0,0.0,0.0,0.0,0.0
NUEVO LEON,19,MONTEMORELOS,19038,67428.0,33859.0,50.22,33569.0,49.78,15973.0,23.69,44670.0,66.25,6572.0,9.75,185003.89,0.36,19.22,0.57,,18.21,0.63,,Muy bajo,,,Muy bajo,0.93,-1.11,-99.83,25.19,0.0,0.0,0.0,0.0,0.0,0.0
NUEVO LEON,19,MONTERREY,19039,1142994.0,578189.0,50.59,564805.0,49.41,221453.0,19.37,775139.0,67.82,138010.0,12.07,32174.63,35.52,0.0,1.77,,19.22,1.77,,Muy bajo,,,Muy bajo,0.95,-1.33,-100.31,25.66,0.0,0.0,0.0,0.0,0.0,0.0
NUEVO LEON,19,PARAS,19040,906.0,449.0,49.56,457.0,50.44,175.0,19.32,526.0,58.06,205.0,22.63,116178.55,0.01,100.0,0.55,,7.32,0.25,,Muy bajo,,,Muy bajo,0.9,-0.91,-99.53,26.5,0.0,0.0,0.0,0.0,0.0,0.0
NUEVO LEON,19,PESQUERIA,19041,147624.0,71620.0,48.52,76004.0,51.48,46023.0,31.18,99022.0,67.08,2568.0,1.74,31976.33,4.62,6.69,9.15,,23.46,1.27,,Muy bajo,,,Muy bajo,0.94,-1.18,-100.05,25.78,0.0,0.0,0.0,0.0,0.0,0.0
NUEVO LEON,19,LOS RAMONES,19042,5389.0,2613.0,48.49,2776.0,51.51,1100.0,20.41,3294.0,61.12,995.0,18.46,132818.03,0.04,100.0,0.76,,20.72,2.08,,Muy bajo,,,Muy bajo,0.89,-0.78,-99.62,25.7,0.0,0.0,0.0,0.0,0.0,0.0
NUEVO LEON,19,RAYONES,19043,2377.0,1147.0,48.25,1230.0,51.75,595.0,25.03,1411.0,59.36,371.0,15.61,67612.03,0.04,100.0,0.21,,35.2,4.85,,Medio,,,Bajo,0.84,-0.05,-100.07,25.02,0.0,0.0,0.0,0.0,0.0,0.0
NUEVO LEON,19,SABINAS HIDALGO,19044,34709.0,17674.0,50.92,17035.0,49.08,7847.0,22.61,23069.0,66.46,3775.0,10.88,152898.7,0.23,3.42,0.33,,24.66,0.96,,Muy bajo,,,Muy bajo,0.93,-1.21,-100.18,26.5,0.0,0.0,0.0,0.0,0.0,0.0
NUEVO LEON,19,SALINAS VICTORIA,19045,86766.0,42631.0,49.13,44135.0,50.87,25834.0,29.77,58208.0,67.09,2648.0,3.05,165269.38,0.52,11.51,6.65,,27.38,1.84,,Muy bajo,,,Muy bajo,0.94,-1.18,-100.29,25.96,0.0,0.0,0.0,0.0,0.0,0.0
NUEVO LEON,19,SAN NICOLAS DE LOS GARZA,19046,412199.0,209241.0,50.76,202958.0,49.24,67049.0,16.27,290321.0,70.43,54766.0,13.29,5960.31,69.16,0.0,0.82,,10.84,0.37,,Muy bajo,,,Muy bajo,0.96,-1.46,-100.29,25.76,0.0,0.0,0.0,0.0,0.0,0.0
NUEVO LEON,19,HIDALGO,19047,16086.0,8004.0,49.76,8082.0,50.24,3923.0,24.39,10691.0,66.46,1470.0,9.14,16904.12,0.95,0.18,0.32,,23.3,1.15,,Muy bajo,,,Muy bajo,0.94,-1.15,-100.45,25.98,0.0,0.0,0.0,0.0,0.0,0.0
NUEVO LEON,19,SANTA CATARINA,19048,306322.0,153705.0,50.18,152617.0,49.82,70891.0,23.14,211902.0,69.18,20902.0,6.82,90698.28,3.38,0.74,2.69,,16.45,0.83,,Muy bajo,,,Muy bajo,0.95,-1.35,-100.46,25.67,0.0,0.0,0.0,0.0,0.0,0.0
NUEVO LEON,19,SANTIAGO,19049,46784.0,23324.0,49.85,23460.0,50.15,9980.0,21.33,30856.0,65.95,5462.0,11.67,73194.7,0.64,8.05,3.21,,12.4,0.73,,Muy bajo,,,Muy bajo,0.94,-1.16,-100.15,25.43,0.0,0.0,0.0,0.0,0.0,0.0
NUEVO LEON,19,VALLECILLO,19050,1552.0,732.0,47.16,820.0,52.84,328.0,21.13,937.0,60.37,287.0,18.49,175091.67,0.01,100.0,1.61,,11.61,0.9,,Bajo,,,Bajo,0.88,-0.69,-99.99,26.66,0.0,0.0,0.0,0.0,0.0,0.0
NUEVO LEON,19,VILLALDAMA,19051,3573.0,1786.0,49.99,1787.0,50.01,731.0,20.46,2227.0,62.33,612.0,17.13,87205.53,0.04,100.0,0.11,,12.36,0.98,,Muy bajo,,,Muy bajo,0.89,-0.98,-100.42,26.5,0.0,0.0,0.0,0.0,0.0,0.0
OAXACA,20,ABEJONES,20001,841.0,481.0,57.19,360.0,42.81,231.0,27.47,515.0,61.24,95.0,11.3,12636.59,0.07,100.0,96.91,,93.57,24.29,,Alto,,,Medio,0.82,0.82,-96.61,17.44,0.0,0.0,0.0,0.0,0.0,0.0
OAXACA,20,ACATLAN DE PEREZ FIGUEROA,20002,45167.0,23187.0,51.34,21980.0,48.66,12366.0,27.38,28469.0,63.03,4331.0,9.59,75218.99,0.6,70.41,18.93,,59.41,18.55,,Medio,,,Bajo,0.83,0.07,-96.61,18.54,0.0,0.0,0.0,0.0,0.0,0.0
OAXACA,20,ASUNCION CACALOTEPEC,20003,2547.0,1318.0,51.75,1229.0,48.25,688.0,27.01,1437.0,56.42,422.0,16.57,7644.42,0.33,100.0,98.31,,90.4,34.73,,Alto,,,Muy alto,0.78,1.87,-95.96,17.04,0.0,0.0,0.0,0.0,0.0,0.0
OAXACA,20,ASUNCION CUYOTEPEJI,20004,1107.0,584.0,52.76,523.0,47.24,276.0,24.93,659.0,59.53,172.0,15.54,8357.93,0.13,100.0,0.27,,63.23,15.77,,Medio,,,Bajo,0.85,-0.16,-97.67,17.93,0.0,0.0,0.0,0.0,0.0,0.0
OAXACA,20,ASUNCION IXTALTEPEC,20005,15261.0,7711.0,50.53,7550.0,49.47,3259.0,21.36,9589.0,62.83,2410.0,15.79,66097.67,0.23,50.1,68.19,,30.96,4.55,,Bajo,,,Bajo,0.88,-0.49,-95.06,16.5,0.0,0.0,0.0,0.0,0.0,0.0
OAXACA,20,ASUNCION NOCHIXTLAN,20006,20464.0,10887.0,53.2,9577.0,46.8,6149.0,30.05,12552.0,61.34,1760.0,8.6,34348.37,0.6,22.54,24.24,,75.9,22.15,,Medio,,,Bajo,0.85,-0.05,-97.23,17.46,0.0,0.0,0.0,0.0,0.0,0.0
OAXACA,20,ASUNCION OCOTLAN,20007,2395.0,1304.0,54.45,1091.0,45.55,517.0,21.59,1317.0,54.99,561.0,23.42,453.12,5.29,100.0,98.62,,83.6,41.15,,Muy alto,,,Muy alto,0.72,2.18,-96.72,16.76,0.0,0.0,0.0,0.0,0.0,0.0
OAXACA,20,ASUNCION TLACOLULITA,20008,734.0,379.0,51.63,355.0,48.37,159.0,21.66,403.0,54.9,172.0,23.43,19090.24,0.04,100.0,16.21,,70.44,17.61,,Medio,,,Medio,0.83,0.32,-95.73,16.3,0.0,0.0,0.0,0.0,0.0,0.0
OAXACA,20,AYOTZINTEPEC,20009,6857.0,3574.0,52.12,3283.0,47.88,2135.0,31.14,4175.0,60.89,547.0,7.98,15740.89,0.44,100.0,82.72,,94.16,45.3,,Alto,,,Medio,0.82,0.45,-96.13,17.68,0.0,0.0,0.0,0.0,0.0,0.0
OAXACA,20,EL BARRIO DE LA SOLEDAD,20010,13474.0,6972.0,51.74,6502.0,48.26,2917.0,21.65,8747.0,64.92,1809.0,13.43,25275.22,0.53,100.0,11.5,,23.14,4.62,,Bajo,,,Muy bajo,0.88,-0.86,-95.11,16.8,0.0,0.0,0.0,0.0,0.0,0.0
OAXACA,20,CALIHUALA,20011,1402.0,712.0,50.78,690.0,49.22,463.0,33.02,740.0,52.78,199.0,14.19,6767.12,0.21,100.0,48.64,,83.44,39.4,,Alto,,,Medio,0.77,0.82,-98.28,17.53,0.0,0.0,0.0,0.0,0.0,0.0
OAXACA,20,CANDELARIA LOXICHA,20012,11166.0,5716.0,51.19,5450.0,48.81,4255.0,38.11,6106.0,54.68,805.0,7.21,18217.89,0.61,100.0,79.37,,84.66,44.75,,Muy alto,,,Alto,0.73,1.77,-96.49,15.93,0.0,0.0,0.0,0.0,0.0,0.0
OAXACA,20,CIENEGA DE ZIMATLAN,20013,3043.0,1579.0,51.89,1464.0,48.11,698.0,22.94,1890.0,62.11,455.0,14.95,1029.09,2.96,100.0,1.94,,69.4,8.96,,Bajo,,,Bajo,0.86,-0.58,-96.77,16.9,0.0,0.0,0.0,0.0,0.0,0.0
OAXACA,20,CIUDAD IXTEPEC,20014,28082.0,14783.0,52.64,13299.0,47.36,6712.0,23.9,18325.0,65.26,3045.0,10.84,29504.89,0.95,7.36,40.72,,30.05,4.36,,Muy bajo,,,Muy bajo,0.9,-0.76,-95.1,16.57,0.0,0.0,0.0,0.0,0.0,0.0
OAXACA,20,COATECAS ALTAS,20015,5356.0,2829.0,52.82,2527.0,47.18,1587.0,29.63,3129.0,58.42,640.0,11.95,11981.85,0.45,100.0,63.95,,95.11,50.45,,Muy alto,,,Muy alto,0.73,2.01,-96.66,16.54,0.0,0.0,0.0,0.0,0.0,0.0
OAXACA,20,COICOYAN DE LAS FLORES,20016,9563.0,5103.0,53.36,4460.0,46.64,3884.0,40.61,5088.0,53.21,590.0,6.17,12622.22,0.76,100.0,99.8,,99.3,82.35,,Muy alto,,,Muy alto,0.67,3.3,-98.28,17.27,0.0,0.0,0.0,0.0,0.0,0.0
OAXACA,20,LA COMPANIA,20017,3607.0,1906.0,52.84,1701.0,47.16,960.0,26.61,2108.0,58.44,539.0,14.94,10454.52,0.35,100.0,1.58,,85.9,32.59,,Alto,,,Alto,0.78,1.03,-96.82,16.56,0.0,0.0,0.0,0.0,0.0,0.0
OAXACA,20,CONCEPCION BUENAVISTA,20018,752.0,377.0,50.13,375.0,49.87,209.0,27.79,390.0,51.86,153.0,20.35,22421.52,0.03,100.0,3.99,,75.9,23.8,,Alto,,,Medio,0.82,0.42,-97.4,17.88,0.0,0.0,0.0,0.0,0.0,0.0
OAXACA,20,CONCEPCION PAPALO,20019,2754.0,1378.0,50.04,1376.0,49.96,699.0,25.38,1605.0,58.28,450.0,16.34,17340.25,0.16,100.0,68.3,,93.08,34.53,,Alto,,,Medio,0.8,0.69,-96.88,17.84,0.0,0.0,0.0,0.0,0.0,0.0
OAXACA,20,CONSTANCIA DEL ROSARIO,20020,4847.0,2672.0,55.13,2175.0,44.87,1819.0,37.53,2678.0,55.25,350.0,7.22,5724.61,0.85,100.0,67.2,,78.34,42.96,,Alto,,,Medio,0.77,0.96,-97.94,17.04,0.0,0.0,0.0,0.0,0.0,0.0
OAXACA,20,COSOLAPA,20021,14488.0,7642.0,52.75,6846.0,47.25,3946.0,27.24,9274.0,64.01,1268.0,8.75,11175.28,1.3,42.54,8.31,,56.91,15.37,,Medio,,,Bajo,0.85,-0.3,-96.68,18.6,0.0,0.0,0.0,0.0,0.0,0.0
OAXACA,20,COSOLTEPEC,20022,803.0,418.0,52.05,385.0,47.95,174.0,21.67,385.0,47.95,244.0,30.39,11142.86,0.07,100.0,32.5,,75.89,23.55,,Medio,,,Bajo,0.84,0.07,-97.79,18.14,0.0,0.0,0.0,0.0,0.0,0.0
OAXACA,20,CUILAPAM DE GUERRERO,20023,26882.0,14019.0,52.15,12863.0,47.85,7146.0,26.58,17840.0,66.36,1896.0,7.05,4989.06,5.39,41.36,18.31,,57.41,20.09,,Alto,,,Medio,0.82,0.27,-96.78,17.0,0.0,0.0,0.0,0.0,0.0,0.0
OAXACA,20,CUYAMECALCO VILLA DE ZARAGOZA,20024,3644.0,1797.0,49.31,1847.0,50.69,1063.0,29.17,2067.0,56.72,514.0,14.11,7898.96,0.46,100.0,41.3,,93.74,46.53,,Alto,,,Alto,0.77,1.25,-96.83,17.97,0.0,0.0,0.0,0.0,0.0,0.0
OAXACA,20,CHAHUITES,20025,11356.0,5787.0,50.96,5569.0,49.04,3045.0,26.81,7155.0,63.01,1134.0,9.99,2278.14,4.98,2.66,11.31,,63.47,20.48,,Medio,,,Bajo,0.84,-0.07,-94.2,16.29,0.0,0.0,0.0,0.0,0.0,0.0
OAXACA,20,CHALCATONGO DE HIDALGO,20026,9035.0,4798.0,53.1,4237.0,46.9,2552.0,28.25,5376.0,59.5,1107.0,12.25,13360.04,0.68,100.0,65.87,,82.35,25.38,,Alto,,,Medio,0.82,0.7,-97.57,17.03,0.0,0.0,0.0,0.0,0.0,0.0
OAXACA,20,CHIQUIHUITLAN DE BENITO JUAREZ,20027,2179.0,1185.0,54.38,994.0,45.62,535.0,24.55,1274.0,58.47,370.0,16.98,3592.44,0.61,100.0,79.76,,88.75,32.2,,Alto,,,Alto,0.77,1.48,-96.75,18.0,0.0,0.0,0.0,0.0,0.0,0.0
OAXACA,20,HEROICA CIUDAD DE EJUTLA DE CRESPO,20028,23148.0,12069.0,52.14,11079.0,47.86,6608.0,28.55,13862.0,59.88,2678.0,11.57,31861.2,0.73,51.75,4.49,,66.08,19.75,,Alto,,,Medio,0.81,0.52,-96.73,16.56,0.0,0.0,0.0,0.0,0.0,0.0
OAXACA,20,ELOXOCHITLAN DE FLORES MAGON,20029,4215.0,2220.0,52.67,1995.0,47.33,1429.0,33.9,2309.0,54.78,477.0,11.32,3573.23,1.18,100.0,97.7,,91.13,48.32,,Muy alto,,,Muy alto,0.75,2.27,-96.88,18.18,0.0,0.0,0.0,0.0,0.0,0.0
OAXACA,20,EL ESPINAL,20030,8730.0,4491.0,51.44,4239.0,48.56,1905.0,21.82,5692.0,65.2,1133.0,12.98,5628.77,1.55,6.93,67.98,,24.36,2.34,,Muy bajo,,,Muy bajo,0.92,-1.02,-95.04,16.49,0.0,0.0,0.0,0.0,0.0,0.0
OAXACA,20,TAMAZULAPAM DEL ESPIRITU SANTO,20031,7185.0,3981.0,55.41,3204.0,44.59,2109.0,29.35,4240.0,59.01,836.0,11.64,11216.77,0.64,100.0,96.66,,88.77,31.5,,Alto,,,Alto,0.8,1.29,-96.07,17.05,0.0,0.0,0.0,0.0,0.0,0.0
OAXACA,20,FRESNILLO DE TRUJANO,20032,1077.0,539.0,50.05,538.0,49.95,295.0,27.39,585.0,54.32,197.0,18.29,6118.17,0.18,100.0,0.19,,75.32,18.99,,Alto,,,Medio,0.78,0.37,-98.14,17.91,0.0,0.0,0.0,0.0,0.0,0.0
OAXACA,20,GUADALUPE ETLA,20033,2929.0,1532.0,52.3,1397.0,47.7,643.0,21.95,2003.0,68.39,283.0,9.66,428.83,6.83,100.0,12.36,,25.11,4.2,,Muy bajo,,,Muy bajo,0.89,-0.89,-96.81,17.17,0.0,0.0,0.0,0.0,0.0,0.0
OAXACA,20,GUADALUPE DE RAMIREZ,20034,1288.0,674.0,52.33,614.0,47.67,352.0,27.33,688.0,53.42,248.0,19.25,3079.84,0.42,100.0,3.8,,68.26,14.48,,Medio,,,Bajo,0.84,-0.22,-98.16,17.76,0.0,0.0,0.0,0.0,0.0,0.0
OAXACA,20,GUELATAO DE JUAREZ,20035,657.0,332.0,50.53,325.0,49.47,223.0,33.94,373.0,56.77,61.0,9.28,451.05,1.46,100.0,31.96,,28.36,1.02,,Muy bajo,,,Muy bajo,0.91,-1.14,-96.49,17.32,0.0,0.0,0.0,0.0,0.0,0.0
OAXACA,20,GUEVEA DE HUMBOLDT,20036,5256.0,2771.0,52.72,2485.0,47.28,1586.0,30.18,3157.0,60.06,513.0,9.76,28160.4,0.19,100.0,78.52,,80.65,24.74,,Alto,,,Medio,0.81,0.8,-95.37,16.79,0.0,0.0,0.0,0.0,0.0,0.0
OAXACA,20,MESONES HIDALGO,20037,4424.0,2373.0,53.64,2051.0,46.36,1370.0,30.97,2545.0,57.53,509.0,11.51,17510.58,0.25,100.0,48.67,,87.19,42.9,,Alto,,,Alto,0.77,1.0,-97.97,16.92,0.0,0.0,0.0,0.0,0.0,0.0
OAXACA,20,VILLA HIDALGO,20038,1885.0,985.0,52.25,900.0,47.75,428.0,22.71,1192.0,63.24,265.0,14.06,5905.14,0.32,100.0,96.87,,77.27,19.88,,Alto,,,Medio,0.81,0.53,-96.18,17.19,0.0,0.0,0.0,0.0,0.0,0.0
OAXACA,20,HEROICA CIUDAD DE HUAJUAPAN DE LEON,20039,78313.0,41151.0,52.55,37162.0,47.45,21758.0,27.78,50131.0,64.01,6366.0,8.13,32541.27,2.41,28.28,13.33,,45.43,10.4,,Muy bajo,,,Muy bajo,0.89,-0.81,-97.78,17.81,0.0,0.0,0.0,0.0,0.0,0.0
OAXACA,20,HUAUTEPEC,20040,6385.0,3408.0,53.38,2977.0,46.62,2319.0,36.32,3505.0,54.89,561.0,8.79,4692.16,1.36,100.0,99.55,,97.47,75.29,,Muy alto,,,Muy alto,0.68,2.93,-96.8,18.1,0.0,0.0,0.0,0.0,0.0,0.0
OAXACA,20,HUAUTLA DE JIMENEZ,20041,31710.0,17082.0,53.87,14628.0,46.13,9482.0,29.9,18334.0,57.82,3894.0,12.28,14764.14,2.15,60.64,97.44,,82.05,40.08,,Muy alto,,,Muy alto,0.75,1.85,-96.85,18.13,0.0,0.0,0.0,0.0,0.0,0.0
OAXACA,20,IXTLAN DE JUAREZ,20042,8385.0,4349.0,51.87,4036.0,48.13,2528.0,30.15,5171.0,61.67,686.0,8.18,56228.73,0.15,100.0,68.78,,74.42,15.71,,Medio,,,Bajo,0.85,-0.07,-96.49,17.33,0.0,0.0,0.0,0.0,0.0,0.0
OAXACA,20,JUCHITAN DE ZARAGOZA,20043,113570.0,58954.0,51.91,54616.0,48.09,28905.0,25.45,75031.0,66.07,8737.0,7.69,48074.21,2.36,17.42,83.95,,50.86,16.03,,Bajo,,,Bajo,0.88,-0.6,-95.02,16.43,0.0,0.0,0.0,0.0,0.0,0.0
OAXACA,20,LOMA BONITA,20044,40934.0,21441.0,52.38,19493.0,47.62,10731.0,26.22,25652.0,62.67,4544.0,11.1,48500.93,0.84,23.12,7.82,,66.47,19.06,,Bajo,,,Bajo,0.86,-0.24,-95.88,18.11,0.0,0.0,0.0,0.0,0.0,0.0
OAXACA,20,MAGDALENA APASCO,20045,7888.0,4148.0,52.59,3740.0,47.41,1907.0,24.18,5383.0,68.24,598.0,7.58,2699.53,2.92,100.0,6.66,,27.14,1.92,,Muy bajo,,,Muy bajo,0.9,-0.99,-96.82,17.24,0.0,0.0,0.0,0.0,0.0,0.0
OAXACA,20,MAGDALENA JALTEPEC,20046,2943.0,1604.0,54.5,1339.0,45.5,658.0,22.36,1700.0,57.76,581.0,19.74,23487.81,0.13,100.0,15.12,,83.44,22.71,,Alto,,,Medio,0.82,0.43,-97.22,17.32,0.0,0.0,0.0,0.0,0.0,0.0
OAXACA,20,SANTA MAGDALENA JICOTLAN,20047,81.0,40.0,49.38,41.0,50.62,11.0,13.58,48.0,59.26,22.0,27.16,2673.69,0.03,100.0,1.23,,67.88,10.4,,Bajo,,,Bajo,0.87,-0.46,-97.47,17.81,0.0,0.0,0.0,0.0,0.0,0.0
OAXACA,20,MAGDALENA MIXTEPEC,20048,1433.0,741.0,51.71,692.0,48.29,556.0,38.8,768.0,53.59,109.0,7.61,4111.82,0.35,100.0,13.05,,95.69,56.23,,Alto,,,Muy alto,0.77,1.94,-96.91,16.9,0.0,0.0,0.0,0.0,0.0,0.0
OAXACA,20,MAGDALENA OCOTLAN,20049,1184.0,599.0,50.59,585.0,49.41,330.0,27.87,724.0,61.15,130.0,10.98,1036.37,1.14,100.0,23.48,,75.64,28.15,,Alto,,,Medio,0.81,0.75,-96.71,16.71,0.0,0.0,0.0,0.0,0.0,0.0
OAXACA,20,MAGDALENA PENASCO,20050,3750.0,1980.0,52.8,1770.0,47.2,1213.0,32.35,2129.0,56.77,408.0,10.88,8515.29,0.44,100.0,97.09,,91.29,29.7,,Alto,,,Alto,0.78,1.79,-97.55,17.24,0.0,0.0,0.0,0.0,0.0,0.0
OAXACA,20,MAGDALENA TEITIPAC,20051,4764.0,2543.0,53.38,2221.0,46.62,1558.0,32.7,2791.0,58.59,382.0,8.02,3944.1,1.21,100.0,98.47,,94.14,48.98,,Muy alto,,,Muy alto,0.7,1.99,-96.56,16.91,0.0,0.0,0.0,0.0,0.0,0.0
OAXACA,20,MAGDALENA TEQUISISTLAN,20052,5996.0,3057.0,50.98,2939.0,49.02,1482.0,24.72,3716.0,61.97,795.0,13.26,84445.02,0.07,100.0,8.06,,60.49,14.21,,Medio,,,Bajo,0.83,0.11,-95.6,16.4,0.0,0.0,0.0,0.0,0.0,0.0
OAXACA,20,MAGDALENA TLACOTEPEC,20053,1297.0,675.0,52.04,622.0,47.96,259.0,19.97,816.0,62.91,222.0,17.12,12486.57,0.1,100.0,34.54,,33.98,4.75,,Bajo,,,Bajo,0.87,-0.45,-95.2,16.5,0.0,0.0,0.0,0.0,0.0,0.0
OAXACA,20,MAGDALENA ZAHUATLAN,20054,404.0,215.0,53.22,189.0,46.78,93.0,23.02,241.0,59.65,70.0,17.33,2484.17,0.16,100.0,2.48,,84.39,24.4,,Medio,,,Medio,0.84,0.35,-97.23,17.39,0.0,0.0,0.0,0.0,0.0,0.0
OAXACA,20,MARISCALA DE JUAREZ,20055,3739.0,1952.0,52.21,1787.0,47.79,1079.0,28.86,2126.0,56.86,534.0,14.28,14403.81,0.26,100.0,0.99,,68.05,15.38,,Medio,,,Bajo,0.84,-0.22,-98.14,17.86,0.0,0.0,0.0,0.0,0.0,0.0
OAXACA,20,MARTIRES DE TACUBAYA,20056,1446.0,736.0,50.9,710.0,49.1,414.0,28.63,848.0,58.64,184.0,12.72,5774.19,0.25,100.0,5.39,,64.27,21.65,,Alto,,,Medio,0.8,0.17,-98.25,16.54,0.0,0.0,0.0,0.0,0.0,0.0
OAXACA,20,MATIAS ROMERO AVENDANO,20057,38183.0,20007.0,52.4,18176.0,47.6,10337.0,27.07,23567.0,61.72,4271.0,11.19,135717.93,0.28,54.1,25.0,,58.8,17.48,,Medio,,,Bajo,0.85,-0.36,-95.04,16.88,0.0,0.0,0.0,0.0,0.0,0.0
OAXACA,20,MAZATLAN VILLA DE FLORES,20058,12722.0,6489.0,51.01,6233.0,48.99,4013.0,31.54,7019.0,55.17,1690.0,13.28,18186.08,0.7,100.0,97.48,,95.57,56.47,,Muy alto,,,Muy alto,0.72,2.27,-96.91,18.03,0.0,0.0,0.0,0.0,0.0,0.0
OAXACA,20,MIAHUATLAN DE PORFIRIO DIAZ,20059,50375.0,25772.0,51.16,24603.0,48.84,14501.0,28.79,32003.0,63.53,3863.0,7.67,46951.27,1.07,42.17,19.05,,66.04,24.12,,Medio,,,Medio,0.84,0.24,-96.6,16.33,0.0,0.0,0.0,0.0,0.0,0.0
OAXACA,20,MIXISTLAN DE LA REFORMA,20060,2487.0,1345.0,54.08,1142.0,45.92,713.0,28.67,1509.0,60.68,265.0,10.66,6779.06,0.37,100.0,100.0,,89.29,28.29,,Alto,,,Alto,0.79,1.61,-96.11,17.15,0.0,0.0,0.0,0.0,0.0,0.0
OAXACA,20,MONJAS,20061,2893.0,1562.0,53.99,1331.0,46.01,909.0,31.42,1645.0,56.86,339.0,11.72,2252.61,1.28,100.0,5.63,,75.67,23.45,,Muy alto,,,Alto,0.75,1.51,-96.64,16.37,0.0,0.0,0.0,0.0,0.0,0.0
OAXACA,20,NATIVIDAD,20062,498.0,276.0,55.42,222.0,44.58,105.0,21.08,317.0,63.65,76.0,15.26,221.41,2.25,100.0,49.4,,46.14,4.41,,Bajo,,,Bajo,0.87,-0.65,-96.43,17.3,0.0,0.0,0.0,0.0,0.0,0.0
OAXACA,20,NAZARENO ETLA,20063,4293.0,2237.0,52.11,2056.0,47.89,898.0,20.92,2927.0,68.18,468.0,10.9,428.91,10.01,100.0,2.31,,40.36,5.16,,Muy bajo,,,Muy bajo,0.89,-1.03,-96.82,17.18,0.0,0.0,0.0,0.0,0.0,0.0
OAXACA,20,NEJAPA DE MADERO,20064,8494.0,4327.0,50.94,4167.0,49.06,2171.0,25.56,5346.0,62.94,977.0,11.5,50605.73,0.17,100.0,32.26,,66.73,13.77,,Medio,,,Medio,0.83,0.13,-95.98,16.61,0.0,0.0,0.0,0.0,0.0,0.0
OAXACA,20,IXPANTEPEC NIEVES,20065,1079.0,592.0,54.87,487.0,45.13,238.0,22.06,548.0,50.79,293.0,27.15,7252.67,0.15,100.0,94.72,,85.52,33.09,,Alto,,,Medio,0.78,0.63,-98.04,17.51,0.0,0.0,0.0,0.0,0.0,0.0
OAXACA,20,SANTIAGO NILTEPEC,20066,5342.0,2727.0,51.05,2615.0,48.95,1306.0,24.45,3170.0,59.34,844.0,15.8,54966.97,0.1,100.0,2.66,,65.49,12.18,,Medio,,,Bajo,0.84,-0.13,-94.61,16.56,0.0,0.0,0.0,0.0,0.0,0.0
OAXACA,20,OAXACA DE JUAREZ,20067,270955.0,145103.0,53.55,125852.0,46.45,59475.0,21.95,181878.0,67.12,27432.0,10.12,8965.77,30.22,1.31,18.46,,33.97,7.87,,Muy bajo,,,Muy bajo,0.92,-0.96,-96.73,17.06,0.0,0.0,0.0,0.0,0.0,0.0
OAXACA,20,OCOTLAN DE MORELOS,20068,23751.0,12414.0,52.27,11337.0,47.73,6175.0,26.0,15414.0,64.9,2159.0,9.09,11983.21,1.98,29.92,8.18,,51.59,15.42,,Medio,,,Bajo,0.84,0.08,-96.68,16.79,0.0,0.0,0.0,0.0,0.0,0.0
OAXACA,20,LA PE,20069,3052.0,1537.0,50.36,1515.0,49.64,1039.0,34.04,1814.0,59.44,199.0,6.52,2698.01,1.13,100.0,0.95,,89.65,29.05,,Alto,,,Alto,0.8,1.49,-96.8,16.63,0.0,0.0,0.0,0.0,0.0,0.0
OAXACA,20,PINOTEPA DE DON LUIS,20070,6416.0,3254.0,50.72,3162.0,49.28,1963.0,30.6,3741.0,58.31,711.0,11.08,6765.49,0.95,14.73,94.95,,83.89,39.8,,Alto,,,Medio,0.8,0.89,-97.98,16.43,0.0,0.0,0.0,0.0,0.0,0.0
OAXACA,20,PLUMA HIDALGO,20071,3255.0,1675.0,51.46,1580.0,48.54,985.0,30.26,1947.0,59.82,323.0,9.92,10389.98,0.31,100.0,9.0,,76.93,28.93,,Alto,,,Alto,0.77,1.49,-96.42,15.93,0.0,0.0,0.0,0.0,0.0,0.0
OAXACA,20,SAN JOSE DEL PROGRESO,20072,8059.0,4206.0,52.19,3853.0,47.81,2460.0,30.52,4989.0,61.91,610.0,7.57,10878.11,0.74,100.0,15.18,,79.28,27.06,,Alto,,,Alto,0.79,1.07,-96.69,16.69,0.0,0.0,0.0,0.0,0.0,0.0
OAXACA,20,PUTLA VILLA DE GUERRERO,20073,34652.0,18463.0,53.28,16189.0,46.72,10212.0,29.47,21124.0,60.96,3316.0,9.57,40755.49,0.85,63.27,39.93,,79.64,34.15,,Medio,,,Medio,0.84,0.17,-97.93,17.03,0.0,0.0,0.0,0.0,0.0,0.0
OAXACA,20,SANTA CATARINA QUIOQUITANI,20074,456.0,225.0,49.34,231.0,50.66,141.0,30.92,264.0,57.89,51.0,11.18,3862.22,0.12,100.0,99.34,,95.8,18.57,,Medio,,,Medio,0.85,0.3,-96.28,16.32,0.0,0.0,0.0,0.0,0.0,0.0
OAXACA,20,REFORMA DE PINEDA,20075,2660.0,1378.0,51.8,1282.0,48.2,568.0,21.35,1580.0,59.4,512.0,19.25,3351.07,0.79,100.0,6.24,,69.83,11.22,,Bajo,,,Bajo,0.86,-0.41,-94.46,16.4,0.0,0.0,0.0,0.0,0.0,0.0
OAXACA,20,LA REFORMA,20076,3411.0,1736.0,50.89,1675.0,49.11,977.0,28.64,2094.0,61.39,340.0,9.97,18720.33,0.18,100.0,3.02,,72.91,23.02,,Medio,,,Medio,0.83,0.15,-97.84,16.62,0.0,0.0,0.0,0.0,0.0,0.0
OAXACA,20,REYES ETLA,20077,4370.0,2265.0,51.83,2105.0,48.17,1101.0,25.19,2879.0,65.88,390.0,8.92,1198.25,3.65,100.0,8.19,,41.16,7.19,,Bajo,,,Bajo,0.86,-0.48,-96.81,17.21,0.0,0.0,0.0,0.0,0.0,0.0
OAXACA,20,ROJAS DE CUAUHTEMOC,20078,1301.0,668.0,51.35,633.0,48.65,271.0,20.83,869.0,66.79,161.0,12.38,1248.08,1.04,100.0,3.54,,26.45,2.64,,Bajo,,,Muy bajo,0.88,-0.72,-96.62,17.01,0.0,0.0,0.0,0.0,0.0,0.0
OAXACA,20,SALINA CRUZ,20079,84438.0,43995.0,52.1,40443.0,47.9,19945.0,23.62,56451.0,66.85,7979.0,9.45,12979.07,6.51,9.21,11.44,,26.99,4.6,,Muy bajo,,,Muy bajo,0.9,-0.85,-95.19,16.18,0.0,0.0,0.0,0.0,0.0,0.0
OAXACA,20,SAN AGUSTIN AMATENGO,20080,1593.0,810.0,50.85,783.0,49.15,366.0,22.98,891.0,55.93,336.0,21.09,5580.27,0.29,100.0,1.69,,73.98,19.98,,Alto,,,Medio,0.79,0.73,-96.79,16.51,0.0,0.0,0.0,0.0,0.0,0.0
OAXACA,20,SAN AGUSTIN ATENNANGO,20081,1871.0,963.0,51.47,908.0,48.53,438.0,23.41,1018.0,54.41,415.0,22.18,9643.59,0.19,100.0,84.77,,71.45,21.56,,Alto,,,Medio,0.8,0.47,-98.02,17.61,0.0,0.0,0.0,0.0,0.0,0.0
OAXACA,20,SAN AGUSTIN CHAYUCO,20082,4163.0,2140.0,51.41,2023.0,48.59,1183.0,28.42,2562.0,61.54,418.0,10.04,15158.6,0.27,100.0,67.31,,77.86,25.96,,Alto,,,Medio,0.81,0.6,-97.81,16.4,0.0,0.0,0.0,0.0,0.0,0.0
OAXACA,20,SAN AGUSTIN DE LAS JUNTAS,20083,11391.0,5884.0,51.65,5507.0,48.35,3013.0,26.45,7743.0,67.97,562.0,4.93,2603.69,4.37,24.48,21.03,,36.32,6.7,,Muy bajo,,,Muy bajo,0.9,-0.71,-96.71,17.01,0.0,0.0,0.0,0.0,0.0,0.0
OAXACA,20,SAN AGUSTIN ETLA,20084,4168.0,2184.0,52.4,1984.0,47.6,878.0,21.07,2779.0,66.67,511.0,12.26,5519.96,0.76,100.0,4.82,,29.56,2.57,,Muy bajo,,,Muy bajo,0.9,-1.15,-96.76,17.19,0.0,0.0,0.0,0.0,0.0,0.0
OAXACA,20,SAN AGUSTIN LOXICHA,20085,26194.0,13416.0,51.22,12778.0,48.78,10180.0,38.86,14407.0,55.0,1607.0,6.13,33779.8,0.78,100.0,97.6,,95.81,65.39,,Muy alto,,,Muy alto,0.71,2.62,-96.62,16.02,0.0,0.0,0.0,0.0,0.0,0.0
OAXACA,20,SAN AGUSTIN TLACOTEPEC,20086,1032.0,576.0,55.81,456.0,44.19,273.0,26.45,583.0,56.49,176.0,17.05,5145.86,0.2,100.0,83.14,,82.08,32.53,,Alto,,,Alto,0.82,0.99,-97.52,17.2,0.0,0.0,0.0,0.0,0.0,0.0
OAXACA,20,SAN AGUSTIN YATARENI,20087,5521.0,2931.0,53.09,2590.0,46.91,1485.0,26.9,3655.0,66.2,381.0,6.9,640.69,8.62,100.0,27.21,,76.02,24.66,,Alto,,,Bajo,0.81,-0.03,-96.67,17.08,0.0,0.0,0.0,0.0,0.0,0.0
OAXACA,20,SAN ANDRES CABECERA NUEVA,20088,2881.0,1486.0,51.58,1395.0,48.42,859.0,29.82,1662.0,57.69,360.0,12.5,26130.03,0.11,100.0,6.84,,88.97,37.11,,Alto,,,Alto,0.79,1.09,-97.68,16.89,0.0,0.0,0.0,0.0,0.0,0.0
OAXACA,20,SAN ANDRES DINICUITI,20089,2308.0,1185.0,51.34,1123.0,48.66,598.0,25.91,1424.0,61.7,286.0,12.39,9921.48,0.23,100.0,3.9,,84.78,29.28,,Medio,,,Bajo,0.84,-0.07,-97.73,17.69,0.0,0.0,0.0,0.0,0.0,0.0
OAXACA,20,SAN ANDRES HUAXPALTEPEC,20090,6234.0,3240.0,51.97,2994.0,48.03,1776.0,28.49,3899.0,62.54,559.0,8.97,8802.94,0.71,100.0,48.6,,76.15,24.98,,Alto,,,Medio,0.79,0.43,-97.92,16.33,0.0,0.0,0.0,0.0,0.0,0.0
OAXACA,20,SAN ANDRES HUAYAPAM,20091,6279.0,3279.0,52.22,3000.0,47.78,1331.0,21.2,4345.0,69.2,567.0,9.03,2761.4,2.27,9.24,20.15,,26.96,3.05,,Muy bajo,,,Muy bajo,0.93,-1.14,-96.67,17.1,0.0,0.0,0.0,0.0,0.0,0.0
OAXACA,20,SAN ANDRES IXTLAHUACA,20092,1776.0,931.0,52.42,845.0,47.58,444.0,25.0,1052.0,59.23,280.0,15.77,2885.79,0.62,100.0,29.5,,54.23,12.72,,Medio,,,Medio,0.84,0.14,-96.83,17.07,0.0,0.0,0.0,0.0,0.0,0.0
OAXACA,20,SAN ANDRES LAGUNAS,20093,518.0,271.0,52.32,247.0,47.68,124.0,23.94,289.0,55.79,105.0,20.27,5000.5,0.1,100.0,0.97,,85.06,24.19,,Medio,,,Medio,0.85,0.92,-97.52,17.57,0.0,0.0,0.0,0.0,0.0,0.0
OAXACA,20,SAN ANDRES NUXINO,20094,1850.0,968.0,52.32,882.0,47.68,513.0,27.73,1049.0,56.7,288.0,15.57,6406.7,0.29,100.0,50.38,,95.55,30.0,,Medio,,,Alto,0.83,1.08,-97.11,17.24,0.0,0.0,0.0,0.0,0.0,0.0
OAXACA,20,SAN ANDRES PAXTLAN,20095,4562.0,2267.0,49.69,2295.0,50.31,1354.0,29.68,2855.0,62.58,353.0,7.74,5737.58,0.8,100.0,89.06,,94.31,47.62,,Alto,,,Muy alto,0.76,2.28,-96.51,16.22,0.0,0.0,0.0,0.0,0.0,0.0
OAXACA,20,SAN ANDRES SINAXTLA,20096,756.0,402.0,53.17,354.0,46.83,194.0,25.66,456.0,60.32,106.0,14.02,2260.89,0.33,100.0,7.14,,50.72,6.93,,Bajo,,,Bajo,0.87,-0.6,-97.28,17.47,0.0,0.0,0.0,0.0,0.0,0.0
OAXACA,20,SAN ANDRES SOLAGA,20097,1771.0,914.0,51.61,857.0,48.39,382.0,21.57,1027.0,57.99,362.0,20.44,4867.21,0.36,100.0,96.44,,75.88,19.39,,Medio,,,Medio,0.82,0.66,-96.24,17.27,0.0,0.0,0.0,0.0,0.0,0.0
OAXACA,20,SAN ANDRES TEOTILALPAM,20098,4233.0,2239.0,52.89,1994.0,47.11,1288.0,30.43,2464.0,58.21,481.0,11.36,14528.68,0.29,100.0,74.94,,90.71,44.25,,Alto,,,Alto,0.79,1.45,-96.66,17.95,0.0,0.0,0.0,0.0,0.0,0.0
OAXACA,20,SAN ANDRES TEPETLAPA,20099,381.0,198.0,51.97,183.0,48.03,113.0,29.66,210.0,55.12,58.0,15.22,1439.08,0.26,100.0,0.26,,96.73,50.36,,Muy alto,,,Alto,0.76,1.38,-98.39,17.67,0.0,0.0,0.0,0.0,0.0,0.0
OAXACA,20,SAN ANDRES YAA,20100,393.0,209.0,53.18,184.0,46.82,69.0,17.56,200.0,50.89,124.0,31.55,4097.46,0.1,100.0,100.0,,78.25,17.56,,Alto,,,Alto,0.78,1.29,-96.15,17.29,0.0,0.0,0.0,0.0,0.0,0.0
OAXACA,20,SAN ANDRES ZABACHE,20101,748.0,411.0,54.95,337.0,45.05,185.0,24.73,456.0,60.96,107.0,14.3,708.46,1.06,100.0,32.89,,86.01,41.78,,Alto,,,Alto,0.78,1.28,-96.86,16.6,0.0,0.0,0.0,0.0,0.0,0.0
OAXACA,20,SAN ANDRES ZAUTLA,20102,5326.0,2771.0,52.03,2555.0,47.97,1308.0,24.56,3518.0,66.05,500.0,9.39,6946.14,0.77,100.0,14.57,,44.19,9.38,,Medio,,,Bajo,0.84,-0.05,-96.86,17.19,0.0,0.0,0.0,0.0,0.0,0.0
OAXACA,20,SAN ANTONINO CASTILLO VELASCO,20103,6064.0,3182.0,52.47,2882.0,47.53,1537.0,25.35,3896.0,64.25,631.0,10.41,1137.15,5.33,4.29,31.63,,71.77,24.06,,Alto,,,Medio,0.78,0.79,-96.68,16.8,0.0,0.0,0.0,0.0,0.0,0.0
OAXACA,20,SAN ANTONINO EL ALTO,20104,2705.0,1359.0,50.24,1346.0,49.76,805.0,29.76,1683.0,62.22,217.0,8.02,10554.63,0.26,100.0,67.73,,89.55,30.69,,Alto,,,Alto,0.81,1.2,-97.03,16.82,0.0,0.0,0.0,0.0,0.0,0.0
OAXACA,20,SAN ANTONINO MONTE VERDE,20105,7678.0,4146.0,54.0,3532.0,46.0,2493.0,32.47,4502.0,58.64,683.0,8.9,10969.36,0.7,100.0,98.83,,93.27,36.1,,Medio,,,Medio,0.83,0.48,-97.72,17.53,0.0,0.0,0.0,0.0,0.0,0.0
OAXACA,20,SAN ANTONIO ACUTLA,20106,249.0,123.0,49.4,126.0,50.6,52.0,20.88,156.0,62.65,41.0,16.47,1646.43,0.15,100.0,12.85,,55.59,2.93,,Medio,,,Medio,0.84,0.47,-97.5,17.74,0.0,0.0,0.0,0.0,0.0,0.0
OAXACA,20,SAN ANTONIO DE LA CAL,20107,26282.0,13890.0,52.85,12392.0,47.15,7062.0,26.87,17612.0,67.01,1484.0,5.65,1102.01,23.85,7.09,20.96,,49.9,13.26,,Muy bajo,,,Bajo,0.89,-0.62,-96.7,17.03,0.0,0.0,0.0,0.0,0.0,0.0
OAXACA,20,SAN ANTONIO HUITEPEC,20108,2936.0,1582.0,53.88,1354.0,46.12,872.0,29.7,1559.0,53.1,505.0,17.2,19180.47,0.15,100.0,64.61,,88.05,30.94,,Alto,,,Medio,0.81,0.84,-97.15,16.93,0.0,0.0,0.0,0.0,0.0,0.0
OAXACA,20,SAN ANTONIO NNANAHUATIPAM,20109,1232.0,627.0,50.89,605.0,49.11,313.0,25.41,782.0,63.47,137.0,11.12,7703.26,0.16,100.0,16.64,,57.7,13.3,,Medio,,,Bajo,0.85,-0.3,-97.12,18.13,0.0,0.0,0.0,0.0,0.0,0.0
OAXACA,20,SAN ANTONIO SINICAHUA,20110,1668.0,928.0,55.64,740.0,44.36,626.0,37.53,898.0,53.84,144.0,8.63,2927.42,0.57,100.0,96.28,,96.27,53.32,,Muy alto,,,Muy alto,0.72,2.42,-97.57,17.15,0.0,0.0,0.0,0.0,0.0,0.0
OAXACA,20,SAN ANTONIO TEPETLAPA,20111,4873.0,2557.0,52.47,2316.0,47.53,1584.0,32.51,2860.0,58.69,429.0,8.8,6966.88,0.7,100.0,92.74,,93.56,50.97,,Muy alto,,,Alto,0.76,1.33,-98.07,16.54,0.0,0.0,0.0,0.0,0.0,0.0
OAXACA,20,SAN BALTAZAR CHICHICAPAM,20112,2576.0,1351.0,52.45,1225.0,47.55,452.0,17.55,1648.0,63.98,476.0,18.48,9243.59,0.28,100.0,98.52,,85.73,33.34,,Alto,,,Medio,0.82,0.42,-96.49,16.76,0.0,0.0,0.0,0.0,0.0,0.0
OAXACA,20,SAN BALTAZAR LOXICHA,20113,3169.0,1644.0,51.88,1525.0,48.12,965.0,30.45,1933.0,61.0,271.0,8.55,12161.71,0.26,100.0,35.06,,86.47,24.88,,Medio,,,Medio,0.83,0.64,-96.79,16.07,0.0,0.0,0.0,0.0,0.0,0.0
OAXACA,20,SAN BALTAZAR YATZACHI EL BAJO,20114,674.0,349.0,51.78,325.0,48.22,138.0,20.47,360.0,53.41,176.0,26.11,3035.74,0.22,100.0,97.33,,73.05,15.54,,Medio,,,Medio,0.83,0.24,-96.22,17.23,0.0,0.0,0.0,0.0,0.0,0.0
OAXACA,20,SAN BARTOLO COYOTEPEC,20115,10391.0,5393.0,51.9,4998.0,48.1,2539.0,24.43,7051.0,67.86,764.0,7.35,3143.17,3.31,100.0,9.29,,37.26,7.79,,Bajo,,,Muy bajo,0.88,-0.81,-96.71,16.96,0.0,0.0,0.0,0.0,0.0,0.0
OAXACA,20,SAN BARTOLOME AYAUTLA,20116,4131.0,2180.0,52.77,1951.0,47.23,1354.0,32.78,2313.0,55.99,464.0,11.23,5729.68,0.72,100.0,99.3,,97.18,68.6,,Muy alto,,,Muy alto,0.75,2.02,-96.67,18.03,0.0,0.0,0.0,0.0,0.0,0.0
OAXACA,20,SAN BARTOLOME LOXICHA,20117,2213.0,1143.0,51.65,1070.0,48.35,662.0,29.91,1328.0,60.01,223.0,10.08,15714.63,0.14,100.0,89.74,,80.69,27.41,,Alto,,,Alto,0.78,1.4,-96.71,15.97,0.0,0.0,0.0,0.0,0.0,0.0
OAXACA,20,SAN BARTOLOME QUIALANA,20118,2389.0,1395.0,58.39,994.0,41.61,572.0,23.94,1475.0,61.74,342.0,14.32,2393.62,1.0,100.0,98.62,,74.69,24.15,,Alto,,,Medio,0.8,0.44,-96.5,16.9,0.0,0.0,0.0,0.0,0.0,0.0
OAXACA,20,SAN BARTOLOME YUCUANE,20119,735.0,410.0,55.78,325.0,44.22,126.0,17.14,488.0,66.39,121.0,16.46,8600.13,0.09,100.0,94.69,,84.7,39.0,,Alto,,,Medio,0.82,0.83,-97.45,17.24,0.0,0.0,0.0,0.0,0.0,0.0
OAXACA,20,SAN BARTOLOME ZOOGOCHO,20120,449.0,207.0,46.1,242.0,53.9,166.0,36.97,214.0,47.66,69.0,15.37,874.94,0.51,100.0,64.14,,85.2,30.34,,Medio,,,Medio,0.84,0.16,-96.24,17.24,0.0,0.0,0.0,0.0,0.0,0.0
OAXACA,20,SAN BARTOLO SOYALTEPEC,20121,596.0,307.0,51.51,289.0,48.49,114.0,19.13,342.0,57.38,140.0,23.49,7490.19,0.08,100.0,53.36,,58.49,8.7,,Medio,,,Bajo,0.84,0.08,-97.31,17.59,0.0,0.0,0.0,0.0,0.0,0.0
OAXACA,20,SAN BARTOLO YAUTEPEC,20122,653.0,332.0,50.84,321.0,49.16,175.0,26.8,357.0,54.67,121.0,18.53,9377.98,0.07,100.0,47.47,,85.8,13.22,,Medio,,,Bajo,0.84,0.01,-95.97,16.43,0.0,0.0,0.0,0.0,0.0,0.0
OAXACA,20,SAN BERNARDO MIXTEPEC,20123,2829.0,1474.0,52.1,1355.0,47.9,884.0,31.25,1615.0,57.09,330.0,11.66,10897.36,0.26,100.0,7.03,,81.78,25.81,,Alto,,,Medio,0.81,0.51,-96.9,16.82,0.0,0.0,0.0,0.0,0.0,0.0
OAXACA,20,SAN BLAS ATEMPA,20124,19696.0,9925.0,50.39,9771.0,49.61,5377.0,27.3,12824.0,65.11,1458.0,7.4,20924.62,0.94,33.4,97.75,,66.87,22.91,,Muy alto,,,Alto,0.74,1.4,-95.23,16.33,0.0,0.0,0.0,0.0,0.0,0.0
OAXACA,20,SAN CARLOS YAUTEPEC,20125,11662.0,5796.0,49.7,5866.0,50.3,3642.0,31.23,6841.0,58.66,1179.0,10.11,231440.88,0.05,100.0,62.25,,91.98,35.99,,Alto,,,Alto,0.77,1.41,-96.11,16.5,0.0,0.0,0.0,0.0,0.0,0.0
OAXACA,20,SAN CRISTOBAL AMATLAN,20126,5396.0,2818.0,52.22,2578.0,47.78,1742.0,32.28,3173.0,58.8,481.0,8.91,13741.7,0.39,100.0,93.35,,93.15,32.61,,Muy alto,,,Muy alto,0.76,2.17,-96.41,16.32,0.0,0.0,0.0,0.0,0.0,0.0
OAXACA,20,SAN CRISTOBAL AMOLTEPEC,20127,1252.0,676.0,53.99,576.0,46.01,381.0,30.43,729.0,58.23,142.0,11.34,3182.01,0.39,100.0,93.93,,95.72,39.53,,Alto,,,Muy alto,0.78,1.96,-97.57,17.28,0.0,0.0,0.0,0.0,0.0,0.0
OAXACA,20,SAN CRISTOBAL LACHIRIOAG,20128,1342.0,706.0,52.61,636.0,47.39,316.0,23.55,791.0,58.94,235.0,17.51,1685.54,0.8,100.0,93.82,,69.6,8.83,,Medio,,,Bajo,0.85,-0.16,-96.17,17.34,0.0,0.0,0.0,0.0,0.0,0.0
OAXACA,20,SAN CRISTOBAL SUCHIXTLAHUACA,20129,356.0,181.0,50.84,175.0,49.16,98.0,27.53,200.0,56.18,58.0,16.29,5304.89,0.07,100.0,7.02,,64.06,6.34,,Bajo,,,Muy bajo,0.88,-0.72,-97.37,17.73,0.0,0.0,0.0,0.0,0.0,0.0
OAXACA,20,SAN DIONISIO DEL MAR,20130,5180.0,2593.0,50.06,2587.0,49.94,1496.0,28.88,3189.0,61.56,495.0,9.56,22609.11,0.23,100.0,72.3,,83.15,30.53,,Muy alto,,,Medio,0.76,0.87,-94.76,16.32,0.0,0.0,0.0,0.0,0.0,0.0
OAXACA,20,SAN DIONISIO OCOTEPEC,20131,11411.0,5998.0,52.56,5413.0,47.44,2951.0,25.86,7458.0,65.36,1001.0,8.77,31121.99,0.37,47.77,98.7,,93.52,45.66,,Alto,,,Alto,0.79,1.0,-96.4,16.8,0.0,0.0,0.0,0.0,0.0,0.0
OAXACA,20,SAN DIONISIO OCOTLAN,20132,1380.0,714.0,51.74,666.0,48.26,338.0,24.49,887.0,64.28,155.0,11.23,1010.91,1.37,100.0,10.07,,50.91,13.39,,Medio,,,Bajo,0.83,0.1,-96.68,16.75,0.0,0.0,0.0,0.0,0.0,0.0
OAXACA,20,SAN ESTEBAN ATATLAHUCA,20133,3934.0,2056.0,52.26,1878.0,47.74,1163.0,29.56,2267.0,57.63,501.0,12.74,10939.41,0.36,100.0,96.47,,93.06,39.71,,Alto,,,Muy alto,0.78,2.09,-97.68,17.07,0.0,0.0,0.0,0.0,0.0,0.0
OAXACA,20,SAN FELIPE JALAPA DE DIAZ,20134,28500.0,15095.0,52.96,13405.0,47.04,9751.0,34.21,16876.0,59.21,1872.0,6.57,13419.34,2.12,75.92,97.61,,96.83,71.34,,Muy alto,,,Muy alto,0.74,1.85,-96.54,18.07,0.0,0.0,0.0,0.0,0.0,0.0
OAXACA,20,SAN FELIPE TEJALAPAM,20135,8231.0,4291.0,52.13,3940.0,47.87,2318.0,28.16,5182.0,62.96,731.0,8.88,9951.88,0.83,100.0,4.39,,76.7,29.77,,Medio,,,Medio,0.84,0.32,-96.85,17.11,0.0,0.0,0.0,0.0,0.0,0.0
OAXACA,20,SAN FELIPE USILA,20136,12191.0,6343.0,52.03,5848.0,47.97,3900.0,31.99,7012.0,57.52,1278.0,10.48,44699.41,0.27,55.61,98.24,,91.72,46.03,,Alto,,,Alto,0.82,1.16,-96.53,17.88,0.0,0.0,0.0,0.0,0.0,0.0
OAXACA,20,SAN FRANCISCO CAHUACUA,20137,3450.0,1753.0,50.81,1697.0,49.19,1052.0,30.49,2014.0,58.38,384.0,11.13,28101.9,0.12,100.0,2.67,,93.53,48.24,,Alto,,,Alto,0.77,1.51,-97.31,16.89,0.0,0.0,0.0,0.0,0.0,0.0
OAXACA,20,SAN FRANCISCO CAJONOS,20138,451.0,239.0,52.99,212.0,47.01,83.0,18.4,252.0,55.88,116.0,25.72,4471.61,0.1,100.0,94.46,,76.38,16.6,,Medio,,,Medio,0.84,0.14,-96.25,17.17,0.0,0.0,0.0,0.0,0.0,0.0
OAXACA,20,SAN FRANCISCO CHAPULAPA,20139,2195.0,1134.0,51.66,1061.0,48.34,746.0,33.99,1239.0,56.45,210.0,9.57,6236.49,0.35,100.0,19.04,,96.19,48.78,,Alto,,,Alto,0.77,1.32,-96.75,17.94,0.0,0.0,0.0,0.0,0.0,0.0
OAXACA,20,SAN FRANCISCO CHINDUA,20140,812.0,415.0,51.11,397.0,48.89,209.0,25.74,500.0,61.58,103.0,12.68,2258.52,0.36,100.0,1.11,,84.33,28.68,,Medio,,,Medio,0.85,0.54,-97.31,17.43,0.0,0.0,0.0,0.0,0.0,0.0
OAXACA,20,SAN FRANCISCO DEL MAR,20141,8710.0,4336.0,49.78,4374.0,50.22,2806.0,32.22,5287.0,60.7,617.0,7.08,46584.44,0.19,37.3,29.21,,70.85,19.68,,Alto,,,Medio,0.78,0.8,-94.63,16.23,0.0,0.0,0.0,0.0,0.0,0.0
OAXACA,20,SAN FRANCISCO HUEHUETLAN,20142,842.0,464.0,55.11,378.0,44.89,179.0,21.26,448.0,53.21,215.0,25.53,1422.74,0.59,100.0,99.05,,96.27,43.62,,Alto,,,Alto,0.77,1.56,-96.95,18.2,0.0,0.0,0.0,0.0,0.0,0.0
OAXACA,20,SAN FRANCISCO IXHUATAN,20143,9461.0,4695.0,49.62,4766.0,50.38,2420.0,25.58,5921.0,62.58,1120.0,11.84,21357.41,0.44,42.57,18.38,,65.75,16.82,,Bajo,,,Bajo,0.86,-0.17,-94.48,16.35,0.0,0.0,0.0,0.0,0.0,0.0
OAXACA,20,SAN FRANCISCO JALTEPETONGO,20144,1075.0,561.0,52.19,514.0,47.81,279.0,25.95,577.0,53.67,219.0,20.37,4745.87,0.23,100.0,21.21,,88.63,25.72,,Alto,,,Medio,0.81,0.67,-97.26,17.39,0.0,0.0,0.0,0.0,0.0,0.0
OAXACA,20,SAN FRANCISCO LACHIGOLO,20145,5215.0,2713.0,52.02,2502.0,47.98,1347.0,25.83,3535.0,67.79,333.0,6.39,1147.45,4.54,2.38,32.21,,49.19,9.5,,Muy bajo,,,Bajo,0.89,-0.6,-96.6,17.01,0.0,0.0,0.0,0.0,0.0,0.0
OAXACA,20,SAN FRANCISCO LOGUECHE,20146,2803.0,1479.0,52.76,1324.0,47.24,902.0,32.18,1735.0,61.9,166.0,5.92,4099.84,0.68,100.0,98.93,,93.83,41.45,,Alto,,,Muy alto,0.78,1.87,-96.38,16.35,0.0,0.0,0.0,0.0,0.0,0.0
OAXACA,20,SAN FRANCISCO NUXANO,20147,376.0,183.0,48.67,193.0,51.33,92.0,24.47,208.0,55.32,76.0,20.21,2261.67,0.17,100.0,0.0,,84.81,13.55,,Medio,,,Medio,0.85,0.41,-97.34,17.38,0.0,0.0,0.0,0.0,0.0,0.0
OAXACA,20,SAN FRANCISCO OZOLOTEPEC,20148,2182.0,1142.0,52.34,1040.0,47.66,800.0,36.66,1213.0,55.59,169.0,7.75,4974.59,0.44,100.0,96.2,,90.21,33.12,,Alto,,,Alto,0.78,1.36,-96.22,16.1,0.0,0.0,0.0,0.0,0.0,0.0
OAXACA,20,SAN FRANCISCO SOLA,20149,2019.0,1072.0,53.1,947.0,46.9,649.0,32.14,1176.0,58.25,194.0,9.61,10744.62,0.19,100.0,3.02,,74.4,31.91,,Alto,,,Alto,0.77,0.97,-96.97,16.51,0.0,0.0,0.0,0.0,0.0,0.0
OAXACA,20,SAN FRANCISCO TELIXTLAHUACA,20150,13856.0,7182.0,51.83,6674.0,48.17,3871.0,27.94,8939.0,64.51,1046.0,7.55,19304.08,0.72,9.97,4.54,,63.07,14.66,,Muy bajo,,,Bajo,0.89,-0.43,-96.9,17.3,0.0,0.0,0.0,0.0,0.0,0.0
OAXACA,20,SAN FRANCISCO TEOPAN,20151,312.0,151.0,48.4,161.0,51.6,70.0,22.44,179.0,57.37,63.0,20.19,8615.39,0.04,100.0,0.0,,99.25,44.13,,Alto,,,Medio,0.81,0.57,-97.49,17.85,0.0,0.0,0.0,0.0,0.0,0.0
OAXACA,20,SAN FRANCISCO TLAPANCINGO,20152,2472.0,1328.0,53.72,1144.0,46.28,860.0,34.79,1359.0,54.98,253.0,10.23,9964.41,0.25,100.0,73.62,,93.4,56.7,,Muy alto,,,Alto,0.72,1.67,-98.27,17.48,0.0,0.0,0.0,0.0,0.0,0.0
OAXACA,20,SAN GABRIEL MIXTEPEC,20153,4910.0,2515.0,51.22,2395.0,48.78,1579.0,32.16,2961.0,60.31,370.0,7.54,17946.52,0.27,100.0,4.79,,75.47,19.38,,Medio,,,Medio,0.84,0.19,-97.08,16.09,0.0,0.0,0.0,0.0,0.0,0.0
OAXACA,20,SAN ILDEFONSO AMATLAN,20154,2329.0,1250.0,53.67,1079.0,46.33,700.0,30.06,1338.0,57.45,291.0,12.49,6139.71,0.38,100.0,50.84,,88.97,30.7,,Alto,,,Alto,0.81,1.07,-96.49,16.33,0.0,0.0,0.0,0.0,0.0,0.0
OAXACA,20,SAN ILDEFONSO SOLA,20155,1060.0,547.0,51.6,513.0,48.4,330.0,31.13,643.0,60.66,87.0,8.21,3885.73,0.27,100.0,3.49,,87.01,48.71,,Muy alto,,,Alto,0.74,1.37,-96.98,16.52,0.0,0.0,0.0,0.0,0.0,0.0
OAXACA,20,SAN ILDEFONSO VILLA ALTA,20156,3677.0,1898.0,51.62,1779.0,48.38,879.0,23.91,2318.0,63.04,480.0,13.05,9398.04,0.39,100.0,80.55,,57.37,13.16,,Medio,,,Bajo,0.85,-0.04,-96.15,17.34,0.0,0.0,0.0,0.0,0.0,0.0
OAXACA,20,SAN JACINTO AMILPAS,20157,16827.0,8838.0,52.52,7989.0,47.48,3936.0,23.39,11740.0,69.77,1097.0,6.52,416.27,40.42,0.0,15.23,,22.78,3.0,,Muy bajo,,,Muy bajo,0.93,-1.15,-96.76,17.1,0.0,0.0,0.0,0.0,0.0,0.0
OAXACA,20,SAN JACINTO TLACOTEPEC,20158,2233.0,1158.0,51.86,1075.0,48.14,678.0,30.36,1347.0,60.32,208.0,9.31,6384.14,0.35,100.0,7.88,,79.45,23.26,,Alto,,,Medio,0.81,0.67,-97.39,16.52,0.0,0.0,0.0,0.0,0.0,0.0
OAXACA,20,SAN JERONIMO COATLAN,20159,5537.0,2836.0,51.22,2701.0,48.78,1864.0,33.66,3297.0,59.54,376.0,6.79,58675.33,0.09,100.0,5.71,,91.4,42.55,,Alto,,,Alto,0.77,1.25,-96.87,16.23,0.0,0.0,0.0,0.0,0.0,0.0
OAXACA,20,SAN JERONIMO SILACAYOAPILLA,20160,1429.0,730.0,51.08,699.0,48.92,380.0,26.59,840.0,58.78,209.0,14.63,5845.87,0.24,100.0,0.56,,65.84,10.91,,Medio,,,Bajo,0.84,-0.06,-97.85,17.81,0.0,0.0,0.0,0.0,0.0,0.0
OAXACA,20,SAN JERONIMO SOSOLA,20161,2730.0,1425.0,52.2,1305.0,47.8,660.0,24.18,1603.0,58.72,467.0,17.11,22017.73,0.12,100.0,3.44,,81.45,19.97,,Alto,,,Medio,0.82,0.46,-97.03,17.37,0.0,0.0,0.0,0.0,0.0,0.0
OAXACA,20,SAN JERONIMO TAVICHE,20162,2046.0,1059.0,51.76,987.0,48.24,637.0,31.13,1265.0,61.83,144.0,7.04,7294.52,0.28,100.0,30.25,,92.02,45.46,,Muy alto,,,Alto,0.76,1.32,-96.59,16.71,0.0,0.0,0.0,0.0,0.0,0.0
OAXACA,20,SAN JERONIMO TECOATL,20163,1577.0,845.0,53.58,732.0,46.42,490.0,31.07,880.0,55.8,207.0,13.13,1778.37,0.89,100.0,93.28,,87.44,47.06,,Alto,,,Alto,0.79,1.4,-96.91,18.17,0.0,0.0,0.0,0.0,0.0,0.0
OAXACA,20,SAN JORGE NUCHITA,20164,2881.0,1540.0,53.45,1341.0,46.55,834.0,28.95,1652.0,57.34,395.0,13.71,5571.97,0.52,100.0,82.12,,88.29,41.67,,Alto,,,Medio,0.8,0.46,-98.11,17.66,0.0,0.0,0.0,0.0,0.0,0.0
OAXACA,20,SAN JOSE AYUQUILA,20165,1629.0,864.0,53.04,765.0,46.96,499.0,30.63,915.0,56.17,215.0,13.2,2178.18,0.75,100.0,1.84,,80.52,21.68,,Alto,,,Medio,0.8,0.37,-97.97,17.94,0.0,0.0,0.0,0.0,0.0,0.0
OAXACA,20,SAN JOSE CHILTEPEC,20166,11310.0,5849.0,51.72,5461.0,48.28,2919.0,25.81,7311.0,64.64,1080.0,9.55,19287.0,0.59,100.0,55.2,,58.11,18.08,,Medio,,,Bajo,0.84,-0.07,-96.17,17.95,0.0,0.0,0.0,0.0,0.0,0.0
OAXACA,20,SAN JOSE DEL PENASCO,20167,2149.0,1127.0,52.44,1022.0,47.56,679.0,31.6,1301.0,60.54,169.0,7.86,2863.53,0.75,100.0,5.91,,76.7,19.43,,Alto,,,Alto,0.78,1.67,-96.5,16.32,0.0,0.0,0.0,0.0,0.0,0.0
OAXACA,20,SAN JOSE ESTANCIA GRANDE,20168,938.0,481.0,51.28,457.0,48.72,308.0,32.84,518.0,55.22,112.0,11.94,6616.3,0.14,100.0,7.25,,61.52,17.78,,Alto,,,Medio,0.79,0.8,-98.25,16.37,0.0,0.0,0.0,0.0,0.0,0.0
OAXACA,20,SAN JOSE INDEPENDENCIA,20169,4251.0,2198.0,51.71,2053.0,48.29,1485.0,34.93,2292.0,53.92,474.0,11.15,5378.93,0.79,100.0,95.95,,91.33,55.95,,Muy alto,,,Muy alto,0.66,3.19,-96.65,18.24,0.0,0.0,0.0,0.0,0.0,0.0
OAXACA,20,SAN JOSE LACHIGUIRI,20170,3700.0,1948.0,52.65,1752.0,47.35,979.0,26.46,2353.0,63.59,368.0,9.95,7778.91,0.48,100.0,99.03,,96.41,53.69,,Muy alto,,,Muy alto,0.7,2.79,-96.34,16.38,0.0,0.0,0.0,0.0,0.0,0.0
OAXACA,20,SAN JOSE TENNANGO,20171,18102.0,9536.0,52.68,8566.0,47.32,6350.0,35.08,9659.0,53.36,2093.0,11.56,25729.54,0.7,100.0,98.43,,96.56,73.55,,Muy alto,,,Muy alto,0.59,3.99,-96.72,18.15,0.0,0.0,0.0,0.0,0.0,0.0
OAXACA,20,SAN JUAN ACHIUTLA,20172,408.0,205.0,50.25,203.0,49.75,59.0,14.46,246.0,60.29,103.0,25.25,3563.34,0.11,100.0,9.8,,75.54,15.52,,Bajo,,,Bajo,0.86,-0.2,-97.51,17.34,0.0,0.0,0.0,0.0,0.0,0.0
OAXACA,20,SAN JUAN ATEPEC,20173,1457.0,752.0,51.61,705.0,48.39,338.0,23.2,856.0,58.75,263.0,18.05,13422.22,0.11,100.0,95.68,,83.49,15.14,,Medio,,,Medio,0.84,0.23,-96.54,17.43,0.0,0.0,0.0,0.0,0.0,0.0
OAXACA,20,ANIMAS TRUJANO,20174,4564.0,2394.0,52.45,2170.0,47.55,1068.0,23.4,3119.0,68.34,374.0,8.19,302.61,15.08,100.0,11.59,,39.85,7.13,,Muy bajo,,,Muy bajo,0.89,-0.96,-96.71,16.99,0.0,0.0,0.0,0.0,0.0,0.0
OAXACA,20,SAN JUAN BAUTISTA ATATLAHUCA,20175,1424.0,744.0,52.25,680.0,47.75,357.0,25.07,859.0,60.32,208.0,14.61,42143.22,0.03,100.0,62.64,,90.46,28.07,,Alto,,,Medio,0.82,0.3,-96.83,17.53,0.0,0.0,0.0,0.0,0.0,0.0
OAXACA,20,SAN JUAN BAUTISTA COIXTLAHUACA,20176,2725.0,1411.0,51.78,1314.0,48.22,721.0,26.46,1521.0,55.82,483.0,17.72,28593.13,0.1,100.0,11.96,,79.09,22.33,,Alto,,,Medio,0.8,0.83,-97.32,17.72,0.0,0.0,0.0,0.0,0.0,0.0
OAXACA,20,SAN JUAN BAUTISTA CUICATLAN,20177,10365.0,5224.0,50.4,5141.0,49.6,2774.0,26.76,6375.0,61.51,1216.0,11.73,49598.07,0.21,47.87,28.39,,66.56,20.51,,Bajo,,,Bajo,0.86,0.09,-96.96,17.8,0.0,0.0,0.0,0.0,0.0,0.0
OAXACA,20,SAN JUAN BAUTISTA GUELACHE,20178,6692.0,3525.0,52.67,3167.0,47.33,1669.0,24.94,4467.0,66.75,556.0,8.31,5216.86,1.28,100.0,13.73,,38.88,8.32,,Bajo,,,Muy bajo,0.88,-0.82,-96.78,17.23,0.0,0.0,0.0,0.0,0.0,0.0
OAXACA,20,SAN JUAN BAUTISTA JAYACATLAN,20179,1447.0,744.0,51.42,703.0,48.58,393.0,27.16,820.0,56.67,234.0,16.17,11442.81,0.13,100.0,2.56,,87.09,26.46,,Medio,,,Bajo,0.83,0.01,-96.82,17.42,0.0,0.0,0.0,0.0,0.0,0.0
OAXACA,20,SAN JUAN BAUTISTA LO DE SOTO,20180,2344.0,1167.0,49.79,1177.0,50.21,661.0,28.2,1325.0,56.53,358.0,15.27,7239.97,0.32,100.0,4.69,,51.76,11.54,,Medio,,,Bajo,0.83,-0.16,-98.35,16.51,0.0,0.0,0.0,0.0,0.0,0.0
OAXACA,20,SAN JUAN BAUTISTA SUCHITEPEC,20181,453.0,231.0,50.99,222.0,49.01,93.0,20.53,249.0,54.97,111.0,24.5,9312.92,0.05,100.0,3.53,,77.96,17.09,,Medio,,,Medio,0.83,0.46,-97.66,17.97,0.0,0.0,0.0,0.0,0.0,0.0
OAXACA,20,SAN JUAN BAUTISTA TLACOATZINTEPEC,20182,2181.0,1175.0,53.87,1006.0,46.13,725.0,33.24,1224.0,56.12,232.0,10.64,5006.72,0.44,100.0,98.12,,93.25,44.27,,Alto,,,Muy alto,0.77,1.85,-96.59,17.86,0.0,0.0,0.0,0.0,0.0,0.0
OAXACA,20,SAN JUAN BAUTISTA TLACHICHILCO,20183,1475.0,786.0,53.29,689.0,46.71,468.0,31.73,837.0,56.75,170.0,11.53,8864.39,0.17,100.0,18.31,,84.28,29.5,,Alto,,,Medio,0.81,0.24,-98.34,17.62,0.0,0.0,0.0,0.0,0.0,0.0
OAXACA,20,SAN JUAN BAUTISTA TUXTEPEC,20184,159452.0,83485.0,52.36,75967.0,47.64,41188.0,25.83,105205.0,65.98,13020.0,8.17,86667.79,1.84,35.02,28.91,,53.37,17.97,,Bajo,,,Bajo,0.88,-0.63,-96.12,18.08,0.0,0.0,0.0,0.0,0.0,0.0
OAXACA,20,SAN JUAN CACAHUATEPEC,20185,8939.0,4642.0,51.93,4297.0,48.07,2573.0,28.78,5495.0,61.47,871.0,9.74,20326.15,0.44,100.0,8.16,,70.51,25.41,,Medio,,,Bajo,0.83,0.04,-98.16,16.61,0.0,0.0,0.0,0.0,0.0,0.0
OAXACA,20,SAN JUAN CIENEGUILLA,20186,524.0,253.0,48.28,271.0,51.72,144.0,27.48,268.0,51.15,112.0,21.37,8987.36,0.06,100.0,0.0,,79.57,14.89,,Medio,,,Bajo,0.83,-0.01,-98.28,17.85,0.0,0.0,0.0,0.0,0.0,0.0
OAXACA,20,SAN JUAN COATZOSPAM,20187,1808.0,934.0,51.66,874.0,48.34,439.0,24.28,1098.0,60.73,271.0,14.99,6598.82,0.27,100.0,96.74,,93.52,48.37,,Alto,,,Alto,0.78,1.73,-96.76,18.05,0.0,0.0,0.0,0.0,0.0,0.0
OAXACA,20,SAN JUAN COLORADO,20188,9609.0,4941.0,51.42,4668.0,48.58,3151.0,32.79,5486.0,57.09,972.0,10.12,12446.51,0.77,40.9,79.6,,85.53,43.34,,Alto,,,Alto,0.77,1.41,-97.95,16.46,0.0,0.0,0.0,0.0,0.0,0.0
OAXACA,20,SAN JUAN COMALTEPEC,20189,3116.0,1593.0,51.12,1523.0,48.88,1032.0,33.12,1864.0,59.82,220.0,7.06,9866.35,0.32,100.0,99.26,,96.4,55.17,,Muy alto,,,Muy alto,0.76,2.16,-95.98,17.34,0.0,0.0,0.0,0.0,0.0,0.0
OAXACA,20,SAN JUAN COTZOCON,20190,22444.0,11601.0,51.69,10843.0,48.31,6564.0,29.25,13580.0,60.51,2299.0,10.24,138341.3,0.16,100.0,66.34,,74.39,27.23,,Alto,,,Medio,0.8,0.61,-95.78,17.16,0.0,0.0,0.0,0.0,0.0,0.0
OAXACA,20,SAN JUAN CHICOMEZUCHIL,20191,296.0,163.0,55.07,133.0,44.93,64.0,21.62,170.0,57.43,62.0,20.95,2039.8,0.15,100.0,21.62,,73.15,11.71,,Medio,,,Bajo,0.85,-0.11,-96.49,17.29,0.0,0.0,0.0,0.0,0.0,0.0
OAXACA,20,SAN JUAN CHILATECA,20192,1522.0,825.0,54.2,697.0,45.8,284.0,18.66,996.0,65.44,242.0,15.9,521.86,2.92,100.0,2.17,,34.76,3.73,,Muy bajo,,,Muy bajo,0.89,-0.93,-96.67,16.83,0.0,0.0,0.0,0.0,0.0,0.0
OAXACA,20,SAN JUAN DEL ESTADO,20193,2807.0,1465.0,52.19,1342.0,47.81,713.0,25.4,1756.0,62.56,338.0,12.04,13213.79,0.21,100.0,2.03,,66.69,13.84,,Bajo,,,Bajo,0.86,-0.5,-96.8,17.27,0.0,0.0,0.0,0.0,0.0,0.0
OAXACA,20,SAN JUAN DEL RIO,20194,1372.0,721.0,52.55,651.0,47.45,263.0,19.17,882.0,64.29,227.0,16.55,7150.84,0.19,100.0,98.54,,76.36,15.45,,Medio,,,Bajo,0.85,-0.36,-96.16,16.88,0.0,0.0,0.0,0.0,0.0,0.0
OAXACA,20,SAN JUAN DIUXI,20195,1056.0,559.0,52.94,497.0,47.06,228.0,21.59,548.0,51.89,280.0,26.52,3493.19,0.3,100.0,99.34,,94.83,50.93,,Muy alto,,,Muy alto,0.74,1.94,-97.37,17.28,0.0,0.0,0.0,0.0,0.0,0.0
OAXACA,20,SAN JUAN EVANGELISTA ANALCO,20196,407.0,215.0,52.83,192.0,47.17,85.0,20.88,214.0,52.58,108.0,26.54,1659.81,0.25,100.0,67.08,,82.72,9.53,,Bajo,,,Bajo,0.87,-0.36,-96.54,17.41,0.0,0.0,0.0,0.0,0.0,0.0
OAXACA,20,SAN JUAN GUELAVIA,20197,3288.0,1671.0,50.82,1617.0,49.18,780.0,23.72,2067.0,62.86,441.0,13.41,3182.77,1.03,100.0,91.3,,77.88,17.91,,Medio,,,Bajo,0.83,0.12,-96.55,16.96,0.0,0.0,0.0,0.0,0.0,0.0
OAXACA,20,SAN JUAN GUICHICOVI,20198,29802.0,15841.0,53.15,13961.0,46.85,7890.0,26.47,17786.0,59.68,4124.0,13.84,79830.27,0.37,100.0,86.49,,71.26,22.37,,Alto,,,Medio,0.78,0.95,-95.1,16.96,0.0,0.0,0.0,0.0,0.0,0.0
OAXACA,20,SAN JUAN IHUALTEPEC,20199,494.0,268.0,54.25,226.0,45.75,111.0,22.47,235.0,47.57,144.0,29.15,5216.14,0.09,100.0,14.98,,93.53,42.74,,Alto,,,Medio,0.77,0.95,-98.29,17.74,0.0,0.0,0.0,0.0,0.0,0.0
OAXACA,20,SAN JUAN JUQUILA MIXES,20200,3703.0,1939.0,52.36,1764.0,47.64,995.0,26.87,2213.0,59.76,493.0,13.31,31675.07,0.12,100.0,96.33,,82.53,29.31,,Alto,,,Muy alto,0.77,1.88,-95.92,16.94,0.0,0.0,0.0,0.0,0.0,0.0
OAXACA,20,SAN JUAN JUQUILA VIJANOS,20201,1880.0,996.0,52.98,884.0,47.02,576.0,30.64,1151.0,61.22,153.0,8.14,5658.32,0.33,100.0,99.73,,88.93,29.92,,Alto,,,Alto,0.81,1.02,-96.3,17.35,0.0,0.0,0.0,0.0,0.0,0.0
OAXACA,20,SAN JUAN LACHAO,20202,4577.0,2382.0,52.04,2195.0,47.96,1569.0,34.28,2679.0,58.53,319.0,6.97,21055.9,0.22,100.0,65.5,,73.6,17.41,,Alto,,,Medio,0.81,0.65,-97.13,16.16,0.0,0.0,0.0,0.0,0.0,0.0
OAXACA,20,SAN JUAN LACHIGALLA,20203,3538.0,1798.0,50.82,1740.0,49.18,1137.0,32.14,2160.0,61.05,241.0,6.81,10781.64,0.33,100.0,1.72,,91.92,40.25,,Muy alto,,,Alto,0.75,1.58,-96.55,16.59,0.0,0.0,0.0,0.0,0.0,0.0
OAXACA,20,SAN JUAN LAJARCIA,20204,634.0,342.0,53.94,292.0,46.06,144.0,22.71,372.0,58.68,118.0,18.61,10668.77,0.06,100.0,1.89,,82.1,22.73,,Medio,,,Bajo,0.84,-0.04,-95.93,16.51,0.0,0.0,0.0,0.0,0.0,0.0
OAXACA,20,SAN JUAN LALANA,20205,16989.0,8745.0,51.47,8244.0,48.53,5259.0,30.96,10168.0,59.85,1562.0,9.19,69409.32,0.24,100.0,89.12,,90.59,56.26,,Muy alto,,,Alto,0.76,1.55,-95.88,17.47,0.0,0.0,0.0,0.0,0.0,0.0
OAXACA,20,SAN JUAN DE LOS CUES,20206,2421.0,1237.0,51.09,1184.0,48.91,663.0,27.39,1440.0,59.48,318.0,13.14,11928.78,0.2,100.0,53.78,,72.14,25.04,,Alto,,,Medio,0.82,0.39,-97.06,18.05,0.0,0.0,0.0,0.0,0.0,0.0
OAXACA,20,SAN JUAN MAZATLAN,20207,19032.0,9665.0,50.78,9367.0,49.22,6253.0,32.86,11138.0,58.52,1641.0,8.62,162973.19,0.12,100.0,73.07,,80.6,34.98,,Alto,,,Alto,0.78,1.12,-95.45,17.03,0.0,0.0,0.0,0.0,0.0,0.0
OAXACA,20,SAN JUAN MIXTEPEC,20208,6941.0,3632.0,52.33,3309.0,47.67,1496.0,21.55,4078.0,58.75,1367.0,19.69,35839.75,0.19,100.0,98.44,,85.91,39.36,,Alto,,,Alto,0.77,1.56,-97.83,17.31,0.0,0.0,0.0,0.0,0.0,0.0
OAXACA,20,SAN JUAN MIXTEPEC,20209,607.0,362.0,59.64,245.0,40.36,122.0,20.1,340.0,56.01,145.0,23.89,7582.81,0.08,100.0,99.18,,93.82,20.2,,Alto,,,Alto,0.77,1.76,-96.3,16.28,0.0,0.0,0.0,0.0,0.0,0.0
OAXACA,20,SAN JUAN NUMI,20210,5773.0,3155.0,54.65,2618.0,45.35,1620.0,28.06,3416.0,59.17,737.0,12.77,21213.83,0.27,100.0,99.64,,94.64,46.51,,Alto,,,Alto,0.81,1.58,-97.71,17.4,0.0,0.0,0.0,0.0,0.0,0.0
OAXACA,20,SAN JUAN OZOLOTEPEC,20211,3411.0,1703.0,49.93,1708.0,50.07,1344.0,39.4,1827.0,53.56,240.0,7.04,20768.44,0.16,100.0,79.1,,93.64,46.86,,Alto,,,Alto,0.77,1.69,-96.26,16.13,0.0,0.0,0.0,0.0,0.0,0.0
OAXACA,20,SAN JUAN PETLAPA,20212,3117.0,1633.0,52.39,1484.0,47.61,1180.0,37.86,1692.0,54.28,245.0,7.86,18830.4,0.17,100.0,99.58,,93.23,57.53,,Muy alto,,,Muy alto,0.75,2.6,-96.04,17.47,0.0,0.0,0.0,0.0,0.0,0.0
OAXACA,20,SAN JUAN QUIAHIJE,20213,4203.0,2291.0,54.51,1912.0,45.49,1686.0,40.11,2187.0,52.03,330.0,7.85,20481.16,0.21,100.0,99.1,,81.84,26.6,,Alto,,,Alto,0.79,1.1,-97.32,16.3,0.0,0.0,0.0,0.0,0.0,0.0
OAXACA,20,SAN JUAN QUIOTEPEC,20214,2033.0,1026.0,50.47,1007.0,49.53,512.0,25.18,1212.0,59.62,309.0,15.2,20275.06,0.1,100.0,98.82,,85.84,21.31,,Alto,,,Medio,0.81,0.25,-96.59,17.6,0.0,0.0,0.0,0.0,0.0,0.0
OAXACA,20,SAN JUAN SAYULTEPEC,20215,879.0,475.0,54.04,404.0,45.96,266.0,30.26,504.0,57.34,109.0,12.4,1456.26,0.6,100.0,6.48,,56.3,8.75,,Bajo,,,Bajo,0.87,-0.23,-97.28,17.45,0.0,0.0,0.0,0.0,0.0,0.0
OAXACA,20,SAN JUAN TABAA,20216,1241.0,646.0,52.05,595.0,47.95,336.0,27.07,733.0,59.07,172.0,13.86,1962.34,0.63,100.0,99.27,,90.41,18.99,,Medio,,,Medio,0.83,0.46,-96.21,17.31,0.0,0.0,0.0,0.0,0.0,0.0
OAXACA,20,SAN JUAN TAMAZOLA,20217,3325.0,1709.0,51.4,1616.0,48.6,1116.0,33.56,1734.0,52.15,475.0,14.29,36011.33,0.09,100.0,63.43,,95.09,51.33,,Muy alto,,,Muy alto,0.69,2.76,-97.23,17.16,0.0,0.0,0.0,0.0,0.0,0.0
OAXACA,20,SAN JUAN TEITA,20218,544.0,284.0,52.21,260.0,47.79,127.0,23.35,301.0,55.33,116.0,21.32,7110.93,0.08,100.0,92.1,,97.04,47.96,,Alto,,,Alto,0.81,1.34,-97.41,17.1,0.0,0.0,0.0,0.0,0.0,0.0
OAXACA,20,SAN JUAN TEITIPAC,20219,2668.0,1392.0,52.17,1276.0,47.83,656.0,24.59,1547.0,57.98,465.0,17.43,4136.44,0.64,100.0,24.48,,86.76,27.28,,Alto,,,Medio,0.8,0.66,-96.61,16.93,0.0,0.0,0.0,0.0,0.0,0.0
OAXACA,20,SAN JUAN TEPEUXILA,20220,2692.0,1304.0,48.44,1388.0,51.56,750.0,27.86,1578.0,58.62,364.0,13.52,25490.84,0.11,100.0,83.25,,92.54,31.3,,Medio,,,Medio,0.83,0.76,-96.84,17.72,0.0,0.0,0.0,0.0,0.0,0.0
OAXACA,20,SAN JUAN TEPOSCOLULA,20221,1494.0,771.0,51.61,723.0,48.39,370.0,24.77,888.0,59.44,236.0,15.8,8697.86,0.17,100.0,3.95,,71.65,16.51,,Medio,,,Medio,0.83,0.36,-97.42,17.55,0.0,0.0,0.0,0.0,0.0,0.0
OAXACA,20,SAN JUAN YAEE,20222,1426.0,739.0,51.82,687.0,48.18,373.0,26.16,857.0,60.1,196.0,13.74,3783.18,0.38,100.0,99.65,,92.33,16.49,,Medio,,,Medio,0.83,0.74,-96.28,17.43,0.0,0.0,0.0,0.0,0.0,0.0
OAXACA,20,SAN JUAN YATZONA,20223,440.0,243.0,55.23,197.0,44.77,128.0,29.09,253.0,57.5,59.0,13.41,2911.9,0.15,100.0,100.0,,91.98,18.63,,Bajo,,,Bajo,0.86,-0.19,-96.17,17.4,0.0,0.0,0.0,0.0,0.0,0.0
OAXACA,20,SAN JUAN YUCUITA,20224,643.0,338.0,52.57,305.0,47.43,127.0,19.75,394.0,61.28,122.0,18.97,2338.74,0.27,100.0,3.11,,60.53,9.72,,Medio,,,Bajo,0.85,-0.29,-97.27,17.51,0.0,0.0,0.0,0.0,0.0,0.0
OAXACA,20,SAN LORENZO,20225,5903.0,3101.0,52.53,2802.0,47.47,1782.0,30.19,3579.0,60.63,542.0,9.18,5883.8,1.0,100.0,84.91,,85.67,41.23,,Muy alto,,,Alto,0.72,1.71,-97.87,16.39,0.0,0.0,0.0,0.0,0.0,0.0
OAXACA,20,SAN LORENZO ALBARRADAS,20226,2971.0,1466.0,49.34,1505.0,50.66,771.0,25.95,1830.0,61.6,370.0,12.45,13473.83,0.22,100.0,20.9,,80.48,16.56,,Medio,,,Bajo,0.84,0.08,-96.26,16.91,0.0,0.0,0.0,0.0,0.0,0.0
OAXACA,20,SAN LORENZO CACAOTEPEC,20227,18339.0,9480.0,51.69,8859.0,48.31,4389.0,23.93,12558.0,68.48,1380.0,7.52,2764.21,6.63,14.76,9.4,,39.89,9.16,,Muy bajo,,,Muy bajo,0.9,-0.85,-96.8,17.13,0.0,0.0,0.0,0.0,0.0,0.0
OAXACA,20,SAN LORENZO CUAUNECUILTITLA,20228,833.0,402.0,48.26,431.0,51.74,299.0,35.89,447.0,53.66,87.0,10.44,915.08,0.91,100.0,97.0,,97.15,50.31,,Alto,,,Alto,0.77,1.57,-96.91,18.21,0.0,0.0,0.0,0.0,0.0,0.0
OAXACA,20,SAN LORENZO TEXMELUCAN,20229,9148.0,5031.0,55.0,4117.0,45.0,3613.0,39.49,5040.0,55.09,495.0,5.41,13790.81,0.66,100.0,98.4,,97.8,60.72,,Muy alto,,,Muy alto,0.74,2.69,-97.2,16.59,0.0,0.0,0.0,0.0,0.0,0.0
OAXACA,20,SAN LORENZO VICTORIA,20230,932.0,454.0,48.71,478.0,51.29,245.0,26.29,498.0,53.43,189.0,20.28,5195.05,0.18,100.0,6.44,,69.25,22.16,,Medio,,,Bajo,0.84,-0.34,-98.12,17.67,0.0,0.0,0.0,0.0,0.0,0.0
OAXACA,20,SAN LUCAS CAMOTLAN,20231,3187.0,1648.0,51.71,1539.0,48.29,941.0,29.53,1977.0,62.03,269.0,8.44,10181.21,0.31,100.0,99.84,,98.99,55.73,,Muy alto,,,Muy alto,0.74,2.31,-95.71,16.94,0.0,0.0,0.0,0.0,0.0,0.0
OAXACA,20,SAN LUCAS OJITLAN,20232,22185.0,11569.0,52.15,10616.0,47.85,7003.0,31.57,13380.0,60.31,1791.0,8.07,45405.14,0.49,72.27,95.77,,87.6,45.52,,Muy alto,,,Alto,0.75,1.73,-96.4,18.06,0.0,0.0,0.0,0.0,0.0,0.0
OAXACA,20,SAN LUCAS QUIAVINI,20233,1720.0,992.0,57.67,728.0,42.33,335.0,19.48,1106.0,64.3,279.0,16.22,5189.67,0.33,100.0,99.3,,84.2,31.42,,Alto,,,Medio,0.79,0.62,-96.47,16.89,0.0,0.0,0.0,0.0,0.0,0.0
OAXACA,20,SAN LUCAS ZOQUIAPAM,20234,7163.0,3720.0,51.93,3443.0,48.07,2419.0,33.77,3955.0,55.21,789.0,11.01,6481.91,1.11,100.0,99.04,,96.36,56.53,,Muy alto,,,Muy alto,0.73,2.24,-96.91,18.14,0.0,0.0,0.0,0.0,0.0,0.0
OAXACA,20,SAN LUIS AMATLAN,20235,3829.0,2036.0,53.17,1793.0,46.83,1107.0,28.91,2222.0,58.03,500.0,13.06,29017.93,0.13,100.0,0.97,,81.51,25.73,,Alto,,,Medio,0.79,0.83,-96.5,16.39,0.0,0.0,0.0,0.0,0.0,0.0
OAXACA,20,SAN MARCIAL OZOLOTEPEC,20236,1372.0,742.0,54.08,630.0,45.92,505.0,36.81,754.0,54.96,113.0,8.24,5409.34,0.25,100.0,99.13,,92.94,31.75,,Muy alto,,,Muy alto,0.73,3.05,-96.41,16.09,0.0,0.0,0.0,0.0,0.0,0.0
OAXACA,20,SAN MARCOS ARTEAGA,20237,1568.0,834.0,53.19,734.0,46.81,399.0,25.45,882.0,56.25,287.0,18.3,12778.06,0.12,100.0,6.19,,60.45,14.4,,Bajo,,,Bajo,0.86,-0.47,-97.86,17.72,0.0,0.0,0.0,0.0,0.0,0.0
OAXACA,20,SAN MARTIN DE LOS CANSECOS,20238,994.0,522.0,52.52,472.0,47.48,272.0,27.36,605.0,60.87,117.0,11.77,833.81,1.19,100.0,4.12,,77.55,25.68,,Medio,,,Medio,0.83,0.33,-96.73,16.66,0.0,0.0,0.0,0.0,0.0,0.0
OAXACA,20,SAN MARTIN HUAMELULPAM,20239,1000.0,532.0,53.2,468.0,46.8,230.0,23.0,591.0,59.1,179.0,17.9,4279.02,0.23,100.0,6.5,,75.17,19.42,,Medio,,,Medio,0.83,0.8,-97.6,17.4,0.0,0.0,0.0,0.0,0.0,0.0
OAXACA,20,SAN MARTIN ITUNYOSO,20240,2749.0,1498.0,54.49,1251.0,45.51,959.0,34.89,1545.0,56.2,245.0,8.91,6380.48,0.43,100.0,97.53,,97.54,77.18,,Muy alto,,,Muy alto,0.72,2.81,-97.88,17.23,0.0,0.0,0.0,0.0,0.0,0.0
OAXACA,20,SAN MARTIN LACHILA,20241,1034.0,569.0,55.03,465.0,44.97,258.0,24.95,600.0,58.03,176.0,17.02,1077.61,0.96,100.0,3.0,,79.83,29.37,,Medio,,,Medio,0.83,0.14,-96.85,16.61,0.0,0.0,0.0,0.0,0.0,0.0
OAXACA,20,SAN MARTIN PERAS,20242,12436.0,6582.0,52.93,5854.0,47.07,5034.0,40.48,6244.0,50.21,1158.0,9.31,24282.31,0.51,100.0,99.36,,97.78,69.87,,Muy alto,,,Muy alto,0.7,2.36,-98.24,17.36,0.0,0.0,0.0,0.0,0.0,0.0
OAXACA,20,SAN MARTIN TILCAJETE,20243,1975.0,1053.0,53.32,922.0,46.68,498.0,25.22,1259.0,63.75,218.0,11.04,2428.89,0.81,100.0,2.33,,51.27,11.1,,Bajo,,,Bajo,0.86,-0.22,-96.7,16.86,0.0,0.0,0.0,0.0,0.0,0.0
OAXACA,20,SAN MARTIN TOXPALAN,20244,3934.0,2043.0,51.93,1891.0,48.07,1204.0,30.6,2351.0,59.76,379.0,9.63,6397.06,0.61,100.0,53.05,,73.34,29.37,,Alto,,,Medio,0.82,0.3,-97.06,18.1,0.0,0.0,0.0,0.0,0.0,0.0
OAXACA,20,SAN MARTIN ZACATEPEC,20245,1324.0,660.0,49.85,664.0,50.15,387.0,29.23,743.0,56.12,194.0,14.65,4329.52,0.31,100.0,1.96,,85.0,29.71,,Alto,,,Medio,0.76,0.54,-98.06,17.81,0.0,0.0,0.0,0.0,0.0,0.0
OAXACA,20,SAN MATEO CAJONOS,20246,611.0,314.0,51.39,297.0,48.61,171.0,27.99,336.0,54.99,104.0,17.02,1470.48,0.42,100.0,97.87,,88.13,21.55,,Medio,,,Medio,0.83,0.41,-96.21,17.16,0.0,0.0,0.0,0.0,0.0,0.0
OAXACA,20,CAPULALPAM DE MENDEZ,20247,1619.0,896.0,55.34,723.0,44.66,368.0,22.73,1079.0,66.65,172.0,10.62,3717.97,0.44,100.0,18.34,,34.34,2.57,,Muy bajo,,,Muy bajo,0.9,-1.18,-96.45,17.31,0.0,0.0,0.0,0.0,0.0,0.0
OAXACA,20,SAN MATEO DEL MAR,20248,15571.0,7780.0,49.96,7791.0,50.04,5125.0,32.91,9326.0,59.89,1120.0,7.19,8800.7,1.77,64.14,99.79,,90.3,49.37,,Muy alto,,,Muy alto,0.6,3.47,-94.98,16.21,0.0,0.0,0.0,0.0,0.0,0.0
OAXACA,20,SAN MATEO YOLOXOCHITLAN,20249,3831.0,2026.0,52.88,1805.0,47.12,1256.0,32.79,2279.0,59.49,296.0,7.73,710.3,5.39,100.0,96.32,,92.43,47.0,,Alto,,,Alto,0.79,1.09,-96.87,18.14,0.0,0.0,0.0,0.0,0.0,0.0
OAXACA,20,SAN MATEO ETLATONGO,20250,1239.0,633.0,51.09,606.0,48.91,298.0,24.05,801.0,64.65,140.0,11.3,2350.89,0.53,100.0,3.95,,71.03,18.16,,Medio,,,Medio,0.85,0.27,-97.27,17.41,0.0,0.0,0.0,0.0,0.0,0.0
OAXACA,20,SAN MATEO NEJAPAM,20251,1217.0,653.0,53.66,564.0,46.34,401.0,32.95,684.0,56.2,132.0,10.85,6393.8,0.19,100.0,1.97,,90.54,40.97,,Alto,,,Alto,0.78,1.21,-98.42,17.66,0.0,0.0,0.0,0.0,0.0,0.0
OAXACA,20,SAN MATEO PENASCO,20252,2384.0,1264.0,53.02,1120.0,46.98,746.0,31.29,1380.0,57.89,258.0,10.82,5595.8,0.43,100.0,93.71,,92.14,42.29,,Alto,,,Alto,0.78,1.57,-97.53,17.15,0.0,0.0,0.0,0.0,0.0,0.0
OAXACA,20,SAN MATEO PINAS,20253,2021.0,995.0,49.23,1026.0,50.77,526.0,26.03,1158.0,57.3,337.0,16.67,16278.17,0.12,100.0,18.7,,88.3,45.84,,Muy alto,,,Muy alto,0.7,2.81,-96.34,16.0,0.0,0.0,0.0,0.0,0.0,0.0
OAXACA,20,SAN MATEO RIO HONDO,20254,3207.0,1636.0,51.01,1571.0,48.99,915.0,28.53,1930.0,60.18,362.0,11.29,21230.09,0.15,100.0,6.27,,77.8,23.03,,Alto,,,Alto,0.81,1.21,-96.45,16.14,0.0,0.0,0.0,0.0,0.0,0.0
OAXACA,20,SAN MATEO SINDIHUI,20255,1977.0,1045.0,52.86,932.0,47.14,582.0,29.44,1158.0,58.57,237.0,11.99,14181.91,0.14,100.0,4.1,,91.98,46.24,,Alto,,,Medio,0.8,0.65,-97.35,17.0,0.0,0.0,0.0,0.0,0.0,0.0
OAXACA,20,SAN MATEO TLAPILTEPEC,20256,229.0,118.0,51.53,111.0,48.47,49.0,21.4,143.0,62.45,37.0,16.16,2438.87,0.09,100.0,6.11,,82.59,17.89,,Medio,,,Bajo,0.85,-0.09,-97.43,17.81,0.0,0.0,0.0,0.0,0.0,0.0
OAXACA,20,SAN MELCHOR BETAZA,20257,1052.0,548.0,52.09,504.0,47.91,248.0,23.57,626.0,59.51,178.0,16.92,3411.38,0.31,100.0,99.14,,90.34,32.66,,Alto,,,Alto,0.79,1.06,-96.15,17.25,0.0,0.0,0.0,0.0,0.0,0.0
OAXACA,20,SAN MIGUEL ACHIUTLA,20258,698.0,348.0,49.86,350.0,50.14,157.0,22.49,378.0,54.15,163.0,23.35,6763.68,0.1,100.0,4.58,,88.26,39.59,,Alto,,,Medio,0.82,0.69,-97.49,17.31,0.0,0.0,0.0,0.0,0.0,0.0
OAXACA,20,SAN MIGUEL AHUEHUETITLAN,20259,2142.0,1109.0,51.77,1033.0,48.23,668.0,31.19,1150.0,53.69,324.0,15.13,8607.94,0.25,100.0,83.19,,92.42,49.98,,Alto,,,Alto,0.77,1.39,-98.32,17.67,0.0,0.0,0.0,0.0,0.0,0.0
OAXACA,20,SAN MIGUEL ALOAPAM,20260,2191.0,1193.0,54.45,998.0,45.55,603.0,27.52,1328.0,60.61,260.0,11.87,14214.68,0.15,100.0,99.82,,87.41,30.94,,Alto,,,Medio,0.81,0.39,-96.69,17.41,0.0,0.0,0.0,0.0,0.0,0.0
OAXACA,20,SAN MIGUEL AMATITLAN,20261,6932.0,3589.0,51.77,3343.0,48.23,2292.0,33.06,3856.0,55.63,784.0,11.31,17898.67,0.39,100.0,26.05,,74.94,21.74,,Alto,,,Medio,0.78,0.77,-98.03,17.89,0.0,0.0,0.0,0.0,0.0,0.0
OAXACA,20,SAN MIGUEL AMATLAN,20262,991.0,518.0,52.27,473.0,47.73,268.0,27.04,600.0,60.54,123.0,12.41,6091.41,0.16,100.0,21.7,,75.34,6.53,,Bajo,,,Bajo,0.86,-0.23,-96.47,17.28,0.0,0.0,0.0,0.0,0.0,0.0
OAXACA,20,SAN MIGUEL COATLAN,20263,3184.0,1725.0,54.18,1459.0,45.82,1092.0,34.3,1800.0,56.53,292.0,9.17,12411.9,0.26,100.0,30.18,,90.14,40.04,,Alto,,,Alto,0.78,1.65,-96.69,16.2,0.0,0.0,0.0,0.0,0.0,0.0
OAXACA,20,SAN MIGUEL CHICAHUA,20264,2169.0,1198.0,55.23,971.0,44.77,717.0,33.06,1169.0,53.9,283.0,13.05,6153.02,0.35,100.0,92.81,,91.25,33.63,,Alto,,,Alto,0.78,1.5,-97.19,17.64,0.0,0.0,0.0,0.0,0.0,0.0
OAXACA,20,SAN MIGUEL CHIMALAPA,20265,6711.0,3296.0,49.11,3415.0,50.89,1712.0,25.51,3699.0,55.12,742.0,11.06,118809.05,0.06,100.0,52.39,,76.81,28.03,,Alto,,,Medio,0.77,0.85,-94.75,16.71,0.0,0.0,0.0,0.0,0.0,0.0
OAXACA,20,SAN MIGUEL DEL PUERTO,20266,8551.0,4283.0,50.09,4268.0,49.91,2390.0,27.95,5356.0,62.64,793.0,9.27,52215.63,0.16,100.0,12.48,,47.06,8.05,,Alto,,,Alto,0.8,1.16,-96.17,15.92,0.0,0.0,0.0,0.0,0.0,0.0
OAXACA,20,SAN MIGUEL DEL RIO,20267,245.0,123.0,50.2,122.0,49.8,52.0,21.22,153.0,62.45,40.0,16.33,1065.11,0.23,100.0,90.61,,82.81,17.29,,Bajo,,,Bajo,0.86,0.08,-96.57,17.32,0.0,0.0,0.0,0.0,0.0,0.0
OAXACA,20,SAN MIGUEL EJUTLA,20268,1149.0,613.0,53.35,536.0,46.65,331.0,28.81,700.0,60.92,118.0,10.27,1078.41,1.07,100.0,7.14,,61.43,15.12,,Medio,,,Bajo,0.83,-0.02,-96.74,16.58,0.0,0.0,0.0,0.0,0.0,0.0
OAXACA,20,SAN MIGUEL EL GRANDE,20269,4313.0,2305.0,53.44,2008.0,46.56,1120.0,25.97,2641.0,61.23,552.0,12.8,10342.53,0.42,100.0,81.13,,69.52,17.88,,Medio,,,Alto,0.83,1.05,-97.62,17.05,0.0,0.0,0.0,0.0,0.0,0.0
OAXACA,20,SAN MIGUEL HUAUTLA,20270,1311.0,696.0,53.09,615.0,46.91,443.0,33.79,644.0,49.12,224.0,17.09,6491.54,0.2,100.0,57.89,,96.84,51.91,,Muy alto,,,Muy alto,0.73,2.4,-97.14,17.75,0.0,0.0,0.0,0.0,0.0,0.0
OAXACA,20,SAN MIGUEL MIXTEPEC,20271,3194.0,1612.0,50.47,1582.0,49.53,1137.0,35.6,1826.0,57.17,231.0,7.23,7309.54,0.44,100.0,97.65,,98.66,72.84,,Muy alto,,,Muy alto,0.76,2.26,-96.96,16.78,0.0,0.0,0.0,0.0,0.0,0.0
OAXACA,20,SAN MIGUEL PANIXTLAHUACA,20272,6252.0,3494.0,55.89,2758.0,44.11,2391.0,38.24,3510.0,56.14,351.0,5.61,14490.92,0.43,5.79,98.11,,96.1,53.91,,Alto,,,Medio,0.81,0.91,-97.38,16.26,0.0,0.0,0.0,0.0,0.0,0.0
OAXACA,20,SAN MIGUEL PERAS,20273,3818.0,1996.0,52.28,1822.0,47.72,1331.0,34.86,2163.0,56.65,324.0,8.49,15557.73,0.25,100.0,39.26,,96.73,60.75,,Muy alto,,,Muy alto,0.74,2.24,-97.01,16.94,0.0,0.0,0.0,0.0,0.0,0.0
OAXACA,20,SAN MIGUEL PIEDRAS,20274,1328.0,692.0,52.11,636.0,47.89,395.0,29.74,761.0,57.3,172.0,12.95,6560.9,0.2,100.0,75.38,,95.0,49.8,,Alto,,,Muy alto,0.77,2.14,-97.23,17.0,0.0,0.0,0.0,0.0,0.0,0.0
OAXACA,20,SAN MIGUEL QUETZALTEPEC,20275,7286.0,3756.0,51.55,3530.0,48.45,2113.0,29.0,4544.0,62.37,629.0,8.63,20814.37,0.35,100.0,99.81,,95.83,42.41,,Alto,,,Alto,0.77,1.54,-95.76,16.98,0.0,0.0,0.0,0.0,0.0,0.0
OAXACA,20,SAN MIGUEL SANTA FLOR,20276,691.0,330.0,47.76,361.0,52.24,163.0,23.59,387.0,56.01,141.0,20.41,1978.83,0.35,100.0,82.78,,93.2,24.01,,Muy alto,,,Muy alto,0.74,2.11,-96.8,17.92,0.0,0.0,0.0,0.0,0.0,0.0
OAXACA,20,VILLA SOLA DE VEGA,20277,12350.0,6395.0,51.78,5955.0,48.22,3778.0,30.59,7318.0,59.26,1254.0,10.15,97673.32,0.13,100.0,9.15,,86.44,44.37,,Alto,,,Alto,0.77,1.2,-96.98,16.51,0.0,0.0,0.0,0.0,0.0,0.0
OAXACA,20,SAN MIGUEL SOYALTEPEC,20278,38682.0,20070.0,51.88,18612.0,48.12,12092.0,31.26,23210.0,60.0,3365.0,8.7,73924.77,0.52,81.22,80.58,,78.11,39.64,,Alto,,,Alto,0.78,1.1,-96.4,18.24,0.0,0.0,0.0,0.0,0.0,0.0
OAXACA,20,SAN MIGUEL SUCHIXTEPEC,20279,2932.0,1531.0,52.22,1401.0,47.78,795.0,27.11,1843.0,62.86,294.0,10.03,6994.79,0.42,100.0,91.95,,90.27,32.97,,Medio,,,Medio,0.83,0.82,-96.47,16.09,0.0,0.0,0.0,0.0,0.0,0.0
OAXACA,20,VILLA TALEA DE CASTRO,20280,2011.0,1066.0,53.01,945.0,46.99,461.0,22.92,1234.0,61.36,316.0,15.71,6109.69,0.33,100.0,76.23,,79.0,19.47,,Medio,,,Bajo,0.85,-0.09,-96.25,17.36,0.0,0.0,0.0,0.0,0.0,0.0
OAXACA,20,SAN MIGUEL TECOMATLAN,20281,305.0,153.0,50.16,152.0,49.84,53.0,17.38,172.0,56.39,80.0,26.23,1968.76,0.15,100.0,14.1,,65.19,9.32,,Bajo,,,Bajo,0.87,-0.61,-97.27,17.39,0.0,0.0,0.0,0.0,0.0,0.0
OAXACA,20,SAN MIGUEL TENNANGO,20282,653.0,319.0,48.85,334.0,51.15,162.0,24.81,406.0,62.17,85.0,13.02,20658.65,0.03,100.0,6.58,,85.85,15.31,,Alto,,,Medio,0.81,0.74,-95.59,16.27,0.0,0.0,0.0,0.0,0.0,0.0
OAXACA,20,SAN MIGUEL TEQUIXTEPEC,20283,1044.0,548.0,52.49,496.0,47.51,292.0,27.97,569.0,54.5,183.0,17.53,16199.22,0.06,100.0,0.67,,79.88,15.3,,Medio,,,Bajo,0.84,-0.12,-97.34,17.8,0.0,0.0,0.0,0.0,0.0,0.0
OAXACA,20,SAN MIGUEL TILQUIAPAM,20284,3141.0,1726.0,54.95,1415.0,45.05,1025.0,32.63,1734.0,55.21,382.0,12.16,7125.63,0.44,100.0,99.78,,98.79,68.99,,Muy alto,,,Muy alto,0.73,2.26,-96.58,16.78,0.0,0.0,0.0,0.0,0.0,0.0
OAXACA,20,SAN MIGUEL TLACAMAMA,20285,3668.0,1882.0,51.31,1786.0,48.69,1073.0,29.25,2267.0,61.8,328.0,8.94,10417.26,0.35,100.0,43.73,,64.34,17.68,,Alto,,,Medio,0.79,0.53,-98.06,16.42,0.0,0.0,0.0,0.0,0.0,0.0
OAXACA,20,SAN MIGUEL TLACOTEPEC,20286,3100.0,1668.0,53.81,1432.0,46.19,791.0,25.52,1804.0,58.19,505.0,16.29,5558.62,0.56,100.0,26.77,,74.23,23.99,,Alto,,,Medio,0.81,0.34,-98.01,17.45,0.0,0.0,0.0,0.0,0.0,0.0
OAXACA,20,SAN MIGUEL TULANCINGO,20287,307.0,173.0,56.35,134.0,43.65,56.0,18.24,169.0,55.05,82.0,26.71,4666.18,0.07,100.0,18.57,,69.72,11.02,,Medio,,,Bajo,0.84,-0.08,-97.44,17.75,0.0,0.0,0.0,0.0,0.0,0.0
OAXACA,20,SAN MIGUEL YOTAO,20288,585.0,313.0,53.5,272.0,46.5,155.0,26.5,378.0,64.62,52.0,8.89,3922.16,0.15,100.0,99.49,,97.63,59.37,,Alto,,,Alto,0.82,1.0,-96.34,17.37,0.0,0.0,0.0,0.0,0.0,0.0
OAXACA,20,SAN NICOLAS,20289,1214.0,634.0,52.22,580.0,47.78,341.0,28.09,684.0,56.34,189.0,15.57,2968.44,0.41,100.0,1.24,,81.87,24.01,,Alto,,,Medio,0.8,0.61,-96.74,16.42,0.0,0.0,0.0,0.0,0.0,0.0
OAXACA,20,SAN NICOLAS HIDALGO,20290,1043.0,544.0,52.16,499.0,47.84,300.0,28.76,590.0,56.57,153.0,14.67,1133.56,0.92,100.0,0.96,,65.8,19.86,,Medio,,,Bajo,0.83,-0.27,-98.14,17.78,0.0,0.0,0.0,0.0,0.0,0.0
OAXACA,20,SAN PABLO COATLAN,20291,4308.0,2201.0,51.09,2107.0,48.91,1331.0,30.9,2519.0,58.47,458.0,10.63,18889.36,0.23,100.0,3.55,,89.1,30.33,,Alto,,,Medio,0.82,0.54,-96.78,16.22,0.0,0.0,0.0,0.0,0.0,0.0
OAXACA,20,SAN PABLO CUATRO VENADOS,20292,1510.0,792.0,52.45,718.0,47.55,499.0,33.05,873.0,57.81,138.0,9.14,7392.61,0.2,100.0,17.15,,98.34,59.14,,Muy alto,,,Alto,0.76,1.8,-96.89,16.98,0.0,0.0,0.0,0.0,0.0,0.0
OAXACA,20,SAN PABLO ETLA,20293,17116.0,9083.0,53.07,8033.0,46.93,4022.0,23.5,11996.0,70.09,1036.0,6.05,4442.19,3.85,57.99,10.68,,19.47,2.89,,Muy bajo,,,Muy bajo,0.92,-1.16,-96.76,17.15,0.0,0.0,0.0,0.0,0.0,0.0
OAXACA,20,SAN PABLO HUITZO,20294,7035.0,3717.0,52.84,3318.0,47.16,1707.0,24.26,4510.0,64.11,818.0,11.63,10156.14,0.69,13.69,6.45,,48.59,8.85,,Muy bajo,,,Bajo,0.9,-0.64,-96.88,17.28,0.0,0.0,0.0,0.0,0.0,0.0
OAXACA,20,SAN PABLO HUIXTEPEC,20295,10020.0,5299.0,52.88,4721.0,47.12,2522.0,25.17,6364.0,63.51,1130.0,11.28,4341.39,2.31,4.09,4.13,,54.87,13.91,,Muy bajo,,,Bajo,0.89,-0.6,-96.78,16.83,0.0,0.0,0.0,0.0,0.0,0.0
OAXACA,20,SAN PABLO MACUILTIANGUIS,20296,955.0,477.0,49.95,478.0,50.05,213.0,22.3,522.0,54.66,220.0,23.04,14957.51,0.06,100.0,92.88,,84.67,16.82,,Medio,,,Bajo,0.85,-0.22,-96.55,17.53,0.0,0.0,0.0,0.0,0.0,0.0
OAXACA,20,SAN PABLO TIJALTEPEC,20297,2751.0,1474.0,53.58,1277.0,46.42,907.0,32.97,1657.0,60.23,187.0,6.8,11770.99,0.23,100.0,98.29,,97.51,51.96,,Muy alto,,,Muy alto,0.74,2.51,-97.5,17.02,0.0,0.0,0.0,0.0,0.0,0.0
OAXACA,20,SAN PABLO VILLA DE MITLA,20298,13587.0,7061.0,51.97,6526.0,48.03,3418.0,25.16,8808.0,64.83,1361.0,10.02,28100.26,0.48,28.95,58.59,,71.16,21.31,,Medio,,,Medio,0.84,0.21,-96.36,16.92,0.0,0.0,0.0,0.0,0.0,0.0
OAXACA,20,SAN PABLO YAGANIZA,20299,1125.0,582.0,51.73,543.0,48.27,304.0,27.02,685.0,60.89,136.0,12.09,3547.54,0.32,100.0,97.96,,82.06,19.78,,Medio,,,Medio,0.84,0.22,-96.23,17.15,0.0,0.0,0.0,0.0,0.0,0.0
OAXACA,20,SAN PEDRO AMUZGOS,20300,6632.0,3552.0,53.56,3080.0,46.44,1904.0,28.71,4116.0,62.06,612.0,9.23,12183.19,0.54,100.0,86.47,,85.6,43.31,,Alto,,,Alto,0.8,1.01,-98.09,16.65,0.0,0.0,0.0,0.0,0.0,0.0
OAXACA,20,SAN PEDRO APOSTOL,20301,1594.0,847.0,53.14,747.0,46.86,381.0,23.9,966.0,60.6,247.0,15.5,890.3,1.79,100.0,5.77,,61.97,15.38,,Medio,,,Bajo,0.83,0.09,-96.73,16.74,0.0,0.0,0.0,0.0,0.0,0.0
OAXACA,20,SAN PEDRO ATOYAC,20302,4559.0,2446.0,53.65,2113.0,46.35,1584.0,34.74,2638.0,57.86,337.0,7.39,7463.43,0.61,100.0,83.64,,93.49,40.05,,Muy alto,,,Alto,0.76,1.38,-97.99,16.49,0.0,0.0,0.0,0.0,0.0,0.0
OAXACA,20,SAN PEDRO CAJONOS,20303,1081.0,586.0,54.21,495.0,45.79,271.0,25.07,618.0,57.17,192.0,17.76,281.72,3.84,100.0,99.17,,79.96,18.29,,Medio,,,Medio,0.83,0.35,-96.26,17.17,0.0,0.0,0.0,0.0,0.0,0.0
OAXACA,20,SAN PEDRO COXCALTEPEC CANTAROS,20304,716.0,382.0,53.35,334.0,46.65,179.0,25.0,382.0,53.35,155.0,21.65,9467.55,0.08,100.0,14.53,,94.93,31.52,,Alto,,,Alto,0.81,1.15,-97.14,17.5,0.0,0.0,0.0,0.0,0.0,0.0
OAXACA,20,SAN PEDRO COMITANCILLO,20305,4333.0,2268.0,52.34,2065.0,47.66,952.0,21.97,2770.0,63.93,611.0,14.1,4698.78,0.92,100.0,79.51,,32.8,3.61,,Bajo,,,Muy bajo,0.88,-0.79,-95.16,16.49,0.0,0.0,0.0,0.0,0.0,0.0
OAXACA,20,SAN PEDRO EL ALTO,20306,4654.0,2398.0,51.53,2256.0,48.47,1694.0,36.4,2647.0,56.88,313.0,6.73,7491.86,0.62,100.0,94.5,,92.74,41.28,,Muy alto,,,Alto,0.75,1.78,-96.47,16.03,0.0,0.0,0.0,0.0,0.0,0.0
OAXACA,20,SAN PEDRO HUAMELULA,20307,9735.0,4933.0,50.67,4802.0,49.33,2601.0,26.72,6004.0,61.67,1130.0,11.61,69717.07,0.14,100.0,25.03,,44.75,7.3,,Alto,,,Alto,0.82,1.01,-95.67,16.03,0.0,0.0,0.0,0.0,0.0,0.0
OAXACA,20,SAN PEDRO HUILOTEPEC,20308,3307.0,1684.0,50.92,1623.0,49.08,944.0,28.55,2099.0,63.47,264.0,7.98,2663.56,1.24,100.0,83.67,,68.29,21.83,,Alto,,,Medio,0.81,0.18,-95.15,16.24,0.0,0.0,0.0,0.0,0.0,0.0
OAXACA,20,SAN PEDRO IXCATLAN,20309,10368.0,5392.0,52.01,4976.0,47.99,3543.0,34.17,5875.0,56.66,950.0,9.16,10164.88,1.02,100.0,96.05,,88.9,47.55,,Muy alto,,,Muy alto,0.74,2.02,-96.51,18.15,0.0,0.0,0.0,0.0,0.0,0.0
OAXACA,20,SAN PEDRO IXTLAHUACA,20310,14552.0,7434.0,51.09,7118.0,48.91,4521.0,31.07,9335.0,64.15,693.0,4.76,2320.71,6.27,100.0,35.88,,54.35,15.32,,Muy alto,,,Medio,0.76,0.78,-96.82,17.06,0.0,0.0,0.0,0.0,0.0,0.0
OAXACA,20,SAN PEDRO JALTEPETONGO,20311,483.0,252.0,52.17,231.0,47.83,126.0,26.09,240.0,49.69,117.0,24.22,5150.33,0.09,100.0,98.14,,96.23,55.06,,Muy alto,,,Alto,0.75,1.55,-97.03,17.69,0.0,0.0,0.0,0.0,0.0,0.0
OAXACA,20,SAN PEDRO JICAYAN,20312,11279.0,6007.0,53.26,5272.0,46.74,3843.0,34.07,6305.0,55.9,1096.0,9.72,8548.86,1.32,100.0,97.37,,85.24,45.8,,Muy alto,,,Alto,0.74,1.39,-98.02,16.45,0.0,0.0,0.0,0.0,0.0,0.0
OAXACA,20,SAN PEDRO JOCOTIPAC,20313,730.0,389.0,53.29,341.0,46.71,133.0,18.22,423.0,57.95,174.0,23.84,6937.22,0.11,100.0,88.63,,89.37,28.52,,Alto,,,Alto,0.79,1.53,-97.08,17.77,0.0,0.0,0.0,0.0,0.0,0.0
OAXACA,20,SAN PEDRO JUCHATENGO,20314,1755.0,913.0,52.02,842.0,47.98,429.0,24.44,1149.0,65.47,177.0,10.09,5851.14,0.3,100.0,5.36,,74.34,17.44,,Medio,,,Bajo,0.85,-0.21,-97.09,16.34,0.0,0.0,0.0,0.0,0.0,0.0
OAXACA,20,SAN PEDRO MARTIR,20315,1899.0,1032.0,54.34,867.0,45.66,546.0,28.75,1094.0,57.61,259.0,13.64,759.95,2.5,100.0,86.68,,65.3,22.79,,Muy alto,,,Muy alto,0.74,2.04,-96.71,16.74,0.0,0.0,0.0,0.0,0.0,0.0
OAXACA,20,SAN PEDRO MARTIR QUIECHAPA,20316,738.0,392.0,53.12,346.0,46.88,163.0,22.09,477.0,64.63,98.0,13.28,12153.17,0.06,100.0,30.62,,88.62,40.72,,Medio,,,Medio,0.84,0.68,-96.25,16.42,0.0,0.0,0.0,0.0,0.0,0.0
OAXACA,20,SAN PEDRO MARTIR YUCUXACO,20317,1257.0,658.0,52.35,599.0,47.65,308.0,24.5,770.0,61.26,179.0,14.24,8189.89,0.15,100.0,5.33,,85.57,38.53,,Alto,,,Alto,0.81,0.99,-97.61,17.43,0.0,0.0,0.0,0.0,0.0,0.0
OAXACA,20,SAN PEDRO MIXTEPEC,20318,49780.0,25772.0,51.77,24008.0,48.23,13807.0,27.74,32817.0,65.92,3151.0,6.33,32673.2,1.52,16.23,9.61,,51.99,12.02,,Bajo,,,Bajo,0.86,-0.12,-97.08,15.98,0.0,0.0,0.0,0.0,0.0,0.0
OAXACA,20,SAN PEDRO MIXTEPEC,20319,972.0,504.0,51.85,468.0,48.15,256.0,26.34,555.0,57.1,161.0,16.56,15542.93,0.06,100.0,98.87,,91.39,28.51,,Alto,,,Alto,0.8,1.15,-96.28,16.27,0.0,0.0,0.0,0.0,0.0,0.0
OAXACA,20,SAN PEDRO MOLINOS,20320,706.0,367.0,51.98,339.0,48.02,180.0,25.5,398.0,56.37,128.0,18.13,2643.64,0.27,100.0,93.34,,85.82,29.57,,Medio,,,Medio,0.83,0.71,-97.54,17.1,0.0,0.0,0.0,0.0,0.0,0.0
OAXACA,20,SAN PEDRO NOPALA,20321,751.0,393.0,52.33,358.0,47.67,226.0,30.09,402.0,53.53,123.0,16.38,10948.39,0.07,100.0,0.0,,95.79,48.97,,Alto,,,Medio,0.82,0.46,-97.54,17.81,0.0,0.0,0.0,0.0,0.0,0.0
OAXACA,20,SAN PEDRO OCOPETATILLO,20322,786.0,438.0,55.73,348.0,44.27,212.0,26.97,439.0,55.85,135.0,17.18,658.23,1.19,100.0,100.0,,95.87,49.99,,Muy alto,,,Muy alto,0.74,2.15,-96.91,18.18,0.0,0.0,0.0,0.0,0.0,0.0
OAXACA,20,SAN PEDRO OCOTEPEC,20323,2404.0,1208.0,50.25,1196.0,49.75,706.0,29.37,1460.0,60.73,238.0,9.9,4218.93,0.57,100.0,99.5,,92.78,29.62,,Alto,,,Alto,0.81,1.14,-95.85,16.96,0.0,0.0,0.0,0.0,0.0,0.0
OAXACA,20,SAN PEDRO POCHUTLA,20324,48204.0,24685.0,51.21,23519.0,48.79,14206.0,29.47,30330.0,62.92,3668.0,7.61,44709.74,1.08,70.81,16.44,,46.77,12.21,,Alto,,,Medio,0.82,0.28,-96.47,15.75,0.0,0.0,0.0,0.0,0.0,0.0
OAXACA,20,SAN PEDRO QUIATONI,20325,11930.0,6149.0,51.54,5781.0,48.46,3504.0,29.37,7468.0,62.6,958.0,8.03,56571.22,0.21,100.0,99.63,,96.13,50.42,,Muy alto,,,Alto,0.76,1.44,-96.03,16.78,0.0,0.0,0.0,0.0,0.0,0.0
OAXACA,20,SAN PEDRO SOCHIAPAM,20326,5052.0,2614.0,51.74,2438.0,48.26,1796.0,35.55,2788.0,55.19,468.0,9.26,15205.81,0.33,100.0,98.75,,93.97,55.97,,Alto,,,Alto,0.77,1.46,-96.66,17.83,0.0,0.0,0.0,0.0,0.0,0.0
OAXACA,20,SAN PEDRO TAPANATEPEC,20327,15479.0,7865.0,50.81,7614.0,49.19,4405.0,28.46,9312.0,60.16,1762.0,11.38,74229.7,0.21,47.32,8.2,,53.8,14.18,,Medio,,,Bajo,0.83,0.08,-94.19,16.37,0.0,0.0,0.0,0.0,0.0,0.0
OAXACA,20,SAN PEDRO TAVICHE,20328,1441.0,750.0,52.05,691.0,47.95,464.0,32.2,883.0,61.28,94.0,6.52,9871.7,0.15,100.0,0.0,,94.96,51.42,,Alto,,,Alto,0.78,1.35,-96.54,16.64,0.0,0.0,0.0,0.0,0.0,0.0
OAXACA,20,SAN PEDRO TEOZACOALCO,20329,1153.0,578.0,50.13,575.0,49.87,308.0,26.71,678.0,58.8,167.0,14.48,9317.55,0.12,100.0,5.9,,91.59,44.6,,Alto,,,Alto,0.8,1.05,-97.29,17.02,0.0,0.0,0.0,0.0,0.0,0.0
OAXACA,20,SAN PEDRO TEUTILA,20330,4296.0,2196.0,51.12,2100.0,48.88,1261.0,29.35,2587.0,60.22,447.0,10.41,14841.35,0.29,100.0,42.13,,93.04,46.16,,Alto,,,Alto,0.81,0.99,-96.71,17.98,0.0,0.0,0.0,0.0,0.0,0.0
OAXACA,20,SAN PEDRO TIDAA,20331,982.0,531.0,54.07,451.0,45.93,262.0,26.68,495.0,50.41,225.0,22.91,4597.22,0.21,100.0,54.07,,87.23,33.41,,Alto,,,Alto,0.81,1.04,-97.38,17.34,0.0,0.0,0.0,0.0,0.0,0.0
OAXACA,20,SAN PEDRO TOPILTEPEC,20332,373.0,190.0,50.94,183.0,49.06,70.0,18.77,197.0,52.82,106.0,28.42,3282.89,0.11,100.0,4.29,,80.32,18.59,,Medio,,,Bajo,0.85,0.01,-97.34,17.44,0.0,0.0,0.0,0.0,0.0,0.0
OAXACA,20,SAN PEDRO TOTOLAPAM,20333,3294.0,1657.0,50.3,1637.0,49.7,798.0,24.23,2103.0,63.84,391.0,11.87,40306.66,0.08,100.0,16.82,,46.71,6.98,,Bajo,,,Bajo,0.86,-0.36,-96.3,16.67,0.0,0.0,0.0,0.0,0.0,0.0
OAXACA,20,VILLA DE TUTUTEPEC,20334,50541.0,26008.0,51.46,24533.0,48.54,14357.0,28.41,31785.0,62.89,4390.0,8.69,118692.61,0.43,59.63,14.68,,61.66,14.9,,Medio,,,Medio,0.83,0.24,-97.61,16.13,0.0,0.0,0.0,0.0,0.0,0.0
OAXACA,20,SAN PEDRO YANERI,20335,867.0,449.0,51.79,418.0,48.21,248.0,28.6,542.0,62.51,77.0,8.88,2815.24,0.31,100.0,99.54,,93.45,31.94,,Alto,,,Alto,0.81,1.12,-96.35,17.42,0.0,0.0,0.0,0.0,0.0,0.0
OAXACA,20,SAN PEDRO YOLOX,20336,1697.0,878.0,51.74,819.0,48.26,418.0,24.63,1029.0,60.64,250.0,14.73,16529.52,0.1,100.0,97.94,,85.17,12.03,,Medio,,,Bajo,0.83,-0.11,-96.55,17.59,0.0,0.0,0.0,0.0,0.0,0.0
OAXACA,20,SAN PEDRO Y SAN PABLO AYUTLA,20337,5616.0,3083.0,54.9,2533.0,45.1,1733.0,30.86,3131.0,55.75,752.0,13.39,17198.68,0.33,100.0,93.79,,80.16,34.83,,Muy alto,,,Muy alto,0.74,1.97,-96.08,17.03,0.0,0.0,0.0,0.0,0.0,0.0
OAXACA,20,VILLA DE ETLA,20338,10361.0,5369.0,51.82,4992.0,48.18,2563.0,24.74,6934.0,66.92,864.0,8.34,825.77,12.55,22.82,19.87,,36.5,8.29,,Muy bajo,,,Muy bajo,0.89,-0.77,-96.8,17.21,0.0,0.0,0.0,0.0,0.0,0.0
OAXACA,20,SAN PEDRO Y SAN PABLO TEPOSCOLULA,20339,4353.0,2299.0,52.81,2054.0,47.19,1125.0,25.84,2717.0,62.42,511.0,11.74,17877.42,0.24,100.0,6.39,,48.7,7.39,,Bajo,,,Bajo,0.87,-0.35,-97.49,17.51,0.0,0.0,0.0,0.0,0.0,0.0
OAXACA,20,SAN PEDRO Y SAN PABLO TEQUIXTEPEC,20340,1747.0,947.0,54.21,800.0,45.79,340.0,19.46,933.0,53.41,474.0,27.13,17987.58,0.1,100.0,25.19,,79.87,24.41,,Medio,,,Medio,0.83,0.3,-97.72,18.06,0.0,0.0,0.0,0.0,0.0,0.0
OAXACA,20,SAN PEDRO YUCUNAMA,20341,241.0,132.0,54.77,109.0,45.23,53.0,21.99,152.0,63.07,36.0,14.94,2981.09,0.08,100.0,1.66,,78.04,14.74,,Medio,,,Medio,0.84,0.3,-97.48,17.56,0.0,0.0,0.0,0.0,0.0,0.0
OAXACA,20,SAN RAYMUNDO JALPAN,20342,4105.0,2186.0,53.25,1919.0,46.75,1044.0,25.43,2816.0,68.6,245.0,5.97,823.57,4.98,100.0,12.42,,20.36,2.89,,Muy bajo,,,Muy bajo,0.89,-0.76,-96.76,16.97,0.0,0.0,0.0,0.0,0.0,0.0
OAXACA,20,SAN SEBASTIAN ABASOLO,20343,1999.0,1051.0,52.58,948.0,47.42,436.0,21.81,1265.0,63.28,298.0,14.91,1539.9,1.3,100.0,50.33,,60.26,15.14,,Medio,,,Bajo,0.85,0.01,-96.59,16.99,0.0,0.0,0.0,0.0,0.0,0.0
OAXACA,20,SAN SEBASTIAN COATLAN,20344,2809.0,1450.0,51.62,1359.0,48.38,890.0,31.68,1648.0,58.67,271.0,9.65,20808.32,0.13,100.0,2.53,,88.5,36.87,,Alto,,,Alto,0.8,0.96,-96.83,16.2,0.0,0.0,0.0,0.0,0.0,0.0
OAXACA,20,SAN SEBASTIAN IXCAPA,20345,4188.0,2154.0,51.43,2034.0,48.57,1198.0,28.61,2498.0,59.65,492.0,11.75,9865.09,0.42,100.0,16.93,,65.17,18.28,,Alto,,,Medio,0.81,0.23,-98.14,16.54,0.0,0.0,0.0,0.0,0.0,0.0
OAXACA,20,SAN SEBASTIAN NICANNANDUTA,20346,1542.0,838.0,54.35,704.0,45.65,423.0,27.43,874.0,56.68,245.0,15.89,4406.95,0.35,100.0,82.43,,92.22,40.79,,Alto,,,Medio,0.82,0.13,-97.68,17.52,0.0,0.0,0.0,0.0,0.0,0.0
OAXACA,20,SAN SEBASTIAN RIO HONDO,20347,4202.0,2102.0,50.02,2100.0,49.98,1209.0,28.77,2625.0,62.47,351.0,8.35,10673.09,0.39,100.0,21.68,,93.55,39.43,,Medio,,,Alto,0.83,1.17,-96.46,16.18,0.0,0.0,0.0,0.0,0.0,0.0
OAXACA,20,SAN SEBASTIAN TECOMAXTLAHUACA,20348,8192.0,4283.0,52.28,3909.0,47.72,2173.0,26.53,4918.0,60.03,1101.0,13.44,23106.72,0.35,100.0,43.38,,75.16,23.53,,Alto,,,Medio,0.8,0.87,-98.03,17.35,0.0,0.0,0.0,0.0,0.0,0.0
OAXACA,20,SAN SEBASTIAN TEITIPAC,20349,2189.0,1182.0,54.0,1007.0,46.0,526.0,24.03,1358.0,62.04,305.0,13.93,3054.72,0.72,100.0,50.07,,52.46,13.3,,Alto,,,Medio,0.81,0.5,-96.61,16.95,0.0,0.0,0.0,0.0,0.0,0.0
OAXACA,20,SAN SEBASTIAN TUTLA,20350,16878.0,9172.0,54.34,7706.0,45.66,3396.0,20.12,12273.0,72.72,1194.0,7.07,734.18,22.99,0.33,12.66,,16.86,2.07,,Muy bajo,,,Muy bajo,0.95,-1.31,-96.67,17.06,0.0,0.0,0.0,0.0,0.0,0.0
OAXACA,20,SAN SIMON ALMOLONGAS,20351,2802.0,1469.0,52.43,1333.0,47.57,767.0,27.37,1639.0,58.49,396.0,14.13,5099.68,0.55,100.0,1.46,,80.52,25.63,,Alto,,,Medio,0.81,0.8,-96.72,16.41,0.0,0.0,0.0,0.0,0.0,0.0
OAXACA,20,SAN SIMON ZAHUATLAN,20352,4940.0,2471.0,50.02,2469.0,49.98,1985.0,40.18,2725.0,55.16,230.0,4.66,4603.98,1.07,100.0,99.57,,99.65,84.33,,Muy alto,,,Muy alto,0.72,1.89,-98.0,17.83,0.0,0.0,0.0,0.0,0.0,0.0
OAXACA,20,SANTA ANA,20353,2406.0,1218.0,50.62,1188.0,49.38,723.0,30.05,1431.0,59.48,252.0,10.47,5500.4,0.44,100.0,1.33,,83.9,30.8,,Alto,,,Medio,0.82,0.52,-96.72,16.34,0.0,0.0,0.0,0.0,0.0,0.0
OAXACA,20,SANTA ANA ATEIXTLAHUACA,20354,477.0,239.0,50.1,238.0,49.9,118.0,24.74,274.0,57.44,85.0,17.82,1499.45,0.32,100.0,98.53,,97.23,78.51,,Muy alto,,,Muy alto,0.76,1.88,-96.91,18.21,0.0,0.0,0.0,0.0,0.0,0.0
OAXACA,20,SANTA ANA CUAUHTEMOC,20355,681.0,339.0,49.78,342.0,50.22,176.0,25.84,384.0,56.39,121.0,17.77,4120.27,0.17,100.0,71.37,,89.58,37.38,,Alto,,,Alto,0.8,1.21,-96.79,17.98,0.0,0.0,0.0,0.0,0.0,0.0
OAXACA,20,SANTA ANA DEL VALLE,20356,2179.0,1103.0,50.62,1076.0,49.38,530.0,24.32,1342.0,61.59,307.0,14.09,2792.9,0.78,100.0,95.59,,71.63,23.64,,Medio,,,Medio,0.83,0.19,-96.47,16.99,0.0,0.0,0.0,0.0,0.0,0.0
OAXACA,20,SANTA ANA TAVELA,20357,848.0,439.0,51.77,409.0,48.23,147.0,17.33,529.0,62.38,172.0,20.28,17294.77,0.05,100.0,4.25,,80.87,27.98,,Medio,,,Alto,0.83,0.97,-95.91,16.65,0.0,0.0,0.0,0.0,0.0,0.0
OAXACA,20,SANTA ANA TLAPACOYAN,20358,1958.0,1033.0,52.76,925.0,47.24,461.0,23.54,1110.0,56.69,387.0,19.77,4680.02,0.42,100.0,1.23,,67.97,20.12,,Alto,,,Medio,0.82,0.4,-96.84,16.74,0.0,0.0,0.0,0.0,0.0,0.0
OAXACA,20,SANTA ANA YARENI,20359,637.0,356.0,55.89,281.0,44.11,104.0,16.33,370.0,58.08,163.0,25.59,4638.77,0.14,100.0,99.69,,91.6,33.83,,Alto,,,Alto,0.8,1.52,-96.61,17.4,0.0,0.0,0.0,0.0,0.0,0.0
OAXACA,20,SANTA ANA ZEGACHE,20360,3981.0,2118.0,53.2,1863.0,46.8,993.0,24.94,2457.0,61.72,531.0,13.34,2686.96,1.48,100.0,49.91,,74.83,23.11,,Alto,,,Medio,0.81,0.79,-96.73,16.84,0.0,0.0,0.0,0.0,0.0,0.0
OAXACA,20,SANTA CATALINA QUIERI,20361,825.0,459.0,55.64,366.0,44.36,209.0,25.33,489.0,59.27,127.0,15.39,5142.64,0.16,100.0,99.27,,94.56,38.13,,Alto,,,Alto,0.79,1.54,-96.27,16.32,0.0,0.0,0.0,0.0,0.0,0.0
OAXACA,20,SANTA CATARINA CUIXTLA,20362,1495.0,820.0,54.85,675.0,45.15,342.0,22.88,850.0,56.86,303.0,20.27,2569.68,0.58,100.0,32.71,,68.81,14.47,,Medio,,,Bajo,0.84,0.08,-96.64,16.3,0.0,0.0,0.0,0.0,0.0,0.0
OAXACA,20,SANTA CATARINA IXTEPEJI,20363,2675.0,1413.0,52.82,1262.0,47.18,626.0,23.4,1707.0,63.81,342.0,12.79,22029.75,0.12,100.0,11.51,,77.2,18.49,,Medio,,,Bajo,0.85,-0.21,-96.56,17.27,0.0,0.0,0.0,0.0,0.0,0.0
OAXACA,20,SANTA CATARINA JUQUILA,20364,18654.0,9673.0,51.85,8981.0,48.15,5994.0,32.13,11409.0,61.16,1251.0,6.71,64116.84,0.29,56.66,39.13,,75.57,24.39,,Alto,,,Medio,0.82,0.74,-97.29,16.24,0.0,0.0,0.0,0.0,0.0,0.0
OAXACA,20,SANTA CATARINA LACHATAO,20365,1059.0,574.0,54.2,485.0,45.8,244.0,23.04,625.0,59.02,190.0,17.94,10121.45,0.1,100.0,64.97,,73.91,9.18,,Medio,,,Medio,0.84,0.22,-96.47,17.27,0.0,0.0,0.0,0.0,0.0,0.0
OAXACA,20,SANTA CATARINA LOXICHA,20366,3676.0,1947.0,52.97,1729.0,47.03,1341.0,36.48,2020.0,54.95,315.0,8.57,12733.83,0.29,100.0,20.43,,96.56,53.21,,Alto,,,Alto,0.79,1.26,-96.75,16.07,0.0,0.0,0.0,0.0,0.0,0.0
OAXACA,20,SANTA CATARINA MECHOACAN,20367,4582.0,2344.0,51.16,2238.0,48.84,1245.0,27.17,2943.0,64.23,394.0,8.6,5144.81,0.89,100.0,98.71,,92.54,48.87,,Muy alto,,,Alto,0.76,1.3,-97.84,16.33,0.0,0.0,0.0,0.0,0.0,0.0
OAXACA,20,SANTA CATARINA MINAS,20368,2067.0,1039.0,50.27,1028.0,49.73,544.0,26.32,1280.0,61.93,243.0,11.76,3642.32,0.57,100.0,2.13,,65.11,16.27,,Alto,,,Medio,0.82,0.65,-96.62,16.78,0.0,0.0,0.0,0.0,0.0,0.0
OAXACA,20,SANTA CATARINA QUIANE,20369,2193.0,1124.0,51.25,1069.0,48.75,553.0,25.22,1377.0,62.79,263.0,11.99,2072.57,1.06,100.0,4.15,,43.84,6.74,,Medio,,,Bajo,0.85,-0.15,-96.74,16.88,0.0,0.0,0.0,0.0,0.0,0.0
OAXACA,20,SANTA CATARINA TAYATA,20370,662.0,346.0,52.27,316.0,47.73,155.0,23.41,399.0,60.27,108.0,16.31,3861.7,0.17,100.0,19.49,,76.95,20.24,,Bajo,,,Medio,0.85,0.22,-97.56,17.35,0.0,0.0,0.0,0.0,0.0,0.0
OAXACA,20,SANTA CATARINA TICUA,20371,986.0,558.0,56.59,428.0,43.41,233.0,23.63,530.0,53.75,223.0,22.62,2982.87,0.33,100.0,86.41,,93.24,39.71,,Alto,,,Alto,0.8,1.33,-97.53,17.07,0.0,0.0,0.0,0.0,0.0,0.0
OAXACA,20,SANTA CATARINA YOSONOTU,20372,1316.0,725.0,55.09,591.0,44.91,279.0,21.2,725.0,55.09,312.0,23.71,3834.88,0.34,100.0,92.55,,90.93,22.6,,Muy alto,,,Muy alto,0.76,2.24,-97.66,17.02,0.0,0.0,0.0,0.0,0.0,0.0
OAXACA,20,SANTA CATARINA ZAPOQUILA,20373,403.0,202.0,50.12,201.0,49.88,96.0,23.82,223.0,55.33,84.0,20.84,11811.64,0.03,100.0,1.74,,93.79,44.64,,Alto,,,Medio,0.8,0.37,-97.6,18.06,0.0,0.0,0.0,0.0,0.0,0.0
OAXACA,20,SANTA CRUZ ACATEPEC,20374,1645.0,872.0,53.01,773.0,46.99,569.0,34.59,930.0,56.53,146.0,8.88,708.14,2.32,100.0,98.91,,93.95,55.53,,Muy alto,,,Muy alto,0.75,2.31,-96.88,18.16,0.0,0.0,0.0,0.0,0.0,0.0
OAXACA,20,SANTA CRUZ AMILPAS,20375,13200.0,7010.0,53.11,6190.0,46.89,3257.0,24.67,9239.0,69.99,695.0,5.27,227.77,57.95,0.0,30.42,,36.29,6.85,,Muy bajo,,,Muy bajo,0.92,-0.92,-96.68,17.06,0.0,0.0,0.0,0.0,0.0,0.0
OAXACA,20,SANTA CRUZ DE BRAVO,20376,365.0,195.0,53.42,170.0,46.58,97.0,26.58,191.0,52.33,77.0,21.1,1837.06,0.2,100.0,4.38,,75.46,14.62,,Alto,,,Bajo,0.82,0.08,-98.22,17.58,0.0,0.0,0.0,0.0,0.0,0.0
OAXACA,20,SANTA CRUZ ITUNDUJIA,20377,10860.0,5680.0,52.3,5180.0,47.7,3353.0,30.87,6374.0,58.69,1133.0,10.43,56569.18,0.19,100.0,20.3,,88.9,37.3,,Alto,,,Alto,0.77,1.66,-97.66,16.87,0.0,0.0,0.0,0.0,0.0,0.0
OAXACA,20,SANTA CRUZ MIXTEPEC,20378,3720.0,1928.0,51.83,1792.0,48.17,1068.0,28.71,2242.0,60.27,410.0,11.02,4698.77,0.79,100.0,29.11,,81.06,34.79,,Alto,,,Medio,0.81,0.57,-96.88,16.79,0.0,0.0,0.0,0.0,0.0,0.0
OAXACA,20,SANTA CRUZ NUNDACO,20379,2951.0,1624.0,55.03,1327.0,44.97,950.0,32.19,1684.0,57.07,317.0,10.74,4361.96,0.68,100.0,95.73,,89.85,41.19,,Alto,,,Alto,0.81,1.42,-97.72,17.17,0.0,0.0,0.0,0.0,0.0,0.0
OAXACA,20,SANTA CRUZ PAPALUTLA,20380,2242.0,1148.0,51.2,1094.0,48.8,558.0,24.89,1392.0,62.09,292.0,13.02,1480.37,1.51,100.0,53.88,,59.07,11.38,,Medio,,,Medio,0.85,0.2,-96.58,16.96,0.0,0.0,0.0,0.0,0.0,0.0
OAXACA,20,SANTA CRUZ TACACHE DE MINA,20381,2940.0,1552.0,52.79,1388.0,47.21,882.0,30.0,1692.0,57.55,366.0,12.45,2751.58,1.07,100.0,0.48,,63.94,12.19,,Medio,,,Bajo,0.85,-0.5,-98.15,17.83,0.0,0.0,0.0,0.0,0.0,0.0
OAXACA,20,SANTA CRUZ TACAHUA,20382,1182.0,621.0,52.54,561.0,47.46,300.0,25.38,686.0,58.04,196.0,16.58,4752.35,0.25,100.0,60.32,,89.26,26.34,,Alto,,,Alto,0.82,1.16,-97.49,16.92,0.0,0.0,0.0,0.0,0.0,0.0
OAXACA,20,SANTA CRUZ TAYATA,20383,595.0,302.0,50.76,293.0,49.24,158.0,26.55,350.0,58.82,87.0,14.62,2179.13,0.27,100.0,3.03,,89.41,35.4,,Medio,,,Medio,0.83,0.83,-97.57,17.36,0.0,0.0,0.0,0.0,0.0,0.0
OAXACA,20,SANTA CRUZ XITLA,20384,4794.0,2513.0,52.42,2281.0,47.58,1472.0,30.71,2843.0,59.3,479.0,9.99,5714.62,0.84,100.0,82.48,,90.27,42.1,,Alto,,,Alto,0.8,1.13,-96.67,16.32,0.0,0.0,0.0,0.0,0.0,0.0
OAXACA,20,SANTA CRUZ XOXOCOTLAN,20385,100402.0,53386.0,53.17,47016.0,46.83,24475.0,24.38,69123.0,68.85,6324.0,6.3,4393.88,22.85,18.48,20.98,,48.17,14.13,,Muy bajo,,,Bajo,0.89,-0.66,-96.73,17.03,0.0,0.0,0.0,0.0,0.0,0.0
OAXACA,20,SANTA CRUZ ZENZONTEPEC,20386,19079.0,9836.0,51.55,9243.0,48.45,6607.0,34.63,11295.0,59.2,1177.0,6.17,48573.2,0.39,100.0,76.86,,94.7,53.67,,Muy alto,,,Muy alto,0.74,2.42,-97.5,16.54,0.0,0.0,0.0,0.0,0.0,0.0
OAXACA,20,SANTA GERTRUDIS,20387,2891.0,1505.0,52.06,1386.0,47.94,696.0,24.07,1776.0,61.43,419.0,14.49,3044.9,0.95,100.0,1.11,,69.33,13.37,,Medio,,,Bajo,0.85,-0.25,-96.8,16.79,0.0,0.0,0.0,0.0,0.0,0.0
OAXACA,20,SANTA INES DEL MONTE,20388,2809.0,1419.0,50.52,1390.0,49.48,946.0,33.68,1669.0,59.42,194.0,6.91,4920.98,0.57,100.0,2.99,,95.86,51.63,,Alto,,,Alto,0.77,1.7,-96.86,16.93,0.0,0.0,0.0,0.0,0.0,0.0
OAXACA,20,SANTA INES YATZECHE,20389,908.0,486.0,53.52,422.0,46.48,159.0,17.51,600.0,66.08,149.0,16.41,241.98,3.75,100.0,99.45,,73.73,17.42,,Alto,,,Alto,0.79,1.07,-96.76,16.81,0.0,0.0,0.0,0.0,0.0,0.0
OAXACA,20,SANTA LUCIA DEL CAMINO,20390,50362.0,26191.0,52.01,24171.0,47.99,11003.0,21.85,35033.0,69.56,4050.0,8.04,945.19,53.28,8.87,23.99,,27.19,3.79,,Muy bajo,,,Muy bajo,0.93,-1.04,-96.69,17.06,0.0,0.0,0.0,0.0,0.0,0.0
OAXACA,20,SANTA LUCIA MIAHUATLAN,20391,3375.0,1728.0,51.2,1647.0,48.8,1215.0,36.0,1923.0,56.98,237.0,7.02,7034.09,0.48,100.0,99.59,,98.09,72.94,,Muy alto,,,Muy alto,0.72,2.85,-96.62,16.19,0.0,0.0,0.0,0.0,0.0,0.0
OAXACA,20,SANTA LUCIA MONTEVERDE,20392,6726.0,3494.0,51.95,3232.0,48.05,1969.0,29.27,3893.0,57.88,861.0,12.8,15669.65,0.43,100.0,74.74,,95.82,52.72,,Muy alto,,,Muy alto,0.74,2.49,-97.67,16.97,0.0,0.0,0.0,0.0,0.0,0.0
OAXACA,20,SANTA LUCIA OCOTLAN,20393,4173.0,2202.0,52.77,1971.0,47.23,1128.0,27.03,2679.0,64.2,366.0,8.77,1170.85,3.56,100.0,96.48,,89.5,34.44,,Alto,,,Alto,0.81,1.0,-96.68,16.74,0.0,0.0,0.0,0.0,0.0,0.0
OAXACA,20,SANTA MARIA ALOTEPEC,20394,2796.0,1443.0,51.61,1353.0,48.39,684.0,24.46,1762.0,63.02,350.0,12.52,9868.19,0.28,100.0,97.68,,79.88,19.33,,Alto,,,Alto,0.8,1.05,-95.85,17.09,0.0,0.0,0.0,0.0,0.0,0.0
OAXACA,20,SANTA MARIA APAZCO,20395,1629.0,889.0,54.57,740.0,45.43,415.0,25.48,822.0,50.46,392.0,24.06,8047.33,0.2,100.0,95.27,,94.23,48.71,,Muy alto,,,Muy alto,0.72,2.38,-97.1,17.63,0.0,0.0,0.0,0.0,0.0,0.0
OAXACA,20,SANTA MARIA LA ASUNCION,20396,3259.0,1827.0,56.06,1432.0,43.94,993.0,30.47,1833.0,56.24,433.0,13.29,757.77,4.3,100.0,98.19,,96.13,62.51,,Muy alto,,,Muy alto,0.7,2.68,-96.82,18.11,0.0,0.0,0.0,0.0,0.0,0.0
OAXACA,20,HEROICA CIUDAD DE TLAXIACO,20397,40123.0,21521.0,53.64,18602.0,46.36,11563.0,28.82,25452.0,63.43,3106.0,7.74,34684.76,1.16,52.86,43.31,,54.39,16.14,,Medio,,,Bajo,0.85,0.12,-97.68,17.27,0.0,0.0,0.0,0.0,0.0,0.0
OAXACA,20,AYOQUEZCO DE ALDAMA,20398,4874.0,2514.0,51.58,2360.0,48.42,1193.0,24.48,2961.0,60.75,720.0,14.77,10474.36,0.47,100.0,17.09,,77.31,20.48,,Alto,,,Medio,0.82,0.38,-96.84,16.69,0.0,0.0,0.0,0.0,0.0,0.0
OAXACA,20,SANTA MARIA ATZOMPA,20399,41921.0,21973.0,52.42,19948.0,47.58,11137.0,26.57,28533.0,68.06,2152.0,5.13,3134.77,13.37,31.81,26.63,,42.42,12.78,,Bajo,,,Bajo,0.87,-0.53,-96.78,17.1,0.0,0.0,0.0,0.0,0.0,0.0
OAXACA,20,SANTA MARIA CAMOTLAN,20400,1713.0,892.0,52.07,821.0,47.93,439.0,25.63,974.0,56.86,300.0,17.51,9503.1,0.18,100.0,1.05,,63.05,11.18,,Medio,,,Bajo,0.83,-0.07,-97.69,17.9,0.0,0.0,0.0,0.0,0.0,0.0
OAXACA,20,SANTA MARIA COLOTEPEC,20401,27046.0,13805.0,51.04,13241.0,48.96,8154.0,30.15,17230.0,63.71,1644.0,6.08,41646.84,0.65,60.69,15.87,,38.51,7.79,,Medio,,,Bajo,0.84,-0.04,-96.94,15.9,0.0,0.0,0.0,0.0,0.0,0.0
OAXACA,20,SANTA MARIA CORTIJO,20402,1067.0,549.0,51.45,518.0,48.55,327.0,30.65,634.0,59.42,106.0,9.93,8167.62,0.13,100.0,9.65,,74.01,30.36,,Alto,,,Medio,0.81,0.22,-98.29,16.45,0.0,0.0,0.0,0.0,0.0,0.0
OAXACA,20,SANTA MARIA COYOTEPEC,20403,3751.0,1983.0,52.87,1768.0,47.13,967.0,25.78,2513.0,67.0,246.0,6.56,655.17,5.73,100.0,16.42,,53.94,9.2,,Bajo,,,Bajo,0.88,-0.66,-96.71,16.97,0.0,0.0,0.0,0.0,0.0,0.0
OAXACA,20,SANTA MARIA CHACHOAPAM,20404,761.0,394.0,51.77,367.0,48.23,149.0,19.58,463.0,60.84,149.0,19.58,6180.79,0.12,100.0,3.68,,59.74,6.28,,Bajo,,,Bajo,0.87,-0.47,-97.28,17.53,0.0,0.0,0.0,0.0,0.0,0.0
OAXACA,20,VILLA DE CHILAPA DE DIAZ,20405,1815.0,986.0,54.33,829.0,45.67,466.0,25.67,1063.0,58.57,286.0,15.76,17487.95,0.1,100.0,25.07,,61.56,13.61,,Medio,,,Bajo,0.84,-0.1,-97.63,17.59,0.0,0.0,0.0,0.0,0.0,0.0
OAXACA,20,SANTA MARIA CHILCHOTLA,20406,21469.0,11096.0,51.68,10373.0,48.32,7018.0,32.69,12268.0,57.14,2183.0,10.17,28279.89,0.76,100.0,98.37,,95.54,61.97,,Muy alto,,,Muy alto,0.64,3.52,-96.83,18.23,0.0,0.0,0.0,0.0,0.0,0.0
OAXACA,20,SANTA MARIA CHIMALAPA,20407,9578.0,4788.0,49.99,4790.0,50.01,2479.0,25.88,4458.0,46.54,612.0,6.39,455650.2,0.02,100.0,51.55,,84.48,32.3,,Alto,,,Alto,0.76,1.48,-94.68,16.91,0.0,0.0,0.0,0.0,0.0,0.0
OAXACA,20,SANTA MARIA DEL ROSARIO,20408,499.0,253.0,50.7,246.0,49.3,139.0,27.86,287.0,57.52,73.0,14.63,2522.42,0.2,100.0,26.25,,85.82,27.56,,Medio,,,Medio,0.84,0.72,-97.59,17.35,0.0,0.0,0.0,0.0,0.0,0.0
OAXACA,20,SANTA MARIA DEL TULE,20409,8939.0,4800.0,53.7,4139.0,46.3,1953.0,21.85,6101.0,68.25,856.0,9.58,1683.19,5.31,7.51,14.35,,34.13,3.19,,Muy bajo,,,Muy bajo,0.93,-1.13,-96.64,17.05,0.0,0.0,0.0,0.0,0.0,0.0
OAXACA,20,SANTA MARIA ECATEPEC,20410,3418.0,1684.0,49.27,1734.0,50.73,1064.0,31.13,1925.0,56.32,429.0,12.55,54297.31,0.06,100.0,60.27,,91.98,18.09,,Medio,,,Medio,0.83,0.36,-95.88,16.28,0.0,0.0,0.0,0.0,0.0,0.0
OAXACA,20,SANTA MARIA GUELACE,20411,908.0,479.0,52.75,429.0,47.25,198.0,21.81,605.0,66.63,105.0,11.56,739.18,1.23,100.0,38.11,,59.27,15.35,,Bajo,,,Bajo,0.87,-0.34,-96.6,17.0,0.0,0.0,0.0,0.0,0.0,0.0
OAXACA,20,SANTA MARIA GUIENAGATI,20412,3178.0,1624.0,51.1,1554.0,48.9,1033.0,32.5,1881.0,59.19,264.0,8.31,39040.1,0.08,100.0,47.92,,81.75,33.43,,Alto,,,Medio,0.79,0.93,-95.35,16.74,0.0,0.0,0.0,0.0,0.0,0.0
OAXACA,20,SANTA MARIA HUATULCO,20413,50862.0,26008.0,51.13,24854.0,48.87,13441.0,26.43,34824.0,68.47,2564.0,5.04,51406.66,0.99,41.5,10.06,,40.05,9.84,,Bajo,,,Bajo,0.87,-0.33,-96.32,15.84,0.0,0.0,0.0,0.0,0.0,0.0
OAXACA,20,SANTA MARIA HUAZOLOTITLAN,20414,11995.0,6105.0,50.9,5890.0,49.1,3339.0,27.84,7391.0,61.62,1265.0,10.55,27663.52,0.43,56.94,42.73,,69.31,17.77,,Medio,,,Medio,0.83,0.22,-97.91,16.3,0.0,0.0,0.0,0.0,0.0,0.0
OAXACA,20,SANTA MARIA IPALAPA,20415,4878.0,2576.0,52.81,2302.0,47.19,1531.0,31.39,2821.0,57.83,526.0,10.78,16794.43,0.29,100.0,30.83,,78.53,30.09,,Medio,,,Medio,0.83,0.13,-98.03,16.64,0.0,0.0,0.0,0.0,0.0,0.0
OAXACA,20,SANTA MARIA IXCATLAN,20416,461.0,237.0,51.41,224.0,48.59,78.0,16.92,272.0,59.0,111.0,24.08,17707.53,0.03,100.0,6.72,,95.9,62.83,,Alto,,,Medio,0.8,0.87,-97.19,17.85,0.0,0.0,0.0,0.0,0.0,0.0
OAXACA,20,SANTA MARIA JACATEPEC,20417,9682.0,5094.0,52.61,4588.0,47.39,2791.0,28.83,5916.0,61.1,975.0,10.07,32388.26,0.3,100.0,77.07,,74.86,29.04,,Alto,,,Medio,0.81,0.49,-96.21,17.86,0.0,0.0,0.0,0.0,0.0,0.0
OAXACA,20,SANTA MARIA JALAPA DEL MARQUES,20418,11735.0,6075.0,51.77,5660.0,48.23,2919.0,24.87,7411.0,63.15,1387.0,11.82,73236.07,0.16,23.66,9.65,,46.03,10.15,,Bajo,,,Bajo,0.86,-0.19,-95.44,16.44,0.0,0.0,0.0,0.0,0.0,0.0
OAXACA,20,SANTA MARIA JALTIANGUIS,20419,592.0,314.0,53.04,278.0,46.96,146.0,24.66,350.0,59.12,96.0,16.22,5392.72,0.11,100.0,75.0,,75.82,9.17,,Bajo,,,Bajo,0.87,-0.45,-96.53,17.37,0.0,0.0,0.0,0.0,0.0,0.0
OAXACA,20,SANTA MARIA LACHIXIO,20420,1679.0,919.0,54.73,760.0,45.27,531.0,31.63,1040.0,61.94,108.0,6.43,4978.17,0.34,100.0,97.32,,94.52,36.11,,Alto,,,Alto,0.78,1.7,-97.02,16.73,0.0,0.0,0.0,0.0,0.0,0.0
OAXACA,20,SANTA MARIA MIXTEQUILLA,20421,4690.0,2412.0,51.43,2278.0,48.57,1139.0,24.29,3018.0,64.35,533.0,11.36,14843.32,0.32,100.0,4.12,,50.34,7.85,,Bajo,,,Bajo,0.86,-0.47,-95.26,16.37,0.0,0.0,0.0,0.0,0.0,0.0
OAXACA,20,SANTA MARIA NATIVITAS,20422,603.0,327.0,54.23,276.0,45.77,138.0,22.89,352.0,58.37,113.0,18.74,4306.75,0.14,100.0,49.42,,83.56,27.86,,Medio,,,Medio,0.85,0.3,-97.33,17.66,0.0,0.0,0.0,0.0,0.0,0.0
OAXACA,20,SANTA MARIA NDUAYACO,20423,453.0,234.0,51.66,219.0,48.34,78.0,17.22,250.0,55.19,125.0,27.59,7684.25,0.06,100.0,2.87,,92.19,34.8,,Alto,,,Medio,0.81,0.57,-97.5,17.41,0.0,0.0,0.0,0.0,0.0,0.0
OAXACA,20,SANTA MARIA OZOLOTEPEC,20424,3793.0,1958.0,51.62,1835.0,48.38,1234.0,32.53,2191.0,57.76,368.0,9.7,14610.62,0.26,100.0,37.81,,95.77,52.2,,Alto,,,Alto,0.78,1.74,-96.37,16.13,0.0,0.0,0.0,0.0,0.0,0.0
OAXACA,20,SANTA MARIA PAPALO,20425,2058.0,1030.0,50.05,1028.0,49.95,540.0,26.24,1312.0,63.75,206.0,10.01,5572.55,0.37,100.0,99.47,,95.92,39.71,,Alto,,,Alto,0.81,1.19,-96.8,17.78,0.0,0.0,0.0,0.0,0.0,0.0
OAXACA,20,SANTA MARIA PENOLES,20426,8967.0,4644.0,51.79,4323.0,48.21,3119.0,34.78,5032.0,56.12,816.0,9.1,23360.87,0.38,100.0,97.58,,98.32,63.19,,Muy alto,,,Muy alto,0.76,2.25,-97.0,17.08,0.0,0.0,0.0,0.0,0.0,0.0
OAXACA,20,SANTA MARIA PETAPA,20427,16706.0,8626.0,51.63,8080.0,48.37,3956.0,23.68,9610.0,57.52,1477.0,8.84,15609.23,1.07,100.0,43.37,,58.54,18.14,,Medio,,,Bajo,0.83,0.03,-95.12,16.82,0.0,0.0,0.0,0.0,0.0,0.0
OAXACA,20,SANTA MARIA QUIEGOLANI,20428,2224.0,1090.0,49.01,1134.0,50.99,798.0,35.88,1251.0,56.25,175.0,7.87,16149.1,0.14,100.0,94.42,,96.68,42.31,,Alto,,,Medio,0.79,0.96,-96.05,16.28,0.0,0.0,0.0,0.0,0.0,0.0
OAXACA,20,SANTA MARIA SOLA,20429,1516.0,780.0,51.45,736.0,48.55,388.0,25.59,883.0,58.25,245.0,16.16,5222.65,0.29,100.0,5.08,,88.01,44.51,,Alto,,,Alto,0.8,0.98,-97.01,16.57,0.0,0.0,0.0,0.0,0.0,0.0
OAXACA,20,SANTA MARIA TATALTEPEC,20430,317.0,163.0,51.42,154.0,48.58,59.0,18.61,194.0,61.2,64.0,20.19,3710.82,0.09,100.0,28.71,,82.84,28.59,,Medio,,,Medio,0.83,0.32,-97.4,17.14,0.0,0.0,0.0,0.0,0.0,0.0
OAXACA,20,SANTA MARIA TECOMAVACA,20431,1830.0,939.0,51.31,891.0,48.69,477.0,26.07,1150.0,62.84,203.0,11.09,37070.78,0.05,100.0,28.85,,56.79,15.85,,Medio,,,Bajo,0.84,-0.15,-97.02,17.96,0.0,0.0,0.0,0.0,0.0,0.0
OAXACA,20,SANTA MARIA TEMAXCALAPA,20432,903.0,460.0,50.94,443.0,49.06,174.0,19.27,593.0,65.67,136.0,15.06,1319.14,0.68,100.0,98.89,,69.64,11.68,,Bajo,,,Bajo,0.86,-0.09,-96.16,17.38,0.0,0.0,0.0,0.0,0.0,0.0
OAXACA,20,SANTA MARIA TEMAXCALTEPEC,20433,2694.0,1472.0,54.64,1222.0,45.36,1066.0,39.57,1483.0,55.05,145.0,5.38,3490.92,0.77,100.0,95.73,,91.8,47.57,,Muy alto,,,Muy alto,0.75,2.32,-97.19,16.16,0.0,0.0,0.0,0.0,0.0,0.0
OAXACA,20,SANTA MARIA TEOPOXCO,20434,3985.0,2195.0,55.08,1790.0,44.92,1397.0,35.06,2095.0,52.57,493.0,12.37,3665.08,1.09,100.0,99.6,,94.44,35.18,,Alto,,,Alto,0.78,1.45,-96.96,18.17,0.0,0.0,0.0,0.0,0.0,0.0
OAXACA,20,SANTA MARIA TEPANTLALI,20435,3576.0,1839.0,51.43,1737.0,48.57,1138.0,31.82,2134.0,59.68,304.0,8.5,8464.66,0.42,100.0,97.6,,88.11,33.22,,Muy alto,,,Muy alto,0.76,2.13,-96.01,17.0,0.0,0.0,0.0,0.0,0.0,0.0
OAXACA,20,SANTA MARIA TEXCATITLAN,20436,896.0,464.0,51.79,432.0,48.21,251.0,28.01,490.0,54.69,155.0,17.3,3541.94,0.25,100.0,99.44,,91.28,30.58,,Muy alto,,,Muy alto,0.71,2.63,-97.07,17.71,0.0,0.0,0.0,0.0,0.0,0.0
OAXACA,20,SANTA MARIA TLAHUITOLTEPEC,20437,9653.0,5078.0,52.61,4575.0,47.39,2931.0,30.36,5747.0,59.54,975.0,10.1,15328.16,0.63,100.0,98.04,,90.68,43.33,,Alto,,,Muy alto,0.79,1.88,-96.06,17.1,0.0,0.0,0.0,0.0,0.0,0.0
OAXACA,20,SANTA MARIA TLALIXTAC,20438,1839.0,915.0,49.76,924.0,50.24,620.0,33.71,1054.0,57.31,165.0,8.97,2409.0,0.76,100.0,70.36,,92.9,38.2,,Alto,,,Alto,0.79,0.99,-96.74,17.95,0.0,0.0,0.0,0.0,0.0,0.0
OAXACA,20,SANTA MARIA TONAMECA,20439,25347.0,12983.0,51.22,12364.0,48.78,8032.0,31.69,15610.0,61.59,1705.0,6.73,52398.82,0.48,100.0,51.49,,59.39,19.72,,Alto,,,Alto,0.76,1.15,-96.55,15.75,0.0,0.0,0.0,0.0,0.0,0.0
OAXACA,20,SANTA MARIA TOTOLAPILLA,20440,812.0,416.0,51.23,396.0,48.77,171.0,21.06,491.0,60.47,150.0,18.47,11438.82,0.07,100.0,53.45,,77.43,10.19,,Alto,,,Medio,0.82,0.28,-95.63,16.6,0.0,0.0,0.0,0.0,0.0,0.0
OAXACA,20,SANTA MARIA XADANI,20441,9234.0,4674.0,50.62,4560.0,49.38,3171.0,34.34,5522.0,59.8,533.0,5.77,8636.41,1.07,6.52,98.91,,83.64,31.51,,Medio,,,Medio,0.83,0.54,-95.02,16.36,0.0,0.0,0.0,0.0,0.0,0.0
OAXACA,20,SANTA MARIA YALINA,20442,250.0,138.0,55.2,112.0,44.8,56.0,22.4,151.0,60.4,43.0,17.2,4828.87,0.05,100.0,92.4,,89.85,4.8,,Medio,,,Bajo,0.84,0.06,-96.26,17.24,0.0,0.0,0.0,0.0,0.0,0.0
OAXACA,20,SANTA MARIA YAVESIA,20443,434.0,235.0,54.15,199.0,45.85,104.0,23.96,250.0,57.6,80.0,18.43,8769.94,0.05,100.0,46.54,,71.61,6.22,,Bajo,,,Bajo,0.87,-0.5,-96.43,17.23,0.0,0.0,0.0,0.0,0.0,0.0
OAXACA,20,SANTA MARIA YOLOTEPEC,20444,481.0,255.0,53.01,226.0,46.99,147.0,30.56,266.0,55.3,68.0,14.14,1796.1,0.27,100.0,75.47,,92.76,46.08,,Medio,,,Medio,0.84,0.61,-97.51,16.88,0.0,0.0,0.0,0.0,0.0,0.0
OAXACA,20,SANTA MARIA YOSOYUA,20445,1699.0,886.0,52.15,813.0,47.85,468.0,27.55,1073.0,63.15,158.0,9.3,3363.46,0.51,100.0,98.29,,89.77,20.96,,Medio,,,Alto,0.84,1.03,-97.51,17.12,0.0,0.0,0.0,0.0,0.0,0.0
OAXACA,20,SANTA MARIA YUCUHITI,20446,6008.0,3158.0,52.56,2850.0,47.44,1568.0,26.1,3501.0,58.27,939.0,15.63,7314.36,0.82,100.0,97.75,,89.36,38.64,,Alto,,,Alto,0.82,1.04,-97.77,17.02,0.0,0.0,0.0,0.0,0.0,0.0
OAXACA,20,SANTA MARIA ZACATEPEC,20447,17100.0,8954.0,52.36,8146.0,47.64,5252.0,30.71,10266.0,60.04,1582.0,9.25,50219.99,0.34,65.14,33.78,,85.74,36.91,,Alto,,,Medio,0.81,0.42,-97.99,16.76,0.0,0.0,0.0,0.0,0.0,0.0
OAXACA,20,SANTA MARIA ZANIZA,20448,2469.0,1279.0,51.8,1190.0,48.2,1030.0,41.72,1316.0,53.3,123.0,4.98,15804.72,0.16,100.0,57.76,,98.39,67.7,,Muy alto,,,Muy alto,0.76,2.06,-97.34,16.66,0.0,0.0,0.0,0.0,0.0,0.0
OAXACA,20,SANTA MARIA ZOQUITLAN,20449,3294.0,1664.0,50.52,1630.0,49.48,852.0,25.87,1940.0,58.89,501.0,15.21,41721.63,0.08,100.0,1.03,,80.56,23.39,,Alto,,,Medio,0.82,0.34,-96.35,16.56,0.0,0.0,0.0,0.0,0.0,0.0
OAXACA,20,SANTIAGO AMOLTEPEC,20450,13855.0,7070.0,51.03,6785.0,48.97,5905.0,42.62,7332.0,52.92,618.0,4.46,20796.9,0.67,100.0,84.16,,98.78,84.45,,Muy alto,,,Muy alto,0.69,3.45,-97.49,16.64,0.0,0.0,0.0,0.0,0.0,0.0
OAXACA,20,SANTIAGO APOALA,20451,1019.0,550.0,53.97,469.0,46.03,267.0,26.2,487.0,47.79,265.0,26.01,8576.29,0.12,100.0,93.42,,93.68,39.12,,Muy alto,,,Muy alto,0.7,2.63,-97.14,17.65,0.0,0.0,0.0,0.0,0.0,0.0
OAXACA,20,SANTIAGO APOSTOL,20452,4421.0,2415.0,54.63,2006.0,45.37,1080.0,24.43,2764.0,62.52,577.0,13.05,1765.66,2.5,100.0,93.76,,91.22,49.61,,Muy alto,,,Alto,0.76,1.46,-96.72,16.8,0.0,0.0,0.0,0.0,0.0,0.0
OAXACA,20,SANTIAGO ASTATA,20453,3918.0,1970.0,50.28,1948.0,49.72,1030.0,26.29,2428.0,61.97,460.0,11.74,18713.16,0.21,100.0,19.24,,53.86,12.48,,Alto,,,Medio,0.82,0.82,-95.68,15.99,0.0,0.0,0.0,0.0,0.0,0.0
OAXACA,20,SANTIAGO ATITLAN,20454,3556.0,1773.0,49.86,1783.0,50.14,985.0,27.7,2251.0,63.3,320.0,9.0,7091.36,0.5,100.0,98.99,,93.24,47.08,,Alto,,,Alto,0.79,1.64,-95.95,17.1,0.0,0.0,0.0,0.0,0.0,0.0
OAXACA,20,SANTIAGO AYUQUILILLA,20455,2904.0,1497.0,51.55,1407.0,48.45,957.0,32.95,1611.0,55.48,336.0,11.57,8971.04,0.32,100.0,1.41,,86.52,37.97,,Alto,,,Medio,0.78,0.61,-97.96,17.94,0.0,0.0,0.0,0.0,0.0,0.0
OAXACA,20,SANTIAGO CACALOXTEPEC,20456,1667.0,865.0,51.89,802.0,48.11,422.0,25.31,1000.0,59.99,245.0,14.7,3867.27,0.43,100.0,50.75,,65.58,16.83,,Alto,,,Bajo,0.82,0.1,-97.74,17.72,0.0,0.0,0.0,0.0,0.0,0.0
OAXACA,20,SANTIAGO CAMOTLAN,20457,3346.0,1715.0,51.26,1631.0,48.74,888.0,26.54,2188.0,65.39,270.0,8.07,31205.91,0.11,100.0,93.87,,94.31,46.71,,Alto,,,Alto,0.81,1.1,-96.18,17.45,0.0,0.0,0.0,0.0,0.0,0.0
OAXACA,20,SANTIAGO COMALTEPEC,20458,1157.0,617.0,53.33,540.0,46.67,292.0,25.24,635.0,54.88,230.0,19.88,20402.98,0.06,100.0,96.63,,84.13,8.74,,Medio,,,Bajo,0.85,-0.22,-96.55,17.56,0.0,0.0,0.0,0.0,0.0,0.0
OAXACA,20,VILLA DE SANTIAGO CHAZUMBA,20459,4877.0,2581.0,52.92,2296.0,47.08,1148.0,23.54,2728.0,55.94,1001.0,20.52,32428.21,0.15,100.0,17.65,,66.15,14.99,,Medio,,,Bajo,0.85,-0.13,-97.68,18.19,0.0,0.0,0.0,0.0,0.0,0.0
OAXACA,20,SANTIAGO CHOAPAM,20460,5242.0,2751.0,52.48,2491.0,47.52,1604.0,30.6,3102.0,59.18,518.0,9.88,31122.44,0.17,100.0,70.18,,95.52,58.76,,Alto,,,Alto,0.78,1.65,-95.92,17.36,0.0,0.0,0.0,0.0,0.0,0.0
OAXACA,20,SANTIAGO DEL RIO,20461,527.0,276.0,52.37,251.0,47.63,113.0,21.44,259.0,49.15,155.0,29.41,3843.39,0.14,100.0,34.35,,82.48,34.58,,Alto,,,Medio,0.78,0.95,-98.09,17.46,0.0,0.0,0.0,0.0,0.0,0.0
OAXACA,20,SANTIAGO HUAJOLOTITLAN,20462,4600.0,2387.0,51.89,2213.0,48.11,1170.0,25.43,2879.0,62.59,551.0,11.98,11055.86,0.42,100.0,1.2,,51.47,12.56,,Bajo,,,Bajo,0.86,-0.45,-97.73,17.83,0.0,0.0,0.0,0.0,0.0,0.0
OAXACA,20,SANTIAGO HUAUCLILLA,20463,525.0,280.0,53.33,245.0,46.67,86.0,16.38,280.0,53.33,159.0,30.29,10076.95,0.05,100.0,4.57,,89.13,22.41,,Medio,,,Medio,0.83,0.7,-97.07,17.45,0.0,0.0,0.0,0.0,0.0,0.0
OAXACA,20,SANTIAGO IHUITLAN PLUMAS,20464,341.0,186.0,54.55,155.0,45.45,90.0,26.39,178.0,52.2,73.0,21.41,4611.2,0.07,100.0,3.23,,92.92,29.43,,Medio,,,Medio,0.83,0.23,-97.43,17.85,0.0,0.0,0.0,0.0,0.0,0.0
OAXACA,20,SANTIAGO IXCUINTEPEC,20465,1636.0,861.0,52.63,775.0,47.37,554.0,33.86,951.0,58.13,131.0,8.01,12234.21,0.13,100.0,96.45,,95.38,28.43,,Alto,,,Alto,0.79,1.22,-95.62,16.93,0.0,0.0,0.0,0.0,0.0,0.0
OAXACA,20,SANTIAGO IXTAYUTLA,20466,13880.0,7329.0,52.8,6551.0,47.2,4948.0,35.65,8222.0,59.24,710.0,5.12,45775.42,0.3,100.0,87.28,,96.77,72.55,,Muy alto,,,Muy alto,0.69,2.83,-97.65,16.57,0.0,0.0,0.0,0.0,0.0,0.0
OAXACA,20,SANTIAGO JAMILTEPEC,20467,19112.0,9953.0,52.08,9159.0,47.92,5546.0,29.02,11686.0,61.14,1880.0,9.84,64069.38,0.3,45.65,38.94,,66.25,25.21,,Medio,,,Medio,0.83,0.28,-97.82,16.28,0.0,0.0,0.0,0.0,0.0,0.0
OAXACA,20,SANTIAGO JOCOTEPEC,20468,14198.0,7335.0,51.66,6863.0,48.34,5051.0,35.58,8054.0,56.73,1093.0,7.7,61849.53,0.23,100.0,87.41,,88.07,51.6,,Alto,,,Alto,0.78,1.55,-95.94,17.54,0.0,0.0,0.0,0.0,0.0,0.0
OAXACA,20,SANTIAGO JUXTLAHUACA,20469,34735.0,18208.0,52.42,16527.0,47.58,11944.0,34.39,19750.0,56.86,3037.0,8.74,77501.87,0.45,69.45,76.4,,82.26,42.62,,Alto,,,Alto,0.77,1.13,-98.01,17.34,0.0,0.0,0.0,0.0,0.0,0.0
OAXACA,20,SANTIAGO LACHIGUIRI,20470,4394.0,2259.0,51.41,2135.0,48.59,1024.0,23.3,2800.0,63.72,570.0,12.97,43417.65,0.1,100.0,77.63,,80.69,19.38,,Alto,,,Alto,0.79,1.13,-95.53,16.69,0.0,0.0,0.0,0.0,0.0,0.0
OAXACA,20,SANTIAGO LALOPA,20471,431.0,228.0,52.9,203.0,47.1,90.0,20.88,290.0,67.29,51.0,11.83,2561.41,0.17,100.0,94.9,,92.6,14.36,,Medio,,,Medio,0.85,0.2,-96.25,17.42,0.0,0.0,0.0,0.0,0.0,0.0
OAXACA,20,SANTIAGO LAOLLAGA,20472,3361.0,1732.0,51.53,1629.0,48.47,779.0,23.18,2084.0,62.01,498.0,14.82,26397.09,0.13,100.0,19.61,,50.69,9.53,,Bajo,,,Bajo,0.86,-0.35,-95.2,16.58,0.0,0.0,0.0,0.0,0.0,0.0
OAXACA,20,SANTIAGO LAXOPA,20473,1291.0,696.0,53.91,595.0,46.09,334.0,25.87,787.0,60.96,170.0,13.17,11740.71,0.11,100.0,99.46,,91.62,11.55,,Bajo,,,Medio,0.86,0.27,-96.31,17.22,0.0,0.0,0.0,0.0,0.0,0.0
OAXACA,20,SANTIAGO LLANO GRANDE,20474,3440.0,1724.0,50.12,1716.0,49.88,989.0,28.75,1990.0,57.85,461.0,13.4,11081.76,0.31,100.0,4.27,,57.37,16.31,,Alto,,,Medio,0.82,0.15,-98.29,16.49,0.0,0.0,0.0,0.0,0.0,0.0
OAXACA,20,SANTIAGO MATATLAN,20475,10175.0,5461.0,53.67,4714.0,46.33,2698.0,26.52,6421.0,63.11,1056.0,10.38,18428.42,0.55,100.0,96.71,,88.83,30.48,,Alto,,,Medio,0.8,0.56,-96.38,16.87,0.0,0.0,0.0,0.0,0.0,0.0
OAXACA,20,SANTIAGO MILTEPEC,20476,421.0,211.0,50.12,210.0,49.88,106.0,25.18,248.0,58.91,67.0,15.91,5166.81,0.08,100.0,2.38,,69.8,11.65,,Medio,,,Bajo,0.84,-0.1,-97.69,17.98,0.0,0.0,0.0,0.0,0.0,0.0
OAXACA,20,SANTIAGO MINAS,20477,1327.0,675.0,50.87,652.0,49.13,349.0,26.3,836.0,63.0,142.0,10.7,19899.17,0.07,100.0,11.53,,81.13,22.04,,Alto,,,Medio,0.79,0.54,-97.23,16.43,0.0,0.0,0.0,0.0,0.0,0.0
OAXACA,20,SANTIAGO NACALTEPEC,20478,1599.0,864.0,54.03,735.0,45.97,358.0,22.39,809.0,50.59,432.0,27.02,20444.9,0.08,100.0,3.31,,90.29,29.86,,Medio,,,Medio,0.83,0.57,-96.92,17.51,0.0,0.0,0.0,0.0,0.0,0.0
OAXACA,20,SANTIAGO NEJAPILLA,20479,174.0,90.0,51.72,84.0,48.28,25.0,14.37,98.0,56.32,51.0,29.31,2045.55,0.09,100.0,3.45,,93.81,38.29,,Medio,,,Medio,0.83,0.87,-97.37,17.42,0.0,0.0,0.0,0.0,0.0,0.0
OAXACA,20,SANTIAGO NUNDICHE,20480,1351.0,707.0,52.33,644.0,47.67,322.0,23.83,845.0,62.55,184.0,13.62,7137.15,0.19,100.0,98.08,,93.22,55.89,,Muy alto,,,Muy alto,0.75,2.27,-97.67,17.33,0.0,0.0,0.0,0.0,0.0,0.0
OAXACA,20,SANTIAGO NUYOO,20481,1898.0,988.0,52.05,910.0,47.95,500.0,26.34,1032.0,54.37,366.0,19.28,5819.14,0.33,100.0,98.37,,89.3,26.56,,Alto,,,Alto,0.82,1.34,-97.77,17.02,0.0,0.0,0.0,0.0,0.0,0.0
OAXACA,20,SANTIAGO PINOTEPA NACIONAL,20482,55840.0,28626.0,51.26,27214.0,48.74,16127.0,28.88,35350.0,63.31,4355.0,7.8,79005.83,0.71,39.6,34.87,,54.77,17.87,,Alto,,,Medio,0.82,0.16,-98.05,16.34,0.0,0.0,0.0,0.0,0.0,0.0
OAXACA,20,SANTIAGO SUCHILQUITONGO,20483,10886.0,5642.0,51.83,5244.0,48.17,2754.0,25.3,7182.0,65.97,950.0,8.73,9556.62,1.14,24.0,2.99,,76.96,30.73,,Bajo,,,Bajo,0.87,-0.05,-96.87,17.25,0.0,0.0,0.0,0.0,0.0,0.0
OAXACA,20,SANTIAGO TAMAZOLA,20484,4458.0,2356.0,52.85,2102.0,47.15,1392.0,31.22,2505.0,56.19,561.0,12.58,20098.53,0.22,100.0,13.82,,74.01,21.42,,Alto,,,Bajo,0.81,0.04,-98.22,17.67,0.0,0.0,0.0,0.0,0.0,0.0
OAXACA,20,SANTIAGO TAPEXTLA,20485,3134.0,1552.0,49.52,1582.0,50.48,1152.0,36.76,1658.0,52.9,324.0,10.34,12936.3,0.24,100.0,3.1,,84.97,42.4,,Muy alto,,,Alto,0.75,1.27,-98.45,16.34,0.0,0.0,0.0,0.0,0.0,0.0
OAXACA,20,VILLA TEJUPAM DE LA UNION,20486,2419.0,1259.0,52.05,1160.0,47.95,613.0,25.34,1499.0,61.97,307.0,12.69,14140.84,0.17,100.0,2.44,,59.9,10.58,,Medio,,,Bajo,0.84,-0.05,-97.47,17.67,0.0,0.0,0.0,0.0,0.0,0.0
OAXACA,20,SANTIAGO TENNANGO,20487,1966.0,997.0,50.71,969.0,49.29,540.0,27.47,1208.0,61.44,218.0,11.09,10922.11,0.18,100.0,2.9,,86.8,31.57,,Medio,,,Medio,0.83,0.46,-97.0,17.32,0.0,0.0,0.0,0.0,0.0,0.0
OAXACA,20,SANTIAGO TEPETLAPA,20488,130.0,78.0,60.0,52.0,40.0,32.0,24.62,70.0,53.85,28.0,21.54,1356.58,0.1,100.0,3.08,,77.86,17.47,,Medio,,,Bajo,0.85,-0.24,-97.4,17.78,0.0,0.0,0.0,0.0,0.0,0.0
OAXACA,20,SANTIAGO TETEPEC,20489,4909.0,2531.0,51.56,2378.0,48.44,1527.0,31.11,2924.0,59.56,458.0,9.33,29220.6,0.17,100.0,36.06,,84.48,32.69,,Alto,,,Medio,0.79,0.74,-97.75,16.32,0.0,0.0,0.0,0.0,0.0,0.0
OAXACA,20,SANTIAGO TEXCALCINGO,20490,2974.0,1569.0,52.76,1405.0,47.24,966.0,32.48,1754.0,58.98,254.0,8.54,1656.18,1.8,100.0,99.5,,96.96,44.99,,Alto,,,Alto,0.79,1.46,-96.97,18.21,0.0,0.0,0.0,0.0,0.0,0.0
OAXACA,20,SANTIAGO TEXTITLAN,20491,4930.0,2510.0,50.91,2420.0,49.09,1850.0,37.53,2810.0,57.0,270.0,5.48,25262.55,0.2,100.0,49.49,,95.88,46.45,,Alto,,,Alto,0.82,1.05,-97.26,16.69,0.0,0.0,0.0,0.0,0.0,0.0
OAXACA,20,SANTIAGO TILANTONGO,20492,2764.0,1490.0,53.91,1274.0,46.09,774.0,28.0,1458.0,52.75,532.0,19.25,24801.39,0.11,100.0,78.44,,95.19,41.67,,Alto,,,Alto,0.77,1.7,-97.34,17.28,0.0,0.0,0.0,0.0,0.0,0.0
OAXACA,20,SANTIAGO TILLO,20493,545.0,286.0,52.48,259.0,47.52,127.0,23.3,325.0,59.63,93.0,17.06,1706.97,0.32,100.0,5.5,,68.01,14.37,,Bajo,,,Bajo,0.86,-0.32,-97.32,17.46,0.0,0.0,0.0,0.0,0.0,0.0
OAXACA,20,SANTIAGO TLAZOYALTEPEC,20494,6300.0,3394.0,53.87,2906.0,46.13,2130.0,33.81,3582.0,56.86,588.0,9.33,6320.36,1.0,100.0,96.0,,98.6,58.83,,Muy alto,,,Muy alto,0.76,2.09,-97.0,17.03,0.0,0.0,0.0,0.0,0.0,0.0
OAXACA,20,SANTIAGO XANICA,20495,3029.0,1491.0,49.22,1538.0,50.78,1037.0,34.24,1732.0,57.18,260.0,8.58,13798.45,0.22,100.0,71.05,,94.29,52.25,,Muy alto,,,Muy alto,0.74,2.45,-96.22,16.01,0.0,0.0,0.0,0.0,0.0,0.0
OAXACA,20,SANTIAGO XIACUI,20496,1893.0,987.0,52.14,906.0,47.86,472.0,24.93,1186.0,62.65,235.0,12.41,6336.48,0.3,100.0,22.4,,63.59,9.06,,Bajo,,,Bajo,0.88,-0.53,-96.43,17.29,0.0,0.0,0.0,0.0,0.0,0.0
OAXACA,20,SANTIAGO YAITEPEC,20497,4233.0,2327.0,54.97,1906.0,45.03,1512.0,35.72,2384.0,56.32,337.0,7.96,4116.48,1.03,100.0,99.27,,98.05,66.27,,Muy alto,,,Muy alto,0.73,2.17,-97.27,16.23,0.0,0.0,0.0,0.0,0.0,0.0
OAXACA,20,SANTIAGO YAVEO,20498,7593.0,3806.0,50.13,3787.0,49.87,2297.0,30.25,4597.0,60.54,697.0,9.18,102422.48,0.07,100.0,44.92,,79.38,29.33,,Muy alto,,,Alto,0.74,1.13,-95.7,17.34,0.0,0.0,0.0,0.0,0.0,0.0
OAXACA,20,SANTIAGO YOLOMECATL,20499,1922.0,1038.0,54.01,884.0,45.99,472.0,24.56,1203.0,62.59,247.0,12.85,6692.25,0.29,100.0,9.37,,52.19,7.45,,Bajo,,,Bajo,0.87,-0.49,-97.57,17.47,0.0,0.0,0.0,0.0,0.0,0.0
OAXACA,20,SANTIAGO YOSONDUA,20500,7991.0,4238.0,53.03,3753.0,46.97,2384.0,29.83,4489.0,56.18,1118.0,13.99,33494.73,0.24,100.0,42.12,,87.28,26.37,,Alto,,,Alto,0.8,1.16,-97.58,16.87,0.0,0.0,0.0,0.0,0.0,0.0
OAXACA,20,SANTIAGO YUCUYACHI,20501,998.0,505.0,50.6,493.0,49.4,225.0,22.55,522.0,52.3,251.0,25.15,5012.69,0.2,100.0,25.75,,68.34,15.08,,Alto,,,Medio,0.82,0.13,-98.2,17.61,0.0,0.0,0.0,0.0,0.0,0.0
OAXACA,20,SANTIAGO ZACATEPEC,20502,5089.0,2610.0,51.29,2479.0,48.71,1595.0,31.34,2885.0,56.69,609.0,11.97,21325.14,0.24,100.0,99.27,,93.22,59.64,,Muy alto,,,Muy alto,0.72,2.82,-95.91,17.16,0.0,0.0,0.0,0.0,0.0,0.0
OAXACA,20,SANTIAGO ZOOCHILA,20503,425.0,219.0,51.53,206.0,48.47,92.0,21.65,256.0,60.24,77.0,18.12,822.16,0.52,100.0,92.24,,83.41,12.4,,Bajo,,,Bajo,0.86,-0.51,-96.24,17.22,0.0,0.0,0.0,0.0,0.0,0.0
OAXACA,20,NUEVO ZOQUIAPAM,20504,1590.0,828.0,52.08,762.0,47.92,470.0,29.56,956.0,60.13,164.0,10.31,10073.95,0.16,100.0,82.39,,81.85,19.45,,Medio,,,Bajo,0.84,-0.17,-96.62,17.29,0.0,0.0,0.0,0.0,0.0,0.0
OAXACA,20,SANTO DOMINGO INGENIO,20505,7681.0,3916.0,50.98,3765.0,49.02,1751.0,22.8,4794.0,62.41,1136.0,14.79,19990.16,0.38,20.19,9.54,,57.2,10.67,,Bajo,,,Bajo,0.88,-0.6,-94.77,16.59,0.0,0.0,0.0,0.0,0.0,0.0
OAXACA,20,SANTO DOMINGO ALBARRADAS,20506,798.0,421.0,52.76,377.0,47.24,179.0,22.43,494.0,61.9,125.0,15.66,4364.85,0.18,100.0,99.12,,92.87,30.63,,Medio,,,Medio,0.83,0.3,-96.2,17.07,0.0,0.0,0.0,0.0,0.0,0.0
OAXACA,20,SANTO DOMINGO ARMENTA,20507,3155.0,1573.0,49.86,1582.0,50.14,1023.0,32.42,1780.0,56.42,351.0,11.13,14435.75,0.22,100.0,5.58,,87.39,35.63,,Alto,,,Medio,0.8,0.66,-98.38,16.33,0.0,0.0,0.0,0.0,0.0,0.0
OAXACA,20,SANTO DOMINGO CHIHUITAN,20508,1618.0,825.0,50.99,793.0,49.01,358.0,22.13,985.0,60.88,275.0,17.0,7129.41,0.23,100.0,20.27,,31.59,4.5,,Bajo,,,Bajo,0.86,-0.49,-95.16,16.59,0.0,0.0,0.0,0.0,0.0,0.0
OAXACA,20,SANTO DOMINGO DE MORELOS,20509,11384.0,5914.0,51.95,5470.0,48.05,4254.0,37.37,6508.0,57.17,622.0,5.46,10604.18,1.07,100.0,95.33,,86.15,48.21,,Muy alto,,,Muy alto,0.74,2.01,-96.67,15.83,0.0,0.0,0.0,0.0,0.0,0.0
OAXACA,20,SANTO DOMINGO IXCATLAN,20510,760.0,415.0,54.61,345.0,45.39,205.0,26.97,440.0,57.89,115.0,15.13,1795.86,0.42,100.0,34.87,,86.5,25.9,,Alto,,,Alto,0.79,1.12,-97.53,16.91,0.0,0.0,0.0,0.0,0.0,0.0
OAXACA,20,SANTO DOMINGO NUXAA,20511,3335.0,1709.0,51.24,1626.0,48.76,1128.0,33.82,1810.0,54.27,397.0,11.9,14646.82,0.23,100.0,81.32,,97.05,48.12,,Muy alto,,,Muy alto,0.76,1.96,-97.12,17.22,0.0,0.0,0.0,0.0,0.0,0.0
OAXACA,20,SANTO DOMINGO OZOLOTEPEC,20512,1101.0,576.0,52.32,525.0,47.68,372.0,33.79,606.0,55.04,123.0,11.17,6449.47,0.17,100.0,75.2,,95.27,40.17,,Alto,,,Alto,0.8,1.22,-96.31,16.15,0.0,0.0,0.0,0.0,0.0,0.0
OAXACA,20,SANTO DOMINGO PETAPA,20513,9027.0,4525.0,50.13,4502.0,49.87,2688.0,29.78,5443.0,60.3,896.0,9.93,34049.53,0.27,35.13,60.39,,75.95,21.34,,Medio,,,Medio,0.83,0.44,-95.14,16.82,0.0,0.0,0.0,0.0,0.0,0.0
OAXACA,20,SANTO DOMINGO ROAYAGA,20514,941.0,491.0,52.18,450.0,47.82,290.0,30.82,565.0,60.04,86.0,9.14,5628.33,0.17,100.0,98.09,,95.31,60.98,,Muy alto,,,Muy alto,0.74,2.37,-96.11,17.34,0.0,0.0,0.0,0.0,0.0,0.0
OAXACA,20,SANTO DOMINGO TEHUANTEPEC,20515,67739.0,34914.0,51.54,32825.0,48.46,17244.0,25.46,44443.0,65.61,6002.0,8.86,120344.47,0.56,33.37,18.01,,48.9,14.05,,Bajo,,,Bajo,0.86,-0.37,-95.23,16.33,0.0,0.0,0.0,0.0,0.0,0.0
OAXACA,20,SANTO DOMINGO TEOJOMULCO,20516,5260.0,2684.0,51.03,2576.0,48.97,1752.0,33.31,3094.0,58.82,414.0,7.87,22530.31,0.23,100.0,3.29,,86.37,25.56,,Alto,,,Medio,0.81,0.47,-97.23,16.59,0.0,0.0,0.0,0.0,0.0,0.0
OAXACA,20,SANTO DOMINGO TEPUXTEPEC,20517,6029.0,3233.0,53.62,2796.0,46.38,1960.0,32.51,3511.0,58.24,558.0,9.26,11379.37,0.53,100.0,96.6,,90.98,43.58,,Muy alto,,,Muy alto,0.73,2.63,-96.06,16.96,0.0,0.0,0.0,0.0,0.0,0.0
OAXACA,20,SANTO DOMINGO TLATAYAPAM,20518,113.0,61.0,53.98,52.0,46.02,21.0,18.58,64.0,56.64,28.0,24.78,1182.35,0.1,100.0,0.0,,77.7,30.71,,Bajo,,,Medio,0.86,0.32,-97.35,17.41,0.0,0.0,0.0,0.0,0.0,0.0
OAXACA,20,SANTO DOMINGO TOMALTEPEC,20519,3386.0,1735.0,51.24,1651.0,48.76,784.0,23.15,2253.0,66.54,349.0,10.31,3059.14,1.11,100.0,36.5,,69.38,15.6,,Medio,,,Bajo,0.85,-0.34,-96.62,17.06,0.0,0.0,0.0,0.0,0.0,0.0
OAXACA,20,SANTO DOMINGO TONALA,20520,7393.0,3826.0,51.75,3567.0,48.25,1975.0,26.71,4448.0,60.17,970.0,13.12,16561.1,0.45,100.0,33.82,,56.37,10.51,,Medio,,,Bajo,0.83,-0.01,-97.96,17.67,0.0,0.0,0.0,0.0,0.0,0.0
OAXACA,20,SANTO DOMINGO TONALTEPEC,20521,250.0,133.0,53.2,117.0,46.8,58.0,23.2,140.0,56.0,52.0,20.8,2652.18,0.09,100.0,17.2,,97.79,39.68,,Medio,,,Medio,0.83,0.51,-97.36,17.61,0.0,0.0,0.0,0.0,0.0,0.0
OAXACA,20,SANTO DOMINGO XAGACIA,20522,1205.0,651.0,54.02,554.0,45.98,393.0,32.61,613.0,50.87,199.0,16.51,5652.45,0.21,100.0,99.75,,90.69,37.76,,Alto,,,Alto,0.79,1.29,-96.27,17.16,0.0,0.0,0.0,0.0,0.0,0.0
OAXACA,20,SANTO DOMINGO YANHUITLAN,20523,1633.0,874.0,53.52,759.0,46.48,436.0,26.7,919.0,56.28,278.0,17.02,6963.0,0.23,100.0,6.55,,50.14,11.05,,Medio,,,Bajo,0.85,-0.01,-97.34,17.53,0.0,0.0,0.0,0.0,0.0,0.0
OAXACA,20,SANTO DOMINGO YODOHINO,20524,327.0,156.0,47.71,171.0,52.29,51.0,15.6,228.0,69.72,48.0,14.68,3641.15,0.09,100.0,0.0,,97.64,37.68,,Bajo,,,Bajo,0.86,-0.27,-97.68,17.62,0.0,0.0,0.0,0.0,0.0,0.0
OAXACA,20,SANTO DOMINGO ZANATEPEC,20525,12483.0,6333.0,50.73,6150.0,49.27,3192.0,25.57,7682.0,61.54,1589.0,12.73,64870.36,0.19,36.71,3.98,,58.75,13.53,,Medio,,,Bajo,0.84,-0.15,-94.35,16.48,0.0,0.0,0.0,0.0,0.0,0.0
OAXACA,20,SANTOS REYES NOPALA,20526,16688.0,8791.0,52.68,7897.0,47.32,5193.0,31.12,10287.0,61.64,1204.0,7.21,22740.12,0.73,64.79,64.69,,71.88,21.1,,Alto,,,Medio,0.81,0.95,-97.14,16.11,0.0,0.0,0.0,0.0,0.0,0.0
OAXACA,20,SANTOS REYES PAPALO,20527,2490.0,1272.0,51.08,1218.0,48.92,855.0,34.34,1404.0,56.39,231.0,9.28,8333.04,0.3,100.0,99.56,,98.21,58.32,,Alto,,,Alto,0.8,1.4,-96.86,17.8,0.0,0.0,0.0,0.0,0.0,0.0
OAXACA,20,SANTOS REYES TEPEJILLO,20528,904.0,490.0,54.2,414.0,45.8,227.0,25.11,479.0,52.99,198.0,21.9,5298.93,0.17,100.0,98.78,,87.93,31.38,,Alto,,,Medio,0.8,0.82,-97.94,17.44,0.0,0.0,0.0,0.0,0.0,0.0
OAXACA,20,SANTOS REYES YUCUNA,20529,1474.0,743.0,50.41,731.0,49.59,549.0,37.25,847.0,57.46,78.0,5.29,6083.84,0.24,100.0,98.1,,97.8,41.36,,Muy alto,,,Alto,0.75,1.64,-98.0,17.78,0.0,0.0,0.0,0.0,0.0,0.0
OAXACA,20,SANTO TOMAS JALIEZA,20530,3923.0,2065.0,52.64,1858.0,47.36,1105.0,28.17,2493.0,63.55,325.0,8.28,7027.07,0.56,100.0,31.43,,70.98,23.86,,Alto,,,Medio,0.78,0.92,-96.67,16.84,0.0,0.0,0.0,0.0,0.0,0.0
OAXACA,20,SANTO TOMAS MAZALTEPEC,20531,2612.0,1349.0,51.65,1263.0,48.35,680.0,26.03,1668.0,63.86,264.0,10.11,4406.07,0.59,100.0,84.3,,80.13,22.82,,Medio,,,Bajo,0.85,-0.02,-96.87,17.17,0.0,0.0,0.0,0.0,0.0,0.0
OAXACA,20,SANTO TOMAS OCOTEPEC,20532,4066.0,2209.0,54.33,1857.0,45.67,1227.0,30.18,2276.0,55.98,563.0,13.85,8016.4,0.51,100.0,98.84,,96.95,55.65,,Alto,,,Alto,0.79,1.78,-97.76,17.15,0.0,0.0,0.0,0.0,0.0,0.0
OAXACA,20,SANTO TOMAS TAMAZULAPAN,20533,2726.0,1418.0,52.02,1308.0,47.98,772.0,28.32,1676.0,61.48,278.0,10.2,6691.16,0.41,100.0,21.68,,63.54,16.31,,Medio,,,Bajo,0.83,0.1,-96.59,16.27,0.0,0.0,0.0,0.0,0.0,0.0
OAXACA,20,SAN VICENTE COATLAN,20534,3512.0,1895.0,53.96,1617.0,46.04,1106.0,31.49,2004.0,57.06,402.0,11.45,10646.91,0.33,100.0,94.82,,95.87,52.11,,Alto,,,Muy alto,0.76,1.81,-96.84,16.39,0.0,0.0,0.0,0.0,0.0,0.0
OAXACA,20,SAN VICENTE LACHIXIO,20535,3227.0,1767.0,54.76,1460.0,45.24,1094.0,33.9,1903.0,58.97,230.0,7.13,13689.7,0.24,100.0,99.47,,97.08,63.47,,Alto,,,Alto,0.8,1.3,-97.02,16.7,0.0,0.0,0.0,0.0,0.0,0.0
OAXACA,20,SAN VICENTE NUNU,20536,449.0,238.0,53.01,211.0,46.99,91.0,20.27,271.0,60.36,87.0,19.38,7140.18,0.06,100.0,1.56,,71.54,10.74,,Bajo,,,Bajo,0.86,-0.13,-97.44,17.46,0.0,0.0,0.0,0.0,0.0,0.0
OAXACA,20,SILACAYOAPAM,20537,6710.0,3483.0,51.91,3227.0,48.09,1723.0,25.68,3836.0,57.17,1151.0,17.15,43150.05,0.16,100.0,24.26,,76.64,22.74,,Alto,,,Bajo,0.82,0.1,-98.14,17.5,0.0,0.0,0.0,0.0,0.0,0.0
OAXACA,20,SITIO DE XITLAPEHUA,20538,713.0,364.0,51.05,349.0,48.95,201.0,28.19,425.0,59.61,87.0,12.2,1830.1,0.39,100.0,3.65,,77.06,21.86,,Medio,,,Medio,0.84,0.39,-96.53,16.35,0.0,0.0,0.0,0.0,0.0,0.0
OAXACA,20,SOLEDAD ETLA,20539,6348.0,3271.0,51.53,3077.0,48.47,1520.0,23.94,4304.0,67.8,524.0,8.25,1248.54,5.08,100.0,7.14,,50.71,7.63,,Bajo,,,Bajo,0.86,-0.53,-96.82,17.17,0.0,0.0,0.0,0.0,0.0,0.0
OAXACA,20,VILLA DE TAMAZULAPAM DEL PROGRESO,20540,8326.0,4570.0,54.89,3756.0,45.11,2200.0,26.42,5380.0,64.62,746.0,8.96,14382.47,0.58,20.23,5.16,,59.43,11.52,,Bajo,,,Bajo,0.89,-0.52,-97.57,17.67,0.0,0.0,0.0,0.0,0.0,0.0
OAXACA,20,TANETZE DE ZARAGOZA,20541,1558.0,812.0,52.12,746.0,47.88,301.0,19.32,1008.0,64.7,249.0,15.98,2248.05,0.69,100.0,96.15,,81.13,16.69,,Medio,,,Medio,0.84,0.38,-96.3,17.38,0.0,0.0,0.0,0.0,0.0,0.0
OAXACA,20,TANICHE,20542,887.0,474.0,53.44,413.0,46.56,212.0,23.9,545.0,61.44,130.0,14.66,1079.75,0.82,100.0,1.8,,78.87,24.03,,Medio,,,Medio,0.83,0.32,-96.75,16.57,0.0,0.0,0.0,0.0,0.0,0.0
OAXACA,20,TATALTEPEC DE VALDES,20543,6386.0,3274.0,51.27,3112.0,48.73,2016.0,31.57,3864.0,60.51,503.0,7.88,22136.08,0.29,100.0,76.07,,94.74,58.3,,Alto,,,Alto,0.77,1.15,-97.55,16.31,0.0,0.0,0.0,0.0,0.0,0.0
OAXACA,20,TEOCOCUILCO DE MARCOS PEREZ,20544,1032.0,533.0,51.65,499.0,48.35,265.0,25.68,566.0,54.84,201.0,19.48,13317.75,0.08,100.0,96.12,,87.5,33.57,,Alto,,,Medio,0.82,0.23,-96.61,17.35,0.0,0.0,0.0,0.0,0.0,0.0
OAXACA,20,TEOTITLAN DE FLORES MAGON,20545,10099.0,5313.0,52.61,4786.0,47.39,2913.0,28.84,6289.0,62.27,897.0,8.88,14365.19,0.7,16.14,32.62,,51.32,15.75,,Bajo,,,Bajo,0.87,-0.41,-97.07,18.13,0.0,0.0,0.0,0.0,0.0,0.0
OAXACA,20,TEOTITLAN DEL VALLE,20546,6392.0,3355.0,52.49,3037.0,47.51,1363.0,21.32,4173.0,65.28,856.0,13.39,10804.62,0.59,100.0,84.76,,75.04,21.76,,Alto,,,Medio,0.82,0.15,-96.52,17.03,0.0,0.0,0.0,0.0,0.0,0.0
OAXACA,20,TEOTONGO,20547,1005.0,548.0,54.53,457.0,45.47,254.0,25.27,566.0,56.32,185.0,18.41,4576.97,0.22,100.0,3.18,,60.56,8.63,,Medio,,,Bajo,0.85,-0.1,-97.54,17.73,0.0,0.0,0.0,0.0,0.0,0.0
OAXACA,20,TEPELMEME VILLA DE MORELOS,20548,1960.0,1044.0,53.27,916.0,46.73,610.0,31.12,1068.0,54.49,282.0,14.39,57316.75,0.03,100.0,3.27,,85.23,26.71,,Alto,,,Medio,0.78,0.84,-97.36,17.87,0.0,0.0,0.0,0.0,0.0,0.0
OAXACA,20,"HEROICA VILLA TEZOATLAN DE SEGURA Y LUNA, CUNA DE LA INDEPENDENCIA DE OAXACA",20549,11465.0,6069.0,52.94,5396.0,47.06,3021.0,26.35,6588.0,57.46,1856.0,16.19,48649.26,0.24,100.0,59.9,,74.28,29.22,,Alto,,,Medio,0.81,0.53,-97.81,17.65,0.0,0.0,0.0,0.0,0.0,0.0
OAXACA,20,SAN JERONIMO TLACOCHAHUAYA,20550,5764.0,3052.0,52.95,2712.0,47.05,1338.0,23.21,3752.0,65.09,674.0,11.69,3672.9,1.57,100.0,74.22,,54.86,11.46,,Medio,,,Bajo,0.84,0.09,-96.58,17.01,0.0,0.0,0.0,0.0,0.0,0.0
OAXACA,20,TLACOLULA DE MATAMOROS,20551,30254.0,15869.0,52.45,14385.0,47.55,8079.0,26.7,19868.0,65.67,2303.0,7.61,13602.85,2.22,27.98,35.23,,40.68,9.89,,Bajo,,,Bajo,0.88,-0.38,-96.48,16.96,0.0,0.0,0.0,0.0,0.0,0.0
OAXACA,20,TLACOTEPEC PLUMAS,20552,410.0,212.0,51.71,198.0,48.29,90.0,21.95,222.0,54.15,98.0,23.9,5579.67,0.07,100.0,0.98,,87.68,24.22,,Medio,,,Bajo,0.85,-0.12,-97.43,17.85,0.0,0.0,0.0,0.0,0.0,0.0
OAXACA,20,TLALIXTAC DE CABRERA,20553,12067.0,6295.0,52.17,5772.0,47.83,2975.0,24.65,8069.0,66.87,987.0,8.18,8164.8,1.48,5.53,21.35,,44.31,13.99,,Muy bajo,,,Bajo,0.89,-0.58,-96.65,17.07,0.0,0.0,0.0,0.0,0.0,0.0
OAXACA,20,TOTONTEPEC VILLA DE MORELOS,20554,5904.0,3063.0,51.88,2841.0,48.12,1913.0,32.4,3329.0,56.39,662.0,11.21,26696.72,0.22,100.0,97.36,,91.31,41.93,,Alto,,,Alto,0.79,1.36,-96.03,17.26,0.0,0.0,0.0,0.0,0.0,0.0
OAXACA,20,TRINIDAD ZAACHILA,20555,3419.0,1812.0,53.0,1607.0,47.0,827.0,24.19,2207.0,64.55,385.0,11.26,2135.41,1.6,100.0,2.92,,66.68,17.9,,Medio,,,Bajo,0.83,0.0,-96.77,16.92,0.0,0.0,0.0,0.0,0.0,0.0
OAXACA,20,LA TRINIDAD VISTA HERMOSA,20556,306.0,155.0,50.65,151.0,49.35,86.0,28.1,171.0,55.88,49.0,16.01,1080.29,0.28,100.0,4.58,,78.66,12.2,,Medio,,,Bajo,0.85,0.03,-97.51,17.77,0.0,0.0,0.0,0.0,0.0,0.0
OAXACA,20,UNION HIDALGO,20557,14542.0,7465.0,51.33,7077.0,48.67,3343.0,22.99,9378.0,64.49,1820.0,12.52,11323.75,1.28,4.08,86.08,,45.15,12.26,,Muy bajo,,,Muy bajo,0.9,-0.83,-94.83,16.47,0.0,0.0,0.0,0.0,0.0,0.0
OAXACA,20,VALERIO TRUJANO,20558,1376.0,736.0,53.49,640.0,46.51,305.0,22.17,878.0,63.81,193.0,14.03,5465.55,0.25,100.0,31.9,,68.22,16.55,,Medio,,,Bajo,0.84,0.04,-96.98,17.77,0.0,0.0,0.0,0.0,0.0,0.0
OAXACA,20,SAN JUAN BAUTISTA VALLE NACIONAL,20559,23067.0,12081.0,52.37,10986.0,47.63,6329.0,27.44,14352.0,62.22,2386.0,10.34,68371.13,0.34,74.8,70.9,,77.41,23.74,,Medio,,,Bajo,0.84,0.1,-96.3,17.77,0.0,0.0,0.0,0.0,0.0,0.0
OAXACA,20,VILLA DIAZ ORDAZ,20560,6467.0,3503.0,54.17,2964.0,45.83,1551.0,23.98,3988.0,61.67,901.0,13.93,28378.38,0.23,100.0,95.56,,89.45,41.71,,Alto,,,Medio,0.81,0.46,-96.43,17.0,0.0,0.0,0.0,0.0,0.0,0.0
OAXACA,20,YAXE,20561,2954.0,1524.0,51.59,1430.0,48.41,797.0,26.98,1912.0,64.73,245.0,8.29,6017.22,0.49,100.0,2.91,,88.22,29.04,,Alto,,,Alto,0.78,1.75,-96.47,16.73,0.0,0.0,0.0,0.0,0.0,0.0
OAXACA,20,MAGDALENA YODOCONO DE PORFIRIO DIAZ,20562,1682.0,869.0,51.66,813.0,48.34,456.0,27.11,1058.0,62.9,168.0,9.99,3905.11,0.43,100.0,1.19,,78.03,20.41,,Medio,,,Bajo,0.85,0.09,-97.35,17.39,0.0,0.0,0.0,0.0,0.0,0.0
OAXACA,20,YOGANA,20563,1245.0,649.0,52.13,596.0,47.87,272.0,21.85,738.0,59.28,235.0,18.88,6595.94,0.19,100.0,0.0,,84.97,30.95,,Muy alto,,,Alto,0.74,1.57,-96.79,16.46,0.0,0.0,0.0,0.0,0.0,0.0
OAXACA,20,YUTANDUCHI DE GUERRERO,20564,1195.0,618.0,51.72,577.0,48.28,332.0,27.78,612.0,51.21,251.0,21.0,6418.43,0.19,100.0,97.49,,92.75,49.86,,Alto,,,Alto,0.79,1.43,-97.3,17.04,0.0,0.0,0.0,0.0,0.0,0.0
OAXACA,20,VILLA DE ZAACHILA,20565,46464.0,24301.0,52.3,22163.0,47.7,13096.0,28.19,30501.0,65.64,2865.0,6.17,8159.18,5.69,29.63,24.71,,55.21,18.08,,Alto,,,Medio,0.81,0.43,-96.75,16.95,0.0,0.0,0.0,0.0,0.0,0.0
OAXACA,20,SAN MATEO YUCUTINDOO,20566,3144.0,1558.0,49.55,1586.0,50.45,985.0,31.33,1830.0,58.21,329.0,10.46,19831.76,0.16,100.0,2.8,,90.61,34.34,,Alto,,,Alto,0.78,1.45,-97.24,16.88,0.0,0.0,0.0,0.0,0.0,0.0
OAXACA,20,ZAPOTITLAN LAGUNAS,20567,3382.0,1745.0,51.6,1637.0,48.4,1062.0,31.4,1867.0,55.2,452.0,13.36,30513.42,0.11,100.0,1.09,,79.89,33.9,,Muy alto,,,Medio,0.75,0.8,-98.39,17.76,0.0,0.0,0.0,0.0,0.0,0.0
OAXACA,20,ZAPOTITLAN PALMAS,20568,1695.0,930.0,54.87,765.0,45.13,478.0,28.2,969.0,57.17,248.0,14.63,4377.37,0.39,100.0,28.2,,67.87,15.36,,Medio,,,Bajo,0.83,0.02,-97.82,17.89,0.0,0.0,0.0,0.0,0.0,0.0
OAXACA,20,SANTA INES DE ZARAGOZA,20569,1454.0,760.0,52.27,694.0,47.73,416.0,28.61,686.0,47.18,352.0,24.21,8383.67,0.17,100.0,56.53,,87.29,17.87,,Alto,,,Alto,0.78,1.19,-97.16,17.23,0.0,0.0,0.0,0.0,0.0,0.0
OAXACA,20,ZIMATLAN DE ALVAREZ,20570,22093.0,11663.0,52.79,10430.0,47.21,5801.0,26.26,14056.0,63.62,2219.0,10.04,35470.41,0.62,35.61,9.34,,62.59,18.55,,Medio,,,Bajo,0.85,0.0,-96.79,16.87,0.0,0.0,0.0,0.0,0.0,0.0
PUEBLA,21,ACAJETE,21001,72894.0,37755.0,51.79,35139.0,48.21,24084.0,33.04,44635.0,61.23,4128.0,5.66,17599.68,4.14,23.33,13.52,,85.73,25.04,,Medio,,,Bajo,0.85,0.04,-97.95,19.1,0.0,0.0,0.0,0.0,0.0,0.0
PUEBLA,21,ACATENO,21002,9170.0,4584.0,49.99,4586.0,50.01,2366.0,25.8,5762.0,62.84,1042.0,11.36,17949.49,0.51,100.0,5.8,,69.25,13.98,,Alto,,,Medio,0.81,0.41,-97.21,20.13,0.0,0.0,0.0,0.0,0.0,0.0
PUEBLA,21,ACATLAN,21003,37955.0,20119.0,53.01,17836.0,46.99,10619.0,27.98,22977.0,60.54,4359.0,11.48,60718.96,0.63,49.04,2.76,,69.79,17.1,,Medio,,,Bajo,0.85,-0.38,-98.05,18.2,0.0,0.0,0.0,0.0,0.0,0.0
PUEBLA,21,ACATZINGO,21004,63743.0,32820.0,51.49,30923.0,48.51,20903.0,32.79,39687.0,62.26,3119.0,4.89,13990.2,4.56,24.54,0.76,,85.32,18.97,,Medio,,,Bajo,0.85,0.03,-97.79,18.98,0.0,0.0,0.0,0.0,0.0,0.0
PUEBLA,21,ACTEOPAN,21005,3070.0,1624.0,52.9,1446.0,47.1,683.0,22.25,2049.0,66.74,338.0,11.01,7482.41,0.41,100.0,47.39,,89.44,37.47,,Muy alto,,,Alto,0.74,1.47,-98.72,18.77,0.0,0.0,0.0,0.0,0.0,0.0
PUEBLA,21,AHUACATLAN,21006,14542.0,7690.0,52.88,6852.0,47.12,4427.0,30.44,8737.0,60.08,1378.0,9.48,9068.35,1.6,100.0,93.2,,76.06,19.79,,Alto,,,Alto,0.78,1.41,-97.86,20.01,0.0,0.0,0.0,0.0,0.0,0.0
PUEBLA,21,AHUATLAN,21007,3162.0,1605.0,50.76,1557.0,49.24,973.0,30.77,1732.0,54.78,457.0,14.45,18438.16,0.17,100.0,5.0,,83.4,23.63,,Alto,,,Medio,0.81,0.25,-98.26,18.57,0.0,0.0,0.0,0.0,0.0,0.0
PUEBLA,21,AHUAZOTEPEC,21008,11439.0,5890.0,51.49,5549.0,48.51,3393.0,29.66,7153.0,62.53,893.0,7.81,6029.56,1.9,100.0,1.61,,62.11,9.37,,Bajo,,,Bajo,0.87,-0.61,-98.16,20.05,0.0,0.0,0.0,0.0,0.0,0.0
PUEBLA,21,AHUEHUETITLA,21009,2207.0,1154.0,52.29,1053.0,47.71,624.0,28.27,1200.0,54.37,383.0,17.35,7207.28,0.31,100.0,1.31,,65.47,12.36,,Alto,,,Bajo,0.82,-0.03,-98.22,18.21,0.0,0.0,0.0,0.0,0.0,0.0
PUEBLA,21,AJALPAN,21010,74768.0,38577.0,51.6,36191.0,48.4,24632.0,32.94,46357.0,62.0,3774.0,5.05,39267.42,1.9,57.61,59.87,,81.07,27.79,,Alto,,,Alto,0.78,1.3,-97.26,18.38,0.0,0.0,0.0,0.0,0.0,0.0
PUEBLA,21,ALBINO ZERTUCHE,21011,1885.0,999.0,53.0,886.0,47.0,566.0,30.03,1081.0,57.35,238.0,12.63,7923.66,0.24,100.0,3.08,,76.04,18.05,,Medio,,,Bajo,0.83,-0.08,-98.54,18.02,0.0,0.0,0.0,0.0,0.0,0.0
PUEBLA,21,ALJOJUCA,21012,6591.0,3491.0,52.97,3100.0,47.03,1698.0,25.76,4153.0,63.01,740.0,11.23,5203.44,1.27,100.0,0.41,,81.76,13.23,,Medio,,,Bajo,0.85,-0.17,-97.53,19.1,0.0,0.0,0.0,0.0,0.0,0.0
PUEBLA,21,ALTEPEXI,21013,22629.0,11740.0,51.88,10889.0,48.12,6557.0,28.98,14756.0,65.21,1316.0,5.82,4701.49,4.81,5.84,85.83,,83.85,25.1,,Bajo,,,Bajo,0.86,-0.11,-97.3,18.37,0.0,0.0,0.0,0.0,0.0,0.0
PUEBLA,21,AMIXTLAN,21014,4812.0,2542.0,52.83,2270.0,47.17,1296.0,26.93,2929.0,60.87,587.0,12.2,4419.42,1.09,100.0,88.76,,81.87,23.55,,Alto,,,Alto,0.78,1.32,-97.8,20.05,0.0,0.0,0.0,0.0,0.0,0.0
PUEBLA,21,AMOZOC,21015,125876.0,64397.0,51.16,61479.0,48.84,35307.0,28.05,84162.0,66.86,5873.0,4.67,13443.69,9.36,14.07,5.81,,62.1,12.19,,Muy bajo,,,Bajo,0.89,-0.64,-98.04,19.04,0.0,0.0,0.0,0.0,0.0,0.0
PUEBLA,21,AQUIXTLA,21016,9021.0,4513.0,50.03,4508.0,49.97,2638.0,29.24,5535.0,61.36,848.0,9.4,16570.14,0.54,100.0,8.1,,72.46,13.07,,Medio,,,Medio,0.83,0.29,-97.94,19.8,0.0,0.0,0.0,0.0,0.0,0.0
PUEBLA,21,ATEMPAN,21017,29742.0,15463.0,51.99,14279.0,48.01,9732.0,32.72,18449.0,62.03,1561.0,5.25,4777.04,6.23,57.16,62.35,,84.39,26.55,,Medio,,,Medio,0.85,0.31,-97.46,19.84,0.0,0.0,0.0,0.0,0.0,0.0
PUEBLA,21,ATEXCAL,21018,3859.0,2018.0,52.29,1841.0,47.71,1152.0,29.85,2211.0,57.29,480.0,12.44,33065.29,0.12,100.0,2.69,,70.63,22.0,,Medio,,,Medio,0.83,0.26,-97.74,18.4,0.0,0.0,0.0,0.0,0.0,0.0
PUEBLA,21,ATLIXCO,21019,141793.0,74931.0,52.85,66862.0,47.15,37069.0,26.14,91686.0,64.66,13030.0,9.19,29190.69,4.86,27.63,6.85,,61.31,10.71,,Muy bajo,,,Bajo,0.89,-0.66,-98.43,18.91,0.0,0.0,0.0,0.0,0.0,0.0
PUEBLA,21,ATOYATEMPAN,21020,7704.0,3944.0,51.19,3760.0,48.81,2388.0,31.0,4809.0,62.42,507.0,6.58,2682.48,2.87,5.65,20.9,,89.22,18.67,,Bajo,,,Bajo,0.87,-0.09,-97.91,18.82,0.0,0.0,0.0,0.0,0.0,0.0
PUEBLA,21,ATZALA,21021,1512.0,783.0,51.79,729.0,48.21,425.0,28.11,963.0,63.69,124.0,8.2,1130.38,1.34,100.0,1.26,,51.98,9.88,,Medio,,,Bajo,0.85,-0.54,-98.55,18.54,0.0,0.0,0.0,0.0,0.0,0.0
PUEBLA,21,ATZITZIHUACAN,21022,12857.0,6832.0,53.14,6025.0,46.86,3735.0,29.05,7753.0,60.3,1369.0,10.65,12925.3,0.99,100.0,1.66,,85.88,24.66,,Medio,,,Medio,0.83,0.25,-98.58,18.82,0.0,0.0,0.0,0.0,0.0,0.0
PUEBLA,21,ATZITZINTLA,21023,9051.0,4630.0,51.15,4421.0,48.85,3032.0,33.5,5353.0,59.14,666.0,7.36,13253.6,0.68,100.0,0.09,,91.18,26.63,,Alto,,,Medio,0.81,0.55,-97.33,18.9,0.0,0.0,0.0,0.0,0.0,0.0
PUEBLA,21,AXUTLA,21024,976.0,510.0,52.25,466.0,47.75,210.0,21.52,543.0,55.64,223.0,22.85,18773.17,0.05,100.0,1.84,,56.31,11.23,,Medio,,,Bajo,0.83,-0.38,-98.39,18.19,0.0,0.0,0.0,0.0,0.0,0.0
PUEBLA,21,AYOTOXCO DE GUERRERO,21025,8208.0,4240.0,51.66,3968.0,48.34,2337.0,28.47,5162.0,62.89,709.0,8.64,10595.11,0.77,100.0,45.59,,76.03,20.82,,Alto,,,Medio,0.82,0.31,-97.41,20.1,0.0,0.0,0.0,0.0,0.0,0.0
PUEBLA,21,CALPAN,21026,15271.0,7934.0,51.95,7337.0,48.05,4085.0,26.75,9580.0,62.73,1606.0,10.52,6657.04,2.29,46.34,28.21,,82.42,19.16,,Medio,,,Bajo,0.85,-0.08,-98.46,19.11,0.0,0.0,0.0,0.0,0.0,0.0
PUEBLA,21,CALTEPEC,21027,4128.0,2205.0,53.42,1923.0,46.58,1053.0,25.51,2340.0,56.69,735.0,17.81,39193.56,0.11,100.0,4.46,,79.47,19.41,,Alto,,,Medio,0.8,0.64,-97.48,18.18,0.0,0.0,0.0,0.0,0.0,0.0
PUEBLA,21,CAMOCUAUTLA,21028,2758.0,1391.0,50.44,1367.0,49.56,827.0,29.99,1721.0,62.4,210.0,7.61,1605.34,1.72,100.0,99.38,,90.49,35.46,,Alto,,,Alto,0.79,1.34,-97.76,20.04,0.0,0.0,0.0,0.0,0.0,0.0
PUEBLA,21,CAXHUACAN,21029,3811.0,1995.0,52.35,1816.0,47.65,1008.0,26.45,2310.0,60.61,493.0,12.94,1388.86,2.74,100.0,95.04,,83.94,38.05,,Alto,,,Medio,0.81,0.62,-97.61,20.06,0.0,0.0,0.0,0.0,0.0,0.0
PUEBLA,21,COATEPEC,21030,772.0,400.0,51.81,372.0,48.19,206.0,26.68,437.0,56.61,129.0,16.71,1216.93,0.63,100.0,98.45,,70.91,21.58,,Alto,,,Medio,0.82,0.65,-97.73,20.06,0.0,0.0,0.0,0.0,0.0,0.0
PUEBLA,21,COATZINGO,21031,2820.0,1457.0,51.67,1363.0,48.33,821.0,29.11,1626.0,57.66,373.0,13.23,11472.65,0.25,100.0,0.11,,79.38,22.7,,Alto,,,Medio,0.81,0.22,-98.17,18.62,0.0,0.0,0.0,0.0,0.0,0.0
PUEBLA,21,COHETZALA,21032,1382.0,663.0,47.97,719.0,52.03,362.0,26.19,771.0,55.79,249.0,18.02,24009.1,0.06,100.0,12.3,,73.31,17.11,,Medio,,,Bajo,0.83,-0.15,-98.81,18.21,0.0,0.0,0.0,0.0,0.0,0.0
PUEBLA,21,COHUECAN,21033,5403.0,2854.0,52.82,2549.0,47.18,1560.0,28.87,3338.0,61.78,505.0,9.35,4726.87,1.14,100.0,17.12,,80.79,22.99,,Medio,,,Medio,0.83,0.29,-98.72,18.78,0.0,0.0,0.0,0.0,0.0,0.0
PUEBLA,21,CORONNANGO,21034,46836.0,23852.0,50.93,22984.0,49.07,12833.0,27.4,31265.0,66.75,2610.0,5.57,3655.31,12.81,11.97,2.35,,68.76,15.64,,Muy bajo,,,Muy bajo,0.9,-0.74,-98.31,19.13,0.0,0.0,0.0,0.0,0.0,0.0
PUEBLA,21,COXCATLAN,21035,20653.0,10878.0,52.67,9775.0,47.33,5644.0,27.33,13095.0,63.4,1914.0,9.27,24866.19,0.83,66.51,44.49,,78.1,23.83,,Medio,,,Bajo,0.84,0.1,-97.15,18.27,0.0,0.0,0.0,0.0,0.0,0.0
PUEBLA,21,COYOMEAPAN,21036,14806.0,7863.0,53.11,6943.0,46.89,5374.0,36.3,8208.0,55.44,1224.0,8.27,22810.28,0.65,100.0,98.97,,95.34,48.69,,Muy alto,,,Muy alto,0.76,1.82,-96.99,18.28,0.0,0.0,0.0,0.0,0.0,0.0
PUEBLA,21,COYOTEPEC,21037,2334.0,1235.0,52.91,1099.0,47.09,525.0,22.49,1288.0,55.18,521.0,22.32,13334.17,0.18,100.0,8.05,,54.59,9.69,,Medio,,,Bajo,0.85,-0.23,-97.83,18.4,0.0,0.0,0.0,0.0,0.0,0.0
PUEBLA,21,CUAPIAXTLA DE MADERO,21038,10542.0,5346.0,50.71,5196.0,49.29,3496.0,33.16,6551.0,62.14,495.0,4.7,2319.57,4.54,21.83,1.38,,83.69,16.95,,Medio,,,Bajo,0.85,-0.02,-97.83,18.92,0.0,0.0,0.0,0.0,0.0,0.0
PUEBLA,21,CUAUTEMPAN,21039,9837.0,5178.0,52.64,4659.0,47.36,2956.0,30.05,5969.0,60.68,911.0,9.26,6091.58,1.61,100.0,92.18,,82.06,23.74,,Alto,,,Medio,0.82,0.84,-97.8,19.91,0.0,0.0,0.0,0.0,0.0,0.0
PUEBLA,21,CUAUTINCHAN,21040,12340.0,6236.0,50.53,6104.0,49.47,3899.0,31.6,7750.0,62.8,680.0,5.51,15953.87,0.77,100.0,5.23,,78.0,18.09,,Alto,,,Medio,0.82,0.18,-98.02,18.96,0.0,0.0,0.0,0.0,0.0,0.0
PUEBLA,21,CUAUTLANCINGO,21041,137435.0,70485.0,51.29,66950.0,48.71,33722.0,24.54,96981.0,70.56,6396.0,4.65,3798.16,36.18,11.43,3.17,,35.89,4.44,,Muy bajo,,,Muy bajo,0.94,-1.21,-98.27,19.09,0.0,0.0,0.0,0.0,0.0,0.0
PUEBLA,21,CUAYUCA DE ANDRADE,21042,3315.0,1686.0,50.86,1629.0,49.14,913.0,27.54,1857.0,56.02,545.0,16.44,19822.87,0.17,100.0,0.39,,77.45,21.96,,Alto,,,Medio,0.8,0.31,-98.18,18.49,0.0,0.0,0.0,0.0,0.0,0.0
PUEBLA,21,CUETZALAN DEL PROGRESO,21043,49864.0,25715.0,51.57,24149.0,48.43,14831.0,29.74,30525.0,61.22,4507.0,9.04,18038.68,2.76,87.16,80.29,,82.44,28.94,,Alto,,,Medio,0.8,0.85,-97.52,20.02,0.0,0.0,0.0,0.0,0.0,0.0
PUEBLA,21,CUYOACO,21044,17139.0,8913.0,52.0,8226.0,48.0,5218.0,30.45,10526.0,61.42,1395.0,8.14,29944.97,0.57,100.0,3.92,,71.94,11.74,,Medio,,,Bajo,0.85,-0.2,-97.62,19.61,0.0,0.0,0.0,0.0,0.0,0.0
PUEBLA,21,CHALCHICOMULA DE SESMA,21045,47410.0,24622.0,51.93,22788.0,48.07,13221.0,27.89,30186.0,63.67,4001.0,8.44,38784.34,1.22,46.28,0.54,,73.19,11.63,,Bajo,,,Bajo,0.87,-0.25,-97.45,18.99,0.0,0.0,0.0,0.0,0.0,0.0
PUEBLA,21,CHAPULCO,21046,8193.0,4256.0,51.95,3937.0,48.05,2661.0,32.48,5068.0,61.86,464.0,5.66,8682.65,0.94,20.22,4.14,,80.2,15.81,,Bajo,,,Bajo,0.86,-0.13,-97.41,18.62,0.0,0.0,0.0,0.0,0.0,0.0
PUEBLA,21,CHIAUTLA,21047,21699.0,11027.0,50.82,10672.0,49.18,5961.0,27.47,13267.0,61.14,2471.0,11.39,80208.0,0.27,45.73,0.71,,68.08,15.0,,Medio,,,Bajo,0.85,-0.36,-98.6,18.3,0.0,0.0,0.0,0.0,0.0,0.0
PUEBLA,21,CHIAUTZINGO,21048,22039.0,11543.0,52.38,10496.0,47.62,6133.0,27.83,14156.0,64.23,1749.0,7.94,8065.15,2.73,58.27,2.76,,77.28,16.51,,Bajo,,,Bajo,0.87,-0.46,-98.47,19.2,0.0,0.0,0.0,0.0,0.0,0.0
PUEBLA,21,CHICONCUAUTLA,21049,17382.0,8918.0,51.31,8464.0,48.69,6050.0,34.81,10264.0,59.05,1065.0,6.13,8895.05,1.95,100.0,82.37,,92.61,45.36,,Alto,,,Alto,0.77,1.62,-97.94,20.09,0.0,0.0,0.0,0.0,0.0,0.0
PUEBLA,21,CHICHIQUILA,21050,26928.0,13625.0,50.6,13303.0,49.4,9267.0,34.41,16110.0,59.83,1551.0,5.76,10876.97,2.48,100.0,46.62,,88.76,36.11,,Alto,,,Alto,0.77,1.72,-97.07,19.2,0.0,0.0,0.0,0.0,0.0,0.0
PUEBLA,21,CHIETLA,21051,37030.0,19041.0,51.42,17989.0,48.58,10032.0,27.09,22955.0,61.99,4040.0,10.91,32442.83,1.14,52.6,0.55,,67.37,13.29,,Bajo,,,Bajo,0.86,-0.46,-98.58,18.52,0.0,0.0,0.0,0.0,0.0,0.0
PUEBLA,21,CHIGMECATITLAN,21052,1215.0,679.0,55.88,536.0,44.12,237.0,19.51,765.0,62.96,213.0,17.53,2584.62,0.47,100.0,93.58,,85.75,21.18,,Alto,,,Medio,0.81,0.54,-98.08,18.65,0.0,0.0,0.0,0.0,0.0,0.0
PUEBLA,21,CHIGNAHUAPAN,21053,66464.0,34302.0,51.61,32162.0,48.39,19689.0,29.62,41896.0,63.04,4858.0,7.31,75456.5,0.88,65.54,1.57,,70.41,12.48,,Bajo,,,Bajo,0.86,-0.32,-98.03,19.84,0.0,0.0,0.0,0.0,0.0,0.0
PUEBLA,21,CHIGNAUTLA,21054,35223.0,18291.0,51.93,16932.0,48.07,11389.0,32.33,22134.0,62.84,1696.0,4.82,14735.67,2.39,64.04,30.64,,76.78,18.12,,Medio,,,Medio,0.84,0.21,-97.39,19.81,0.0,0.0,0.0,0.0,0.0,0.0
PUEBLA,21,CHILA,21055,5082.0,2664.0,52.42,2418.0,47.58,1418.0,27.9,2962.0,58.28,702.0,13.81,12858.32,0.4,100.0,1.28,,76.12,25.03,,Alto,,,Medio,0.81,0.17,-97.86,17.97,0.0,0.0,0.0,0.0,0.0,0.0
PUEBLA,21,CHILA DE LA SAL,21056,1317.0,682.0,51.78,635.0,48.22,321.0,24.37,724.0,54.97,272.0,20.65,14082.21,0.09,100.0,0.38,,63.41,8.85,,Medio,,,Bajo,0.83,-0.3,-98.48,18.11,0.0,0.0,0.0,0.0,0.0,0.0
PUEBLA,21,HONEY,21057,6687.0,3482.0,52.07,3205.0,47.93,2157.0,32.26,3918.0,58.59,612.0,9.15,6325.87,1.06,100.0,13.55,,80.19,16.28,,Alto,,,Medio,0.82,0.28,-98.21,20.24,0.0,0.0,0.0,0.0,0.0,0.0
PUEBLA,21,CHILCHOTLA,21058,21002.0,10595.0,50.45,10407.0,49.55,7539.0,35.9,12012.0,57.19,1418.0,6.75,14511.89,1.45,71.17,20.35,,92.21,35.75,,Alto,,,Medio,0.81,0.83,-97.18,19.26,0.0,0.0,0.0,0.0,0.0,0.0
PUEBLA,21,CHINNANTLA,21059,2846.0,1464.0,51.44,1382.0,48.56,808.0,28.39,1577.0,55.41,461.0,16.2,8827.74,0.32,100.0,2.11,,64.82,16.53,,Alto,,,Bajo,0.8,0.04,-98.26,18.2,0.0,0.0,0.0,0.0,0.0,0.0
PUEBLA,21,DOMINGO ARENAS,21060,7982.0,4150.0,51.99,3832.0,48.01,2477.0,31.03,4999.0,62.63,506.0,6.34,1602.58,4.98,17.92,7.63,,86.3,28.02,,Bajo,,,Medio,0.86,0.23,-98.46,19.14,0.0,0.0,0.0,0.0,0.0,0.0
PUEBLA,21,ELOXOCHITLAN,21061,14461.0,7391.0,51.11,7070.0,48.89,4923.0,34.04,8604.0,59.5,934.0,6.46,9924.29,1.46,100.0,99.02,,95.81,60.88,,Muy alto,,,Muy alto,0.72,2.42,-96.95,18.5,0.0,0.0,0.0,0.0,0.0,0.0
PUEBLA,21,EPATLAN,21062,4943.0,2522.0,51.02,2421.0,48.98,1428.0,28.89,2964.0,59.96,551.0,11.15,5195.88,0.95,100.0,3.03,,57.84,11.18,,Medio,,,Bajo,0.84,-0.38,-98.37,18.64,0.0,0.0,0.0,0.0,0.0,0.0
PUEBLA,21,ESPERANZA,21063,14766.0,7675.0,51.98,7091.0,48.02,4423.0,29.95,9142.0,61.91,1201.0,8.13,7892.63,1.87,42.81,0.42,,77.71,11.87,,Bajo,,,Bajo,0.87,-0.21,-97.38,18.86,0.0,0.0,0.0,0.0,0.0,0.0
PUEBLA,21,FRANCISCO Z. MENA,21064,17824.0,8957.0,50.25,8867.0,49.75,4674.0,26.22,11048.0,61.98,2102.0,11.79,42502.66,0.42,100.0,17.07,,75.19,21.83,,Alto,,,Medio,0.81,0.38,-97.85,20.73,0.0,0.0,0.0,0.0,0.0,0.0
PUEBLA,21,GENERAL FELIPE ANGELES,21065,22694.0,11712.0,51.61,10982.0,48.39,7210.0,31.77,14077.0,62.03,1407.0,6.2,9108.41,2.49,44.81,0.83,,85.98,16.06,,Medio,,,Bajo,0.85,0.12,-97.71,18.99,0.0,0.0,0.0,0.0,0.0,0.0
PUEBLA,21,GUADALUPE,21066,6451.0,3438.0,53.29,3013.0,46.71,1731.0,26.83,3675.0,56.97,1045.0,16.2,15471.35,0.42,100.0,0.73,,68.14,17.17,,Alto,,,Bajo,0.81,-0.04,-98.12,18.09,0.0,0.0,0.0,0.0,0.0,0.0
PUEBLA,21,GUADALUPE VICTORIA,21067,18784.0,9575.0,50.97,9209.0,49.03,5659.0,30.13,11716.0,62.37,1409.0,7.5,22682.15,0.83,36.99,2.0,,77.73,10.88,,Bajo,,,Bajo,0.86,-0.01,-97.34,19.29,0.0,0.0,0.0,0.0,0.0,0.0
PUEBLA,21,HERMENEGILDO GALEANA,21068,7011.0,3633.0,51.82,3378.0,48.18,2138.0,30.49,4067.0,58.01,806.0,11.5,5013.01,1.4,100.0,82.64,,82.18,28.58,,Alto,,,Alto,0.78,1.27,-97.74,20.12,0.0,0.0,0.0,0.0,0.0,0.0
PUEBLA,21,HUAQUECHULA,21069,29233.0,15433.0,52.79,13800.0,47.21,8774.0,30.01,17561.0,60.07,2898.0,9.91,23041.69,1.27,100.0,1.31,,74.36,18.08,,Medio,,,Bajo,0.83,-0.03,-98.54,18.77,0.0,0.0,0.0,0.0,0.0,0.0
PUEBLA,21,HUATLATLAUCA,21070,6111.0,3327.0,54.44,2784.0,45.56,1564.0,25.59,3631.0,59.42,916.0,14.99,16776.45,0.36,100.0,85.13,,81.17,22.55,,Alto,,,Medio,0.79,0.58,-98.05,18.68,0.0,0.0,0.0,0.0,0.0,0.0
PUEBLA,21,HUAUCHINNANGO,21071,103946.0,55128.0,53.04,48818.0,46.96,30000.0,28.86,66123.0,63.61,7802.0,7.51,24907.84,4.17,35.87,34.09,,68.45,17.82,,Bajo,,,Bajo,0.87,-0.3,-98.05,20.17,0.0,0.0,0.0,0.0,0.0,0.0
PUEBLA,21,HUEHUETLA,21072,17082.0,8709.0,50.98,8373.0,49.02,5021.0,29.39,9933.0,58.15,2127.0,12.45,4725.81,3.61,100.0,93.99,,83.21,36.14,,Muy alto,,,Alto,0.75,1.66,-97.62,20.1,0.0,0.0,0.0,0.0,0.0,0.0
PUEBLA,21,HUEHUETLAN EL CHICO,21073,9760.0,4968.0,50.9,4792.0,49.1,2821.0,28.9,5878.0,60.23,1061.0,10.87,13768.83,0.71,45.64,0.42,,85.19,23.06,,Medio,,,Bajo,0.84,-0.07,-98.69,18.37,0.0,0.0,0.0,0.0,0.0,0.0
PUEBLA,21,HUEJOTZINGO,21074,90794.0,46719.0,51.46,44075.0,48.54,25473.0,28.06,60288.0,66.4,4987.0,5.49,17205.73,5.28,36.16,3.94,,64.34,12.59,,Muy bajo,,,Muy bajo,0.9,-0.83,-98.41,19.16,0.0,0.0,0.0,0.0,0.0,0.0
PUEBLA,21,HUEYAPAN,21075,13080.0,6821.0,52.15,6259.0,47.85,4249.0,32.48,8034.0,61.42,797.0,6.09,7428.5,1.76,46.2,95.5,,87.63,27.1,,Medio,,,Medio,0.84,0.68,-97.45,19.88,0.0,0.0,0.0,0.0,0.0,0.0
PUEBLA,21,HUEYTAMALCO,21076,27600.0,14003.0,50.74,13597.0,49.26,7595.0,27.52,17514.0,63.46,2491.0,9.03,31682.15,0.87,78.62,14.25,,77.43,18.91,,Medio,,,Medio,0.83,0.23,-97.29,19.94,0.0,0.0,0.0,0.0,0.0,0.0
PUEBLA,21,HUEYTLALPAN,21077,5951.0,3027.0,50.87,2924.0,49.13,1685.0,28.31,3697.0,62.12,569.0,9.56,4182.62,1.42,100.0,95.24,,90.36,37.77,,Muy alto,,,Muy alto,0.73,2.09,-97.7,20.03,0.0,0.0,0.0,0.0,0.0,0.0
PUEBLA,21,HUITZILAN DE SERDAN,21078,15928.0,7836.0,49.2,8092.0,50.8,5319.0,33.39,9601.0,60.28,1005.0,6.31,6908.89,2.31,100.0,85.04,,91.5,43.29,,Alto,,,Alto,0.78,1.6,-97.69,19.97,0.0,0.0,0.0,0.0,0.0,0.0
PUEBLA,21,HUITZILTEPEC,21079,5782.0,2985.0,51.63,2797.0,48.37,1671.0,28.9,3651.0,63.14,460.0,7.96,5036.32,1.15,100.0,2.54,,71.09,13.83,,Medio,,,Bajo,0.85,-0.32,-97.88,18.77,0.0,0.0,0.0,0.0,0.0,0.0
PUEBLA,21,ATLEQUIZAYAN,21080,2633.0,1405.0,53.36,1228.0,46.64,694.0,26.36,1531.0,58.15,408.0,15.5,1234.51,2.13,100.0,99.01,,86.98,32.14,,Alto,,,Alto,0.8,1.01,-97.62,20.01,0.0,0.0,0.0,0.0,0.0,0.0
PUEBLA,21,IXCAMILPA DE GUERRERO,21081,4065.0,2117.0,52.08,1948.0,47.92,1186.0,29.18,2310.0,56.83,569.0,14.0,30773.54,0.13,100.0,5.29,,78.05,26.49,,Alto,,,Medio,0.78,0.41,-98.7,18.03,0.0,0.0,0.0,0.0,0.0,0.0
PUEBLA,21,IXCAQUIXTLA,21082,8804.0,4611.0,52.37,4193.0,47.63,2490.0,28.28,5433.0,61.71,881.0,10.01,10640.22,0.83,40.91,2.34,,60.66,8.49,,Bajo,,,Bajo,0.88,-0.49,-97.83,18.46,0.0,0.0,0.0,0.0,0.0,0.0
PUEBLA,21,IXTACAMAXTITLAN,21083,25319.0,12831.0,50.68,12488.0,49.32,7564.0,29.87,14840.0,58.61,2909.0,11.49,55760.13,0.45,100.0,21.19,,74.74,15.68,,Alto,,,Medio,0.82,0.51,-97.82,19.62,0.0,0.0,0.0,0.0,0.0,0.0
PUEBLA,21,IXTEPEC,21084,6950.0,3580.0,51.51,3370.0,48.49,2058.0,29.61,4184.0,60.2,707.0,10.17,1950.71,3.56,100.0,98.33,,91.27,42.34,,Alto,,,Alto,0.76,1.68,-97.65,20.02,0.0,0.0,0.0,0.0,0.0,0.0
PUEBLA,21,IZUCAR DE MATAMOROS,21085,82809.0,43258.0,52.24,39551.0,47.76,23146.0,27.95,51978.0,62.77,7669.0,9.26,53527.35,1.55,40.13,1.65,,66.21,12.69,,Bajo,,,Bajo,0.88,-0.67,-98.47,18.6,0.0,0.0,0.0,0.0,0.0,0.0
PUEBLA,21,JALPAN,21086,12050.0,6333.0,52.56,5717.0,47.44,3591.0,29.8,7261.0,60.26,1198.0,9.94,20426.51,0.59,100.0,22.72,,71.56,20.06,,Alto,,,Medio,0.78,0.86,-97.94,20.48,0.0,0.0,0.0,0.0,0.0,0.0
PUEBLA,21,JOLALPAN,21087,13308.0,6890.0,51.77,6418.0,48.23,3933.0,29.55,8002.0,60.13,1373.0,10.32,59978.04,0.22,41.69,10.16,,86.26,28.47,,Alto,,,Medio,0.81,0.62,-98.84,18.32,0.0,0.0,0.0,0.0,0.0,0.0
PUEBLA,21,JONOTLA,21088,4457.0,2285.0,51.27,2172.0,48.73,1227.0,27.53,2653.0,59.52,577.0,12.95,2977.26,1.5,100.0,76.42,,78.67,24.51,,Alto,,,Medio,0.8,0.51,-97.57,20.03,0.0,0.0,0.0,0.0,0.0,0.0
PUEBLA,21,JOPALA,21089,12131.0,6314.0,52.05,5817.0,47.95,3690.0,30.42,7131.0,58.78,1310.0,10.8,16905.73,0.72,100.0,75.18,,81.75,20.06,,Alto,,,Medio,0.8,0.71,-97.69,20.16,0.0,0.0,0.0,0.0,0.0,0.0
PUEBLA,21,JUAN C. BONILLA,21090,23783.0,12308.0,51.75,11475.0,48.25,6755.0,28.4,15474.0,65.06,1465.0,6.16,2218.36,10.72,37.67,2.75,,61.8,10.45,,Muy bajo,,,Muy bajo,0.9,-0.75,-98.33,19.11,0.0,0.0,0.0,0.0,0.0,0.0
PUEBLA,21,JUAN GALINDO,21091,9828.0,5269.0,53.61,4559.0,46.39,2559.0,26.04,6304.0,64.14,965.0,9.82,2280.6,4.31,20.25,23.46,,59.69,10.1,,Muy bajo,,,Muy bajo,0.9,-0.81,-98.0,20.21,0.0,0.0,0.0,0.0,0.0,0.0
PUEBLA,21,JUAN N. MENDEZ,21092,5293.0,2738.0,51.73,2555.0,48.27,1616.0,30.53,3060.0,57.81,617.0,11.66,22432.37,0.24,100.0,3.0,,78.84,22.28,,Alto,,,Medio,0.81,0.35,-97.77,18.54,0.0,0.0,0.0,0.0,0.0,0.0
PUEBLA,21,LAFRAGUA,21093,7650.0,3941.0,51.52,3709.0,48.48,2277.0,29.76,4494.0,58.75,879.0,11.49,17935.82,0.43,100.0,2.24,,87.01,15.23,,Medio,,,Medio,0.83,0.24,-97.3,19.3,0.0,0.0,0.0,0.0,0.0,0.0
PUEBLA,21,LIBRES,21094,37257.0,19160.0,51.43,18097.0,48.57,11550.0,31.0,23082.0,61.95,2617.0,7.02,27251.81,1.37,51.39,4.35,,68.98,9.51,,Bajo,,,Bajo,0.87,-0.39,-97.69,19.46,0.0,0.0,0.0,0.0,0.0,0.0
PUEBLA,21,LA MAGDALENA TLATLAUQUITEPEC,21095,650.0,326.0,50.15,324.0,49.85,186.0,28.62,411.0,63.23,53.0,8.15,1120.06,0.58,100.0,4.92,,87.36,28.16,,Bajo,,,Muy bajo,0.87,-0.76,-98.1,18.76,0.0,0.0,0.0,0.0,0.0,0.0
PUEBLA,21,MAZAPILTEPEC DE JUAREZ,21096,3176.0,1619.0,50.98,1557.0,49.02,927.0,29.19,2001.0,63.0,248.0,7.81,5516.57,0.58,100.0,0.88,,67.52,12.7,,Bajo,,,Bajo,0.86,-0.12,-97.7,19.12,0.0,0.0,0.0,0.0,0.0,0.0
PUEBLA,21,MIXTLA,21097,2668.0,1398.0,52.4,1270.0,47.6,760.0,28.49,1674.0,62.74,234.0,8.77,946.38,2.82,100.0,10.83,,56.87,7.72,,Bajo,,,Bajo,0.88,-0.67,-97.9,18.9,0.0,0.0,0.0,0.0,0.0,0.0
PUEBLA,21,MOLCAXAC,21098,6668.0,3495.0,52.41,3173.0,47.59,1897.0,28.45,4018.0,60.26,753.0,11.29,15606.13,0.43,100.0,12.51,,70.55,15.62,,Medio,,,Bajo,0.84,0.08,-97.91,18.74,0.0,0.0,0.0,0.0,0.0,0.0
PUEBLA,21,CANADA MORELOS,21099,20659.0,10748.0,52.03,9911.0,47.97,6469.0,31.31,12585.0,60.92,1605.0,7.77,24363.76,0.85,100.0,0.99,,81.85,17.48,,Alto,,,Medio,0.82,0.25,-97.42,18.74,0.0,0.0,0.0,0.0,0.0,0.0
PUEBLA,21,NAUPAN,21100,9310.0,4990.0,53.6,4320.0,46.4,2924.0,31.41,5433.0,58.36,953.0,10.24,6062.91,1.54,100.0,98.3,,88.28,31.93,,Alto,,,Alto,0.79,1.12,-98.11,20.23,0.0,0.0,0.0,0.0,0.0,0.0
PUEBLA,21,NAUZONTLA,21101,3317.0,1774.0,53.48,1543.0,46.52,856.0,25.81,2012.0,60.66,449.0,13.54,2742.6,1.21,100.0,35.91,,74.44,15.61,,Medio,,,Medio,0.82,0.44,-97.6,19.96,0.0,0.0,0.0,0.0,0.0,0.0
PUEBLA,21,NEALTICAN,21102,14075.0,7260.0,51.58,6815.0,48.42,4382.0,31.13,8844.0,62.83,849.0,6.03,1878.7,7.49,5.91,19.27,,83.39,12.17,,Muy bajo,,,Bajo,0.89,-0.37,-98.43,19.05,0.0,0.0,0.0,0.0,0.0,0.0
PUEBLA,21,NICOLAS BRAVO,21103,6644.0,3414.0,51.38,3230.0,48.62,2030.0,30.55,4159.0,62.6,455.0,6.85,10800.52,0.62,100.0,2.89,,77.32,17.71,,Alto,,,Medio,0.82,0.38,-97.31,18.61,0.0,0.0,0.0,0.0,0.0,0.0
PUEBLA,21,NOPALUCAN,21104,32772.0,16881.0,51.51,15891.0,48.49,10598.0,32.34,20469.0,62.46,1703.0,5.2,16662.5,1.97,29.81,0.63,,72.16,16.62,,Bajo,,,Bajo,0.87,-0.15,-97.82,19.22,0.0,0.0,0.0,0.0,0.0,0.0
PUEBLA,21,OCOTEPEC,21105,5077.0,2644.0,52.08,2433.0,47.92,1466.0,28.88,2968.0,58.46,643.0,12.66,6676.11,0.76,100.0,7.88,,66.74,11.7,,Medio,,,Bajo,0.84,-0.02,-97.65,19.56,0.0,0.0,0.0,0.0,0.0,0.0
PUEBLA,21,OCOYUCAN,21106,42669.0,22249.0,52.14,20420.0,47.86,12500.0,29.3,27738.0,65.01,2357.0,5.52,11924.9,3.58,21.81,6.94,,66.45,16.45,,Bajo,,,Bajo,0.88,-0.55,-98.3,18.98,0.0,0.0,0.0,0.0,0.0,0.0
PUEBLA,21,OLINTLA,21107,11993.0,6158.0,51.35,5835.0,48.65,3862.0,32.2,6685.0,55.74,1446.0,12.06,6257.95,1.92,100.0,98.35,,89.99,46.75,,Muy alto,,,Muy alto,0.68,2.41,-97.68,20.1,0.0,0.0,0.0,0.0,0.0,0.0
PUEBLA,21,ORIENTAL,21108,19903.0,10225.0,51.37,9678.0,48.63,6119.0,30.74,12538.0,63.0,1246.0,6.26,23824.9,0.84,43.35,1.42,,68.61,8.76,,Bajo,,,Bajo,0.87,-0.29,-97.62,19.38,0.0,0.0,0.0,0.0,0.0,0.0
PUEBLA,21,PAHUATLAN,21109,20274.0,10600.0,52.28,9674.0,47.72,6463.0,31.88,11785.0,58.13,2026.0,9.99,9769.63,2.08,100.0,55.82,,83.22,29.12,,Alto,,,Medio,0.81,0.62,-98.15,20.28,0.0,0.0,0.0,0.0,0.0,0.0
PUEBLA,21,PALMAR DE BRAVO,21110,50226.0,25631.0,51.03,24595.0,48.97,16424.0,32.7,30863.0,61.45,2938.0,5.85,36071.21,1.39,49.01,0.57,,84.42,20.88,,Medio,,,Medio,0.83,0.35,-97.55,18.84,0.0,0.0,0.0,0.0,0.0,0.0
PUEBLA,21,PANTEPEC,21111,18528.0,9624.0,51.94,8904.0,48.06,4981.0,26.88,11050.0,59.64,2477.0,13.37,21849.56,0.85,100.0,54.15,,77.82,20.08,,Alto,,,Medio,0.78,0.93,-97.94,20.52,0.0,0.0,0.0,0.0,0.0,0.0
PUEBLA,21,PETLALCINGO,21112,9350.0,4861.0,51.99,4489.0,48.01,2576.0,27.55,5424.0,58.01,1350.0,14.44,23240.46,0.4,100.0,6.46,,84.27,25.04,,Alto,,,Bajo,0.82,0.12,-97.92,18.08,0.0,0.0,0.0,0.0,0.0,0.0
PUEBLA,21,PIAXTLA,21113,4627.0,2365.0,51.11,2262.0,48.89,1167.0,25.22,2594.0,56.06,866.0,18.72,22072.2,0.21,100.0,2.83,,68.83,17.92,,Alto,,,Bajo,0.82,-0.09,-98.26,18.2,0.0,0.0,0.0,0.0,0.0,0.0
PUEBLA,21,PUEBLA,21114,1692181.0,882696.0,52.16,809485.0,47.84,372742.0,22.03,1173783.0,69.37,144652.0,8.55,54017.87,31.33,4.42,6.5,,41.42,5.42,,Muy bajo,,,Muy bajo,0.93,-1.13,-98.2,19.04,0.0,0.0,0.0,0.0,0.0,0.0
PUEBLA,21,QUECHOLAC,21115,57992.0,29625.0,51.08,28367.0,48.92,19273.0,33.23,35537.0,61.28,3148.0,5.43,18597.77,3.12,37.11,0.39,,89.99,20.73,,Medio,,,Medio,0.84,0.3,-97.66,18.96,0.0,0.0,0.0,0.0,0.0,0.0
PUEBLA,21,QUIMIXTLAN,21116,22855.0,11753.0,51.42,11102.0,48.58,8102.0,35.45,13164.0,57.6,1589.0,6.95,16622.73,1.37,100.0,6.96,,85.84,31.72,,Alto,,,Alto,0.8,0.98,-97.14,19.25,0.0,0.0,0.0,0.0,0.0,0.0
PUEBLA,21,RAFAEL LARA GRAJALES,21117,15952.0,8327.0,52.2,7625.0,47.8,4673.0,29.29,10278.0,64.43,1001.0,6.28,409.08,38.99,31.29,0.61,,63.41,7.66,,Muy bajo,,,Bajo,0.89,-0.54,-97.8,19.23,0.0,0.0,0.0,0.0,0.0,0.0
PUEBLA,21,LOS REYES DE JUAREZ,21118,30021.0,15415.0,51.35,14606.0,48.65,9995.0,33.29,18342.0,61.1,1681.0,5.6,3063.09,9.8,36.1,0.57,,87.5,18.76,,Bajo,,,Bajo,0.86,-0.05,-97.81,18.95,0.0,0.0,0.0,0.0,0.0,0.0
PUEBLA,21,SAN ANDRES CHOLULA,21119,154448.0,80176.0,51.91,74272.0,48.09,31555.0,20.43,110896.0,71.8,9906.0,6.41,6291.56,24.55,1.28,6.23,,49.71,7.7,,Muy bajo,,,Muy bajo,0.94,-1.22,-98.3,19.05,0.0,0.0,0.0,0.0,0.0,0.0
PUEBLA,21,SAN ANTONIO CANADA,21120,5938.0,3147.0,53.0,2791.0,47.0,1874.0,31.56,3680.0,61.97,384.0,6.47,7977.85,0.74,100.0,56.32,,85.81,32.8,,Alto,,,Medio,0.79,0.92,-97.29,18.5,0.0,0.0,0.0,0.0,0.0,0.0
PUEBLA,21,SAN DIEGO LA MESA TOCHIMILTZINGO,21121,1270.0,644.0,50.71,626.0,49.29,350.0,27.56,766.0,60.31,154.0,12.13,13247.76,0.1,100.0,1.57,,79.8,20.36,,Alto,,,Medio,0.82,0.24,-98.33,18.81,0.0,0.0,0.0,0.0,0.0,0.0
PUEBLA,21,SAN FELIPE TEOTLALCINGO,21122,11063.0,5714.0,51.65,5349.0,48.35,3124.0,28.24,7030.0,63.55,908.0,8.21,3917.8,2.82,35.61,2.42,,76.31,10.42,,Bajo,,,Bajo,0.88,-0.45,-98.5,19.24,0.0,0.0,0.0,0.0,0.0,0.0
PUEBLA,21,SAN FELIPE TEPATLAN,21123,3793.0,1964.0,51.78,1829.0,48.22,1140.0,30.06,2202.0,58.05,451.0,11.89,4481.88,0.85,100.0,86.05,,83.84,26.43,,Alto,,,Alto,0.77,1.6,-97.8,20.09,0.0,0.0,0.0,0.0,0.0,0.0
PUEBLA,21,SAN GABRIEL CHILAC,21124,15954.0,8385.0,52.56,7569.0,47.44,4376.0,27.43,10302.0,64.57,1275.0,7.99,10897.63,1.46,14.21,77.47,,84.69,23.59,,Medio,,,Bajo,0.85,0.02,-97.35,18.33,0.0,0.0,0.0,0.0,0.0,0.0
PUEBLA,21,SAN GREGORIO ATZOMPA,21125,9671.0,4989.0,51.59,4682.0,48.41,2432.0,25.15,6342.0,65.58,832.0,8.6,1173.31,8.24,47.62,1.11,,53.28,5.27,,Muy bajo,,,Muy bajo,0.91,-0.89,-98.35,19.03,0.0,0.0,0.0,0.0,0.0,0.0
PUEBLA,21,SAN JERONIMO TECUANIPAN,21126,6597.0,3479.0,52.74,3118.0,47.26,2048.0,31.04,4076.0,61.79,473.0,7.17,3963.97,1.66,100.0,4.09,,78.03,16.87,,Medio,,,Bajo,0.84,-0.12,-98.4,19.01,0.0,0.0,0.0,0.0,0.0,0.0
PUEBLA,21,SAN JERONIMO XAYACATLAN,21127,3606.0,1872.0,51.91,1734.0,48.09,836.0,23.18,2085.0,57.82,685.0,19.0,14265.52,0.25,100.0,73.35,,59.39,11.64,,Alto,,,Bajo,0.82,0.07,-97.91,18.22,0.0,0.0,0.0,0.0,0.0,0.0
PUEBLA,21,SAN JOSE CHIAPA,21128,10443.0,5336.0,51.1,5107.0,48.9,3314.0,31.73,6438.0,61.65,691.0,6.62,17606.21,0.59,39.95,0.68,,70.05,9.08,,Bajo,,,Bajo,0.88,-0.32,-97.77,19.24,0.0,0.0,0.0,0.0,0.0,0.0
PUEBLA,21,SAN JOSE MIAHUATLAN,21129,14018.0,7298.0,52.06,6720.0,47.94,3821.0,27.26,8971.0,64.0,1213.0,8.65,33449.88,0.42,37.32,95.97,,85.37,27.29,,Medio,,,Bajo,0.84,0.0,-97.29,18.29,0.0,0.0,0.0,0.0,0.0,0.0
PUEBLA,21,SAN JUAN ATENCO,21130,3604.0,1944.0,53.94,1660.0,46.06,939.0,26.05,2158.0,59.88,507.0,14.07,9578.69,0.38,100.0,0.33,,67.03,9.64,,Medio,,,Bajo,0.85,-0.16,-97.54,19.09,0.0,0.0,0.0,0.0,0.0,0.0
PUEBLA,21,SAN JUAN ATZOMPA,21131,975.0,467.0,47.9,508.0,52.1,272.0,27.9,618.0,63.38,85.0,8.72,2464.49,0.4,100.0,1.54,,83.37,12.75,,Medio,,,Bajo,0.85,-0.5,-98.02,18.75,0.0,0.0,0.0,0.0,0.0,0.0
PUEBLA,21,SAN MARTIN TEXMELUCAN,21132,155738.0,80816.0,51.89,74922.0,48.11,41012.0,26.33,103330.0,66.35,11333.0,7.28,8908.13,17.48,6.54,1.26,,65.29,11.61,,Muy bajo,,,Muy bajo,0.91,-0.92,-98.44,19.28,0.0,0.0,0.0,0.0,0.0,0.0
PUEBLA,21,SAN MARTIN TOTOLTEPEC,21133,692.0,334.0,48.27,358.0,51.73,174.0,25.14,435.0,62.86,83.0,11.99,718.11,0.96,100.0,12.14,,63.31,7.15,,Medio,,,Bajo,0.85,-0.47,-98.35,18.65,0.0,0.0,0.0,0.0,0.0,0.0
PUEBLA,21,SAN MATIAS TLALANCALECA,21134,20974.0,10756.0,51.28,10218.0,48.72,5702.0,27.19,13561.0,64.66,1711.0,8.16,5044.19,4.16,44.83,0.69,,76.84,14.67,,Muy bajo,,,Bajo,0.89,-0.68,-98.5,19.32,0.0,0.0,0.0,0.0,0.0,0.0
PUEBLA,21,SAN MIGUEL IXITLAN,21135,526.0,272.0,51.71,254.0,48.29,109.0,20.72,276.0,52.47,141.0,26.81,7265.43,0.07,100.0,2.85,,79.0,18.6,,Medio,,,Bajo,0.84,0.08,-97.77,18.0,0.0,0.0,0.0,0.0,0.0,0.0
PUEBLA,21,SAN MIGUEL XOXTLA,21136,12461.0,6372.0,51.14,6089.0,48.86,3328.0,26.71,8300.0,66.61,833.0,6.68,827.64,15.06,3.22,1.85,,48.12,3.88,,Muy bajo,,,Muy bajo,0.92,-1.03,-98.31,19.17,0.0,0.0,0.0,0.0,0.0,0.0
PUEBLA,21,SAN NICOLAS BUENOS AIRES,21137,10464.0,5344.0,51.07,5120.0,48.93,3300.0,31.54,6515.0,62.26,647.0,6.18,20931.03,0.5,100.0,0.79,,85.7,21.35,,Medio,,,Medio,0.83,0.15,-97.55,19.16,0.0,0.0,0.0,0.0,0.0,0.0
PUEBLA,21,SAN NICOLAS DE LOS RANCHOS,21138,11780.0,6043.0,51.3,5737.0,48.7,3547.0,30.11,7030.0,59.68,1203.0,10.21,16135.25,0.73,45.38,2.45,,83.52,19.52,,Bajo,,,Bajo,0.86,-0.06,-98.49,19.07,0.0,0.0,0.0,0.0,0.0,0.0
PUEBLA,21,SAN PABLO ANICANO,21139,3759.0,1968.0,52.35,1791.0,47.65,1036.0,27.56,2219.0,59.03,504.0,13.41,9667.28,0.39,100.0,1.22,,70.35,18.15,,Medio,,,Bajo,0.82,-0.18,-98.08,18.12,0.0,0.0,0.0,0.0,0.0,0.0
PUEBLA,21,SAN PEDRO CHOLULA,21140,138433.0,71979.0,52.0,66454.0,48.0,32592.0,23.54,94657.0,68.38,10802.0,7.8,7652.85,18.09,6.64,2.86,,49.43,8.59,,Muy bajo,,,Muy bajo,0.93,-1.07,-98.31,19.06,0.0,0.0,0.0,0.0,0.0,0.0
PUEBLA,21,SAN PEDRO YELOIXTLAHUACA,21141,3488.0,1803.0,51.69,1685.0,48.31,946.0,27.12,2002.0,57.4,540.0,15.48,17474.71,0.2,100.0,1.63,,63.4,13.93,,Medio,,,Bajo,0.83,-0.24,-98.08,18.12,0.0,0.0,0.0,0.0,0.0,0.0
PUEBLA,21,SAN SALVADOR EL SECO,21142,30639.0,15649.0,51.08,14990.0,48.92,8741.0,28.53,19675.0,64.22,2223.0,7.26,21916.23,1.4,17.69,0.51,,83.52,20.51,,Bajo,,,Bajo,0.87,0.03,-97.64,19.13,0.0,0.0,0.0,0.0,0.0,0.0
PUEBLA,21,SAN SALVADOR EL VERDE,21143,34880.0,17925.0,51.39,16955.0,48.61,9779.0,28.04,22920.0,65.71,2159.0,6.19,11033.39,3.16,58.18,1.07,,69.22,8.59,,Muy bajo,,,Bajo,0.89,-0.7,-98.52,19.27,0.0,0.0,0.0,0.0,0.0,0.0
PUEBLA,21,SAN SALVADOR HUIXCOLOTLA,21144,16790.0,8614.0,51.3,8176.0,48.7,5243.0,31.23,10641.0,63.38,904.0,5.38,2372.0,7.08,15.02,1.47,,83.08,22.12,,Medio,,,Bajo,0.84,0.08,-97.77,18.92,0.0,0.0,0.0,0.0,0.0,0.0
PUEBLA,21,SAN SEBASTIAN TLACOTEPEC,21145,13189.0,6703.0,50.82,6486.0,49.18,4379.0,33.2,7594.0,57.58,1214.0,9.2,23605.92,0.56,100.0,97.9,,92.83,50.9,,Muy alto,,,Muy alto,0.75,2.04,-96.85,18.4,0.0,0.0,0.0,0.0,0.0,0.0
PUEBLA,21,SANTA CATARINA TLALTEMPAN,21146,749.0,377.0,50.33,372.0,49.67,162.0,21.63,434.0,57.94,153.0,20.43,4737.72,0.16,100.0,85.45,,76.98,21.13,,Alto,,,Medio,0.82,0.41,-98.08,18.61,0.0,0.0,0.0,0.0,0.0,0.0
PUEBLA,21,SANTA INES AHUATEMPAN,21147,6341.0,3303.0,52.09,3038.0,47.91,1796.0,28.32,3627.0,57.2,918.0,14.48,28543.33,0.22,100.0,13.58,,80.05,20.5,,Alto,,,Medio,0.8,0.62,-98.02,18.41,0.0,0.0,0.0,0.0,0.0,0.0
PUEBLA,21,SANTA ISABEL CHOLULA,21148,11498.0,5885.0,51.18,5613.0,48.82,3686.0,32.06,7091.0,61.67,721.0,6.27,3263.15,3.52,100.0,4.04,,81.57,23.83,,Alto,,,Medio,0.81,0.24,-98.38,18.99,0.0,0.0,0.0,0.0,0.0,0.0
PUEBLA,21,SANTIAGO MIAHUATLAN,21149,30309.0,15636.0,51.59,14673.0,48.41,8960.0,29.56,19835.0,65.44,1511.0,4.99,9367.1,3.24,45.8,18.95,,73.02,14.24,,Medio,,,Medio,0.84,0.2,-97.44,18.55,0.0,0.0,0.0,0.0,0.0,0.0
PUEBLA,21,HUEHUETLAN EL GRANDE,21150,6105.0,3159.0,51.74,2946.0,48.26,1800.0,29.48,3485.0,57.08,820.0,13.43,17962.57,0.34,100.0,6.39,,79.82,20.53,,Alto,,,Medio,0.82,0.2,-98.17,18.74,0.0,0.0,0.0,0.0,0.0,0.0
PUEBLA,21,SANTO TOMAS HUEYOTLIPAN,21151,9315.0,4791.0,51.43,4524.0,48.57,2667.0,28.63,5949.0,63.86,699.0,7.5,1932.23,4.82,35.02,1.92,,84.5,17.15,,Bajo,,,Bajo,0.88,-0.59,-97.87,18.89,0.0,0.0,0.0,0.0,0.0,0.0
PUEBLA,21,SOLTEPEC,21152,12631.0,6528.0,51.68,6103.0,48.32,3594.0,28.45,7776.0,61.56,1260.0,9.98,11370.07,1.11,48.28,0.7,,76.62,11.26,,Bajo,,,Bajo,0.86,-0.12,-97.71,19.12,0.0,0.0,0.0,0.0,0.0,0.0
PUEBLA,21,TECALI DE HERRERA,21153,23625.0,12131.0,51.35,11494.0,48.65,6983.0,29.56,14966.0,63.35,1676.0,7.09,17488.59,1.35,74.16,1.52,,74.14,12.97,,Bajo,,,Bajo,0.87,-0.51,-97.97,18.9,0.0,0.0,0.0,0.0,0.0,0.0
PUEBLA,21,TECAMACHALCO,21154,80771.0,41990.0,51.99,38781.0,48.01,24219.0,29.98,52080.0,64.48,4431.0,5.49,17962.64,4.5,35.3,0.85,,69.34,11.66,,Bajo,,,Bajo,0.87,-0.47,-97.73,18.88,0.0,0.0,0.0,0.0,0.0,0.0
PUEBLA,21,TECOMATLAN,21155,6830.0,3414.0,49.99,3416.0,50.01,1733.0,25.37,4325.0,63.32,772.0,11.3,14497.47,0.47,100.0,11.33,,65.36,17.28,,Medio,,,Bajo,0.83,-0.16,-98.31,18.11,0.0,0.0,0.0,0.0,0.0,0.0
PUEBLA,21,TEHUACAN,21156,327312.0,172905.0,52.83,154407.0,47.17,86785.0,26.51,219892.0,67.18,20582.0,6.29,55123.72,5.94,6.9,20.46,,57.15,8.31,,Muy bajo,,,Bajo,0.9,-0.66,-97.39,18.46,0.0,0.0,0.0,0.0,0.0,0.0
PUEBLA,21,TEHUITZINGO,21157,12672.0,6579.0,51.92,6093.0,48.08,3587.0,28.31,7307.0,57.66,1778.0,14.03,49030.01,0.26,47.57,1.48,,75.04,19.09,,Alto,,,Bajo,0.82,0.08,-98.28,18.33,0.0,0.0,0.0,0.0,0.0,0.0
PUEBLA,21,TENAMPULCO,21158,6743.0,3439.0,51.0,3304.0,49.0,1577.0,23.39,4207.0,62.39,959.0,14.22,13922.99,0.48,100.0,31.28,,66.1,16.4,,Alto,,,Medio,0.79,0.65,-97.41,20.17,0.0,0.0,0.0,0.0,0.0,0.0
PUEBLA,21,TEOPANTLAN,21159,3836.0,2124.0,55.37,1712.0,44.63,800.0,20.86,2211.0,57.64,825.0,21.51,24769.04,0.15,100.0,76.98,,92.95,43.19,,Alto,,,Alto,0.76,1.08,-98.26,18.71,0.0,0.0,0.0,0.0,0.0,0.0
PUEBLA,21,TEOTLALCO,21160,3689.0,1849.0,50.12,1840.0,49.88,1041.0,28.22,2203.0,59.72,419.0,11.36,13631.66,0.27,100.0,0.73,,67.17,15.17,,Medio,,,Bajo,0.84,-0.26,-98.78,18.47,0.0,0.0,0.0,0.0,0.0,0.0
PUEBLA,21,TEPANCO DE LOPEZ,21161,22218.0,11817.0,53.19,10401.0,46.81,6505.0,29.28,14348.0,64.58,1363.0,6.13,22400.02,0.99,71.92,17.35,,71.02,14.65,,Bajo,,,Bajo,0.86,-0.32,-97.56,18.56,0.0,0.0,0.0,0.0,0.0,0.0
PUEBLA,21,TEPANGO DE RODRIGUEZ,21162,4155.0,2236.0,53.81,1919.0,46.19,1221.0,29.39,2465.0,59.33,469.0,11.29,2852.62,1.46,100.0,96.05,,95.51,50.73,,Muy alto,,,Alto,0.75,1.76,-97.8,20.0,0.0,0.0,0.0,0.0,0.0,0.0
PUEBLA,21,TEPATLAXCO DE HIDALGO,21163,18854.0,9734.0,51.63,9120.0,48.37,5786.0,30.69,11966.0,63.47,1102.0,5.84,6100.31,3.09,2.55,27.79,,83.44,18.29,,Bajo,,,Bajo,0.88,-0.05,-97.97,19.08,0.0,0.0,0.0,0.0,0.0,0.0
PUEBLA,21,TEPEACA,21164,84270.0,43761.0,51.93,40509.0,48.07,26106.0,30.98,53183.0,63.11,4973.0,5.9,21643.82,3.89,41.92,0.89,,74.03,14.12,,Bajo,,,Bajo,0.87,-0.43,-97.91,18.97,0.0,0.0,0.0,0.0,0.0,0.0
PUEBLA,21,TEPEMAXALCO,21165,1216.0,602.0,49.51,614.0,50.49,416.0,34.21,669.0,55.02,131.0,10.77,2944.65,0.41,100.0,6.41,,85.61,30.06,,Alto,,,Medio,0.78,0.79,-98.63,18.74,0.0,0.0,0.0,0.0,0.0,0.0
PUEBLA,21,TEPEOJUMA,21166,8918.0,4779.0,53.59,4139.0,46.41,2497.0,28.0,5490.0,61.56,931.0,10.44,13174.17,0.68,42.29,10.61,,78.07,18.1,,Medio,,,Bajo,0.85,-0.32,-98.45,18.72,0.0,0.0,0.0,0.0,0.0,0.0
PUEBLA,21,TEPETZINTLA,21167,10373.0,5458.0,52.62,4915.0,47.38,3428.0,33.05,6004.0,57.88,941.0,9.07,7042.63,1.47,100.0,98.69,,88.71,34.13,,Alto,,,Muy alto,0.77,1.82,-97.84,19.97,0.0,0.0,0.0,0.0,0.0,0.0
PUEBLA,21,TEPEXCO,21168,7523.0,3819.0,50.76,3704.0,49.24,2324.0,30.89,4553.0,60.52,646.0,8.59,11577.38,0.65,26.64,0.97,,89.62,38.18,,Alto,,,Medio,0.79,0.91,-98.69,18.64,0.0,0.0,0.0,0.0,0.0,0.0
PUEBLA,21,TEPEXI DE RODRIGUEZ,21169,22331.0,11137.0,49.87,11194.0,50.13,6210.0,27.81,13904.0,62.26,2217.0,9.93,39076.46,0.57,74.46,9.74,,68.72,16.78,,Alto,,,Bajo,0.82,0.1,-97.93,18.58,0.0,0.0,0.0,0.0,0.0,0.0
PUEBLA,21,TEPEYAHUALCO,21170,19200.0,9834.0,51.22,9366.0,48.78,5902.0,30.74,11731.0,61.1,1540.0,8.02,44794.07,0.43,100.0,0.69,,76.94,13.99,,Medio,,,Bajo,0.84,-0.05,-97.49,19.49,0.0,0.0,0.0,0.0,0.0,0.0
PUEBLA,21,TEPEYAHUALCO DE CUAUHTEMOC,21171,3851.0,2035.0,52.84,1816.0,47.16,1078.0,27.99,2476.0,64.29,297.0,7.71,1557.74,2.47,100.0,1.69,,73.97,6.65,,Bajo,,,Bajo,0.87,-0.55,-97.88,18.81,0.0,0.0,0.0,0.0,0.0,0.0
PUEBLA,21,TETELA DE OCAMPO,21172,27216.0,14116.0,51.87,13100.0,48.13,7707.0,28.32,16869.0,61.98,2640.0,9.7,32637.13,0.83,79.38,30.07,,76.88,22.08,,Medio,,,Medio,0.83,0.33,-97.81,19.82,0.0,0.0,0.0,0.0,0.0,0.0
PUEBLA,21,TETELES DE AVILA CASTILLO,21173,6653.0,3766.0,56.61,2887.0,43.39,1690.0,25.4,4472.0,67.22,491.0,7.38,970.99,6.85,22.5,32.08,,55.74,7.22,,Muy bajo,,,Bajo,0.91,-0.63,-97.46,19.86,0.0,0.0,0.0,0.0,0.0,0.0
PUEBLA,21,TEZIUTLAN,21174,103583.0,54934.0,53.03,48649.0,46.97,26541.0,25.62,69337.0,66.94,7689.0,7.42,9189.23,11.27,27.1,13.77,,51.13,7.15,,Muy bajo,,,Muy bajo,0.9,-0.76,-97.36,19.82,0.0,0.0,0.0,0.0,0.0,0.0
PUEBLA,21,TIANGUISMANALCO,21175,14432.0,7442.0,51.57,6990.0,48.43,4159.0,28.82,9155.0,63.44,1118.0,7.75,13262.2,1.09,59.94,12.06,,77.87,26.69,,Bajo,,,Bajo,0.86,-0.19,-98.45,18.98,0.0,0.0,0.0,0.0,0.0,0.0
PUEBLA,21,TILAPA,21176,9664.0,5029.0,52.04,4635.0,47.96,2717.0,28.11,6008.0,62.17,920.0,9.52,8332.66,1.16,100.0,1.02,,61.45,9.72,,Medio,,,Bajo,0.85,-0.48,-98.56,18.59,0.0,0.0,0.0,0.0,0.0,0.0
PUEBLA,21,TLACOTEPEC DE BENITO JUAREZ,21177,54757.0,29003.0,52.97,25754.0,47.03,19261.0,35.18,32222.0,58.85,3274.0,5.98,39491.71,1.39,48.44,36.53,,80.64,17.71,,Medio,,,Medio,0.83,0.25,-97.65,18.68,0.0,0.0,0.0,0.0,0.0,0.0
PUEBLA,21,TLACUILOTEPEC,21178,15977.0,8101.0,50.7,7876.0,49.3,4843.0,30.31,9184.0,57.48,1950.0,12.21,17195.18,0.93,100.0,32.58,,83.87,31.94,,Alto,,,Alto,0.78,1.01,-98.07,20.33,0.0,0.0,0.0,0.0,0.0,0.0
PUEBLA,21,TLACHICHUCA,21179,31639.0,16141.0,51.02,15498.0,48.98,9478.0,29.96,19744.0,62.4,2397.0,7.58,41928.16,0.75,73.19,0.63,,82.01,15.91,,Medio,,,Bajo,0.85,0.09,-97.42,19.12,0.0,0.0,0.0,0.0,0.0,0.0
PUEBLA,21,TLAHUAPAN,21180,41547.0,21086.0,50.75,20461.0,49.25,12283.0,29.56,26195.0,63.05,3025.0,7.28,31207.92,1.33,64.39,0.9,,78.04,10.64,,Bajo,,,Bajo,0.87,-0.43,-98.58,19.33,0.0,0.0,0.0,0.0,0.0,0.0
PUEBLA,21,TLALTENNANGO,21181,7425.0,3791.0,51.06,3634.0,48.94,2281.0,30.72,4640.0,62.49,504.0,6.79,2137.4,3.47,4.59,1.89,,72.05,12.67,,Muy bajo,,,Bajo,0.89,-0.6,-98.34,19.17,0.0,0.0,0.0,0.0,0.0,0.0
PUEBLA,21,TLANEPANTLA,21182,5390.0,2808.0,52.1,2582.0,47.9,1699.0,31.52,3393.0,62.95,298.0,5.53,1485.96,3.63,4.19,5.44,,91.84,20.28,,Bajo,,,Bajo,0.87,-0.08,-97.89,18.87,0.0,0.0,0.0,0.0,0.0,0.0
PUEBLA,21,TLAOLA,21183,20433.0,10583.0,51.79,9850.0,48.21,6807.0,33.31,12194.0,59.68,1432.0,7.01,14190.11,1.44,100.0,76.81,,91.64,37.86,,Alto,,,Alto,0.77,1.41,-97.92,20.14,0.0,0.0,0.0,0.0,0.0,0.0
PUEBLA,21,TLAPACOYA,21184,6422.0,3347.0,52.12,3075.0,47.88,2060.0,32.08,3775.0,58.78,587.0,9.14,6286.15,1.02,100.0,65.43,,87.05,31.35,,Alto,,,Alto,0.8,1.07,-97.85,20.12,0.0,0.0,0.0,0.0,0.0,0.0
PUEBLA,21,TLAPANALA,21185,10344.0,5294.0,51.18,5050.0,48.82,3202.0,30.96,6236.0,60.29,906.0,8.76,8345.85,1.24,100.0,1.03,,74.76,17.54,,Medio,,,Bajo,0.83,-0.18,-98.54,18.7,0.0,0.0,0.0,0.0,0.0,0.0
PUEBLA,21,TLATLAUQUITEPEC,21186,55576.0,28959.0,52.11,26617.0,47.89,16030.0,28.84,34898.0,62.79,4648.0,8.36,29212.81,1.9,83.16,32.07,,67.34,11.9,,Bajo,,,Bajo,0.86,-0.17,-97.5,19.85,0.0,0.0,0.0,0.0,0.0,0.0
PUEBLA,21,TLAXCO,21187,4934.0,2506.0,50.79,2428.0,49.21,1389.0,28.15,2907.0,58.92,638.0,12.93,5435.25,0.91,100.0,11.03,,76.91,20.36,,Alto,,,Alto,0.78,1.11,-98.03,20.42,0.0,0.0,0.0,0.0,0.0,0.0
PUEBLA,21,TOCHIMILCO,21188,19315.0,10119.0,52.39,9196.0,47.61,5926.0,30.68,11619.0,60.16,1753.0,9.08,21797.07,0.89,100.0,21.11,,86.94,30.35,,Alto,,,Medio,0.82,0.43,-98.57,18.89,0.0,0.0,0.0,0.0,0.0,0.0
PUEBLA,21,TOCHTEPEC,21189,22454.0,11626.0,51.78,10828.0,48.22,6763.0,30.12,14099.0,62.79,1520.0,6.77,10143.0,2.21,41.92,0.9,,76.61,12.46,,Bajo,,,Bajo,0.86,-0.28,-97.83,18.84,0.0,0.0,0.0,0.0,0.0,0.0
PUEBLA,21,TOTOLTEPEC DE GUERRERO,21190,1187.0,634.0,53.41,553.0,46.59,278.0,23.42,651.0,54.84,258.0,21.74,15500.1,0.08,100.0,2.95,,70.73,20.54,,Medio,,,Bajo,0.84,-0.09,-97.86,18.22,0.0,0.0,0.0,0.0,0.0,0.0
PUEBLA,21,TULCINGO,21191,9871.0,5230.0,52.98,4641.0,47.02,2794.0,28.31,5822.0,58.98,1255.0,12.71,27731.83,0.36,38.73,3.91,,75.77,17.06,,Alto,,,Bajo,0.82,0.04,-98.44,18.05,0.0,0.0,0.0,0.0,0.0,0.0
PUEBLA,21,TUZAMAPAN DE GALEANA,21192,5924.0,3015.0,50.89,2909.0,49.11,1439.0,24.29,3723.0,62.85,762.0,12.86,4161.56,1.42,100.0,71.69,,76.63,18.41,,Medio,,,Medio,0.83,0.28,-97.58,20.07,0.0,0.0,0.0,0.0,0.0,0.0
PUEBLA,21,TZICATLACOYAN,21193,6476.0,3286.0,50.74,3190.0,49.26,1867.0,28.83,3918.0,60.5,691.0,10.67,27764.51,0.23,100.0,0.69,,75.73,11.39,,Alto,,,Medio,0.82,0.32,-98.05,18.84,0.0,0.0,0.0,0.0,0.0,0.0
PUEBLA,21,VENUSTIANO CARRANZA,21194,28395.0,14982.0,52.76,13413.0,47.24,8280.0,29.16,17357.0,61.13,2758.0,9.71,31397.13,0.9,31.62,10.03,,72.58,17.69,,Medio,,,Bajo,0.83,-0.09,-97.67,20.5,0.0,0.0,0.0,0.0,0.0,0.0
PUEBLA,21,VICENTE GUERRERO,21195,26559.0,14125.0,53.18,12434.0,46.82,9245.0,34.81,15368.0,57.86,1945.0,7.32,26039.38,1.02,100.0,44.2,,93.51,42.99,,Muy alto,,,Muy alto,0.75,1.88,-97.2,18.54,0.0,0.0,0.0,0.0,0.0,0.0
PUEBLA,21,XAYACATLAN DE BRAVO,21196,1570.0,844.0,53.76,726.0,46.24,397.0,25.29,884.0,56.31,289.0,18.41,6015.31,0.26,100.0,72.61,,63.98,11.1,,Medio,,,Bajo,0.84,-0.11,-97.98,18.24,0.0,0.0,0.0,0.0,0.0,0.0
PUEBLA,21,XICOTEPEC,21197,80591.0,42143.0,52.29,38448.0,47.71,23516.0,29.18,50560.0,62.74,6512.0,8.08,31009.44,2.6,36.54,10.14,,70.08,17.23,,Bajo,,,Bajo,0.86,-0.21,-97.96,20.28,0.0,0.0,0.0,0.0,0.0,0.0
PUEBLA,21,XICOTLAN,21198,1312.0,684.0,52.13,628.0,47.87,364.0,27.74,789.0,60.14,155.0,11.81,20423.59,0.06,100.0,1.75,,82.68,18.07,,Muy alto,,,Medio,0.74,0.66,-98.52,18.06,0.0,0.0,0.0,0.0,0.0,0.0
PUEBLA,21,XIUTETELCO,21199,42943.0,22264.0,51.85,20679.0,48.15,13906.0,32.38,26689.0,62.15,2348.0,5.47,14493.57,2.96,64.81,2.4,,75.06,14.1,,Medio,,,Medio,0.83,0.27,-97.33,19.8,0.0,0.0,0.0,0.0,0.0,0.0
PUEBLA,21,XOCHIAPULCO,21200,3443.0,1818.0,52.8,1625.0,47.2,922.0,26.78,2032.0,59.02,489.0,14.2,5979.18,0.58,100.0,52.86,,74.42,19.93,,Alto,,,Medio,0.81,0.88,-97.66,19.82,0.0,0.0,0.0,0.0,0.0,0.0
PUEBLA,21,XOCHILTEPEC,21201,3375.0,1807.0,53.54,1568.0,46.46,1007.0,29.84,2019.0,59.82,349.0,10.34,4643.68,0.73,100.0,8.59,,70.95,15.52,,Medio,,,Bajo,0.84,-0.33,-98.34,18.65,0.0,0.0,0.0,0.0,0.0,0.0
PUEBLA,21,XOCHITLAN DE VICENTE SUAREZ,21202,13025.0,6763.0,51.92,6262.0,48.08,3984.0,30.59,7895.0,60.61,1146.0,8.8,7785.48,1.67,100.0,95.39,,87.75,31.79,,Alto,,,Alto,0.79,1.26,-97.63,19.97,0.0,0.0,0.0,0.0,0.0,0.0
PUEBLA,21,XOCHITLAN TODOS SANTOS,21203,7178.0,3771.0,52.54,3407.0,47.46,2225.0,31.0,4376.0,60.96,577.0,8.04,16299.45,0.44,16.76,0.68,,87.54,21.69,,Medio,,,Medio,0.84,0.16,-97.78,18.71,0.0,0.0,0.0,0.0,0.0,0.0
PUEBLA,21,YAONAHUAC,21204,7926.0,4243.0,53.53,3683.0,46.47,2208.0,27.86,5073.0,64.0,645.0,8.14,2938.51,2.7,100.0,81.39,,64.04,12.01,,Bajo,,,Bajo,0.86,-0.03,-97.47,19.87,0.0,0.0,0.0,0.0,0.0,0.0
PUEBLA,21,YEHUALTEPEC,21205,26392.0,13683.0,51.85,12709.0,48.15,8601.0,32.59,16289.0,61.72,1414.0,5.36,12724.79,2.07,25.34,1.54,,83.27,16.49,,Bajo,,,Bajo,0.86,-0.14,-97.66,18.79,0.0,0.0,0.0,0.0,0.0,0.0
PUEBLA,21,ZACAPALA,21206,4647.0,2442.0,52.55,2205.0,47.45,1425.0,30.66,2613.0,56.23,566.0,12.18,24688.23,0.19,100.0,2.54,,69.61,16.56,,Alto,,,Medio,0.8,0.3,-98.07,18.59,0.0,0.0,0.0,0.0,0.0,0.0
PUEBLA,21,ZACAPOAXTLA,21207,57887.0,30736.0,53.1,27151.0,46.9,17103.0,29.55,36387.0,62.86,4397.0,7.6,17533.1,3.3,74.73,60.54,,74.08,19.5,,Medio,,,Medio,0.84,0.17,-97.59,19.87,0.0,0.0,0.0,0.0,0.0,0.0
PUEBLA,21,ZACATLAN,21208,87361.0,45856.0,52.49,41505.0,47.51,25679.0,29.39,54891.0,62.83,6775.0,7.76,48575.7,1.8,55.13,17.66,,73.54,17.33,,Bajo,,,Bajo,0.87,-0.29,-97.96,19.93,0.0,0.0,0.0,0.0,0.0,0.0
PUEBLA,21,ZAPOTITLAN,21209,8595.0,4610.0,53.64,3985.0,46.36,2275.0,26.47,5398.0,62.8,922.0,10.73,42819.86,0.2,100.0,16.97,,73.86,17.57,,Medio,,,Bajo,0.83,0.04,-97.48,18.33,0.0,0.0,0.0,0.0,0.0,0.0
PUEBLA,21,ZAPOTITLAN DE MENDEZ,21210,5675.0,2882.0,50.78,2793.0,49.22,1525.0,26.87,3512.0,61.89,638.0,11.24,2020.09,2.81,100.0,87.49,,79.37,23.32,,Medio,,,Medio,0.83,0.46,-97.72,20.0,0.0,0.0,0.0,0.0,0.0,0.0
PUEBLA,21,ZARAGOZA,21211,16752.0,8998.0,53.71,7754.0,46.29,4609.0,27.51,10844.0,64.73,1299.0,7.75,3056.66,5.48,31.43,12.44,,61.17,9.0,,Muy bajo,,,Bajo,0.9,-0.66,-97.56,19.77,0.0,0.0,0.0,0.0,0.0,0.0
PUEBLA,21,ZAUTLA,21212,20717.0,10889.0,52.56,9828.0,47.44,6465.0,31.21,12561.0,60.63,1691.0,8.16,26498.23,0.78,100.0,64.07,,85.54,30.82,,Alto,,,Alto,0.8,1.04,-97.67,19.72,0.0,0.0,0.0,0.0,0.0,0.0
PUEBLA,21,ZIHUATEUTLA,21213,11967.0,6193.0,51.75,5774.0,48.25,3668.0,30.65,7168.0,59.9,1131.0,9.45,17486.24,0.68,100.0,43.92,,78.7,23.17,,Alto,,,Medio,0.8,0.78,-97.89,20.25,0.0,0.0,0.0,0.0,0.0,0.0
PUEBLA,21,ZINACATEPEC,21214,18359.0,9578.0,52.17,8781.0,47.83,4892.0,26.65,12138.0,66.11,1323.0,7.21,6267.43,2.93,2.4,82.59,,82.54,21.61,,Medio,,,Bajo,0.85,-0.07,-97.25,18.33,0.0,0.0,0.0,0.0,0.0,0.0
PUEBLA,21,ZONGOZOTLA,21215,4539.0,2322.0,51.16,2217.0,48.84,1022.0,22.52,2987.0,65.81,530.0,11.68,3624.49,1.25,100.0,97.0,,90.33,18.7,,Alto,,,Alto,0.82,0.97,-97.73,19.98,0.0,0.0,0.0,0.0,0.0,0.0
PUEBLA,21,ZOQUIAPAN,21216,2452.0,1314.0,53.59,1138.0,46.41,657.0,26.79,1444.0,58.89,351.0,14.31,1901.4,1.29,100.0,89.4,,78.64,23.7,,Alto,,,Alto,0.8,0.99,-97.6,20.01,0.0,0.0,0.0,0.0,0.0,0.0
PUEBLA,21,ZOQUITLAN,21217,20335.0,10630.0,52.27,9705.0,47.73,7078.0,34.81,11356.0,55.84,1901.0,9.35,26847.49,0.76,100.0,99.11,,95.25,47.84,,Muy alto,,,Muy alto,0.75,2.05,-97.02,18.34,0.0,0.0,0.0,0.0,0.0,0.0
QUERETARO,22,AMEALCO DE BONFIL,22001,66841.0,34606.0,51.77,32235.0,48.23,21061.0,31.51,40861.0,61.13,4902.0,7.33,70799.74,0.94,88.1,31.53,,56.18,12.81,,Medio,,,Medio,0.82,0.3,-100.14,20.19,39.0,18.0,127.0,58.35,26.93,190.0
QUERETARO,22,PINAL DE AMOLES,22002,27365.0,14072.0,51.42,13293.0,48.58,8997.0,32.88,15881.0,58.03,2487.0,9.09,70554.32,0.39,100.0,0.34,,72.19,13.63,,Alto,,,Medio,0.8,0.47,-99.63,21.14,15.0,3.0,83.0,54.81,10.96,303.31
QUERETARO,22,ARROYO SECO,22003,13142.0,6872.0,52.29,6270.0,47.71,3689.0,28.07,7721.0,58.75,1732.0,13.18,72516.34,0.18,100.0,1.03,,49.61,5.79,,Medio,,,Bajo,0.85,-0.33,-99.69,21.55,4.0,1.0,47.0,30.44,7.61,357.63
QUERETARO,22,CADEREYTA DE MONTES,22004,69075.0,36082.0,52.24,32993.0,47.76,20405.0,29.54,43745.0,63.33,4907.0,7.1,133579.46,0.52,77.54,4.32,,52.21,8.94,,Medio,,,Bajo,0.84,-0.06,-99.82,20.7,92.0,50.0,381.0,133.19,72.39,551.57
QUERETARO,22,COLON,22005,67121.0,33910.0,50.52,33211.0,49.48,20324.0,30.28,42960.0,64.0,3823.0,5.7,80333.65,0.84,78.76,0.67,,43.81,5.53,,Bajo,,,Bajo,0.86,-0.34,-100.05,20.79,64.0,34.0,199.0,95.35,50.65,296.48
QUERETARO,22,CORREGIDORA,22006,212567.0,109535.0,51.53,103032.0,48.47,46997.0,22.11,149861.0,70.5,15460.0,7.27,23299.04,9.12,12.93,0.88,,18.43,1.3,,Muy bajo,,,Muy bajo,0.95,-1.38,-100.45,20.55,282.0,109.0,2416.0,132.66,51.28,1136.58
QUERETARO,22,EZEQUIEL MONTES,22007,45141.0,23449.0,51.95,21692.0,48.05,12971.0,28.73,29259.0,64.82,2853.0,6.32,29772.2,1.52,47.62,1.75,,53.0,7.39,,Bajo,,,Bajo,0.88,-0.59,-99.9,20.67,61.0,27.0,214.0,135.13,59.81,474.07
QUERETARO,22,HUIMILPAN,22008,36808.0,19463.0,52.88,17345.0,47.12,11335.0,30.79,23062.0,62.65,2400.0,6.52,38505.34,0.96,100.0,0.36,,49.23,6.55,,Bajo,,,Bajo,0.87,-0.63,-100.27,20.38,26.0,9.0,126.0,70.64,24.45,342.32
QUERETARO,22,JALPAN DE SERRA,22009,27343.0,14307.0,52.32,13036.0,47.68,7834.0,28.65,17103.0,62.55,2340.0,8.56,117500.02,0.23,48.98,1.95,,48.27,7.83,,Bajo,,,Bajo,0.87,-0.39,-99.47,21.22,20.0,7.0,387.0,73.14,25.6,1415.35
QUERETARO,22,LANDA DE MATAMOROS,22010,18794.0,9806.0,52.18,8988.0,47.82,5323.0,28.32,11246.0,59.84,2222.0,11.82,71273.08,0.26,100.0,0.68,,59.41,11.05,,Alto,,,Bajo,0.81,0.05,-99.32,21.18,8.0,3.0,48.0,42.57,15.96,255.4
QUERETARO,22,EL MARQUES,22011,231668.0,116185.0,50.15,115483.0,49.85,60085.0,25.94,161587.0,69.75,9673.0,4.18,74129.29,3.13,38.53,1.5,,34.03,2.7,,Muy bajo,,,Muy bajo,0.92,-1.04,-100.33,20.61,333.0,151.0,1748.0,143.74,65.18,754.53
QUERETARO,22,PEDRO ESCOBEDO,22012,77404.0,39479.0,51.0,37925.0,49.0,22115.0,28.57,50844.0,65.69,4395.0,5.68,32060.9,2.41,51.84,0.87,,41.65,4.65,,Muy bajo,,,Muy bajo,0.89,-0.75,-100.14,20.5,151.0,67.0,650.0,195.08,86.56,839.75
QUERETARO,22,PENAMILLER,22013,19141.0,9789.0,51.14,9352.0,48.86,5746.0,30.02,11515.0,60.16,1871.0,9.77,68864.33,0.28,100.0,0.64,,56.47,8.7,,Medio,,,Medio,0.83,0.14,-99.81,21.05,8.0,5.0,28.0,41.8,26.12,146.28
QUERETARO,22,QUERETARO,22014,1049777.0,535188.0,50.98,514589.0,49.02,231542.0,22.06,741089.0,70.59,72340.0,6.89,67694.64,15.51,7.14,1.52,,24.66,2.23,,Muy bajo,,,Muy bajo,0.95,-1.25,-100.39,20.59,3781.0,1805.0,26814.0,360.17,171.94,2554.26
QUERETARO,22,SAN JOAQUIN,22015,8359.0,4484.0,53.64,3875.0,46.36,2652.0,31.73,5059.0,60.52,647.0,7.74,27435.4,0.3,100.0,1.03,,43.11,6.99,,Alto,,,Bajo,0.82,0.09,-99.57,20.92,4.0,0.0,38.0,47.85,0.0,454.6
QUERETARO,22,SAN JUAN DEL RIO,22016,297804.0,152454.0,51.19,145350.0,48.81,75345.0,25.3,201673.0,67.72,19661.0,6.6,76482.86,3.89,27.04,1.31,,33.34,2.48,,Muy bajo,,,Muy bajo,0.92,-1.04,-100.0,20.39,613.0,298.0,2394.0,205.84,100.07,803.88
QUERETARO,22,TEQUISQUIAPAN,22017,72201.0,37178.0,51.49,35023.0,48.51,18576.0,25.73,47804.0,66.21,5796.0,8.03,36658.88,1.97,34.64,0.64,,48.2,5.01,,Muy bajo,,,Muy bajo,0.9,-0.81,-99.88,20.52,72.0,50.0,268.0,99.72,69.25,371.19
QUERETARO,22,TOLIMAN,22018,27916.0,14788.0,52.97,13128.0,47.03,8466.0,30.33,17417.0,62.39,1984.0,7.11,67467.26,0.41,77.47,33.54,,61.63,12.31,,Medio,,,Medio,0.84,0.27,-99.93,20.91,14.0,11.0,108.0,50.15,39.4,386.87
QUINTANA ROO,23,COZUMEL,23001,88626.0,44211.0,49.88,44415.0,50.12,21748.0,24.54,61978.0,69.93,4873.0,5.5,48088.74,1.84,4.63,20.8,,39.59,5.06,,Muy bajo,,,Muy bajo,0.92,-1.13,-86.96,20.5,0.0,0.0,0.0,0.0,0.0,0.0
QUINTANA ROO,23,FELIPE CARRILLO PUERTO,23002,83990.0,42036.0,50.05,41954.0,49.95,25553.0,30.42,52829.0,62.9,5516.0,6.57,1286877.55,0.07,57.16,83.06,,81.08,31.66,,Medio,,,Bajo,0.82,-0.01,-88.05,19.58,0.0,0.0,0.0,0.0,0.0,0.0
QUINTANA ROO,23,ISLA MUJERES,23003,22686.0,11144.0,49.12,11542.0,50.88,5983.0,26.37,15647.0,68.97,1014.0,4.47,91646.64,0.25,12.54,16.61,,50.3,7.97,,Muy bajo,,,Bajo,0.89,-0.7,-86.75,21.26,0.0,0.0,0.0,0.0,0.0,0.0
QUINTANA ROO,23,OTHON P. BLANCO,23004,233648.0,118552.0,50.74,115096.0,49.26,55457.0,23.74,161046.0,68.93,16803.0,7.19,855778.27,0.27,25.28,13.75,,43.78,9.69,,Muy bajo,,,Muy bajo,0.91,-0.97,-88.3,18.49,0.0,0.0,0.0,0.0,0.0,0.0
QUINTANA ROO,23,BENITO JUAREZ,23005,911503.0,452178.0,49.61,459325.0,50.39,213487.0,23.42,653396.0,71.68,35376.0,3.88,208966.19,4.36,0.32,16.24,,37.92,6.23,,Muy bajo,,,Muy bajo,0.94,-1.14,-86.82,21.16,0.0,0.0,0.0,0.0,0.0,0.0
QUINTANA ROO,23,JOSE MARIA MORELOS,23006,39165.0,19310.0,49.3,19855.0,50.7,12065.0,30.81,24251.0,61.92,2819.0,7.2,475777.08,0.08,65.96,81.68,,80.77,25.09,,Alto,,,Bajo,0.82,0.1,-88.83,19.42,0.0,0.0,0.0,0.0,0.0,0.0
QUINTANA ROO,23,LAZARO CARDENAS,23007,29171.0,14327.0,49.11,14844.0,50.89,8668.0,29.71,18563.0,63.64,1940.0,6.65,329805.8,0.09,72.11,65.57,,65.67,20.04,,Medio,,,Bajo,0.84,-0.22,-87.49,21.1,0.0,0.0,0.0,0.0,0.0,0.0
QUINTANA ROO,23,SOLIDARIDAD,23008,333800.0,163324.0,48.93,170476.0,51.07,82039.0,24.58,233019.0,69.81,7640.0,2.29,209754.3,1.59,1.79,16.84,,37.34,4.28,,Muy bajo,,,Muy bajo,0.93,-0.99,-87.08,20.63,0.0,0.0,0.0,0.0,0.0,0.0
QUINTANA ROO,23,TULUM,23009,46721.0,22331.0,47.8,24390.0,52.2,13269.0,28.4,32093.0,68.69,1295.0,2.77,196944.03,0.24,28.57,42.66,,61.81,18.8,,Bajo,,,Bajo,0.88,-0.39,-87.46,20.21,0.0,0.0,0.0,0.0,0.0,0.0
QUINTANA ROO,23,BACALAR,23010,41754.0,20703.0,49.58,21051.0,50.42,12546.0,30.05,26208.0,62.77,2981.0,7.14,603061.99,0.07,70.0,43.27,,73.46,24.12,,Medio,,,Bajo,0.84,-0.12,-88.39,18.68,0.0,0.0,0.0,0.0,0.0,0.0
QUINTANA ROO,23,PUERTO MORELOS,23011,26921.0,13090.0,48.62,13831.0,51.38,6585.0,24.46,18802.0,69.84,1474.0,5.48,1044.0,25.79,2.56,21.29,,42.68,8.74,,Muy bajo,,,Muy bajo,0.91,-0.88,-86.88,20.85,0.0,0.0,0.0,0.0,0.0,0.0
SAN LUIS POTOSI,24,AHUALULCO,24001,18974.0,10029.0,52.86,8945.0,47.14,5605.0,29.54,11434.0,60.26,1935.0,10.2,76728.73,0.25,72.34,0.29,,69.08,9.65,,Medio,,,Bajo,0.83,-0.09,-100.85,22.64,0.0,0.0,0.0,0.0,0.0,0.0
SAN LUIS POTOSI,24,ALAQUINES,24002,7785.0,3998.0,51.36,3787.0,48.64,2143.0,27.53,4547.0,58.41,1095.0,14.07,58023.12,0.13,100.0,2.67,,70.82,15.56,,Alto,,,Medio,0.8,0.36,-99.6,22.13,0.0,0.0,0.0,0.0,0.0,0.0
SAN LUIS POTOSI,24,AQUISMON,24003,48359.0,24346.0,50.34,24013.0,49.66,15305.0,31.65,28787.0,59.53,4251.0,8.79,78635.01,0.61,100.0,78.5,,91.3,48.99,,Muy alto,,,Alto,0.75,1.62,-99.02,21.62,0.0,0.0,0.0,0.0,0.0,0.0
SAN LUIS POTOSI,24,ARMADILLO DE LOS INFANTE,24004,4013.0,2016.0,50.24,1997.0,49.76,929.0,23.15,2376.0,59.21,708.0,17.64,61689.75,0.07,100.0,0.22,,51.22,6.6,,Medio,,,Medio,0.83,0.31,-100.65,22.24,0.0,0.0,0.0,0.0,0.0,0.0
SAN LUIS POTOSI,24,CARDENAS,24005,18317.0,9582.0,52.31,8735.0,47.69,4809.0,26.25,11170.0,60.98,2326.0,12.7,38653.73,0.47,16.25,2.41,,54.38,7.95,,Muy bajo,,,Bajo,0.89,-0.62,-99.64,22.0,0.0,0.0,0.0,0.0,0.0,0.0
SAN LUIS POTOSI,24,CATORCE,24006,9579.0,4689.0,48.95,4890.0,51.05,2771.0,28.93,5659.0,59.08,1140.0,11.9,192382.37,0.05,100.0,0.19,,67.82,9.7,,Alto,,,Medio,0.8,0.18,-100.89,23.69,0.0,0.0,0.0,0.0,0.0,0.0
SAN LUIS POTOSI,24,CEDRAL,24007,19840.0,10164.0,51.23,9676.0,48.77,5656.0,28.51,12395.0,62.47,1778.0,8.96,115670.03,0.17,35.45,0.25,,51.67,5.28,,Muy bajo,,,Muy bajo,0.89,-0.8,-100.73,23.82,0.0,0.0,0.0,0.0,0.0,0.0
SAN LUIS POTOSI,24,CERRITOS,24008,22075.0,11293.0,51.16,10782.0,48.84,5564.0,25.2,13494.0,61.13,3008.0,13.63,95232.94,0.23,28.92,0.57,,52.77,6.75,,Muy bajo,,,Bajo,0.89,-0.68,-100.28,22.43,0.0,0.0,0.0,0.0,0.0,0.0
SAN LUIS POTOSI,24,CERRO DE SAN PEDRO,24009,5050.0,2497.0,49.45,2553.0,50.55,1288.0,25.5,3305.0,65.45,452.0,8.95,12135.23,0.42,100.0,0.63,,18.29,1.36,,Bajo,,,Muy bajo,0.88,-0.74,-100.8,22.22,0.0,0.0,0.0,0.0,0.0,0.0
SAN LUIS POTOSI,24,CIUDAD DEL MAIZ,24010,30320.0,15325.0,50.54,14995.0,49.46,9034.0,29.8,17760.0,58.58,3512.0,11.58,311731.88,0.1,63.91,1.13,,75.62,14.79,,Medio,,,Bajo,0.85,-0.21,-99.6,22.4,0.0,0.0,0.0,0.0,0.0,0.0
SAN LUIS POTOSI,24,CIUDAD FERNNANDEZ,24011,48106.0,24663.0,51.27,23443.0,48.73,13132.0,27.3,30327.0,63.04,4647.0,9.66,51316.52,0.94,24.59,1.15,,60.09,8.35,,Muy bajo,,,Muy bajo,0.89,-0.81,-100.01,21.94,0.0,0.0,0.0,0.0,0.0,0.0
SAN LUIS POTOSI,24,TANCANHUITZ,24012,20300.0,10299.0,50.73,10001.0,49.27,5688.0,28.02,12399.0,61.08,2203.0,10.85,13602.25,1.49,100.0,81.7,,78.1,31.39,,Alto,,,Alto,0.77,0.97,-98.97,21.6,0.0,0.0,0.0,0.0,0.0,0.0
SAN LUIS POTOSI,24,CIUDAD VALLES,24013,179371.0,93009.0,51.85,86362.0,48.15,42387.0,23.63,119650.0,66.71,17239.0,9.61,239875.09,0.75,23.98,12.13,,43.25,7.06,,Muy bajo,,,Muy bajo,0.9,-0.84,-99.02,21.99,0.0,0.0,0.0,0.0,0.0,0.0
SAN LUIS POTOSI,24,COXCATLAN,24014,15660.0,7897.0,50.43,7763.0,49.57,4101.0,26.19,9337.0,59.62,2222.0,14.19,9006.1,1.74,100.0,91.23,,81.57,22.76,,Alto,,,Alto,0.79,1.01,-98.9,21.54,0.0,0.0,0.0,0.0,0.0,0.0
SAN LUIS POTOSI,24,CHARCAS,24015,21814.0,11158.0,51.15,10656.0,48.85,5758.0,26.4,13636.0,62.51,2393.0,10.97,213334.17,0.1,35.28,0.41,,47.04,7.83,,Bajo,,,Bajo,0.86,-0.23,-101.11,23.13,0.0,0.0,0.0,0.0,0.0,0.0
SAN LUIS POTOSI,24,EBANO,24016,40899.0,20968.0,51.27,19931.0,48.73,10823.0,26.46,25618.0,62.64,4453.0,10.89,69133.03,0.59,25.79,12.34,,59.47,12.86,,Bajo,,,Bajo,0.88,-0.52,-98.38,22.21,0.0,0.0,0.0,0.0,0.0,0.0
SAN LUIS POTOSI,24,GUADALCAZAR,24017,25119.0,12608.0,50.19,12511.0,49.81,7288.0,29.01,14457.0,57.55,3364.0,13.39,370571.9,0.07,100.0,0.18,,72.88,21.78,,Alto,,,Medio,0.77,0.76,-100.4,22.62,0.0,0.0,0.0,0.0,0.0,0.0
SAN LUIS POTOSI,24,HUEHUETLAN,24018,15334.0,7852.0,51.21,7482.0,48.79,4311.0,28.11,9472.0,61.77,1549.0,10.1,7076.18,2.17,100.0,75.97,,72.34,22.66,,Alto,,,Medio,0.79,0.82,-98.97,21.55,0.0,0.0,0.0,0.0,0.0,0.0
SAN LUIS POTOSI,24,LAGUNILLAS,24019,5453.0,2723.0,49.94,2730.0,50.06,1280.0,23.47,3088.0,56.63,1085.0,19.9,53027.29,0.1,100.0,2.97,,65.45,9.63,,Medio,,,Medio,0.83,0.17,-99.57,21.59,0.0,0.0,0.0,0.0,0.0,0.0
SAN LUIS POTOSI,24,MATEHUALA,24020,102199.0,52548.0,51.42,49651.0,48.58,26926.0,26.35,66809.0,65.37,8449.0,8.27,128754.29,0.79,15.18,0.39,,37.23,3.36,,Muy bajo,,,Muy bajo,0.91,-1.03,-100.64,23.65,0.0,0.0,0.0,0.0,0.0,0.0
SAN LUIS POTOSI,24,MEXQUITIC DE CARMONA,24021,58469.0,30598.0,52.33,27871.0,47.67,16367.0,27.99,37313.0,63.82,4782.0,8.18,86800.38,0.67,100.0,0.31,,54.57,7.98,,Medio,,,Bajo,0.85,-0.41,-101.11,22.27,0.0,0.0,0.0,0.0,0.0,0.0
SAN LUIS POTOSI,24,MOCTEZUMA,24022,19036.0,9955.0,52.3,9081.0,47.7,5555.0,29.18,11428.0,60.03,2052.0,10.78,127774.7,0.15,72.47,0.3,,64.06,7.57,,Medio,,,Bajo,0.84,-0.21,-101.09,22.75,0.0,0.0,0.0,0.0,0.0,0.0
SAN LUIS POTOSI,24,RAYON,24023,15301.0,7843.0,51.26,7458.0,48.74,4039.0,26.4,8891.0,58.11,2336.0,15.27,77856.08,0.2,59.22,10.18,,66.33,14.54,,Medio,,,Bajo,0.83,0.06,-99.65,21.84,0.0,0.0,0.0,0.0,0.0,0.0
SAN LUIS POTOSI,24,RIOVERDE,24024,97943.0,50900.0,51.97,47043.0,48.03,25606.0,26.14,61502.0,62.79,10828.0,11.06,303303.7,0.32,40.62,0.84,,56.25,11.45,,Bajo,,,Bajo,0.88,-0.59,-99.99,21.93,0.0,0.0,0.0,0.0,0.0,0.0
SAN LUIS POTOSI,24,SALINAS,24025,31107.0,16233.0,52.18,14874.0,47.82,9741.0,31.31,18919.0,60.82,2428.0,7.81,171135.03,0.18,40.25,0.11,,64.36,6.52,,Bajo,,,Bajo,0.87,-0.53,-101.72,22.63,0.0,0.0,0.0,0.0,0.0,0.0
SAN LUIS POTOSI,24,SAN ANTONIO,24026,9382.0,4678.0,49.86,4704.0,50.14,2660.0,28.35,5717.0,60.94,1005.0,10.71,9376.67,1.0,100.0,94.53,,90.93,37.21,,Alto,,,Alto,0.8,1.0,-98.9,21.62,0.0,0.0,0.0,0.0,0.0,0.0
SAN LUIS POTOSI,24,SAN CIRO DE ACOSTA,24027,10215.0,5274.0,51.63,4941.0,48.37,2635.0,25.8,5925.0,58.0,1655.0,16.2,63294.86,0.16,27.94,0.65,,63.1,7.83,,Bajo,,,Bajo,0.87,-0.32,-99.82,21.65,0.0,0.0,0.0,0.0,0.0,0.0
SAN LUIS POTOSI,24,SAN LUIS POTOSI,24028,911908.0,471011.0,51.65,440897.0,48.35,206048.0,22.6,631746.0,69.28,73237.0,8.03,146662.64,6.22,4.37,1.21,,20.32,1.6,,Muy bajo,,,Muy bajo,0.95,-1.28,-100.98,22.15,0.0,0.0,0.0,0.0,0.0,0.0
SAN LUIS POTOSI,24,SAN MARTIN CHALCHICUAUTLA,24029,18468.0,9361.0,50.69,9107.0,49.31,4545.0,24.61,10827.0,58.63,3086.0,16.71,40920.89,0.45,100.0,57.15,,84.08,30.31,,Alto,,,Alto,0.77,1.06,-98.66,21.37,0.0,0.0,0.0,0.0,0.0,0.0
SAN LUIS POTOSI,24,SAN NICOLAS TOLENTINO,24030,4779.0,2408.0,50.39,2371.0,49.61,1003.0,20.99,2710.0,56.71,1066.0,22.31,68524.0,0.07,100.0,0.0,,51.31,6.76,,Medio,,,Bajo,0.84,-0.24,-100.55,22.25,0.0,0.0,0.0,0.0,0.0,0.0
SAN LUIS POTOSI,24,SANTA CATARINA,24031,12163.0,6246.0,51.35,5917.0,48.65,3941.0,32.4,7129.0,58.61,1089.0,8.95,63441.64,0.19,100.0,67.39,,86.14,37.84,,Muy alto,,,Muy alto,0.7,2.08,-99.5,21.66,0.0,0.0,0.0,0.0,0.0,0.0
SAN LUIS POTOSI,24,SANTA MARIA DEL RIO,24032,39880.0,20722.0,51.96,19158.0,48.04,11214.0,28.12,24823.0,62.24,3800.0,9.53,168416.65,0.24,64.04,0.19,,53.47,8.15,,Medio,,,Bajo,0.84,0.07,-100.74,21.8,0.0,0.0,0.0,0.0,0.0,0.0
SAN LUIS POTOSI,24,SANTO DOMINGO,24033,10785.0,5506.0,51.05,5279.0,48.95,3008.0,27.89,6315.0,58.55,1431.0,13.27,427572.97,0.03,100.0,0.06,,63.8,10.84,,Medio,,,Bajo,0.83,-0.16,-101.74,23.33,0.0,0.0,0.0,0.0,0.0,0.0
SAN LUIS POTOSI,24,SAN VICENTE TANCUAYALAB,24034,14945.0,7534.0,50.41,7411.0,49.59,3805.0,25.46,9488.0,63.49,1652.0,11.05,51357.83,0.29,54.96,31.09,,77.26,24.4,,Medio,,,Bajo,0.84,0.09,-98.59,21.71,0.0,0.0,0.0,0.0,0.0,0.0
SAN LUIS POTOSI,24,SOLEDAD DE GRACIANO SANCHEZ,24035,332072.0,170195.0,51.25,161877.0,48.75,84302.0,25.39,228640.0,68.85,18613.0,5.61,30254.74,10.98,3.69,1.1,,22.61,1.73,,Muy bajo,,,Muy bajo,0.94,-1.29,-100.94,22.19,0.0,0.0,0.0,0.0,0.0,0.0
SAN LUIS POTOSI,24,TAMASOPO,24036,29184.0,14438.0,49.47,14746.0,50.53,7947.0,27.23,18028.0,61.77,3205.0,10.98,130960.62,0.22,100.0,14.1,,63.63,20.91,,Alto,,,Medio,0.8,0.3,-99.39,21.92,0.0,0.0,0.0,0.0,0.0,0.0
SAN LUIS POTOSI,24,TAMAZUNCHALE,24037,95037.0,48828.0,51.38,46209.0,48.62,27603.0,29.04,58359.0,61.41,9075.0,9.55,35042.27,2.71,74.48,56.04,,78.19,26.01,,Medio,,,Medio,0.83,0.31,-98.79,21.26,0.0,0.0,0.0,0.0,0.0,0.0
SAN LUIS POTOSI,24,TAMPACAN,24038,14348.0,7067.0,49.25,7281.0,50.75,3685.0,25.68,8621.0,60.09,2039.0,14.21,18553.34,0.77,100.0,60.56,,77.07,27.93,,Alto,,,Medio,0.79,0.63,-98.73,21.4,0.0,0.0,0.0,0.0,0.0,0.0
SAN LUIS POTOSI,24,TAMPAMOLON CORONA,24039,13603.0,6848.0,50.34,6755.0,49.66,3875.0,28.49,8202.0,60.3,1526.0,11.22,26011.31,0.52,100.0,79.14,,80.4,36.94,,Alto,,,Medio,0.8,0.82,-98.82,21.56,0.0,0.0,0.0,0.0,0.0,0.0
SAN LUIS POTOSI,24,TAMUIN,24040,36968.0,18859.0,51.01,18109.0,48.99,9778.0,26.45,23435.0,63.39,3754.0,10.15,182439.88,0.2,55.14,20.94,,61.74,21.0,,Bajo,,,Bajo,0.86,-0.37,-98.78,22.0,0.0,0.0,0.0,0.0,0.0,0.0
SAN LUIS POTOSI,24,TANLAJAS,24041,18208.0,9097.0,49.96,9111.0,50.04,5137.0,28.21,11199.0,61.51,1861.0,10.22,37108.86,0.49,100.0,89.66,,85.83,42.43,,Alto,,,Medio,0.82,0.93,-98.89,21.67,0.0,0.0,0.0,0.0,0.0,0.0
SAN LUIS POTOSI,24,TANQUIAN DE ESCOBEDO,24042,13448.0,6875.0,51.12,6573.0,48.88,3537.0,26.3,8280.0,61.57,1627.0,12.1,14200.92,0.95,29.67,26.13,,75.19,25.82,,Bajo,,,Bajo,0.87,-0.39,-98.66,21.6,0.0,0.0,0.0,0.0,0.0,0.0
SAN LUIS POTOSI,24,TIERRA NUEVA,24043,7966.0,4246.0,53.3,3720.0,46.7,2209.0,27.73,4645.0,58.31,1112.0,13.96,47395.35,0.17,100.0,0.16,,71.21,11.86,,Alto,,,Medio,0.82,0.19,-100.57,21.67,0.0,0.0,0.0,0.0,0.0,0.0
SAN LUIS POTOSI,24,VANEGAS,24044,7557.0,3751.0,49.64,3806.0,50.36,2250.0,29.77,4575.0,60.54,732.0,9.69,276934.65,0.03,100.0,0.52,,49.67,7.44,,Medio,,,Bajo,0.83,-0.08,-100.95,23.88,0.0,0.0,0.0,0.0,0.0,0.0
SAN LUIS POTOSI,24,VENADO,24045,14188.0,7172.0,50.55,7016.0,49.45,3488.0,24.58,8876.0,62.56,1824.0,12.86,128700.74,0.11,55.0,0.39,,61.92,9.87,,Medio,,,Bajo,0.84,-0.19,-101.09,22.93,0.0,0.0,0.0,0.0,0.0,0.0
SAN LUIS POTOSI,24,VILLA DE ARRIAGA,24046,18206.0,9213.0,50.6,8993.0,49.4,5529.0,30.37,11143.0,61.21,1489.0,8.18,86924.82,0.21,66.35,0.35,,58.64,7.77,,Medio,,,Bajo,0.83,0.08,-101.38,21.91,0.0,0.0,0.0,0.0,0.0,0.0
SAN LUIS POTOSI,24,VILLA DE GUADALUPE,24047,9277.0,4646.0,50.08,4631.0,49.92,2466.0,26.58,5499.0,59.28,1312.0,14.14,189173.91,0.05,100.0,0.32,,68.15,12.44,,Alto,,,Medio,0.8,0.29,-100.76,23.37,0.0,0.0,0.0,0.0,0.0,0.0
SAN LUIS POTOSI,24,VILLA DE LA PAZ,24048,5298.0,2664.0,50.28,2634.0,49.72,1444.0,27.26,3346.0,63.16,508.0,9.59,14228.68,0.37,100.0,0.55,,30.84,1.88,,Bajo,,,Muy bajo,0.88,-0.9,-100.71,23.68,0.0,0.0,0.0,0.0,0.0,0.0
SAN LUIS POTOSI,24,VILLA DE RAMOS,24049,38389.0,20122.0,52.42,18267.0,47.58,12248.0,31.9,22903.0,59.66,3220.0,8.39,246541.67,0.16,67.04,0.21,,83.89,14.0,,Medio,,,Bajo,0.84,-0.16,-101.91,22.83,0.0,0.0,0.0,0.0,0.0,0.0
SAN LUIS POTOSI,24,VILLA DE REYES,24050,52912.0,26749.0,50.55,26163.0,49.45,16179.0,30.58,33199.0,62.74,3487.0,6.59,100967.4,0.52,77.29,0.12,,46.66,5.34,,Bajo,,,Bajo,0.86,-0.44,-100.93,21.8,0.0,0.0,0.0,0.0,0.0,0.0
SAN LUIS POTOSI,24,VILLA HIDALGO,24051,15458.0,7803.0,50.48,7655.0,49.52,4026.0,26.04,9399.0,60.8,2033.0,13.15,148061.87,0.1,100.0,0.3,,48.77,7.13,,Medio,,,Bajo,0.85,-0.47,-100.68,22.45,0.0,0.0,0.0,0.0,0.0,0.0
SAN LUIS POTOSI,24,VILLA JUAREZ,24052,10304.0,5169.0,50.16,5135.0,49.84,2754.0,26.73,5973.0,57.97,1577.0,15.3,63345.18,0.16,100.0,0.26,,67.36,13.8,,Medio,,,Bajo,0.84,0.04,-100.27,22.32,0.0,0.0,0.0,0.0,0.0,0.0
SAN LUIS POTOSI,24,AXTLA DE TERRAZAS,24053,32544.0,16627.0,51.09,15917.0,48.91,8985.0,27.61,20009.0,61.48,3546.0,10.9,18936.84,1.72,75.28,73.96,,81.08,28.5,,Medio,,,Bajo,0.85,-0.02,-98.88,21.44,0.0,0.0,0.0,0.0,0.0,0.0
SAN LUIS POTOSI,24,XILITLA,24054,49741.0,25311.0,50.89,24430.0,49.11,15272.0,30.7,29273.0,58.85,5189.0,10.43,39483.1,1.26,86.64,53.76,,85.52,29.4,,Alto,,,Medio,0.8,0.69,-98.99,21.39,0.0,0.0,0.0,0.0,0.0,0.0
SAN LUIS POTOSI,24,ZARAGOZA,24055,27386.0,13904.0,50.77,13482.0,49.23,8278.0,30.23,17203.0,62.82,1905.0,6.96,60793.68,0.45,58.28,0.09,,37.07,4.89,,Bajo,,,Bajo,0.86,-0.24,-100.73,22.04,0.0,0.0,0.0,0.0,0.0,0.0
SAN LUIS POTOSI,24,VILLA DE ARISTA,24056,17258.0,8888.0,51.5,8370.0,48.5,5360.0,31.06,10578.0,61.29,1320.0,7.65,58050.79,0.3,50.96,0.67,,69.58,9.74,,Bajo,,,Bajo,0.86,-0.29,-100.85,22.64,0.0,0.0,0.0,0.0,0.0,0.0
SAN LUIS POTOSI,24,MATLAPA,24057,28996.0,14885.0,51.33,14111.0,48.67,9212.0,31.77,16931.0,58.39,2853.0,9.84,11605.53,2.5,100.0,75.44,,83.39,28.29,,Alto,,,Medio,0.82,0.56,-98.83,21.34,0.0,0.0,0.0,0.0,0.0,0.0
SAN LUIS POTOSI,24,EL NARANJO,24058,20959.0,10514.0,50.16,10445.0,49.84,5909.0,28.19,13142.0,62.7,1901.0,9.07,81262.01,0.26,47.23,0.96,,51.34,8.15,,Bajo,,,Bajo,0.88,-0.71,-99.32,22.52,0.0,0.0,0.0,0.0,0.0,0.0
SINALOA,25,AHOME,25001,459310.0,233994.0,50.94,225316.0,49.06,109552.0,23.85,309762.0,67.44,39930.0,8.69,341591.71,1.34,26.67,3.18,,27.75,2.44,,Muy bajo,,,Muy bajo,0.92,-1.11,-108.99,25.78,0.0,0.0,0.0,0.0,0.0,0.0
SINALOA,25,ANGOSTURA,25002,44093.0,21964.0,49.81,22129.0,50.19,9827.0,22.29,28653.0,64.98,5613.0,12.73,139650.86,0.32,72.66,0.79,,26.01,2.12,,Muy bajo,,,Muy bajo,0.9,-0.95,-108.16,25.36,0.0,0.0,0.0,0.0,0.0,0.0
SINALOA,25,BADIRAGUATO,25003,26542.0,12873.0,48.5,13669.0,51.5,8020.0,30.22,15739.0,59.3,2776.0,10.46,478996.71,0.06,100.0,0.13,,56.79,16.46,,Alto,,,Medio,0.8,0.3,-107.55,25.36,0.0,0.0,0.0,0.0,0.0,0.0
SINALOA,25,CONCORDIA,25004,24899.0,12360.0,49.64,12539.0,50.36,6559.0,26.34,15109.0,60.68,3231.0,12.98,214374.52,0.12,60.38,0.29,,34.56,4.31,,Bajo,,,Bajo,0.88,-0.55,-106.07,23.29,0.0,0.0,0.0,0.0,0.0,0.0
SINALOA,25,COSALA,25005,17012.0,8336.0,49.0,8676.0,51.0,5309.0,31.21,10133.0,59.56,1570.0,9.23,214904.09,0.08,53.63,0.24,,51.1,11.69,,Bajo,,,Bajo,0.86,-0.33,-106.69,24.41,0.0,0.0,0.0,0.0,0.0,0.0
SINALOA,25,CULIACAN,25006,1003530.0,512484.0,51.07,491046.0,48.93,248043.0,24.72,678895.0,67.65,74751.0,7.45,602348.34,1.67,13.21,0.47,,23.0,1.69,,Muy bajo,,,Muy bajo,0.93,-1.2,-107.39,24.81,0.0,0.0,0.0,0.0,0.0,0.0
SINALOA,25,CHOIX,25007,29334.0,14445.0,49.24,14889.0,50.76,8325.0,28.38,17623.0,60.08,3386.0,11.54,318930.35,0.09,64.79,5.29,,54.19,14.16,,Medio,,,Medio,0.84,0.13,-108.32,26.71,0.0,0.0,0.0,0.0,0.0,0.0
SINALOA,25,ELOTA,25008,55339.0,26793.0,48.42,28546.0,51.58,16089.0,29.07,35327.0,63.84,3881.0,7.01,161544.53,0.34,64.33,2.8,,38.18,5.68,,Bajo,,,Bajo,0.87,-0.44,-106.89,23.92,0.0,0.0,0.0,0.0,0.0,0.0
SINALOA,25,ESCUINAPA,25009,59988.0,29887.0,49.82,30101.0,50.18,16376.0,27.3,37794.0,63.0,5780.0,9.64,148468.63,0.4,29.87,6.87,,44.12,6.73,,Bajo,,,Bajo,0.88,-0.55,-105.78,22.84,0.0,0.0,0.0,0.0,0.0,0.0
SINALOA,25,EL FUERTE,25010,96593.0,48137.0,49.83,48456.0,50.17,24192.0,25.05,61819.0,64.0,10565.0,10.94,413379.88,0.23,67.42,11.94,,41.38,7.73,,Bajo,,,Bajo,0.87,-0.39,-108.62,26.42,0.0,0.0,0.0,0.0,0.0,0.0
SINALOA,25,GUASAVE,25011,289370.0,146352.0,50.58,143018.0,49.42,70052.0,24.21,189837.0,65.6,29424.0,10.17,267421.44,1.08,49.71,1.6,,34.99,4.47,,Muy bajo,,,Muy bajo,0.9,-0.91,-108.47,25.57,0.0,0.0,0.0,0.0,0.0,0.0
SINALOA,25,MAZATLAN,25012,501441.0,256060.0,51.06,245381.0,48.94,115734.0,23.08,341005.0,68.01,44582.0,8.89,249114.02,2.01,6.66,0.92,,20.92,1.22,,Muy bajo,,,Muy bajo,0.93,-1.17,-106.42,23.2,0.0,0.0,0.0,0.0,0.0,0.0
SINALOA,25,MOCORITO,25013,40358.0,19783.0,49.02,20575.0,50.98,9729.0,24.11,24448.0,60.58,6166.0,15.28,277295.04,0.15,69.84,0.11,,37.65,5.45,,Bajo,,,Bajo,0.87,-0.52,-107.92,25.48,0.0,0.0,0.0,0.0,0.0,0.0
SINALOA,25,ROSARIO,25014,52345.0,25896.0,49.47,26449.0,50.53,13966.0,26.68,32263.0,61.64,6116.0,11.68,260459.85,0.2,67.34,2.78,,35.42,4.41,,Bajo,,,Bajo,0.87,-0.58,-105.85,22.99,0.0,0.0,0.0,0.0,0.0,0.0
SINALOA,25,SALVADOR ALVARADO,25015,79492.0,41068.0,51.66,38424.0,48.34,19534.0,24.57,51902.0,65.29,8046.0,10.12,76596.4,1.04,11.4,0.52,,29.43,1.69,,Muy bajo,,,Muy bajo,0.93,-1.23,-108.08,25.46,0.0,0.0,0.0,0.0,0.0,0.0
SINALOA,25,SAN IGNACIO,25016,19505.0,9223.0,47.29,10282.0,52.71,4976.0,25.51,11829.0,60.65,2697.0,13.83,501231.54,0.04,100.0,0.32,,46.95,7.19,,Bajo,,,Bajo,0.86,-0.37,-106.43,23.94,0.0,0.0,0.0,0.0,0.0,0.0
SINALOA,25,SINALOA,25017,78670.0,38820.0,49.35,39850.0,50.65,21350.0,27.14,47969.0,60.97,9351.0,11.89,626827.14,0.13,85.3,2.41,,46.41,8.51,,Medio,,,Bajo,0.84,-0.18,-108.22,25.82,0.0,0.0,0.0,0.0,0.0,0.0
SINALOA,25,NAVOLATO,25018,149122.0,73653.0,49.39,75469.0,50.61,39271.0,26.33,97816.0,65.59,12026.0,8.06,203886.07,0.73,49.52,3.44,,35.22,4.07,,Muy bajo,,,Bajo,0.89,-0.63,-107.7,24.77,0.0,0.0,0.0,0.0,0.0,0.0
SONORA,26,ACONCHI,26001,2563.0,1227.0,47.87,1336.0,52.13,589.0,22.98,1624.0,63.36,350.0,13.66,36858.37,0.07,100.0,0.16,,11.05,1.1,,Muy bajo,,,Muy bajo,0.9,-1.03,-110.23,29.83,10.0,5.0,25.0,390.17,195.08,975.42
SONORA,26,AGUA PRIETA,26002,91929.0,46118.0,50.17,45811.0,49.83,25287.0,27.51,61326.0,66.71,5261.0,5.72,397342.57,0.23,0.98,1.27,,32.86,3.51,,Muy bajo,,,Muy bajo,0.92,-1.18,-109.55,31.33,389.0,214.0,1122.0,423.15,232.79,1220.51
SONORA,26,ALAMOS,26003,24976.0,12067.0,48.31,12909.0,51.69,6339.0,25.38,15540.0,62.22,3094.0,12.39,637709.98,0.04,56.11,8.25,,49.98,15.31,,Medio,,,Medio,0.84,0.21,-108.93,27.02,17.0,10.0,139.0,68.07,40.04,556.53
SONORA,26,ALTAR,26004,9492.0,4780.0,50.36,4712.0,49.64,2752.0,28.99,6058.0,63.82,678.0,7.14,448673.96,0.02,11.09,2.0,,47.47,6.98,,Muy bajo,,,Muy bajo,0.9,-1.0,-111.83,30.71,10.0,5.0,66.0,105.35,52.68,695.32
SONORA,26,ARIVECHI,26005,1177.0,583.0,49.53,594.0,50.47,283.0,24.04,707.0,60.07,187.0,15.89,72471.62,0.02,100.0,2.04,,29.62,5.26,,Muy bajo,,,Bajo,0.89,-0.63,-109.19,28.93,3.0,2.0,15.0,254.89,169.92,1274.43
SONORA,26,ARIZPE,26006,2788.0,1342.0,48.13,1446.0,51.87,616.0,22.09,1675.0,60.08,497.0,17.83,308321.04,0.01,100.0,0.11,,27.59,2.0,,Muy bajo,,,Muy bajo,0.9,-0.89,-110.17,30.34,6.0,3.0,30.0,215.21,107.6,1076.04
SONORA,26,ATIL,26007,626.0,316.0,50.48,310.0,49.52,131.0,20.93,384.0,61.34,111.0,17.73,30206.96,0.02,100.0,0.16,,26.97,1.65,,Muy bajo,,,Muy bajo,0.9,-1.15,-111.58,30.84,0.0,0.0,0.0,0.0,0.0,0.0
SONORA,26,BACADEHUACHI,26008,979.0,457.0,46.68,522.0,53.32,196.0,20.02,608.0,62.1,175.0,17.88,106740.73,0.01,100.0,0.0,,49.87,4.33,,Muy bajo,,,Muy bajo,0.89,-0.9,-109.14,29.81,0.0,0.0,3.0,0.0,0.0,306.44
SONORA,26,BACANORA,26009,759.0,369.0,48.62,390.0,51.38,169.0,22.27,422.0,55.6,160.0,21.08,112653.78,0.01,100.0,0.0,,28.72,4.14,,Bajo,,,Muy bajo,0.88,-0.79,-109.4,28.98,1.0,1.0,1.0,131.75,131.75,131.75
SONORA,26,BACERAC,26010,1221.0,618.0,50.61,603.0,49.39,308.0,25.23,756.0,61.92,157.0,12.86,134893.71,0.01,100.0,0.0,,40.97,5.0,,Bajo,,,Muy bajo,0.88,-0.74,-108.93,30.36,1.0,0.0,5.0,81.9,0.0,409.5
SONORA,26,BACOACHI,26011,1475.0,725.0,49.15,750.0,50.85,312.0,21.15,924.0,62.64,239.0,16.2,123685.48,0.01,100.0,0.34,,41.26,1.53,,Muy bajo,,,Muy bajo,0.9,-0.9,-109.97,30.63,12.0,7.0,39.0,813.56,474.58,2644.07
SONORA,26,BACUM,26012,23151.0,11367.0,49.1,11784.0,50.9,5680.0,24.53,15147.0,65.43,2310.0,9.98,157315.53,0.15,72.62,13.84,,40.43,6.38,,Bajo,,,Bajo,0.87,-0.49,-110.08,27.55,53.0,36.0,190.0,228.93,155.5,820.7
SONORA,26,BANAMICHI,26013,1825.0,901.0,49.37,924.0,50.63,453.0,24.82,1143.0,62.63,229.0,12.55,80983.19,0.02,100.0,0.0,,19.35,1.08,,Muy bajo,,,Muy bajo,0.91,-1.02,-110.22,30.01,6.0,3.0,9.0,328.77,164.38,493.15
SONORA,26,BAVIACORA,26014,3191.0,1529.0,47.92,1662.0,52.08,707.0,22.16,1959.0,61.39,525.0,16.45,84292.16,0.04,100.0,0.0,,15.65,0.54,,Muy bajo,,,Muy bajo,0.9,-1.02,-110.17,29.72,9.0,6.0,99.0,282.04,188.03,3102.48
SONORA,26,BAVISPE,26015,1169.0,551.0,47.13,618.0,52.87,323.0,27.63,675.0,57.74,171.0,14.63,172952.37,0.01,100.0,0.17,,57.84,7.16,,Muy bajo,,,Muy bajo,0.89,-1.01,-108.94,30.48,2.0,2.0,7.0,171.09,171.09,598.8
SONORA,26,BENJAMIN HILL,26016,4988.0,2505.0,50.22,2483.0,49.78,1292.0,25.9,3135.0,62.85,561.0,11.25,141592.04,0.04,100.0,0.38,,31.16,3.3,,Muy bajo,,,Muy bajo,0.9,-0.93,-111.12,30.17,9.0,6.0,36.0,180.43,120.29,721.73
SONORA,26,CABORCA,26017,89122.0,44386.0,49.8,44736.0,50.2,23690.0,26.58,59010.0,66.21,6370.0,7.15,1072790.7,0.08,18.36,1.92,,31.36,3.59,,Muy bajo,,,Muy bajo,0.91,-0.96,-112.15,30.71,240.0,168.0,2271.0,269.29,188.51,2548.19
SONORA,26,CAJEME,26018,436484.0,221883.0,50.83,214601.0,49.17,99834.0,22.87,296090.0,67.84,40477.0,9.27,482703.14,0.9,8.67,1.75,,28.95,2.71,,Muy bajo,,,Muy bajo,0.93,-1.17,-109.93,27.5,1540.0,984.0,7238.0,352.82,225.44,1658.25
SONORA,26,CANNANEA,26019,39451.0,19841.0,50.29,19610.0,49.71,10842.0,27.48,25347.0,64.25,3217.0,8.15,233068.79,0.17,3.39,0.69,,28.4,2.18,,Muy bajo,,,Muy bajo,0.93,-1.37,-110.3,30.98,264.0,109.0,1767.0,669.18,276.29,4478.97
SONORA,26,CARBO,26020,4946.0,2378.0,48.08,2568.0,51.92,1356.0,27.42,3137.0,63.42,453.0,9.16,258396.48,0.02,100.0,2.73,,46.29,4.87,,Bajo,,,Bajo,0.88,-0.6,-110.95,29.68,3.0,2.0,9.0,60.66,40.44,181.97
SONORA,26,LA COLORADA,26021,1848.0,828.0,44.81,1020.0,55.19,385.0,20.83,1179.0,63.8,284.0,15.37,411106.79,0.0,100.0,0.65,,20.36,1.39,,Bajo,,,Bajo,0.88,-0.35,-110.58,28.8,1.0,1.0,2.0,54.11,54.11,108.23
SONORA,26,CUCURPE,26022,863.0,393.0,45.54,470.0,54.46,191.0,22.13,562.0,65.12,110.0,12.75,158365.46,0.01,100.0,0.23,,35.54,1.66,,Bajo,,,Bajo,0.88,-0.26,-110.71,30.33,3.0,1.0,9.0,347.62,115.87,1042.87
SONORA,26,CUMPAS,26023,5829.0,2864.0,49.13,2965.0,50.87,1306.0,22.41,3722.0,63.85,801.0,13.74,201449.96,0.03,100.0,0.1,,19.22,0.57,,Muy bajo,,,Muy bajo,0.92,-1.17,-109.78,29.99,29.0,14.0,63.0,497.51,240.18,1080.8
SONORA,26,DIVISADEROS,26024,753.0,359.0,47.68,394.0,52.32,180.0,23.9,448.0,59.5,125.0,16.6,38586.67,0.02,100.0,0.4,,33.45,1.5,,Muy bajo,,,Muy bajo,0.9,-1.14,-109.47,29.62,0.0,0.0,5.0,0.0,0.0,664.01
SONORA,26,EMPALME,26025,51431.0,25463.0,49.51,25968.0,50.49,12975.0,25.23,33874.0,65.86,4579.0,8.9,59017.25,0.87,24.39,1.51,,35.36,5.4,,Muy bajo,,,Muy bajo,0.92,-0.96,-110.82,27.96,175.0,92.0,823.0,340.26,178.88,1600.2
SONORA,26,ETCHOJOA,26026,61309.0,30001.0,48.93,31308.0,51.07,15467.0,25.23,39655.0,64.68,6187.0,10.09,92586.85,0.66,70.48,33.01,,57.15,15.21,,Bajo,,,Bajo,0.86,-0.04,-109.63,26.91,205.0,81.0,599.0,334.37,132.12,977.02
SONORA,26,FRONTERAS,26027,9041.0,4461.0,49.34,4580.0,50.66,2690.0,29.75,5788.0,64.02,563.0,6.23,263102.36,0.03,19.92,3.24,,26.63,2.3,,Muy bajo,,,Muy bajo,0.92,-1.17,-109.56,30.9,31.0,15.0,42.0,342.88,165.91,464.55
SONORA,26,GRANADOS,26028,1009.0,485.0,48.07,524.0,51.93,221.0,21.9,629.0,62.34,159.0,15.76,36425.05,0.03,100.0,0.0,,22.59,0.59,,Muy bajo,,,Muy bajo,0.91,-1.08,-109.31,29.86,3.0,1.0,12.0,297.32,99.11,1189.3
SONORA,26,GUAYMAS,26029,156863.0,78876.0,50.28,77987.0,49.72,38544.0,24.57,104569.0,66.66,13633.0,8.69,787489.34,0.2,14.77,11.6,,32.44,6.48,,Muy bajo,,,Muy bajo,0.92,-0.84,-110.89,27.92,594.0,306.0,2540.0,378.67,195.07,1619.25
SONORA,26,HERMOSILLO,26030,936263.0,468773.0,50.07,467490.0,49.93,220771.0,23.58,646237.0,69.02,67282.0,7.19,1689319.8,0.55,3.71,1.97,,22.42,3.04,,Muy bajo,,,Muy bajo,0.95,-1.26,-110.96,29.07,3953.0,1900.0,27869.0,422.21,202.93,2976.62
SONORA,26,HUACHINERA,26031,1186.0,579.0,48.82,607.0,51.18,260.0,21.92,761.0,64.17,165.0,13.91,120048.2,0.01,100.0,0.59,,43.56,4.07,,Muy bajo,,,Muy bajo,0.89,-0.76,-108.96,30.21,3.0,0.0,3.0,252.95,0.0,252.95
SONORA,26,HUASABAS,26032,888.0,421.0,47.41,467.0,52.59,178.0,20.05,550.0,61.94,160.0,18.02,82325.09,0.01,100.0,0.68,,19.73,1.06,,Muy bajo,,,Muy bajo,0.91,-1.18,-109.3,29.9,0.0,0.0,8.0,0.0,0.0,900.9
SONORA,26,HUATABAMPO,26033,77682.0,38265.0,49.26,39417.0,50.74,18321.0,23.58,50488.0,64.99,8873.0,11.42,175373.2,0.44,60.96,21.51,,50.99,9.91,,Bajo,,,Bajo,0.88,-0.4,-109.64,26.83,196.0,116.0,985.0,252.31,149.33,1267.99
SONORA,26,HUEPAC,26034,943.0,449.0,47.61,494.0,52.39,204.0,21.63,558.0,59.17,181.0,19.19,42151.27,0.02,100.0,0.32,,9.75,0.0,,Muy bajo,,,Muy bajo,0.91,-1.22,-110.21,29.91,2.0,2.0,4.0,212.09,212.09,424.18
SONORA,26,IMURIS,26035,12536.0,6135.0,48.94,6401.0,51.06,3471.0,27.69,7933.0,63.28,1115.0,8.89,218216.99,0.06,44.77,1.08,,36.48,3.67,,Muy bajo,,,Muy bajo,0.91,-0.97,-110.86,30.78,25.0,19.0,83.0,199.43,151.56,662.09
SONORA,26,MAGDALENA,26036,33049.0,16819.0,50.89,16230.0,49.11,8632.0,26.12,21706.0,65.68,2707.0,8.19,124571.27,0.27,7.93,0.54,,28.67,2.44,,Muy bajo,,,Muy bajo,0.93,-1.24,-110.97,30.63,120.0,68.0,516.0,363.1,205.76,1561.32
SONORA,26,MAZATAN,26037,1101.0,507.0,46.05,594.0,53.95,198.0,17.98,695.0,63.12,208.0,18.89,68170.79,0.02,100.0,0.36,,30.19,2.53,,Muy bajo,,,Muy bajo,0.89,-0.82,-110.14,29.0,0.0,0.0,1.0,0.0,0.0,90.83
SONORA,26,MOCTEZUMA,26038,5173.0,2630.0,50.84,2543.0,49.16,1141.0,22.06,3462.0,66.92,523.0,10.11,187914.92,0.03,100.0,0.17,,22.04,0.38,,Muy bajo,,,Muy bajo,0.92,-1.18,-109.68,29.8,15.0,9.0,62.0,289.97,173.98,1198.53
SONORA,26,NACO,26039,5774.0,2877.0,49.83,2897.0,50.17,1715.0,29.7,3630.0,62.87,427.0,7.4,124704.81,0.05,5.01,1.21,,47.84,7.59,,Muy bajo,,,Muy bajo,0.92,-1.15,-109.95,31.33,15.0,9.0,36.0,259.79,155.87,623.48
SONORA,26,NACORI CHICO,26040,1531.0,723.0,47.22,808.0,52.78,364.0,23.78,909.0,59.37,258.0,16.85,283412.76,0.01,100.0,0.0,,56.06,10.13,,Bajo,,,Bajo,0.86,-0.26,-108.98,29.69,1.0,1.0,13.0,65.32,65.32,849.12
SONORA,26,NACOZARI DE GARCIA,26041,14369.0,7095.0,49.38,7274.0,50.62,4005.0,27.87,9455.0,65.8,909.0,6.33,174267.68,0.08,9.62,1.69,,18.28,1.8,,Muy bajo,,,Muy bajo,0.94,-1.17,-109.69,30.37,110.0,51.0,298.0,765.54,354.93,2073.91
SONORA,26,NAVOJOA,26042,164387.0,83123.0,50.57,81264.0,49.43,39304.0,23.91,109181.0,66.42,15873.0,9.66,278883.75,0.59,26.44,9.53,,38.89,6.67,,Muy bajo,,,Muy bajo,0.91,-0.74,-109.45,27.08,580.0,236.0,2473.0,352.83,143.56,1504.38
SONORA,26,NOGALES,26043,264782.0,132522.0,50.05,132260.0,49.95,70320.0,26.56,181090.0,68.39,13293.0,5.02,176687.3,1.5,1.38,1.9,,29.5,2.38,,Muy bajo,,,Muy bajo,0.92,-1.26,-110.95,31.33,863.0,473.0,3868.0,325.93,178.64,1460.82
SONORA,26,ONAVAS,26044,365.0,181.0,49.59,184.0,50.41,84.0,23.01,211.0,57.81,70.0,19.18,53228.31,0.01,100.0,0.55,,24.57,2.53,,Muy bajo,,,Muy bajo,0.9,-0.98,-109.53,28.46,1.0,0.0,6.0,273.97,0.0,1643.84
SONORA,26,OPODEPE,26045,2438.0,1113.0,45.65,1325.0,54.35,562.0,23.05,1480.0,60.71,396.0,16.24,222885.27,0.01,100.0,0.53,,35.76,6.44,,Bajo,,,Bajo,0.87,-0.49,-110.63,29.93,1.0,1.0,1.0,41.02,41.02,41.02
SONORA,26,OQUITOA,26046,496.0,265.0,53.43,231.0,46.57,98.0,19.76,326.0,65.73,72.0,14.52,92115.81,0.01,100.0,0.0,,23.64,3.0,,Muy bajo,,,Muy bajo,0.91,-1.04,-111.73,30.74,1.0,1.0,2.0,201.61,201.61,403.23
SONORA,26,PITIQUITO,26047,9122.0,4428.0,48.54,4694.0,51.46,2252.0,24.69,6012.0,65.91,858.0,9.41,983088.1,0.01,43.66,4.49,,29.4,5.6,,Muy bajo,,,Bajo,0.9,-0.65,-112.05,30.68,29.0,15.0,178.0,317.91,164.44,1951.33
SONORA,26,PUERTO PENASCO,26048,62689.0,31053.0,49.54,31636.0,50.46,17175.0,27.4,41830.0,66.73,3658.0,5.84,624122.22,0.1,0.62,2.5,,36.39,3.92,,Muy bajo,,,Muy bajo,0.92,-1.09,-113.54,31.31,128.0,73.0,411.0,204.18,116.45,655.62
SONORA,26,QUIRIEGO,26049,3090.0,1472.0,47.64,1618.0,52.36,798.0,25.83,1854.0,60.0,437.0,14.14,375816.7,0.01,100.0,7.48,,54.94,18.51,,Alto,,,Alto,0.77,0.99,-109.25,27.52,3.0,2.0,11.0,97.09,64.72,355.99
SONORA,26,RAYON,26050,1496.0,687.0,45.92,809.0,54.08,311.0,20.79,878.0,58.69,307.0,20.52,87989.81,0.02,100.0,1.07,,38.34,4.15,,Bajo,,,Bajo,0.88,-0.62,-110.57,29.71,4.0,4.0,9.0,267.38,267.38,601.6
SONORA,26,ROSARIO,26051,4830.0,2346.0,48.57,2484.0,51.43,1242.0,25.71,2837.0,58.74,742.0,15.36,350311.11,0.01,100.0,0.85,,38.71,6.2,,Medio,,,Bajo,0.85,-0.1,-109.37,27.84,7.0,6.0,50.0,144.93,124.22,1035.2
SONORA,26,SAHUARIPA,26052,5257.0,2538.0,48.28,2719.0,51.72,1186.0,22.56,3238.0,61.59,833.0,15.85,499516.4,0.01,100.0,0.38,,38.57,6.5,,Bajo,,,Bajo,0.89,-0.67,-109.23,29.06,11.0,6.0,97.0,209.24,114.13,1845.16
SONORA,26,SAN FELIPE DE JESUS,26053,369.0,168.0,45.53,201.0,54.47,95.0,25.75,212.0,57.45,62.0,16.8,15156.29,0.02,100.0,0.0,,16.79,0.31,,Muy bajo,,,Muy bajo,0.91,-1.2,-110.24,29.86,2.0,1.0,5.0,542.01,271.0,1355.01
SONORA,26,SAN JAVIER,26054,537.0,243.0,45.25,294.0,54.75,171.0,31.84,316.0,58.85,50.0,9.31,53430.42,0.01,100.0,2.23,,23.26,2.16,,Muy bajo,,,Muy bajo,0.9,-0.94,-109.74,28.6,0.0,0.0,3.0,0.0,0.0,558.66
SONORA,26,SAN LUIS RIO COLORADO,26055,199021.0,98469.0,49.48,100552.0,50.52,50595.0,25.42,133390.0,67.02,14922.0,7.5,896581.81,0.22,8.22,0.93,,41.39,4.8,,Muy bajo,,,Muy bajo,0.92,-1.08,-114.78,32.48,743.0,470.0,2805.0,373.33,236.16,1409.4
SONORA,26,SAN MIGUEL DE HORCASITAS,26056,10729.0,5122.0,47.74,5607.0,52.26,3334.0,31.07,6890.0,64.22,496.0,4.62,111550.55,0.1,12.0,38.04,,59.66,17.85,,Medio,,,Medio,0.85,0.39,-110.73,29.49,12.0,5.0,18.0,111.85,46.6,167.77
SONORA,26,SAN PEDRO DE LA CUEVA,26057,1458.0,665.0,45.61,793.0,54.39,265.0,18.18,868.0,59.53,317.0,21.74,222764.76,0.01,100.0,0.48,,35.21,5.11,,Muy bajo,,,Bajo,0.89,-0.68,-109.74,29.29,1.0,1.0,1.0,68.59,68.59,68.59
SONORA,26,SANTA ANA,26058,16203.0,8214.0,50.69,7989.0,49.31,4129.0,25.48,10507.0,64.85,1567.0,9.67,148224.31,0.11,23.64,0.33,,27.27,1.73,,Muy bajo,,,Muy bajo,0.92,-1.17,-111.12,30.54,56.0,44.0,318.0,345.62,271.55,1962.6
SONORA,26,SANTA CRUZ,26059,1835.0,873.0,47.57,962.0,52.43,521.0,28.39,1154.0,62.89,160.0,8.72,100837.68,0.02,100.0,1.14,,35.43,2.73,,Muy bajo,,,Muy bajo,0.89,-0.92,-110.6,31.23,2.0,0.0,3.0,108.99,0.0,163.49
SONORA,26,SARIC,26060,2058.0,979.0,47.57,1079.0,52.43,531.0,25.8,1291.0,62.73,227.0,11.03,136008.96,0.02,100.0,0.63,,46.2,5.42,,Bajo,,,Muy bajo,0.87,-0.78,-111.38,31.1,2.0,2.0,22.0,97.18,97.18,1069.0
SONORA,26,SOYOPA,26061,1368.0,599.0,43.79,769.0,56.21,320.0,23.39,814.0,59.5,234.0,17.11,171253.19,0.01,100.0,0.51,,18.52,3.39,,Bajo,,,Bajo,0.88,-0.55,-109.63,28.76,0.0,0.0,1.0,0.0,0.0,73.1
SONORA,26,SUAQUI GRANDE,26062,1114.0,513.0,46.05,601.0,53.95,241.0,21.63,682.0,61.22,191.0,17.15,91139.0,0.01,100.0,0.0,,25.31,1.76,,Muy bajo,,,Muy bajo,0.89,-0.88,-109.89,28.4,1.0,1.0,2.0,89.77,89.77,179.53
SONORA,26,TEPACHE,26063,1178.0,557.0,47.28,621.0,52.72,218.0,18.51,724.0,61.46,236.0,20.03,77860.0,0.02,100.0,0.0,,31.53,1.77,,Muy bajo,,,Muy bajo,0.9,-1.02,-109.53,29.53,2.0,0.0,5.0,169.78,0.0,424.45
SONORA,26,TRINCHERAS,26064,1381.0,642.0,46.49,739.0,53.51,342.0,24.76,843.0,61.04,196.0,14.19,302019.06,0.0,100.0,0.29,,30.1,2.5,,Bajo,,,Bajo,0.88,-0.67,-111.53,30.4,0.0,0.0,14.0,0.0,0.0,1013.76
SONORA,26,TUBUTAMA,26065,1473.0,690.0,46.84,783.0,53.16,329.0,22.34,921.0,62.53,223.0,15.14,173569.46,0.01,100.0,0.75,,34.68,2.74,,Bajo,,,Muy bajo,0.88,-0.76,-111.47,30.88,1.0,0.0,5.0,67.89,0.0,339.44
SONORA,26,URES,26066,8548.0,4097.0,47.93,4451.0,52.07,1674.0,19.58,5453.0,63.79,1421.0,16.62,308630.15,0.03,100.0,0.34,,20.87,1.4,,Muy bajo,,,Muy bajo,0.9,-0.95,-110.39,29.43,17.0,9.0,76.0,198.88,105.29,889.1
SONORA,26,VILLA HIDALGO,26067,1429.0,681.0,47.66,748.0,52.34,335.0,23.44,865.0,60.53,229.0,16.03,147576.88,0.01,100.0,0.49,,23.49,1.93,,Muy bajo,,,Muy bajo,0.9,-0.77,-109.32,30.16,6.0,5.0,11.0,419.87,349.9,769.77
SONORA,26,VILLA PESQUEIRA,26068,1043.0,451.0,43.24,592.0,56.76,181.0,17.35,648.0,62.13,214.0,20.52,112158.51,0.01,100.0,0.0,,24.05,3.13,,Muy bajo,,,Muy bajo,0.89,-0.73,-109.97,29.12,0.0,0.0,4.0,0.0,0.0,383.51
SONORA,26,YECORA,26069,4793.0,2378.0,49.61,2415.0,50.39,1286.0,26.83,2899.0,60.48,594.0,12.39,265800.06,0.02,100.0,15.98,,74.84,27.78,,Medio,,,Medio,0.83,0.26,-108.93,28.37,3.0,0.0,26.0,62.59,0.0,542.46
SONORA,26,GENERAL PLUTARCO ELIAS CALLES,26070,13627.0,6900.0,50.63,6727.0,49.37,4164.0,30.56,8521.0,62.53,942.0,6.91,368194.01,0.04,16.05,1.14,,45.55,5.29,,Muy bajo,,,Muy bajo,0.9,-0.99,-112.86,31.87,40.0,20.0,167.0,293.53,146.77,1225.51
SONORA,26,BENITO JUAREZ,26071,21692.0,10791.0,49.75,10901.0,50.25,5655.0,26.07,13854.0,63.87,2183.0,10.06,32582.97,0.67,39.36,12.46,,49.4,8.64,,Muy bajo,,,Bajo,0.89,-0.66,-109.84,27.13,0.0,0.0,0.0,0.0,0.0,0.0
SONORA,26,SAN IGNACIO RIO MUERTO,26072,14279.0,6937.0,48.58,7342.0,51.42,3751.0,26.27,9201.0,64.44,1327.0,9.29,125644.58,0.11,43.03,14.66,,57.18,13.01,,Bajo,,,Bajo,0.87,-0.18,-110.24,27.41,0.0,0.0,0.0,0.0,0.0,0.0
TABASCO,27,BALANCAN,27001,58524.0,29282.0,50.03,29242.0,49.97,16855.0,28.8,36458.0,62.3,5206.0,8.9,357357.1,0.16,66.49,3.26,,61.8,15.74,,Medio,,,Bajo,0.85,-0.4,-91.53,17.8,0.0,0.0,0.0,0.0,0.0,0.0
TABASCO,27,CARDENAS,27002,243229.0,124434.0,51.16,118795.0,48.84,72473.0,29.8,154079.0,63.35,16657.0,6.85,186230.5,1.31,59.86,0.94,,56.08,14.64,,Bajo,,,Bajo,0.88,-0.67,-93.38,17.99,0.0,0.0,0.0,0.0,0.0,0.0
TABASCO,27,CENTLA,27003,107731.0,54617.0,50.7,53114.0,49.3,32371.0,30.05,68213.0,63.32,7143.0,6.63,255151.31,0.42,69.95,20.82,,76.79,35.2,,Medio,,,Bajo,0.85,-0.47,-92.65,18.53,0.0,0.0,0.0,0.0,0.0,0.0
TABASCO,27,CENTRO,27004,683607.0,353527.0,51.71,330080.0,48.29,162885.0,23.83,469127.0,68.63,51331.0,7.51,169382.42,4.04,24.69,6.55,,35.81,6.4,,Muy bajo,,,Muy bajo,0.92,-1.22,-92.92,17.99,0.0,0.0,0.0,0.0,0.0,0.0
TABASCO,27,COMALCALCO,27005,214877.0,109594.0,51.0,105283.0,49.0,60620.0,28.21,138856.0,64.62,15322.0,7.13,76616.36,2.8,66.03,0.6,,54.93,11.81,,Bajo,,,Muy bajo,0.88,-0.8,-93.23,18.27,0.0,0.0,0.0,0.0,0.0,0.0
TABASCO,27,CUNDUACAN,27006,137257.0,69985.0,50.99,67272.0,49.01,40047.0,29.18,87754.0,63.93,9424.0,6.87,58887.24,2.33,80.46,0.8,,60.34,16.42,,Bajo,,,Bajo,0.87,-0.69,-93.17,18.07,0.0,0.0,0.0,0.0,0.0,0.0
TABASCO,27,EMILIANO ZAPATA,27007,32181.0,16728.0,51.98,15453.0,48.02,8483.0,26.36,20847.0,64.78,2847.0,8.85,59188.78,0.54,30.18,2.11,,56.25,11.2,,Muy bajo,,,Muy bajo,0.9,-0.91,-91.77,17.74,0.0,0.0,0.0,0.0,0.0,0.0
TABASCO,27,HUIMANGUILLO,27008,190885.0,96975.0,50.8,93910.0,49.2,59092.0,30.96,119048.0,62.37,12728.0,6.67,367044.68,0.52,72.84,0.71,,62.09,16.9,,Medio,,,Bajo,0.85,-0.46,-93.39,17.84,0.0,0.0,0.0,0.0,0.0,0.0
TABASCO,27,JALAPA,27009,37749.0,18870.0,49.99,18879.0,50.01,9458.0,25.05,24927.0,66.03,3354.0,8.89,59171.71,0.64,86.75,0.83,,51.82,10.54,,Bajo,,,Muy bajo,0.87,-0.8,-92.81,17.72,0.0,0.0,0.0,0.0,0.0,0.0
TABASCO,27,JALPA DE MENDEZ,27010,91185.0,46272.0,50.75,44913.0,49.25,25671.0,28.15,59049.0,64.76,6457.0,7.08,36864.8,2.47,68.55,1.53,,57.7,17.85,,Bajo,,,Muy bajo,0.88,-0.9,-93.06,18.18,0.0,0.0,0.0,0.0,0.0,0.0
TABASCO,27,JONUTA,27011,30798.0,15344.0,49.82,15454.0,50.18,8645.0,28.07,19577.0,63.57,2576.0,8.36,160870.75,0.19,76.01,5.64,,65.42,18.99,,Medio,,,Bajo,0.83,-0.2,-92.14,18.09,0.0,0.0,0.0,0.0,0.0,0.0
TABASCO,27,MACUSPANA,27012,158601.0,81070.0,51.12,77531.0,48.88,44423.0,28.01,102697.0,64.75,11429.0,7.21,240994.8,0.66,60.29,13.5,,69.32,24.47,,Medio,,,Bajo,0.85,-0.46,-92.59,17.76,0.0,0.0,0.0,0.0,0.0,0.0
TABASCO,27,NACAJUCA,27013,150300.0,77406.0,51.5,72894.0,48.5,40169.0,26.73,101684.0,67.65,8081.0,5.38,52733.64,2.85,49.07,20.22,,48.23,11.08,,Muy bajo,,,Muy bajo,0.9,-1.11,-93.02,18.17,0.0,0.0,0.0,0.0,0.0,0.0
TABASCO,27,PARAISO,27014,96741.0,49069.0,50.72,47672.0,49.28,25768.0,26.64,64037.0,66.19,6926.0,7.16,34414.86,2.81,67.04,0.49,,50.2,14.01,,Muy bajo,,,Muy bajo,0.9,-1.07,-93.21,18.4,0.0,0.0,0.0,0.0,0.0,0.0
TABASCO,27,TACOTALPA,27015,47905.0,24151.0,50.41,23754.0,49.59,13651.0,28.5,30519.0,63.71,3733.0,7.79,73452.55,0.65,83.91,34.85,,62.43,18.98,,Medio,,,Bajo,0.85,-0.29,-92.83,17.59,0.0,0.0,0.0,0.0,0.0,0.0
TABASCO,27,TEAPA,27016,58718.0,29954.0,51.01,28764.0,48.99,15754.0,26.83,38733.0,65.96,4230.0,7.2,42062.48,1.4,50.5,1.31,,52.92,7.63,,Bajo,,,Bajo,0.87,-0.52,-92.95,17.55,0.0,0.0,0.0,0.0,0.0,0.0
TABASCO,27,TENOSIQUE,27017,62310.0,31649.0,50.79,30661.0,49.21,17268.0,27.71,39845.0,63.95,5195.0,8.34,188271.35,0.33,43.92,9.84,,54.07,11.82,,Bajo,,,Bajo,0.86,-0.49,-91.43,17.48,0.0,0.0,0.0,0.0,0.0,0.0
TAMAULIPAS,28,ABASOLO,28001,9822.0,4924.0,50.13,4898.0,49.87,2565.0,26.11,6019.0,61.28,1238.0,12.6,183887.7,0.05,46.5,0.31,,56.14,4.39,,Bajo,,,Bajo,0.88,-0.67,-98.37,24.06,0.0,0.0,0.0,0.0,0.0,0.0
TAMAULIPAS,28,ALDAMA,28002,28725.0,14378.0,50.05,14347.0,49.95,7623.0,26.54,17874.0,62.22,3228.0,11.24,367874.89,0.08,50.1,0.97,,52.59,5.97,,Bajo,,,Bajo,0.88,-0.44,-98.07,22.92,0.0,0.0,0.0,0.0,0.0,0.0
TAMAULIPAS,28,ALTAMIRA,28003,269790.0,136484.0,50.59,133306.0,49.41,70329.0,26.07,183545.0,68.03,15132.0,5.61,164129.0,1.64,8.3,3.42,,42.14,5.57,,Muy bajo,,,Muy bajo,0.92,-1.05,-97.94,22.39,0.0,0.0,0.0,0.0,0.0,0.0
TAMAULIPAS,28,ANTIGUO MORELOS,28004,8850.0,4463.0,50.43,4387.0,49.57,2231.0,25.21,5482.0,61.94,1137.0,12.85,57608.45,0.15,100.0,0.5,,50.1,5.25,,Medio,,,Bajo,0.85,-0.53,-99.08,22.55,0.0,0.0,0.0,0.0,0.0,0.0
TAMAULIPAS,28,BURGOS,28005,4256.0,2055.0,48.28,2201.0,51.72,1016.0,23.87,2539.0,59.66,701.0,16.47,188543.0,0.02,100.0,0.16,,47.66,3.75,,Bajo,,,Bajo,0.86,-0.31,-98.8,24.95,0.0,0.0,0.0,0.0,0.0,0.0
TAMAULIPAS,28,BUSTAMANTE,28006,7542.0,3689.0,48.91,3853.0,51.09,2261.0,29.98,4313.0,57.19,968.0,12.83,143440.44,0.05,100.0,0.13,,75.5,22.22,,Muy alto,,,Alto,0.76,1.09,-99.76,23.44,0.0,0.0,0.0,0.0,0.0,0.0
TAMAULIPAS,28,CAMARGO,28007,16546.0,7926.0,47.9,8620.0,52.1,3870.0,23.39,10894.0,65.84,1782.0,10.77,92178.44,0.18,43.35,0.37,,40.96,2.75,,Muy bajo,,,Muy bajo,0.9,-0.87,-98.84,26.32,0.0,0.0,0.0,0.0,0.0,0.0
TAMAULIPAS,28,CASAS,28008,4143.0,1965.0,47.43,2178.0,52.57,1271.0,30.68,2391.0,57.71,479.0,11.56,298127.64,0.01,100.0,0.65,,58.26,12.09,,Alto,,,Medio,0.81,0.73,-98.74,23.73,0.0,0.0,0.0,0.0,0.0,0.0
TAMAULIPAS,28,CIUDAD MADERO,28009,205933.0,107685.0,52.29,98248.0,47.71,40141.0,19.49,141402.0,68.66,24116.0,11.71,4566.64,45.1,0.0,1.78,,23.35,2.29,,Muy bajo,,,Muy bajo,0.95,-1.3,-97.84,22.25,0.0,0.0,0.0,0.0,0.0,0.0
TAMAULIPAS,28,CRUILLAS,28010,1671.0,845.0,50.57,826.0,49.43,399.0,23.88,1000.0,59.84,272.0,16.28,186958.34,0.01,100.0,0.54,,53.73,6.62,,Medio,,,Bajo,0.85,-0.05,-98.53,24.76,0.0,0.0,0.0,0.0,0.0,0.0
TAMAULIPAS,28,GOMEZ FARIAS,28011,8288.0,4058.0,48.96,4230.0,51.04,1926.0,23.24,5295.0,63.89,1067.0,12.87,72243.58,0.11,100.0,0.42,,46.11,5.75,,Bajo,,,Bajo,0.86,-0.48,-99.03,22.89,0.0,0.0,0.0,0.0,0.0,0.0
TAMAULIPAS,28,GONZALEZ,28012,41470.0,21102.0,50.88,20368.0,49.12,11422.0,27.54,25701.0,61.97,4339.0,10.46,320791.31,0.13,44.33,1.48,,61.31,10.85,,Bajo,,,Bajo,0.87,-0.36,-98.43,22.83,0.0,0.0,0.0,0.0,0.0,0.0
TAMAULIPAS,28,GUEMEZ,28013,15032.0,7270.0,48.36,7762.0,51.64,3935.0,26.18,9228.0,61.39,1831.0,12.18,119624.98,0.13,100.0,0.44,,52.43,7.59,,Bajo,,,Bajo,0.86,-0.29,-99.01,23.92,0.0,0.0,0.0,0.0,0.0,0.0
TAMAULIPAS,28,GUERRERO,28014,3803.0,1688.0,44.39,2115.0,55.61,683.0,17.96,2680.0,70.47,440.0,11.57,241912.97,0.02,100.0,0.29,,31.47,0.91,,Bajo,,,Bajo,0.87,-0.31,-99.23,26.57,0.0,0.0,0.0,0.0,0.0,0.0
TAMAULIPAS,28,GUSTAVO DIAZ ORDAZ,28015,15677.0,7811.0,49.82,7866.0,50.18,4017.0,25.62,10015.0,63.88,1622.0,10.35,42838.09,0.37,23.03,0.54,,45.76,5.04,,Muy bajo,,,Muy bajo,0.9,-1.04,-98.59,26.23,0.0,0.0,0.0,0.0,0.0,0.0
TAMAULIPAS,28,HIDALGO,28016,17012.0,8323.0,48.92,8689.0,51.08,4031.0,23.7,10080.0,59.25,2901.0,17.05,211315.19,0.08,64.02,0.21,,69.78,12.43,,Bajo,,,Bajo,0.87,-0.46,-99.44,24.25,0.0,0.0,0.0,0.0,0.0,0.0
TAMAULIPAS,28,JAUMAVE,28017,15994.0,8002.0,50.03,7992.0,49.97,4411.0,27.58,9656.0,60.37,1891.0,11.82,263441.6,0.06,60.7,0.51,,60.69,12.48,,Bajo,,,Bajo,0.87,-0.19,-99.38,23.41,0.0,0.0,0.0,0.0,0.0,0.0
TAMAULIPAS,28,JIMENEZ,28018,6375.0,3204.0,50.26,3171.0,49.74,1579.0,24.77,3999.0,62.73,797.0,12.5,165173.47,0.04,100.0,0.22,,60.49,5.98,,Bajo,,,Muy bajo,0.88,-0.79,-98.49,24.21,0.0,0.0,0.0,0.0,0.0,0.0
TAMAULIPAS,28,LLERA,28019,14645.0,7177.0,49.01,7468.0,50.99,3413.0,23.3,8692.0,59.35,2540.0,17.34,254073.78,0.06,100.0,0.71,,54.91,7.61,,Medio,,,Bajo,0.85,-0.31,-99.02,23.32,0.0,0.0,0.0,0.0,0.0,0.0
TAMAULIPAS,28,MAINERO,28020,2048.0,1027.0,50.15,1021.0,49.85,461.0,22.51,1148.0,56.05,439.0,21.44,36038.74,0.06,100.0,0.1,,57.0,8.3,,Bajo,,,Bajo,0.87,-0.41,-99.61,24.56,0.0,0.0,0.0,0.0,0.0,0.0
TAMAULIPAS,28,EL MANTE,28021,106144.0,55225.0,52.03,50919.0,47.97,23753.0,22.38,69186.0,65.18,13171.0,12.41,161989.58,0.66,25.09,0.52,,39.65,3.6,,Muy bajo,,,Muy bajo,0.91,-0.97,-98.97,22.74,0.0,0.0,0.0,0.0,0.0,0.0
TAMAULIPAS,28,MATAMOROS,28022,541979.0,274081.0,50.57,267898.0,49.43,137470.0,25.36,368765.0,68.04,35069.0,6.47,383561.03,1.41,5.76,2.1,,34.61,3.36,,Muy bajo,,,Muy bajo,0.91,-1.01,-97.5,25.88,0.0,0.0,0.0,0.0,0.0,0.0
TAMAULIPAS,28,MENDEZ,28023,4280.0,2138.0,49.95,2142.0,50.05,1066.0,24.91,2595.0,60.63,619.0,14.46,250773.42,0.02,100.0,0.58,,42.29,6.15,,Medio,,,Bajo,0.84,-0.09,-98.59,25.12,0.0,0.0,0.0,0.0,0.0,0.0
TAMAULIPAS,28,MIER,28024,6385.0,3002.0,47.02,3383.0,52.98,1108.0,17.35,4277.0,66.99,1000.0,15.66,91495.5,0.07,5.07,1.1,,34.27,0.2,,Muy bajo,,,Muy bajo,0.92,-1.0,-99.15,26.43,0.0,0.0,0.0,0.0,0.0,0.0
TAMAULIPAS,28,MIGUEL ALEMAN,28025,26237.0,12612.0,48.07,13625.0,51.93,5005.0,19.08,18389.0,70.09,2843.0,10.84,63308.39,0.41,29.14,0.78,,39.12,4.37,,Muy bajo,,,Muy bajo,0.91,-1.11,-99.03,26.4,0.0,0.0,0.0,0.0,0.0,0.0
TAMAULIPAS,28,MIQUIHUANA,28026,3704.0,1792.0,48.38,1912.0,51.62,1098.0,29.64,2077.0,56.07,487.0,13.15,87575.84,0.04,100.0,0.0,,81.34,24.49,,Alto,,,Medio,0.79,0.65,-99.75,23.57,0.0,0.0,0.0,0.0,0.0,0.0
TAMAULIPAS,28,NUEVO LAREDO,28027,425058.0,215616.0,50.73,209442.0,49.27,112973.0,26.58,283982.0,66.81,27832.0,6.55,121575.85,3.5,0.29,1.19,,33.57,3.15,,Muy bajo,,,Muy bajo,0.92,-1.21,-99.51,27.49,0.0,0.0,0.0,0.0,0.0,0.0
TAMAULIPAS,28,NUEVO MORELOS,28028,3810.0,1833.0,48.11,1977.0,51.89,1097.0,28.79,2301.0,60.39,412.0,10.81,29982.83,0.13,100.0,2.02,,60.2,6.48,,Bajo,,,Bajo,0.87,-0.7,-99.22,22.53,0.0,0.0,0.0,0.0,0.0,0.0
TAMAULIPAS,28,OCAMPO,28029,13190.0,6460.0,48.98,6730.0,51.02,3375.0,25.59,7847.0,59.49,1966.0,14.91,146132.38,0.09,58.64,0.69,,56.61,8.75,,Bajo,,,Bajo,0.87,-0.39,-99.34,22.85,0.0,0.0,0.0,0.0,0.0,0.0
TAMAULIPAS,28,PADILLA,28030,13618.0,6767.0,49.69,6851.0,50.31,3619.0,26.58,8315.0,61.06,1684.0,12.37,134426.28,0.1,59.38,0.23,,56.05,7.2,,Bajo,,,Muy bajo,0.88,-0.73,-98.9,24.05,0.0,0.0,0.0,0.0,0.0,0.0
TAMAULIPAS,28,PALMILLAS,28031,1917.0,956.0,49.87,961.0,50.13,496.0,25.87,1110.0,57.9,302.0,15.75,47479.16,0.04,100.0,0.26,,54.87,7.36,,Medio,,,Bajo,0.84,-0.02,-99.55,23.3,0.0,0.0,0.0,0.0,0.0,0.0
TAMAULIPAS,28,REYNOSA,28032,704767.0,354406.0,50.29,350361.0,49.71,183050.0,25.97,481897.0,68.38,37438.0,5.31,311673.49,2.26,1.87,2.27,,27.87,2.15,,Muy bajo,,,Muy bajo,0.92,-1.17,-98.28,26.09,0.0,0.0,0.0,0.0,0.0,0.0
TAMAULIPAS,28,RIO BRAVO,28033,132484.0,66363.0,50.09,66121.0,49.91,35409.0,26.73,86969.0,65.64,10040.0,7.58,156868.4,0.84,8.23,1.22,,45.71,6.5,,Muy bajo,,,Muy bajo,0.9,-0.96,-98.09,25.98,0.0,0.0,0.0,0.0,0.0,0.0
TAMAULIPAS,28,SAN CARLOS,28034,7411.0,3556.0,47.98,3855.0,52.02,1691.0,22.82,4363.0,58.87,1357.0,18.31,288419.07,0.03,100.0,0.0,,72.1,16.59,,Medio,,,Medio,0.83,0.24,-98.94,24.58,0.0,0.0,0.0,0.0,0.0,0.0
TAMAULIPAS,28,SAN FERNNANDO,28035,51405.0,25693.0,49.98,25712.0,50.02,14121.0,27.47,32261.0,62.76,5020.0,9.77,589064.7,0.09,45.11,0.71,,59.2,10.55,,Bajo,,,Bajo,0.88,-0.38,-98.16,24.85,0.0,0.0,0.0,0.0,0.0,0.0
TAMAULIPAS,28,SAN NICOLAS,28036,926.0,432.0,46.65,494.0,53.35,252.0,27.21,572.0,61.77,98.0,10.58,53893.21,0.02,100.0,0.0,,82.89,24.13,,Muy alto,,,Muy alto,0.69,1.87,-98.83,24.69,0.0,0.0,0.0,0.0,0.0,0.0
TAMAULIPAS,28,SOTO LA MARINA,28037,23673.0,11570.0,48.87,12103.0,51.13,6063.0,25.61,15246.0,64.4,2360.0,9.97,632536.36,0.04,52.22,1.48,,51.86,7.23,,Bajo,,,Bajo,0.86,-0.07,-98.21,23.77,0.0,0.0,0.0,0.0,0.0,0.0
TAMAULIPAS,28,TAMPICO,28038,297562.0,155805.0,52.36,141757.0,47.64,58750.0,19.74,203139.0,68.27,34973.0,11.75,11230.53,26.5,0.06,2.16,,28.77,2.12,,Muy bajo,,,Muy bajo,0.94,-1.32,-97.86,22.22,0.0,0.0,0.0,0.0,0.0,0.0
TAMAULIPAS,28,TULA,28039,28230.0,14220.0,50.37,14010.0,49.63,8426.0,29.85,16446.0,58.26,3358.0,11.9,304290.84,0.09,61.12,0.4,,62.39,11.72,,Medio,,,Bajo,0.84,0.11,-99.71,23.0,0.0,0.0,0.0,0.0,0.0,0.0
TAMAULIPAS,28,VALLE HERMOSO,28040,60055.0,30613.0,50.97,29442.0,49.03,15374.0,25.6,38840.0,64.67,5827.0,9.7,89123.72,0.67,19.79,0.46,,46.69,3.31,,Muy bajo,,,Muy bajo,0.9,-0.95,-97.81,25.67,0.0,0.0,0.0,0.0,0.0,0.0
TAMAULIPAS,28,VICTORIA,28041,349688.0,180459.0,51.61,169229.0,48.39,83245.0,23.81,236254.0,67.56,29907.0,8.55,144767.73,2.42,5.03,0.47,,33.35,2.74,,Muy bajo,,,Muy bajo,0.93,-1.26,-99.15,23.73,0.0,0.0,0.0,0.0,0.0,0.0
TAMAULIPAS,28,VILLAGRAN,28042,5361.0,2626.0,48.98,2735.0,51.02,1310.0,24.44,3116.0,58.12,935.0,17.44,127465.01,0.04,100.0,0.39,,57.46,9.49,,Bajo,,,Bajo,0.86,-0.19,-99.49,24.47,0.0,0.0,0.0,0.0,0.0,0.0
TAMAULIPAS,28,XICOTENCATL,28043,22229.0,11294.0,50.81,10935.0,49.19,5202.0,23.4,14317.0,64.41,2709.0,12.19,86134.68,0.26,53.54,0.3,,28.01,2.28,,Muy bajo,,,Muy bajo,0.9,-0.82,-98.95,23.0,0.0,0.0,0.0,0.0,0.0,0.0
TLAXCALA,29,AMAXAC DE GUERRERO,29001,11403.0,5849.0,51.29,5554.0,48.71,2783.0,24.41,7666.0,67.23,943.0,8.27,1110.52,10.27,8.65,3.76,,48.86,5.72,,Muy bajo,,,Muy bajo,0.92,-1.02,-98.17,19.35,0.0,0.0,0.0,0.0,0.0,0.0
TLAXCALA,29,APETATITLAN DE ANTONIO CARVAJAL,29002,16003.0,8258.0,51.6,7745.0,48.4,3967.0,24.79,10670.0,66.67,1270.0,7.94,1155.13,13.85,100.0,2.69,,42.78,5.82,,Muy bajo,,,Muy bajo,0.91,-1.1,-98.2,19.33,0.0,0.0,0.0,0.0,0.0,0.0
TLAXCALA,29,ATLANGATEPEC,29003,7087.0,3629.0,51.21,3458.0,48.79,2019.0,28.49,4485.0,63.28,583.0,8.23,10749.88,0.66,100.0,1.88,,58.24,6.01,,Bajo,,,Bajo,0.86,-0.46,-98.21,19.53,0.0,0.0,0.0,0.0,0.0,0.0
TLAXCALA,29,ATLTZAYANCA,29004,18111.0,9168.0,50.62,8943.0,49.38,5196.0,28.69,11367.0,62.76,1539.0,8.5,18872.37,0.96,100.0,0.46,,73.47,15.06,,Bajo,,,Bajo,0.86,-0.23,-97.8,19.43,0.0,0.0,0.0,0.0,0.0,0.0
TLAXCALA,29,APIZACO,29005,80725.0,42258.0,52.35,38467.0,47.65,18768.0,23.25,54696.0,67.76,7192.0,8.91,4339.42,18.6,10.43,1.97,,44.2,3.51,,Muy bajo,,,Muy bajo,0.93,-1.16,-98.14,19.42,0.0,0.0,0.0,0.0,0.0,0.0
TLAXCALA,29,CALPULALPAN,29006,51172.0,26556.0,51.9,24616.0,48.1,14219.0,27.79,33399.0,65.27,3518.0,6.87,25238.91,2.03,26.32,0.82,,59.87,7.2,,Muy bajo,,,Muy bajo,0.91,-0.88,-98.57,19.59,0.0,0.0,0.0,0.0,0.0,0.0
TLAXCALA,29,EL CARMEN TEQUEXQUITLA,29007,17332.0,8927.0,51.51,8405.0,48.49,5223.0,30.14,11030.0,63.64,1079.0,6.23,5810.65,2.98,19.2,0.44,,87.85,22.86,,Bajo,,,Bajo,0.86,0.03,-97.66,19.32,0.0,0.0,0.0,0.0,0.0,0.0
TLAXCALA,29,CUAPIAXTLA,29008,16222.0,8250.0,50.86,7972.0,49.14,4727.0,29.14,10432.0,64.31,1059.0,6.53,8216.4,1.97,37.92,0.28,,75.3,13.47,,Bajo,,,Bajo,0.88,-0.42,-97.77,19.3,0.0,0.0,0.0,0.0,0.0,0.0
TLAXCALA,29,CUAXOMULCO,29009,5928.0,3026.0,51.05,2902.0,48.95,1564.0,26.38,3843.0,64.83,499.0,8.42,1657.88,3.58,100.0,1.27,,55.46,5.12,,Bajo,,,Bajo,0.88,-0.71,-98.1,19.36,0.0,0.0,0.0,0.0,0.0,0.0
TLAXCALA,29,CHIAUTEMPAN,29010,73215.0,37964.0,51.85,35251.0,48.15,17854.0,24.39,47910.0,65.44,5825.0,7.96,7679.93,9.53,27.1,6.59,,58.19,9.06,,Muy bajo,,,Muy bajo,0.91,-0.84,-98.19,19.31,0.0,0.0,0.0,0.0,0.0,0.0
TLAXCALA,29,MUNOZ DE DOMINGO ARENAS,29011,4755.0,2464.0,51.82,2291.0,48.18,1296.0,27.26,3066.0,64.48,393.0,8.26,3615.97,1.31,100.0,0.23,,43.66,2.31,,Muy bajo,,,Muy bajo,0.89,-0.89,-98.21,19.48,0.0,0.0,0.0,0.0,0.0,0.0
TLAXCALA,29,ESPANITA,29012,9416.0,4830.0,51.3,4586.0,48.7,2742.0,29.12,5754.0,61.11,902.0,9.58,13887.57,0.68,100.0,1.03,,69.37,7.15,,Bajo,,,Bajo,0.87,-0.45,-98.42,19.46,0.0,0.0,0.0,0.0,0.0,0.0
TLAXCALA,29,HUAMANTLA,29013,98764.0,51003.0,51.64,47761.0,48.36,28197.0,28.55,64298.0,65.1,6186.0,6.26,34685.19,2.85,18.41,0.65,,63.89,13.73,,Muy bajo,,,Bajo,0.89,-0.5,-97.92,19.31,0.0,0.0,0.0,0.0,0.0,0.0
TLAXCALA,29,HUEYOTLIPAN,29014,15190.0,7764.0,51.11,7426.0,48.89,4191.0,27.59,9591.0,63.14,1373.0,9.04,17493.78,0.87,61.09,0.77,,76.64,8.74,,Muy bajo,,,Bajo,0.89,-0.66,-98.35,19.47,0.0,0.0,0.0,0.0,0.0,0.0
TLAXCALA,29,IXTACUIXTLA DE MARIANO MATAMOROS,29015,38970.0,20054.0,51.46,18916.0,48.54,9837.0,25.24,25721.0,66.0,3400.0,8.72,16058.01,2.43,69.03,1.16,,55.75,6.69,,Muy bajo,,,Muy bajo,0.89,-0.84,-98.38,19.33,0.0,0.0,0.0,0.0,0.0,0.0
TLAXCALA,29,IXTENCO,29016,7504.0,3882.0,51.73,3622.0,48.27,1884.0,25.11,4815.0,64.17,805.0,10.73,4416.1,1.7,0.91,10.77,,68.23,8.04,,Muy bajo,,,Bajo,0.9,-0.63,-97.9,19.25,0.0,0.0,0.0,0.0,0.0,0.0
TLAXCALA,29,MAZATECOCHCO DE JOSE MARIA MORELOS,29017,11592.0,5773.0,49.8,5819.0,50.2,3257.0,28.1,7495.0,64.66,754.0,6.5,1456.55,7.96,0.1,24.9,,90.41,27.3,,Bajo,,,Bajo,0.88,-0.18,-98.19,19.18,0.0,0.0,0.0,0.0,0.0,0.0
TLAXCALA,29,CONTLA DE JUAN CUAMATZI,29018,38579.0,19787.0,51.29,18792.0,48.71,9710.0,25.17,25913.0,67.17,2831.0,7.34,2600.41,14.84,21.16,28.88,,64.79,13.15,,Muy bajo,,,Bajo,0.9,-0.62,-98.17,19.33,0.0,0.0,0.0,0.0,0.0,0.0
TLAXCALA,29,TEPETITLA DE LARDIZABAL,29019,22274.0,11575.0,51.97,10699.0,48.03,5852.0,26.27,14993.0,67.31,1424.0,6.39,2298.21,9.69,22.05,1.88,,72.06,11.22,,Muy bajo,,,Muy bajo,0.91,-0.83,-98.38,19.27,0.0,0.0,0.0,0.0,0.0,0.0
TLAXCALA,29,SANCTORUM DE LAZARO CARDENAS,29020,9432.0,4849.0,51.41,4583.0,48.59,2651.0,28.11,6077.0,64.43,704.0,7.46,9863.29,0.96,44.24,0.5,,81.31,6.83,,Muy bajo,,,Muy bajo,0.9,-0.73,-98.47,19.49,0.0,0.0,0.0,0.0,0.0,0.0
TLAXCALA,29,NNANACAMILPA DE MARIANO ARISTA,29021,18686.0,9624.0,51.5,9062.0,48.5,5085.0,27.21,11940.0,63.9,1643.0,8.79,10758.1,1.74,28.28,0.73,,67.94,5.5,,Muy bajo,,,Muy bajo,0.9,-0.78,-98.54,19.49,0.0,0.0,0.0,0.0,0.0,0.0
TLAXCALA,29,ACUAMANALA DE MIGUEL HIDALGO,29022,6432.0,3248.0,50.5,3184.0,49.5,1720.0,26.74,4324.0,67.23,369.0,5.74,1491.68,4.31,100.0,5.19,,40.46,4.05,,Muy bajo,,,Muy bajo,0.89,-0.9,-98.2,19.22,0.0,0.0,0.0,0.0,0.0,0.0
TLAXCALA,29,NATIVITAS,29023,26309.0,13584.0,51.63,12725.0,48.37,7030.0,26.72,17077.0,64.91,2197.0,8.35,5221.79,5.04,100.0,0.93,,61.88,10.3,,Bajo,,,Bajo,0.88,-0.68,-98.32,19.23,0.0,0.0,0.0,0.0,0.0,0.0
TLAXCALA,29,PANOTLA,29024,28357.0,14938.0,52.68,13419.0,47.32,6677.0,23.55,18905.0,66.67,2756.0,9.72,6061.16,4.68,69.33,2.08,,44.27,6.22,,Muy bajo,,,Muy bajo,0.91,-0.94,-98.27,19.32,0.0,0.0,0.0,0.0,0.0,0.0
TLAXCALA,29,SAN PABLO DEL MONTE,29025,82688.0,41886.0,50.66,40802.0,49.34,24146.0,29.2,54519.0,65.93,3880.0,4.69,5862.62,14.1,1.19,24.81,,73.82,17.98,,Muy bajo,,,Bajo,0.89,-0.38,-98.17,19.12,0.0,0.0,0.0,0.0,0.0,0.0
TLAXCALA,29,SANTA CRUZ TLAXCALA,29026,24116.0,12514.0,51.89,11602.0,48.11,6325.0,26.23,16116.0,66.83,1663.0,6.9,2574.31,9.37,36.14,6.98,,48.23,5.35,,Muy bajo,,,Muy bajo,0.91,-0.89,-98.15,19.36,0.0,0.0,0.0,0.0,0.0,0.0
TLAXCALA,29,TENNANCINGO,29027,12974.0,6664.0,51.36,6310.0,48.64,3456.0,26.64,8280.0,63.82,1120.0,8.63,1317.97,9.84,0.63,11.63,,76.31,15.56,,Muy bajo,,,Bajo,0.9,-0.57,-98.2,19.15,0.0,0.0,0.0,0.0,0.0,0.0
TLAXCALA,29,TEOLOCHOLCO,29028,25257.0,12881.0,51.0,12376.0,49.0,7118.0,28.18,16502.0,65.34,1611.0,6.38,7622.5,3.31,24.19,12.71,,63.13,13.68,,Muy bajo,,,Bajo,0.9,-0.67,-98.19,19.24,0.0,0.0,0.0,0.0,0.0,0.0
TLAXCALA,29,TEPEYANCO,29029,13328.0,6970.0,52.3,6358.0,47.7,3408.0,25.57,8783.0,65.9,1079.0,8.1,1629.61,8.18,100.0,2.87,,47.29,5.21,,Muy bajo,,,Muy bajo,0.89,-0.9,-98.24,19.25,0.0,0.0,0.0,0.0,0.0,0.0
TLAXCALA,29,TERRENATE,29030,15475.0,7791.0,50.35,7684.0,49.65,4760.0,30.76,9600.0,62.04,1105.0,7.14,15374.5,1.01,63.53,0.78,,73.7,6.88,,Bajo,,,Bajo,0.87,-0.28,-97.92,19.48,0.0,0.0,0.0,0.0,0.0,0.0
TLAXCALA,29,TETLA DE LA SOLIDARIDAD,29031,35284.0,18031.0,51.1,17253.0,48.9,9409.0,26.67,23534.0,66.7,2260.0,6.41,16880.29,2.09,11.8,1.33,,53.39,5.42,,Muy bajo,,,Muy bajo,0.91,-0.84,-98.1,19.44,0.0,0.0,0.0,0.0,0.0,0.0
TLAXCALA,29,TETLATLAHUCA,29032,13561.0,7040.0,51.91,6521.0,48.09,3384.0,24.95,8966.0,66.12,1211.0,8.93,2599.99,5.22,100.0,0.63,,52.48,5.89,,Muy bajo,,,Muy bajo,0.89,-0.93,-98.3,19.23,0.0,0.0,0.0,0.0,0.0,0.0
TLAXCALA,29,TLAXCALA,29033,99896.0,52644.0,52.7,47252.0,47.3,21755.0,21.78,69712.0,69.78,8368.0,8.38,5169.09,19.33,11.9,2.83,,25.04,1.35,,Muy bajo,,,Muy bajo,0.94,-1.28,-98.24,19.32,0.0,0.0,0.0,0.0,0.0,0.0
TLAXCALA,29,TLAXCO,29034,45438.0,23361.0,51.41,22077.0,48.59,13363.0,29.41,28736.0,63.24,3326.0,7.32,57186.56,0.79,60.43,0.69,,67.54,8.2,,Bajo,,,Bajo,0.87,-0.45,-98.12,19.61,0.0,0.0,0.0,0.0,0.0,0.0
TLAXCALA,29,TOCATLAN,29035,6294.0,3175.0,50.44,3119.0,49.56,1728.0,27.45,4097.0,65.09,442.0,7.02,1417.06,4.44,1.02,0.92,,71.68,8.38,,Muy bajo,,,Muy bajo,0.9,-0.75,-98.03,19.39,0.0,0.0,0.0,0.0,0.0,0.0
TLAXCALA,29,TOTOLAC,29036,22529.0,11801.0,52.38,10728.0,47.62,5338.0,23.69,15136.0,67.18,1952.0,8.66,1373.37,16.4,66.34,3.77,,42.12,5.02,,Muy bajo,,,Muy bajo,0.92,-1.15,-98.26,19.33,0.0,0.0,0.0,0.0,0.0,0.0
TLAXCALA,29,ZILTLALTEPEC DE TRINIDAD SANCHEZ SANTOS,29037,9207.0,4768.0,51.79,4439.0,48.21,2745.0,29.81,5588.0,60.69,861.0,9.35,7668.45,1.2,24.77,1.82,,78.73,17.13,,Medio,,,Bajo,0.85,0.07,-97.91,19.2,0.0,0.0,0.0,0.0,0.0,0.0
TLAXCALA,29,TZOMPANTEPEC,29038,18006.0,9270.0,51.48,8736.0,48.52,4607.0,25.59,12205.0,67.78,1151.0,6.39,3818.35,4.72,29.87,1.62,,47.28,6.62,,Muy bajo,,,Muy bajo,0.91,-0.82,-98.09,19.38,0.0,0.0,0.0,0.0,0.0,0.0
TLAXCALA,29,XALOZTOC,29039,25607.0,12861.0,50.22,12746.0,49.78,7254.0,28.33,16682.0,65.15,1645.0,6.42,4127.13,6.2,53.77,0.97,,65.84,10.2,,Muy bajo,,,Muy bajo,0.89,-0.81,-98.05,19.4,0.0,0.0,0.0,0.0,0.0,0.0
TLAXCALA,29,XALTOCAN,29040,10601.0,5588.0,52.71,5013.0,47.29,2673.0,25.21,6822.0,64.35,1073.0,10.12,10221.43,1.04,100.0,0.49,,55.87,5.82,,Bajo,,,Muy bajo,0.88,-0.75,-98.21,19.42,0.0,0.0,0.0,0.0,0.0,0.0
TLAXCALA,29,PAPALOTLA DE XICOHTENCATL,29041,33499.0,17317.0,51.69,16182.0,48.31,8986.0,26.82,22094.0,65.95,2326.0,6.94,2312.63,14.49,14.45,4.9,,64.58,12.15,,Muy bajo,,,Muy bajo,0.91,-0.78,-98.2,19.17,0.0,0.0,0.0,0.0,0.0,0.0
TLAXCALA,29,XICOHTZINCO,29042,14197.0,7435.0,52.37,6762.0,47.63,3451.0,24.31,9487.0,66.82,1239.0,8.73,728.2,19.5,0.0,1.76,,51.15,6.69,,Muy bajo,,,Muy bajo,0.92,-0.98,-98.23,19.18,0.0,0.0,0.0,0.0,0.0,0.0
TLAXCALA,29,YAUHQUEMEHCAN,29043,42242.0,21854.0,51.74,20388.0,48.26,10336.0,24.47,29023.0,68.71,2769.0,6.56,3717.95,11.36,41.77,1.31,,48.98,6.19,,Muy bajo,,,Muy bajo,0.92,-1.12,-98.18,19.41,0.0,0.0,0.0,0.0,0.0,0.0
TLAXCALA,29,ZACATELCO,29044,45717.0,23777.0,52.01,21940.0,47.99,11662.0,25.51,30485.0,66.68,3497.0,7.65,2934.32,15.58,0.28,1.47,,57.73,6.61,,Muy bajo,,,Muy bajo,0.91,-0.9,-98.24,19.22,0.0,0.0,0.0,0.0,0.0,0.0
TLAXCALA,29,BENITO JUAREZ,29045,6211.0,3248.0,52.29,2963.0,47.71,1826.0,29.4,3997.0,64.35,378.0,6.09,2545.07,2.44,0.42,0.43,,80.68,4.46,,Muy bajo,,,Bajo,0.91,-0.63,-98.43,19.58,0.0,0.0,0.0,0.0,0.0,0.0
TLAXCALA,29,EMILIANO ZAPATA,29046,4951.0,2524.0,50.98,2427.0,49.02,1514.0,30.58,3124.0,63.1,305.0,6.16,4959.02,1.0,100.0,0.22,,83.69,4.77,,Medio,,,Bajo,0.85,-0.21,-97.92,19.56,0.0,0.0,0.0,0.0,0.0,0.0
TLAXCALA,29,LAZARO CARDENAS,29047,3534.0,1799.0,50.91,1735.0,49.09,1033.0,29.23,2250.0,63.67,251.0,7.1,2528.81,1.4,100.0,0.31,,75.91,3.36,,Bajo,,,Muy bajo,0.87,-0.73,-97.98,19.54,0.0,0.0,0.0,0.0,0.0,0.0
TLAXCALA,29,LA MAGDALENA TLALTELULCO,29048,19036.0,9596.0,50.41,9440.0,49.59,443.0,2.33,1140.0,5.99,103.0,0.54,1175.11,16.2,0.0,0.46,,,,,Muy bajo,,,Alto,0.92,1.35,-98.19,19.28,0.0,0.0,0.0,0.0,0.0,0.0
TLAXCALA,29,SAN DAMIAN TEXOLOC,29049,5884.0,2962.0,50.34,2922.0,49.66,1364.0,23.18,3892.0,66.15,574.0,9.76,1015.18,5.8,0.88,0.83,,56.59,3.95,,Muy bajo,,,Muy bajo,0.92,-0.97,-98.28,19.28,0.0,0.0,0.0,0.0,0.0,0.0
TLAXCALA,29,SAN FRANCISCO TETLANOHCAN,29050,11761.0,6119.0,52.03,5642.0,47.97,3195.0,27.17,7628.0,64.86,926.0,7.87,3929.38,2.99,0.13,33.82,,67.38,12.63,,Muy bajo,,,Bajo,0.9,-0.62,-98.16,19.26,0.0,0.0,0.0,0.0,0.0,0.0
TLAXCALA,29,SAN JERONIMO ZACUALPAN,29051,4092.0,2152.0,52.59,1940.0,47.41,999.0,24.41,2679.0,65.47,408.0,9.97,774.42,5.28,100.0,0.68,,53.59,4.48,,Muy bajo,,,Bajo,0.89,-0.71,-98.26,19.24,0.0,0.0,0.0,0.0,0.0,0.0
TLAXCALA,29,SAN JOSE TEACALCO,29052,6436.0,3279.0,50.95,3157.0,49.05,1792.0,27.84,4095.0,63.63,549.0,8.53,3578.53,1.8,4.01,1.04,,81.04,11.79,,Muy bajo,,,Bajo,0.89,-0.45,-98.06,19.34,0.0,0.0,0.0,0.0,0.0,0.0
TLAXCALA,29,SAN JUAN HUACTZINCO,29053,7688.0,4011.0,52.17,3677.0,47.83,2005.0,26.08,5038.0,65.53,598.0,7.78,453.43,16.96,0.12,3.56,,64.92,10.08,,Muy bajo,,,Muy bajo,0.91,-0.89,-98.25,19.24,0.0,0.0,0.0,0.0,0.0,0.0
TLAXCALA,29,SAN LORENZO AXOCOMANITLA,29054,5689.0,2922.0,51.36,2767.0,48.64,1392.0,24.47,3790.0,66.62,507.0,8.91,447.25,12.72,0.09,0.91,,53.63,3.89,,Muy bajo,,,Muy bajo,0.92,-0.98,-98.25,19.23,0.0,0.0,0.0,0.0,0.0,0.0
TLAXCALA,29,SAN LUCAS TECOPILCO,29055,3077.0,1536.0,49.92,1541.0,50.08,756.0,24.57,1996.0,64.87,313.0,10.17,2863.01,1.07,100.0,0.91,,75.22,6.2,,Bajo,,,Muy bajo,0.88,-0.79,-98.26,19.48,0.0,0.0,0.0,0.0,0.0,0.0
TLAXCALA,29,SANTA ANA NOPALUCAN,29056,7952.0,4052.0,50.96,3900.0,49.04,2040.0,25.65,5305.0,66.71,592.0,7.44,914.85,8.69,0.01,1.24,,69.97,7.04,,Muy bajo,,,Muy bajo,0.91,-0.83,-98.33,19.3,0.0,0.0,0.0,0.0,0.0,0.0
TLAXCALA,29,SANTA APOLONIA TEACALCO,29057,4636.0,2392.0,51.6,2244.0,48.4,1152.0,24.85,3022.0,65.19,437.0,9.43,792.35,5.85,100.0,0.54,,62.85,9.31,,Muy bajo,,,Muy bajo,0.89,-0.92,-98.31,19.24,0.0,0.0,0.0,0.0,0.0,0.0
TLAXCALA,29,SANTA CATARINA AYOMETLA,29058,9463.0,4896.0,51.74,4567.0,48.26,2371.0,25.06,6289.0,66.46,803.0,8.49,1003.67,9.43,0.05,3.9,,61.36,6.13,,Muy bajo,,,Muy bajo,0.91,-0.79,-98.21,19.2,0.0,0.0,0.0,0.0,0.0,0.0
TLAXCALA,29,SANTA CRUZ QUILEHTLA,29059,7750.0,3921.0,50.59,3829.0,49.41,2251.0,29.05,5016.0,64.72,474.0,6.12,540.81,14.33,28.3,7.85,,72.69,6.25,,Muy bajo,,,Muy bajo,0.9,-0.75,-98.22,19.21,0.0,0.0,0.0,0.0,0.0,0.0
TLAXCALA,29,SANTA ISABEL XILOXOXTLA,29060,5443.0,2786.0,51.19,2657.0,48.81,1430.0,26.27,3660.0,67.24,341.0,6.26,601.21,9.05,0.0,2.98,,60.81,5.2,,Muy bajo,,,Muy bajo,0.92,-0.78,-98.21,19.27,0.0,0.0,0.0,0.0,0.0,0.0
VERACRUZ,30,ACAJETE,30001,9701.0,4781.0,49.28,4920.0,50.72,2675.0,27.57,6309.0,65.03,717.0,7.39,9689.55,1.0,100.0,0.33,,72.77,20.67,,Medio,,,Medio,0.83,0.26,-97.01,19.59,0.0,0.0,0.0,0.0,0.0,0.0
VERACRUZ,30,ACATLAN,30002,3441.0,1775.0,51.58,1666.0,48.42,964.0,28.02,2192.0,63.7,285.0,8.28,1815.14,1.9,100.0,1.34,,77.54,12.8,,Medio,,,Bajo,0.85,-0.13,-96.84,19.7,0.0,0.0,0.0,0.0,0.0,0.0
VERACRUZ,30,ACAYUCAN,30003,80815.0,42298.0,52.34,38517.0,47.66,19818.0,24.52,53279.0,65.93,7706.0,9.54,65446.79,1.23,39.9,8.14,,63.06,14.31,,Bajo,,,Bajo,0.86,-0.41,-94.91,17.95,0.0,0.0,0.0,0.0,0.0,0.0
VERACRUZ,30,ACTOPAN,30004,41742.0,21132.0,50.63,20610.0,49.37,8388.0,20.09,27624.0,66.18,5727.0,13.72,85240.57,0.49,100.0,0.33,,50.95,9.32,,Bajo,,,Bajo,0.86,-0.5,-96.62,19.5,0.0,0.0,0.0,0.0,0.0,0.0
VERACRUZ,30,ACULA,30005,5253.0,2583.0,49.17,2670.0,50.83,1208.0,23.0,3337.0,63.53,708.0,13.48,18256.94,0.29,100.0,0.38,,57.47,7.63,,Alto,,,Medio,0.81,0.13,-95.77,18.51,0.0,0.0,0.0,0.0,0.0,0.0
VERACRUZ,30,ACULTZINGO,30006,23100.0,11922.0,51.61,11178.0,48.39,6932.0,30.01,14559.0,63.03,1609.0,6.97,16823.61,1.37,66.35,27.08,,81.22,30.54,,Alto,,,Medio,0.8,0.76,-97.3,18.72,0.0,0.0,0.0,0.0,0.0,0.0
VERACRUZ,30,CAMARON DE TEJEDA,30007,6538.0,3343.0,51.13,3195.0,48.87,1573.0,24.06,4203.0,64.29,762.0,11.65,12347.88,0.53,100.0,0.02,,56.4,11.07,,Medio,,,Bajo,0.83,0.12,-96.61,19.02,0.0,0.0,0.0,0.0,0.0,0.0
VERACRUZ,30,ALPATLAHUAC,30008,10338.0,5304.0,51.31,5034.0,48.69,3403.0,32.92,6086.0,58.87,849.0,8.21,7052.68,1.47,100.0,1.04,,82.56,29.83,,Alto,,,Medio,0.81,0.95,-97.09,19.12,0.0,0.0,0.0,0.0,0.0,0.0
VERACRUZ,30,ALTO LUCERO DE GUTIERREZ BARRIOS,30009,28184.0,14178.0,50.31,14006.0,49.69,6083.0,21.58,18198.0,64.57,3898.0,13.83,64143.88,0.44,81.41,0.44,,63.15,4.77,,Bajo,,,Bajo,0.86,-0.35,-96.73,19.62,0.0,0.0,0.0,0.0,0.0,0.0
VERACRUZ,30,ALTOTONGA,30010,64234.0,33707.0,52.48,30527.0,47.52,20297.0,31.6,39314.0,61.2,4623.0,7.2,32629.98,1.97,66.31,3.01,,87.24,28.14,,Medio,,,Medio,0.83,0.41,-97.25,19.77,0.0,0.0,0.0,0.0,0.0,0.0
VERACRUZ,30,ALVARADO,30011,57035.0,29097.0,51.02,27938.0,48.98,11487.0,20.14,38904.0,68.21,6637.0,11.64,69097.84,0.83,52.52,0.67,,30.02,3.55,,Muy bajo,,,Muy bajo,0.9,-0.79,-95.76,18.77,0.0,0.0,0.0,0.0,0.0,0.0
VERACRUZ,30,AMATITLAN,30012,7866.0,4018.0,51.08,3848.0,48.92,1611.0,20.48,5110.0,64.96,1145.0,14.56,12966.03,0.61,100.0,0.23,,43.16,4.67,,Medio,,,Bajo,0.83,-0.07,-95.73,18.43,0.0,0.0,0.0,0.0,0.0,0.0
VERACRUZ,30,NARANJOS AMATLAN,30013,26843.0,14174.0,52.8,12669.0,47.2,5999.0,22.35,17264.0,64.31,3580.0,13.34,13467.76,1.99,28.2,5.68,,48.73,8.68,,Muy bajo,,,Muy bajo,0.89,-0.76,-97.69,21.35,0.0,0.0,0.0,0.0,0.0,0.0
VERACRUZ,30,AMATLAN DE LOS REYES,30014,46955.0,24181.0,51.5,22774.0,48.5,11106.0,23.65,31585.0,67.27,4259.0,9.07,15078.34,3.11,65.29,2.86,,55.47,11.12,,Bajo,,,Bajo,0.87,-0.46,-96.92,18.85,0.0,0.0,0.0,0.0,0.0,0.0
VERACRUZ,30,ANGEL R. CABADA,30015,33839.0,17325.0,51.2,16514.0,48.8,7295.0,21.56,21976.0,64.94,4565.0,13.49,42899.98,0.79,60.92,0.88,,59.73,12.77,,Medio,,,Bajo,0.84,-0.09,-95.44,18.6,0.0,0.0,0.0,0.0,0.0,0.0
VERACRUZ,30,LA ANTIGUA,30016,28682.0,14945.0,52.11,13737.0,47.89,6293.0,21.94,19451.0,67.82,2937.0,10.24,12872.33,2.23,29.69,0.85,,43.91,5.6,,Muy bajo,,,Muy bajo,0.91,-0.96,-96.37,19.37,0.0,0.0,0.0,0.0,0.0,0.0
VERACRUZ,30,APAZAPAN,30017,4709.0,2346.0,49.82,2363.0,50.18,1046.0,22.21,3007.0,63.86,656.0,13.93,6730.83,0.7,100.0,0.19,,45.06,6.55,,Bajo,,,Bajo,0.87,-0.65,-96.72,19.32,0.0,0.0,0.0,0.0,0.0,0.0
VERACRUZ,30,AQUILA,30018,1978.0,1049.0,53.03,929.0,46.97,703.0,35.54,1124.0,56.83,151.0,7.63,2060.24,0.96,100.0,4.1,,91.12,40.37,,Alto,,,Alto,0.78,1.0,-97.31,18.8,0.0,0.0,0.0,0.0,0.0,0.0
VERACRUZ,30,ASTACINGA,30019,6909.0,3708.0,53.67,3201.0,46.33,2526.0,36.56,3962.0,57.35,421.0,6.09,2973.31,2.32,100.0,98.8,,93.66,45.2,,Alto,,,Muy alto,0.77,2.23,-97.1,18.57,0.0,0.0,0.0,0.0,0.0,0.0
VERACRUZ,30,ATLAHUILCO,30020,11577.0,5983.0,51.68,5594.0,48.32,3678.0,31.77,7186.0,62.07,713.0,6.16,6194.94,1.87,100.0,97.91,,94.6,53.73,,Muy alto,,,Muy alto,0.76,2.4,-97.09,18.7,0.0,0.0,0.0,0.0,0.0,0.0
VERACRUZ,30,ATOYAC,30021,23461.0,12110.0,51.62,11351.0,48.38,5642.0,24.05,15182.0,64.71,2637.0,11.24,12228.71,1.92,39.05,0.92,,58.87,9.4,,Bajo,,,Bajo,0.86,-0.26,-96.78,18.91,0.0,0.0,0.0,0.0,0.0,0.0
VERACRUZ,30,ATZACAN,30022,22651.0,11526.0,50.89,11125.0,49.11,6492.0,28.66,14524.0,64.12,1635.0,7.22,6506.93,3.48,32.14,1.28,,81.9,30.15,,Medio,,,Medio,0.83,0.51,-97.08,18.91,0.0,0.0,0.0,0.0,0.0,0.0
VERACRUZ,30,ATZALAN,30023,49180.0,24801.0,50.43,24379.0,49.57,13831.0,28.12,30356.0,61.72,4992.0,10.15,51830.6,0.95,100.0,0.74,,73.03,18.1,,Alto,,,Medio,0.81,0.38,-97.24,19.79,0.0,0.0,0.0,0.0,0.0,0.0
VERACRUZ,30,TLALTETELA,30024,16485.0,8167.0,49.54,8318.0,50.46,4654.0,28.23,10580.0,64.18,1251.0,7.59,27628.25,0.6,65.51,0.87,,80.22,20.37,,Medio,,,Medio,0.83,0.38,-96.9,19.31,0.0,0.0,0.0,0.0,0.0,0.0
VERACRUZ,30,AYAHUALULCO,30025,27217.0,13979.0,51.36,13238.0,48.64,9904.0,36.39,15315.0,56.27,1998.0,7.34,17202.45,1.58,100.0,0.7,,95.91,24.15,,Alto,,,Alto,0.78,1.16,-97.15,19.35,0.0,0.0,0.0,0.0,0.0,0.0
VERACRUZ,30,BANDERILLA,30026,25993.0,13772.0,52.98,12221.0,47.02,6139.0,23.62,17970.0,69.13,1878.0,7.23,1967.51,13.21,12.44,0.98,,46.14,5.86,,Muy bajo,,,Muy bajo,0.91,-0.94,-96.94,19.59,0.0,0.0,0.0,0.0,0.0,0.0
VERACRUZ,30,BENITO JUAREZ,30027,16120.0,8332.0,51.69,7788.0,48.31,4257.0,26.41,9681.0,60.06,2182.0,13.54,23060.36,0.7,100.0,94.66,,81.83,30.85,,Alto,,,Alto,0.77,1.59,-98.21,20.89,0.0,0.0,0.0,0.0,0.0,0.0
VERACRUZ,30,BOCA DEL RIO,30028,144550.0,76565.0,52.97,67985.0,47.03,25379.0,17.56,99846.0,69.07,19091.0,13.21,3695.8,39.11,1.76,1.34,,35.07,4.0,,Muy bajo,,,Muy bajo,0.94,-1.25,-96.11,19.11,0.0,0.0,0.0,0.0,0.0,0.0
VERACRUZ,30,CALCAHUALCO,30029,13701.0,6939.0,50.65,6762.0,49.35,4887.0,35.67,7934.0,57.91,880.0,6.42,13340.34,1.03,100.0,3.17,,92.71,45.11,,Alto,,,Alto,0.79,1.41,-97.09,19.12,0.0,0.0,0.0,0.0,0.0,0.0
VERACRUZ,30,CAMERINO Z. MENDOZA,30030,41835.0,22148.0,52.94,19687.0,47.06,9684.0,23.15,27407.0,65.51,4734.0,11.32,2081.64,20.1,16.7,24.25,,63.18,21.85,,Bajo,,,Bajo,0.88,-0.33,-97.18,18.8,0.0,0.0,0.0,0.0,0.0,0.0
VERACRUZ,30,CARRILLO PUERTO,30031,18888.0,9551.0,50.57,9337.0,49.43,5253.0,27.81,12091.0,64.01,1544.0,8.17,24860.85,0.76,100.0,0.46,,75.24,23.11,,Alto,,,Medio,0.79,0.54,-96.57,18.8,0.0,0.0,0.0,0.0,0.0,0.0
VERACRUZ,30,CATEMACO,30032,49451.0,25852.0,52.28,23599.0,47.72,13002.0,26.29,31649.0,64.0,4790.0,9.69,64558.19,0.77,42.05,1.28,,81.53,27.84,,Medio,,,Bajo,0.85,-0.03,-95.11,18.42,0.0,0.0,0.0,0.0,0.0,0.0
VERACRUZ,30,CAZONES DE HERRERA,30033,24421.0,12575.0,51.49,11846.0,48.51,6618.0,27.1,15135.0,61.98,2666.0,10.92,26606.1,0.92,100.0,24.68,,76.87,25.1,,Alto,,,Medio,0.81,0.26,-97.31,20.7,0.0,0.0,0.0,0.0,0.0,0.0
VERACRUZ,30,CERRO AZUL,30034,25011.0,13413.0,53.63,11598.0,46.37,5469.0,21.87,15922.0,63.66,3607.0,14.42,9017.6,2.77,14.77,3.5,,57.26,12.38,,Muy bajo,,,Muy bajo,0.9,-0.88,-97.74,21.19,0.0,0.0,0.0,0.0,0.0,0.0
VERACRUZ,30,CITLALTEPETL,30035,11165.0,5687.0,50.94,5478.0,49.06,3028.0,27.12,6481.0,58.05,1650.0,14.78,8048.61,1.39,54.59,28.76,,83.68,31.57,,Medio,,,Medio,0.83,0.24,-97.88,21.33,0.0,0.0,0.0,0.0,0.0,0.0
VERACRUZ,30,COACOATZINTLA,30036,11018.0,5689.0,51.63,5329.0,48.37,3291.0,29.87,7008.0,63.61,719.0,6.53,4366.2,2.52,27.6,0.6,,84.35,20.01,,Bajo,,,Bajo,0.86,-0.09,-96.95,19.65,0.0,0.0,0.0,0.0,0.0,0.0
VERACRUZ,30,COAHUITLAN,30037,8176.0,4186.0,51.2,3990.0,48.8,2512.0,30.72,4969.0,60.78,695.0,8.5,4144.26,1.97,100.0,65.03,,93.75,45.21,,Alto,,,Alto,0.77,1.01,-97.71,20.28,0.0,0.0,0.0,0.0,0.0,0.0
VERACRUZ,30,COATEPEC,30038,93911.0,48815.0,51.98,45096.0,48.02,20404.0,21.73,64138.0,68.3,9312.0,9.92,20113.03,4.67,31.83,0.65,,52.98,7.65,,Muy bajo,,,Muy bajo,0.9,-0.8,-96.96,19.45,0.0,0.0,0.0,0.0,0.0,0.0
VERACRUZ,30,COATZACOALCOS,30039,310698.0,161559.0,52.0,149139.0,48.0,68080.0,21.91,214577.0,69.06,27371.0,8.81,29307.63,10.6,2.85,4.85,,43.49,6.12,,Muy bajo,,,Muy bajo,0.92,-1.08,-94.45,18.14,0.0,0.0,0.0,0.0,0.0,0.0
VERACRUZ,30,COATZINTLA,30040,55016.0,28724.0,52.21,26292.0,47.79,13116.0,23.84,36854.0,66.99,5016.0,9.12,27545.18,2.0,38.13,13.07,,46.5,10.31,,Muy bajo,,,Muy bajo,0.89,-0.74,-97.46,20.48,0.0,0.0,0.0,0.0,0.0,0.0
VERACRUZ,30,COETZALA,30041,2355.0,1199.0,50.91,1156.0,49.09,596.0,25.31,1545.0,65.61,214.0,9.09,940.18,2.5,100.0,44.5,,72.01,28.45,,Muy alto,,,Alto,0.75,1.29,-96.92,18.79,0.0,0.0,0.0,0.0,0.0,0.0
VERACRUZ,30,COLIPA,30042,5743.0,2899.0,50.48,2844.0,49.52,1473.0,25.65,3479.0,60.58,791.0,13.77,12950.21,0.44,100.0,0.3,,67.68,20.82,,Alto,,,Medio,0.81,0.35,-96.73,19.92,0.0,0.0,0.0,0.0,0.0,0.0
VERACRUZ,30,COMAPA,30043,19876.0,9901.0,49.81,9975.0,50.19,5397.0,27.15,12722.0,64.01,1757.0,8.84,30933.26,0.64,73.95,0.25,,88.35,27.97,,Alto,,,Medio,0.79,0.82,-96.89,19.16,0.0,0.0,0.0,0.0,0.0,0.0
VERACRUZ,30,CORDOBA,30044,204721.0,108761.0,53.13,95960.0,46.87,47093.0,23.0,137810.0,67.32,19779.0,9.66,15912.86,12.87,22.6,3.71,,47.36,6.37,,Muy bajo,,,Muy bajo,0.9,-0.87,-96.94,18.89,0.0,0.0,0.0,0.0,0.0,0.0
VERACRUZ,30,COSAMALOAPAN DE CARPIO,30045,54737.0,28858.0,52.72,25879.0,47.28,11792.0,21.54,36115.0,65.98,6828.0,12.47,50965.22,1.07,46.87,6.54,,47.53,8.31,,Bajo,,,Bajo,0.87,-0.53,-95.8,18.36,0.0,0.0,0.0,0.0,0.0,0.0
VERACRUZ,30,COSAUTLAN DE CARVAJAL,30046,16167.0,8187.0,50.64,7980.0,49.36,4211.0,26.05,10378.0,64.19,1578.0,9.76,7616.86,2.12,100.0,0.18,,80.81,15.0,,Medio,,,Medio,0.83,0.38,-96.99,19.33,0.0,0.0,0.0,0.0,0.0,0.0
VERACRUZ,30,COSCOMATEPEC,30047,59471.0,30756.0,51.72,28715.0,48.28,19573.0,32.91,36282.0,61.01,3579.0,6.02,15733.65,3.78,48.66,0.61,,89.08,37.16,,Alto,,,Medio,0.82,0.79,-97.05,19.07,0.0,0.0,0.0,0.0,0.0,0.0
VERACRUZ,30,COSOLEACAQUE,30048,130903.0,68746.0,52.52,62157.0,47.48,30698.0,23.45,89816.0,68.61,10255.0,7.83,26895.74,4.87,30.95,9.51,,53.22,9.4,,Muy bajo,,,Muy bajo,0.89,-0.78,-94.64,18.0,0.0,0.0,0.0,0.0,0.0,0.0
VERACRUZ,30,COTAXTLA,30049,22050.0,11182.0,50.71,10868.0,49.29,5200.0,23.58,14655.0,66.46,2195.0,9.95,53499.23,0.41,100.0,0.73,,52.36,13.03,,Medio,,,Bajo,0.84,-0.22,-96.4,18.84,0.0,0.0,0.0,0.0,0.0,0.0
VERACRUZ,30,COXQUIHUI,30050,16333.0,8431.0,51.62,7902.0,48.38,4719.0,28.89,9761.0,59.76,1852.0,11.34,7965.7,2.05,100.0,86.33,,86.93,41.96,,Muy alto,,,Alto,0.74,1.27,-97.59,20.18,0.0,0.0,0.0,0.0,0.0,0.0
VERACRUZ,30,COYUTLA,30051,23096.0,11955.0,51.76,11141.0,48.24,6646.0,28.78,14143.0,61.24,2307.0,9.99,23221.38,0.99,60.54,78.57,,83.94,30.02,,Alto,,,Medio,0.8,0.56,-97.66,20.25,0.0,0.0,0.0,0.0,0.0,0.0
VERACRUZ,30,CUICHAPA,30052,11869.0,6224.0,52.44,5645.0,47.56,3125.0,26.33,7590.0,63.95,1149.0,9.68,3457.15,3.43,100.0,4.54,,64.28,19.26,,Medio,,,Bajo,0.85,-0.28,-96.87,18.77,0.0,0.0,0.0,0.0,0.0,0.0
VERACRUZ,30,CUITLAHUAC,30053,28075.0,14565.0,51.88,13510.0,48.12,7404.0,26.37,18020.0,64.19,2636.0,9.39,14970.46,1.88,49.05,1.65,,54.64,9.0,,Bajo,,,Bajo,0.88,-0.56,-96.72,18.81,0.0,0.0,0.0,0.0,0.0,0.0
VERACRUZ,30,CHACALTIANGUIS,30054,11461.0,5887.0,51.37,5574.0,48.63,2429.0,21.19,7300.0,63.69,1732.0,15.11,28641.85,0.4,100.0,0.44,,57.23,9.29,,Medio,,,Bajo,0.84,-0.25,-95.84,18.31,0.0,0.0,0.0,0.0,0.0,0.0
VERACRUZ,30,CHALMA,30055,13527.0,7006.0,51.79,6521.0,48.21,3492.0,25.82,8017.0,59.27,2018.0,14.92,15059.62,0.9,100.0,53.37,,67.77,18.96,,Alto,,,Medio,0.79,0.7,-98.4,21.21,0.0,0.0,0.0,0.0,0.0,0.0
VERACRUZ,30,CHICONAMEL,30056,6610.0,3467.0,52.45,3143.0,47.55,1920.0,29.05,3774.0,57.1,916.0,13.86,9177.71,0.72,100.0,79.24,,73.54,27.04,,Alto,,,Medio,0.79,0.81,-98.46,21.23,0.0,0.0,0.0,0.0,0.0,0.0
VERACRUZ,30,CHICONQUIACO,30057,13881.0,6951.0,50.08,6930.0,49.92,4254.0,30.65,8537.0,61.5,1090.0,7.85,13284.76,1.04,100.0,0.56,,94.08,27.83,,Alto,,,Medio,0.8,0.75,-96.82,19.74,0.0,0.0,0.0,0.0,0.0,0.0
VERACRUZ,30,CHICONTEPEC,30058,53858.0,27644.0,51.33,26214.0,48.67,12484.0,23.18,32536.0,60.41,8838.0,16.41,92808.91,0.58,100.0,84.2,,73.19,25.23,,Alto,,,Medio,0.82,0.73,-98.18,20.97,0.0,0.0,0.0,0.0,0.0,0.0
VERACRUZ,30,CHINAMECA,30059,22638.0,11708.0,51.72,10930.0,48.28,5604.0,24.75,15019.0,66.34,2015.0,8.9,17414.07,1.3,38.27,6.11,,63.03,16.18,,Medio,,,Bajo,0.85,-0.14,-94.68,18.02,0.0,0.0,0.0,0.0,0.0,0.0
VERACRUZ,30,CHINAMPA DE GOROSTIZA,30060,16283.0,8356.0,51.32,7927.0,48.68,4272.0,26.24,10190.0,62.58,1787.0,10.97,13888.27,1.17,63.23,11.78,,73.39,20.61,,Alto,,,Medio,0.82,0.31,-97.74,21.36,0.0,0.0,0.0,0.0,0.0,0.0
VERACRUZ,30,LAS CHOAPAS,30061,81080.0,41731.0,51.47,39349.0,48.53,24875.0,30.68,49423.0,60.96,6765.0,8.34,350077.12,0.23,42.14,8.13,,74.0,25.32,,Alto,,,Bajo,0.82,0.11,-94.09,17.91,0.0,0.0,0.0,0.0,0.0,0.0
VERACRUZ,30,CHOCAMAN,30062,20839.0,10561.0,50.68,10278.0,49.32,5879.0,28.21,13443.0,64.51,1517.0,7.28,4410.84,4.72,43.05,1.17,,78.3,29.75,,Medio,,,Medio,0.84,0.46,-97.03,19.01,0.0,0.0,0.0,0.0,0.0,0.0
VERACRUZ,30,CHONTLA,30063,13359.0,6833.0,51.15,6526.0,48.85,3198.0,23.94,7956.0,59.56,2205.0,16.51,38678.81,0.35,100.0,40.97,,68.43,18.86,,Alto,,,Medio,0.82,0.66,-97.92,21.29,0.0,0.0,0.0,0.0,0.0,0.0
VERACRUZ,30,CHUMATLAN,30064,4008.0,2114.0,52.74,1894.0,47.26,1126.0,28.09,2460.0,61.38,422.0,10.53,2281.78,1.76,100.0,98.88,,88.24,45.38,,Muy alto,,,Alto,0.72,1.38,-97.59,20.21,0.0,0.0,0.0,0.0,0.0,0.0
VERACRUZ,30,EMILIANO ZAPATA,30065,85489.0,44327.0,51.85,41162.0,48.15,19398.0,22.69,59144.0,69.18,6924.0,8.1,41335.42,2.07,67.99,1.13,,39.48,6.48,,Muy bajo,,,Muy bajo,0.91,-0.97,-96.8,19.48,0.0,0.0,0.0,0.0,0.0,0.0
VERACRUZ,30,ESPINAL,30066,26830.0,13809.0,51.47,13021.0,48.53,7249.0,27.02,16726.0,62.34,2845.0,10.6,23904.99,1.12,100.0,53.76,,77.72,25.35,,Alto,,,Medio,0.8,0.4,-97.4,20.26,0.0,0.0,0.0,0.0,0.0,0.0
VERACRUZ,30,FILOMENO MATA,30067,19179.0,9885.0,51.54,9294.0,48.46,7283.0,37.97,10863.0,56.64,1033.0,5.39,4296.6,4.46,19.62,99.41,,94.85,48.96,,Alto,,,Alto,0.76,1.5,-97.7,20.2,0.0,0.0,0.0,0.0,0.0,0.0
VERACRUZ,30,FORTIN,30068,66372.0,35130.0,52.93,31242.0,47.07,15107.0,22.76,44902.0,67.65,6353.0,9.57,6091.36,10.9,38.46,2.26,,50.88,10.39,,Muy bajo,,,Muy bajo,0.9,-0.88,-97.0,18.9,0.0,0.0,0.0,0.0,0.0,0.0
VERACRUZ,30,GUTIERREZ ZAMORA,30069,24085.0,12897.0,53.55,11188.0,46.45,5282.0,21.93,15308.0,63.56,3494.0,14.51,17204.36,1.4,42.01,5.9,,57.79,10.15,,Bajo,,,Bajo,0.86,-0.39,-97.09,20.45,0.0,0.0,0.0,0.0,0.0,0.0
VERACRUZ,30,HIDALGOTITLAN,30070,18275.0,9127.0,49.94,9148.0,50.06,5183.0,28.36,11312.0,61.9,1774.0,9.71,105480.78,0.17,100.0,5.36,,75.32,23.35,,Alto,,,Medio,0.78,0.27,-94.65,17.77,0.0,0.0,0.0,0.0,0.0,0.0
VERACRUZ,30,HUATUSCO,30071,59920.0,31310.0,52.25,28610.0,47.75,16003.0,26.71,39312.0,65.61,4601.0,7.68,20187.77,2.97,44.26,0.82,,68.31,15.78,,Bajo,,,Bajo,0.86,-0.18,-96.97,19.15,0.0,0.0,0.0,0.0,0.0,0.0
VERACRUZ,30,HUAYACOCOTLA,30072,21796.0,11329.0,51.98,10467.0,48.02,6398.0,29.35,13366.0,61.32,2032.0,9.32,51802.08,0.42,71.95,7.86,,78.28,21.35,,Alto,,,Medio,0.82,0.57,-98.48,20.54,0.0,0.0,0.0,0.0,0.0,0.0
VERACRUZ,30,HUEYAPAN DE OCAMPO,30073,41670.0,21469.0,51.52,20201.0,48.48,10882.0,26.11,26225.0,62.93,4562.0,10.95,70827.17,0.59,85.07,31.16,,77.06,26.26,,Alto,,,Medio,0.82,0.32,-95.14,18.15,0.0,0.0,0.0,0.0,0.0,0.0
VERACRUZ,30,HUILOAPAN DE CUAUHTEMOC,30074,7293.0,3836.0,52.6,3457.0,47.4,1762.0,24.16,4883.0,66.95,648.0,8.89,1864.26,3.91,100.0,6.92,,55.04,9.52,,Bajo,,,Bajo,0.87,-0.67,-97.16,18.82,0.0,0.0,0.0,0.0,0.0,0.0
VERACRUZ,30,IGNACIO DE LA LLAVE,30075,16525.0,8566.0,51.84,7959.0,48.16,3825.0,23.15,10207.0,61.77,2493.0,15.09,37565.43,0.44,100.0,0.86,,70.48,17.06,,Alto,,,Bajo,0.81,0.1,-95.99,18.72,0.0,0.0,0.0,0.0,0.0,0.0
VERACRUZ,30,ILAMATLAN,30076,13377.0,7027.0,52.53,6350.0,47.47,4124.0,30.83,7741.0,57.87,1512.0,11.3,15399.99,0.87,100.0,94.31,,91.74,42.86,,Muy alto,,,Muy alto,0.71,2.37,-98.44,20.78,0.0,0.0,0.0,0.0,0.0,0.0
VERACRUZ,30,ISLA,30077,42807.0,22092.0,51.61,20715.0,48.39,10820.0,25.28,27958.0,65.31,4027.0,9.41,92502.81,0.46,40.18,4.91,,65.51,13.85,,Bajo,,,Bajo,0.86,-0.29,-95.53,18.03,0.0,0.0,0.0,0.0,0.0,0.0
VERACRUZ,30,IXCATEPEC,30078,12379.0,6299.0,50.88,6080.0,49.12,2874.0,23.22,7563.0,61.1,1942.0,15.69,17521.14,0.71,100.0,74.11,,79.08,27.96,,Alto,,,Alto,0.8,1.01,-98.01,21.24,0.0,0.0,0.0,0.0,0.0,0.0
VERACRUZ,30,IXHUACAN DE LOS REYES,30079,11387.0,5770.0,50.67,5617.0,49.33,3253.0,28.57,7183.0,63.08,941.0,8.26,14897.93,0.76,100.0,1.11,,89.28,18.66,,Alto,,,Medio,0.82,0.68,-97.12,19.36,0.0,0.0,0.0,0.0,0.0,0.0
VERACRUZ,30,IXHUATLAN DEL CAFE,30080,23132.0,11672.0,50.46,11460.0,49.54,6640.0,28.7,14699.0,63.54,1793.0,7.75,12876.66,1.8,69.97,1.09,,85.7,23.85,,Medio,,,Medio,0.83,0.34,-96.98,19.05,0.0,0.0,0.0,0.0,0.0,0.0
VERACRUZ,30,IXHUATLANCILLO,30081,27295.0,14386.0,52.71,12909.0,47.29,6943.0,25.44,18571.0,68.04,1781.0,6.53,5214.46,5.23,43.61,30.83,,64.24,19.98,,Bajo,,,Bajo,0.86,-0.18,-97.15,18.9,0.0,0.0,0.0,0.0,0.0,0.0
VERACRUZ,30,IXHUATLAN DEL SURESTE,30082,15831.0,8063.0,50.93,7768.0,49.07,3991.0,25.21,10563.0,66.72,1272.0,8.03,15452.37,1.02,34.1,4.19,,58.0,12.14,,Bajo,,,Bajo,0.86,-0.36,-94.39,18.02,0.0,0.0,0.0,0.0,0.0,0.0
VERACRUZ,30,IXHUATLAN DE MADERO,30083,50836.0,26113.0,51.37,24723.0,48.63,12935.0,25.44,30973.0,60.93,6927.0,13.63,66347.57,0.77,100.0,85.47,,86.48,40.63,,Alto,,,Alto,0.78,1.33,-98.01,20.69,0.0,0.0,0.0,0.0,0.0,0.0
VERACRUZ,30,IXMATLAHUACAN,30084,5574.0,2862.0,51.35,2712.0,48.65,1191.0,21.37,3625.0,65.03,758.0,13.6,33030.76,0.17,100.0,0.57,,48.43,6.25,,Medio,,,Bajo,0.83,-0.03,-95.83,18.45,0.0,0.0,0.0,0.0,0.0,0.0
VERACRUZ,30,IXTACZOQUITLAN,30085,74004.0,38641.0,52.21,35363.0,47.79,18126.0,24.49,50009.0,67.58,5869.0,7.93,13677.33,5.41,48.2,12.79,,52.79,14.24,,Muy bajo,,,Bajo,0.89,-0.59,-97.06,18.85,0.0,0.0,0.0,0.0,0.0,0.0
VERACRUZ,30,JALACINGO,30086,46794.0,24150.0,51.61,22644.0,48.39,15294.0,32.68,28644.0,61.21,2843.0,6.08,20671.44,2.26,66.22,0.68,,81.46,20.96,,Medio,,,Medio,0.83,0.43,-97.31,19.81,0.0,0.0,0.0,0.0,0.0,0.0
VERACRUZ,30,XALAPA,30087,488531.0,261710.0,53.57,226821.0,46.43,100456.0,20.56,339509.0,69.5,48285.0,9.88,12387.45,39.44,3.74,1.34,,38.28,4.51,,Muy bajo,,,Muy bajo,0.93,-1.13,-96.92,19.53,0.0,0.0,0.0,0.0,0.0,0.0
VERACRUZ,30,JALCOMULCO,30088,5054.0,2517.0,49.8,2537.0,50.2,999.0,19.77,3383.0,66.94,672.0,13.3,7231.13,0.7,100.0,1.09,,71.98,7.7,,Medio,,,Bajo,0.85,-0.04,-96.76,19.33,0.0,0.0,0.0,0.0,0.0,0.0
VERACRUZ,30,JALTIPAN,30089,38669.0,20477.0,52.95,18192.0,47.05,8689.0,22.47,25539.0,66.05,4438.0,11.48,31042.18,1.25,17.62,3.72,,64.65,16.83,,Bajo,,,Bajo,0.87,-0.47,-94.72,17.97,0.0,0.0,0.0,0.0,0.0,0.0
VERACRUZ,30,JAMAPA,30090,11132.0,5712.0,51.31,5420.0,48.69,2592.0,23.28,7305.0,65.62,1235.0,11.09,13150.38,0.85,100.0,0.35,,55.15,10.85,,Medio,,,Bajo,0.85,-0.52,-96.24,19.04,0.0,0.0,0.0,0.0,0.0,0.0
VERACRUZ,30,JESUS CARRANZA,30091,28524.0,14445.0,50.64,14079.0,49.36,8029.0,28.15,17614.0,61.75,2863.0,10.04,140596.52,0.2,100.0,10.41,,73.97,24.08,,Alto,,,Bajo,0.81,0.01,-95.03,17.43,0.0,0.0,0.0,0.0,0.0,0.0
VERACRUZ,30,XICO,30092,39623.0,20370.0,51.41,19253.0,48.59,10212.0,25.77,26057.0,65.76,3320.0,8.38,17798.36,2.23,26.0,0.82,,76.76,17.34,,Bajo,,,Bajo,0.87,-0.1,-97.01,19.42,0.0,0.0,0.0,0.0,0.0,0.0
VERACRUZ,30,JILOTEPEC,30093,16585.0,8570.0,51.67,8015.0,48.33,3911.0,23.58,11129.0,67.1,1545.0,9.32,5592.86,2.97,100.0,0.65,,62.97,11.4,,Bajo,,,Bajo,0.86,-0.44,-96.95,19.61,0.0,0.0,0.0,0.0,0.0,0.0
VERACRUZ,30,JUAN RODRIGUEZ CLARA,30094,38367.0,19677.0,51.29,18690.0,48.71,9850.0,25.67,24324.0,63.4,4184.0,10.91,99046.92,0.39,59.57,5.43,,67.03,15.14,,Medio,,,Bajo,0.85,-0.24,-95.4,17.99,0.0,0.0,0.0,0.0,0.0,0.0
VERACRUZ,30,JUCHIQUE DE FERRER,30095,15059.0,7581.0,50.34,7478.0,49.66,3739.0,24.83,9196.0,61.07,2124.0,14.1,18655.03,0.81,100.0,0.24,,72.53,16.11,,Alto,,,Medio,0.82,0.27,-96.69,19.84,0.0,0.0,0.0,0.0,0.0,0.0
VERACRUZ,30,LANDERO Y COSS,30096,1543.0,787.0,51.0,756.0,49.0,355.0,23.01,941.0,60.99,247.0,16.01,1749.31,0.88,100.0,3.5,,76.81,8.19,,Medio,,,Bajo,0.85,-0.05,-96.85,19.74,0.0,0.0,0.0,0.0,0.0,0.0
VERACRUZ,30,LERDO DE TEJADA,30097,19123.0,10139.0,53.02,8984.0,46.98,3674.0,19.21,12561.0,65.69,2888.0,15.1,8366.67,2.29,7.3,0.37,,51.58,5.96,,Muy bajo,,,Muy bajo,0.9,-0.75,-95.52,18.63,0.0,0.0,0.0,0.0,0.0,0.0
VERACRUZ,30,MAGDALENA,30098,3299.0,1708.0,51.77,1591.0,48.23,1063.0,32.22,2024.0,61.35,212.0,6.43,1371.03,2.41,100.0,97.48,,88.72,33.8,,Alto,,,Medio,0.82,0.93,-97.05,18.76,0.0,0.0,0.0,0.0,0.0,0.0
VERACRUZ,30,MALTRATA,30099,18327.0,9549.0,52.1,8778.0,47.9,5489.0,29.95,11474.0,62.61,1364.0,7.44,11011.77,1.66,27.94,0.52,,84.29,23.92,,Medio,,,Medio,0.83,0.21,-97.28,18.81,0.0,0.0,0.0,0.0,0.0,0.0
VERACRUZ,30,MANLIO FABIO ALTAMIRANO,30100,23918.0,12181.0,50.93,11737.0,49.07,5265.0,22.01,15810.0,66.1,2843.0,11.89,24591.09,0.97,74.6,0.33,,56.12,12.18,,Bajo,,,Bajo,0.87,-0.51,-96.33,19.09,0.0,0.0,0.0,0.0,0.0,0.0
VERACRUZ,30,MARIANO ESCOBEDO,30101,38670.0,20150.0,52.11,18520.0,47.89,11258.0,29.11,24942.0,64.5,2470.0,6.39,6920.62,5.59,59.74,1.49,,78.6,33.36,,Bajo,,,Bajo,0.86,-0.01,-97.13,18.91,0.0,0.0,0.0,0.0,0.0,0.0
VERACRUZ,30,MARTINEZ DE LA TORRE,30102,108842.0,56666.0,52.06,52176.0,47.94,27067.0,24.87,72280.0,66.41,9482.0,8.71,39570.62,2.75,25.69,2.13,,55.5,10.6,,Bajo,,,Bajo,0.88,-0.58,-97.05,20.07,0.0,0.0,0.0,0.0,0.0,0.0
VERACRUZ,30,MECATLAN,30103,12799.0,6503.0,50.81,6296.0,49.19,4246.0,33.17,7638.0,59.68,915.0,7.15,4329.33,2.96,55.86,99.05,,94.66,50.11,,Muy alto,,,Alto,0.75,1.62,-97.68,20.21,0.0,0.0,0.0,0.0,0.0,0.0
VERACRUZ,30,MECAYAPAN,30104,17134.0,8906.0,51.98,8228.0,48.02,4806.0,28.05,11044.0,64.46,1267.0,7.39,29566.68,0.58,66.32,84.52,,83.06,32.69,,Alto,,,Alto,0.79,1.0,-94.84,18.22,0.0,0.0,0.0,0.0,0.0,0.0
VERACRUZ,30,MEDELLIN DE BRAVO,30105,95202.0,49517.0,52.01,45685.0,47.99,21144.0,22.21,67687.0,71.1,6281.0,6.6,39536.25,2.41,36.2,1.03,,39.78,7.14,,Muy bajo,,,Muy bajo,0.91,-0.98,-96.16,19.06,0.0,0.0,0.0,0.0,0.0,0.0
VERACRUZ,30,MIAHUATLAN,30106,4841.0,2435.0,50.3,2406.0,49.7,1458.0,30.12,3025.0,62.49,358.0,7.4,2928.05,1.65,100.0,0.17,,89.75,20.61,,Medio,,,Bajo,0.84,0.02,-96.87,19.71,0.0,0.0,0.0,0.0,0.0,0.0
VERACRUZ,30,LAS MINAS,30107,2934.0,1481.0,50.48,1453.0,49.52,974.0,33.2,1749.0,59.61,211.0,7.19,5043.98,0.58,100.0,0.82,,88.11,28.09,,Alto,,,Medio,0.8,0.62,-97.15,19.69,0.0,0.0,0.0,0.0,0.0,0.0
VERACRUZ,30,MINATITLAN,30108,144776.0,75987.0,52.49,68789.0,47.51,32465.0,22.42,96089.0,66.37,16199.0,11.19,207583.84,0.7,30.0,6.83,,43.88,9.84,,Muy bajo,,,Bajo,0.89,-0.7,-94.55,17.99,0.0,0.0,0.0,0.0,0.0,0.0
VERACRUZ,30,MISANTLA,30109,65761.0,33731.0,51.29,32030.0,48.71,15786.0,24.01,42610.0,64.8,7365.0,11.2,51971.12,1.27,54.03,0.8,,60.76,10.25,,Bajo,,,Bajo,0.87,-0.44,-96.85,19.93,0.0,0.0,0.0,0.0,0.0,0.0
VERACRUZ,30,MIXTLA DE ALTAMIRANO,30110,12125.0,6143.0,50.66,5982.0,49.34,4129.0,34.05,7229.0,59.62,767.0,6.33,6627.14,1.83,100.0,99.23,,93.98,52.43,,Muy alto,,,Muy alto,0.64,3.77,-96.99,18.6,0.0,0.0,0.0,0.0,0.0,0.0
VERACRUZ,30,MOLOACAN,30111,16493.0,8540.0,51.78,7953.0,48.22,4313.0,26.15,10557.0,64.01,1623.0,9.84,24917.6,0.66,50.05,2.61,,59.62,11.38,,Bajo,,,Bajo,0.86,-0.34,-94.35,17.99,0.0,0.0,0.0,0.0,0.0,0.0
VERACRUZ,30,NAOLINCO,30112,22835.0,11709.0,51.28,11126.0,48.72,5455.0,23.89,15208.0,66.6,2172.0,9.51,10772.53,2.12,58.16,0.67,,67.85,13.6,,Bajo,,,Bajo,0.87,-0.46,-96.87,19.66,0.0,0.0,0.0,0.0,0.0,0.0
VERACRUZ,30,NARANJAL,30113,4614.0,2382.0,51.63,2232.0,48.37,1252.0,27.13,2918.0,63.24,422.0,9.15,1851.25,2.49,100.0,20.33,,72.1,25.92,,Alto,,,Medio,0.82,0.34,-96.96,18.81,0.0,0.0,0.0,0.0,0.0,0.0
VERACRUZ,30,NAUTLA,30114,10130.0,5080.0,50.15,5050.0,49.85,2169.0,21.41,6449.0,63.66,1512.0,14.93,35175.74,0.29,100.0,0.99,,48.24,7.43,,Medio,,,Bajo,0.85,-0.33,-96.77,20.21,0.0,0.0,0.0,0.0,0.0,0.0
VERACRUZ,30,NOGALES,30115,37314.0,19539.0,52.36,17775.0,47.64,9211.0,24.69,24287.0,65.09,3795.0,10.17,6417.59,5.81,43.02,9.11,,68.34,15.21,,Bajo,,,Bajo,0.87,-0.4,-97.16,18.82,0.0,0.0,0.0,0.0,0.0,0.0
VERACRUZ,30,OLUTA,30116,17027.0,8849.0,51.97,8178.0,48.03,4324.0,25.39,11167.0,65.58,1534.0,9.01,7790.68,2.19,17.81,1.89,,71.3,18.71,,Bajo,,,Bajo,0.86,-0.33,-94.9,17.93,0.0,0.0,0.0,0.0,0.0,0.0
VERACRUZ,30,OMEALCA,30117,23773.0,12353.0,51.96,11420.0,48.04,6145.0,25.85,15282.0,64.28,2346.0,9.87,21296.88,1.12,100.0,7.55,,68.58,17.47,,Medio,,,Bajo,0.83,0.1,-96.79,18.75,0.0,0.0,0.0,0.0,0.0,0.0
VERACRUZ,30,ORIZABA,30118,123182.0,66442.0,53.94,56740.0,46.06,24396.0,19.8,82354.0,66.86,16407.0,13.32,2756.48,44.69,2.18,3.61,,32.18,3.39,,Muy bajo,,,Muy bajo,0.93,-1.22,-97.1,18.85,0.0,0.0,0.0,0.0,0.0,0.0
VERACRUZ,30,OTATITLAN,30119,5651.0,2912.0,51.53,2739.0,48.47,1395.0,24.69,3538.0,62.61,717.0,12.69,4748.04,1.19,10.46,5.06,,66.26,9.93,,Bajo,,,Bajo,0.87,-0.4,-96.03,18.18,0.0,0.0,0.0,0.0,0.0,0.0
VERACRUZ,30,OTEAPAN,30120,10343.0,5430.0,52.5,4913.0,47.5,2614.0,25.27,6986.0,67.54,741.0,7.16,2229.18,4.64,0.0,14.51,,76.15,19.79,,Bajo,,,Bajo,0.86,-0.26,-94.67,18.0,0.0,0.0,0.0,0.0,0.0,0.0
VERACRUZ,30,OZULUAMA DE MASCARENAS,30121,22756.0,11144.0,48.97,11612.0,51.03,5273.0,23.17,14403.0,63.29,3080.0,13.53,196529.36,0.12,100.0,2.63,,44.65,6.86,,Alto,,,Medio,0.79,0.42,-97.85,21.66,0.0,0.0,0.0,0.0,0.0,0.0
VERACRUZ,30,PAJAPAN,30122,18051.0,9171.0,50.81,8880.0,49.19,4842.0,26.82,11761.0,65.15,1442.0,7.99,30386.51,0.59,43.74,82.3,,85.82,38.98,,Alto,,,Medio,0.81,0.76,-94.69,18.26,0.0,0.0,0.0,0.0,0.0,0.0
VERACRUZ,30,PANUCO,30123,96185.0,48966.0,50.91,47219.0,49.09,24290.0,25.25,61984.0,64.44,9889.0,10.28,313415.67,0.31,45.6,3.09,,48.87,7.62,,Bajo,,,Bajo,0.88,-0.55,-98.18,22.05,0.0,0.0,0.0,0.0,0.0,0.0
VERACRUZ,30,PAPANTLA,30124,159910.0,82732.0,51.74,77178.0,48.26,38438.0,24.04,103367.0,64.64,18097.0,11.32,144443.55,1.11,61.56,36.22,,69.67,21.61,,Alto,,,Medio,0.81,0.3,-97.32,20.45,0.0,0.0,0.0,0.0,0.0,0.0
VERACRUZ,30,PASO DEL MACHO,30125,31894.0,16277.0,51.03,15617.0,48.97,8170.0,25.62,20972.0,65.76,2752.0,8.63,39881.05,0.8,54.28,0.58,,57.17,11.32,,Medio,,,Bajo,0.84,-0.11,-96.72,18.97,0.0,0.0,0.0,0.0,0.0,0.0
VERACRUZ,30,PASO DE OVEJAS,30126,33442.0,16911.0,50.57,16531.0,49.43,7242.0,21.66,22144.0,66.22,4041.0,12.08,38597.82,0.87,79.4,0.54,,52.13,10.57,,Bajo,,,Bajo,0.87,-0.48,-96.44,19.29,0.0,0.0,0.0,0.0,0.0,0.0
VERACRUZ,30,LA PERLA,30127,28258.0,14541.0,51.46,13717.0,48.54,10943.0,38.73,16124.0,57.06,1191.0,4.21,13722.94,2.06,100.0,0.97,,95.25,55.56,,Alto,,,Muy alto,0.76,1.97,-97.13,18.93,0.0,0.0,0.0,0.0,0.0,0.0
VERACRUZ,30,PEROTE,30128,77432.0,39137.0,50.54,38295.0,49.46,22815.0,29.46,49840.0,64.37,4775.0,6.17,60537.74,1.28,38.54,0.63,,73.52,13.11,,Bajo,,,Bajo,0.88,-0.45,-97.24,19.56,0.0,0.0,0.0,0.0,0.0,0.0
VERACRUZ,30,PLATON SANCHEZ,30129,18053.0,9366.0,51.88,8687.0,48.12,4808.0,26.63,10662.0,59.06,2583.0,14.31,24250.35,0.74,37.78,40.25,,71.71,20.58,,Alto,,,Medio,0.82,0.49,-98.37,21.27,0.0,0.0,0.0,0.0,0.0,0.0
VERACRUZ,30,PLAYA VICENTE,30130,39327.0,20483.0,52.08,18844.0,47.92,10739.0,27.31,24073.0,61.21,4512.0,11.47,119162.5,0.33,77.19,41.31,,72.21,20.77,,Medio,,,Bajo,0.82,-0.01,-95.81,17.83,0.0,0.0,0.0,0.0,0.0,0.0
VERACRUZ,30,POZA RICA DE HIDALGO,30131,189457.0,101253.0,53.44,88204.0,46.56,39707.0,20.96,126666.0,66.86,22967.0,12.12,6358.93,29.79,4.96,4.82,,49.83,10.4,,Muy bajo,,,Muy bajo,0.91,-0.95,-97.44,20.53,0.0,0.0,0.0,0.0,0.0,0.0
VERACRUZ,30,LAS VIGAS DE RAMIREZ,30132,20300.0,10338.0,50.93,9962.0,49.07,6211.0,30.6,12828.0,63.19,1261.0,6.21,9912.93,2.05,51.11,0.35,,83.02,17.57,,Medio,,,Bajo,0.84,0.02,-97.1,19.64,0.0,0.0,0.0,0.0,0.0,0.0
VERACRUZ,30,PUEBLO VIEJO,30133,57909.0,29153.0,50.34,28756.0,49.66,14700.0,25.38,38296.0,66.13,4907.0,8.47,28029.53,2.07,18.49,4.4,,55.12,9.38,,Bajo,,,Bajo,0.88,-0.48,-97.84,22.18,0.0,0.0,0.0,0.0,0.0,0.0
VERACRUZ,30,PUENTE NACIONAL,30134,23544.0,12051.0,51.19,11493.0,48.81,5286.0,22.45,15650.0,66.47,2608.0,11.08,38197.67,0.62,70.64,0.55,,54.25,8.46,,Bajo,,,Bajo,0.87,-0.54,-96.48,19.33,0.0,0.0,0.0,0.0,0.0,0.0
VERACRUZ,30,RAFAEL DELGADO,30135,24127.0,12323.0,51.08,11804.0,48.92,6627.0,27.47,16117.0,66.8,1383.0,5.73,2633.25,9.16,15.2,67.28,,79.22,28.95,,Medio,,,Bajo,0.85,0.11,-97.07,18.81,0.0,0.0,0.0,0.0,0.0,0.0
VERACRUZ,30,RAFAEL LUCIO,30136,8343.0,4319.0,51.77,4024.0,48.23,2281.0,27.34,5528.0,66.26,534.0,6.4,1145.19,7.29,100.0,0.58,,64.44,6.39,,Bajo,,,Bajo,0.86,-0.45,-96.99,19.59,0.0,0.0,0.0,0.0,0.0,0.0
VERACRUZ,30,LOS REYES,30137,6308.0,3211.0,50.9,3097.0,49.1,1992.0,31.58,3936.0,62.4,380.0,6.02,3407.41,1.85,100.0,98.45,,93.9,41.57,,Muy alto,,,Muy alto,0.76,2.19,-97.04,18.67,0.0,0.0,0.0,0.0,0.0,0.0
VERACRUZ,30,RIO BLANCO,30138,41795.0,22483.0,53.79,19312.0,46.21,8879.0,21.24,27837.0,66.6,5075.0,12.14,1517.6,27.54,0.02,3.31,,43.7,4.68,,Muy bajo,,,Muy bajo,0.93,-1.13,-97.14,18.84,0.0,0.0,0.0,0.0,0.0,0.0
VERACRUZ,30,SALTABARRANCA,30139,6126.0,3174.0,51.81,2952.0,48.19,1317.0,21.5,3936.0,64.25,873.0,14.25,10810.91,0.57,100.0,0.2,,54.1,6.73,,Medio,,,Bajo,0.83,-0.15,-95.53,18.59,0.0,0.0,0.0,0.0,0.0,0.0
VERACRUZ,30,SAN ANDRES TENEJAPAN,30140,3134.0,1614.0,51.5,1520.0,48.5,910.0,29.04,2052.0,65.48,172.0,5.49,2181.52,1.44,100.0,98.05,,86.21,37.07,,Alto,,,Medio,0.79,0.9,-97.09,18.79,0.0,0.0,0.0,0.0,0.0,0.0
VERACRUZ,30,SAN ANDRES TUXTLA,30141,162428.0,85442.0,52.6,76986.0,47.4,41695.0,25.67,105160.0,64.74,15557.0,9.58,95380.22,1.7,56.98,0.93,,79.35,31.4,,Medio,,,Medio,0.84,0.19,-95.21,18.45,0.0,0.0,0.0,0.0,0.0,0.0
VERACRUZ,30,SAN JUAN EVANGELISTA,30142,32631.0,16633.0,50.97,15998.0,49.03,8322.0,25.5,20707.0,63.46,3585.0,10.99,126049.36,0.26,100.0,1.81,,69.05,14.5,,Medio,,,Bajo,0.83,0.02,-95.14,17.89,0.0,0.0,0.0,0.0,0.0,0.0
VERACRUZ,30,SANTIAGO TUXTLA,30143,57085.0,29981.0,52.52,27104.0,47.48,13558.0,23.75,36622.0,64.15,6901.0,12.09,61598.0,0.93,72.44,0.61,,75.55,25.7,,Medio,,,Medio,0.83,0.26,-95.3,18.47,0.0,0.0,0.0,0.0,0.0,0.0
VERACRUZ,30,SAYULA DE ALEMAN,30144,32400.0,16771.0,51.76,15629.0,48.24,8979.0,27.71,20387.0,62.92,3034.0,9.36,66194.53,0.49,53.35,34.57,,78.45,27.38,,Medio,,,Bajo,0.83,-0.1,-94.96,17.88,0.0,0.0,0.0,0.0,0.0,0.0
VERACRUZ,30,SOCONUSCO,30145,16574.0,8648.0,52.18,7926.0,47.82,4085.0,24.65,11227.0,67.74,1255.0,7.57,9610.56,1.72,61.89,3.37,,68.18,18.65,,Bajo,,,Bajo,0.86,-0.52,-94.88,17.96,0.0,0.0,0.0,0.0,0.0,0.0
VERACRUZ,30,SOCHIAPA,30146,3925.0,1969.0,50.17,1956.0,49.83,1157.0,29.48,2502.0,63.75,266.0,6.78,1625.14,2.42,100.0,1.04,,76.5,18.02,,Medio,,,Bajo,0.84,0.0,-96.94,19.19,0.0,0.0,0.0,0.0,0.0,0.0
VERACRUZ,30,SOLEDAD ATZOMPA,30147,24578.0,12577.0,51.17,12001.0,48.83,8303.0,33.78,14992.0,61.0,1283.0,5.22,11428.11,2.15,100.0,98.1,,96.19,62.5,,Muy alto,,,Muy alto,0.75,2.56,-97.15,18.76,0.0,0.0,0.0,0.0,0.0,0.0
VERACRUZ,30,SOLEDAD DE DOBLADO,30148,28130.0,14258.0,50.69,13872.0,49.31,6571.0,23.36,18382.0,65.35,3177.0,11.29,41405.79,0.68,51.24,0.34,,67.71,17.47,,Bajo,,,Bajo,0.87,-0.35,-96.42,19.04,0.0,0.0,0.0,0.0,0.0,0.0
VERACRUZ,30,SOTEAPAN,30149,34385.0,17854.0,51.92,16531.0,48.08,11138.0,32.39,21172.0,61.57,2062.0,6.0,47858.36,0.72,84.63,89.96,,90.77,47.81,,Muy alto,,,Alto,0.76,1.43,-94.87,18.23,0.0,0.0,0.0,0.0,0.0,0.0
VERACRUZ,30,TAMALIN,30150,11631.0,5810.0,49.95,5821.0,50.05,2735.0,23.51,7488.0,64.38,1396.0,12.0,25577.13,0.45,51.9,16.34,,72.23,17.36,,Medio,,,Medio,0.83,0.16,-97.81,21.34,0.0,0.0,0.0,0.0,0.0,0.0
VERACRUZ,30,TAMIAHUA,30151,21902.0,10910.0,49.81,10992.0,50.19,4365.0,19.93,13843.0,63.2,3693.0,16.86,79206.33,0.28,100.0,2.88,,62.74,14.64,,Alto,,,Medio,0.79,0.43,-97.45,21.28,0.0,0.0,0.0,0.0,0.0,0.0
VERACRUZ,30,TAMPICO ALTO,30152,11561.0,5634.0,48.73,5927.0,51.27,2521.0,21.81,7275.0,62.93,1765.0,15.27,83022.75,0.14,100.0,1.87,,54.18,11.25,,Alto,,,Bajo,0.81,0.1,-97.8,22.11,0.0,0.0,0.0,0.0,0.0,0.0
VERACRUZ,30,TANCOCO,30153,5795.0,3010.0,51.94,2785.0,48.06,1344.0,23.19,3563.0,61.48,888.0,15.32,15471.44,0.37,100.0,16.15,,64.08,15.29,,Medio,,,Bajo,0.84,-0.01,-97.79,21.29,0.0,0.0,0.0,0.0,0.0,0.0
VERACRUZ,30,TANTIMA,30154,11991.0,5916.0,49.34,6075.0,50.66,2620.0,21.85,7329.0,61.12,2042.0,17.03,33040.03,0.36,100.0,11.89,,73.88,23.58,,Alto,,,Medio,0.82,0.4,-97.83,21.33,0.0,0.0,0.0,0.0,0.0,0.0
VERACRUZ,30,TANTOYUCA,30155,99959.0,51826.0,51.85,48133.0,48.15,28878.0,28.89,60084.0,60.11,10996.0,11.0,128996.68,0.77,66.76,58.56,,78.66,33.71,,Muy alto,,,Alto,0.76,1.38,-98.23,21.35,0.0,0.0,0.0,0.0,0.0,0.0
VERACRUZ,30,TATATILA,30156,6041.0,2950.0,48.83,3091.0,51.17,1951.0,32.3,3662.0,60.62,428.0,7.08,9129.4,0.66,100.0,0.3,,87.96,29.97,,Alto,,,Medio,0.81,0.68,-97.11,19.69,0.0,0.0,0.0,0.0,0.0,0.0
VERACRUZ,30,CASTILLO DE TEAYO,30157,20145.0,10209.0,50.68,9936.0,49.32,4969.0,24.67,12609.0,62.59,2567.0,12.74,27032.35,0.75,100.0,19.7,,69.04,21.28,,Muy alto,,,Medio,0.76,0.56,-97.63,20.75,0.0,0.0,0.0,0.0,0.0,0.0
VERACRUZ,30,TECOLUTLA,30158,24551.0,12449.0,50.71,12102.0,49.29,5722.0,23.31,15796.0,64.34,3033.0,12.35,52149.25,0.47,77.87,8.37,,66.01,14.67,,Alto,,,Bajo,0.82,0.05,-97.01,20.48,0.0,0.0,0.0,0.0,0.0,0.0
VERACRUZ,30,TEHUIPANGO,30159,29686.0,15461.0,52.08,14225.0,47.92,10926.0,36.81,17505.0,58.97,1255.0,4.23,8762.87,3.39,100.0,99.39,,97.12,64.85,,Muy alto,,,Muy alto,0.65,3.69,-97.06,18.52,0.0,0.0,0.0,0.0,0.0,0.0
VERACRUZ,30,ALAMO TEMAPACHE,30160,107270.0,54522.0,50.83,52748.0,49.17,26853.0,25.03,68479.0,63.84,11884.0,11.08,126091.72,0.85,75.54,13.13,,63.44,13.8,,Medio,,,Bajo,0.84,-0.07,-97.68,20.92,0.0,0.0,0.0,0.0,0.0,0.0
VERACRUZ,30,TEMPOAL,30161,34408.0,17542.0,50.98,16866.0,49.02,8819.0,25.63,20791.0,60.42,4747.0,13.8,114121.61,0.3,63.69,14.15,,69.99,18.54,,Alto,,,Medio,0.81,0.58,-98.39,21.52,0.0,0.0,0.0,0.0,0.0,0.0
VERACRUZ,30,TENAMPA,30162,6448.0,3223.0,49.98,3225.0,50.02,1636.0,25.37,4224.0,65.51,588.0,9.12,6485.41,0.99,100.0,1.27,,81.51,23.7,,Alto,,,Medio,0.79,0.87,-96.88,19.25,0.0,0.0,0.0,0.0,0.0,0.0
VERACRUZ,30,TENOCHTITLAN,30163,5040.0,2558.0,50.75,2482.0,49.25,1474.0,29.25,3068.0,60.87,498.0,9.88,8622.11,0.58,100.0,0.69,,81.21,22.98,,Alto,,,Medio,0.81,0.36,-96.92,19.81,0.0,0.0,0.0,0.0,0.0,0.0
VERACRUZ,30,TEOCELO,30164,16957.0,8740.0,51.54,8217.0,48.46,4018.0,23.7,11086.0,65.38,1853.0,10.93,6045.84,2.8,37.6,0.54,,71.18,10.23,,Bajo,,,Bajo,0.88,-0.31,-96.97,19.39,0.0,0.0,0.0,0.0,0.0,0.0
VERACRUZ,30,TEPATLAXCO,30165,8925.0,4395.0,49.24,4530.0,50.76,2480.0,27.79,5672.0,63.55,773.0,8.66,5990.17,1.49,100.0,0.43,,76.61,25.09,,Muy alto,,,Alto,0.75,1.31,-96.84,19.07,0.0,0.0,0.0,0.0,0.0,0.0
VERACRUZ,30,TEPETLAN,30166,9405.0,4598.0,48.89,4807.0,51.11,2160.0,22.97,6228.0,66.22,993.0,10.56,9491.21,0.99,100.0,0.2,,70.84,14.96,,Medio,,,Medio,0.82,0.22,-96.8,19.67,0.0,0.0,0.0,0.0,0.0,0.0
VERACRUZ,30,TEPETZINTLA,30167,14619.0,7423.0,50.78,7196.0,49.22,3854.0,26.36,8937.0,61.13,1828.0,12.5,22524.42,0.65,61.71,21.05,,80.86,29.42,,Medio,,,Medio,0.84,0.25,-97.85,21.17,0.0,0.0,0.0,0.0,0.0,0.0
VERACRUZ,30,TEQUILA,30168,16343.0,8277.0,50.65,8066.0,49.35,5180.0,31.7,10128.0,61.97,1035.0,6.33,9960.2,1.64,100.0,96.11,,89.97,44.81,,Muy alto,,,Muy alto,0.74,2.15,-97.07,18.73,0.0,0.0,0.0,0.0,0.0,0.0
VERACRUZ,30,JOSE AZUETA,30169,22709.0,11573.0,50.96,11136.0,49.04,5637.0,24.82,14258.0,62.79,2814.0,12.39,53436.66,0.42,72.61,3.49,,62.04,11.02,,Alto,,,Bajo,0.82,-0.03,-95.71,18.08,0.0,0.0,0.0,0.0,0.0,0.0
VERACRUZ,30,TEXCATEPEC,30170,10824.0,5550.0,51.27,5274.0,48.73,3675.0,33.95,6321.0,58.4,828.0,7.65,19362.42,0.56,100.0,85.32,,93.16,49.59,,Muy alto,,,Muy alto,0.72,2.67,-98.36,20.58,0.0,0.0,0.0,0.0,0.0,0.0
VERACRUZ,30,TEXHUACAN,30171,5575.0,2931.0,52.57,2644.0,47.43,1657.0,29.72,3478.0,62.39,440.0,7.89,4251.75,1.31,100.0,93.42,,86.87,41.33,,Alto,,,Alto,0.78,1.35,-97.04,18.62,0.0,0.0,0.0,0.0,0.0,0.0
VERACRUZ,30,TEXISTEPEC,30172,19925.0,10124.0,50.81,9801.0,49.19,5216.0,26.18,12590.0,63.19,2119.0,10.63,44470.82,0.45,54.99,5.94,,77.71,26.7,,Alto,,,Medio,0.8,0.31,-94.82,17.89,0.0,0.0,0.0,0.0,0.0,0.0
VERACRUZ,30,TEZONAPA,30173,54537.0,27726.0,50.84,26811.0,49.16,15255.0,27.97,33925.0,62.21,5357.0,9.82,52066.44,1.05,89.63,32.68,,75.19,24.42,,Muy alto,,,Alto,0.76,1.04,-96.69,18.61,0.0,0.0,0.0,0.0,0.0,0.0
VERACRUZ,30,TIERRA BLANCA,30174,95602.0,49843.0,52.14,45759.0,47.86,22402.0,23.43,62547.0,65.42,10647.0,11.14,150616.57,0.63,50.8,3.75,,53.86,9.25,,Bajo,,,Bajo,0.87,-0.51,-96.36,18.45,0.0,0.0,0.0,0.0,0.0,0.0
VERACRUZ,30,TIHUATLAN,30175,92726.0,48069.0,51.84,44657.0,48.16,23488.0,25.33,59784.0,64.47,9433.0,10.17,71237.36,1.3,62.17,6.45,,68.73,18.31,,Medio,,,Bajo,0.83,-0.12,-97.54,20.72,0.0,0.0,0.0,0.0,0.0,0.0
VERACRUZ,30,TLACOJALPAN,30176,4489.0,2270.0,50.57,2219.0,49.43,1116.0,24.86,2863.0,63.78,510.0,11.36,9941.83,0.45,100.0,3.07,,68.22,10.88,,Medio,,,Bajo,0.83,-0.06,-95.95,18.23,0.0,0.0,0.0,0.0,0.0,0.0
VERACRUZ,30,TLACOLULAN,30177,11685.0,5934.0,50.78,5751.0,49.22,3855.0,32.99,7145.0,61.15,685.0,5.86,13259.46,0.88,100.0,0.2,,82.22,17.9,,Alto,,,Medio,0.82,0.37,-97.0,19.66,0.0,0.0,0.0,0.0,0.0,0.0
VERACRUZ,30,TLACOTALPAN,30178,12898.0,6675.0,51.75,6223.0,48.25,2472.0,19.17,8489.0,65.82,1937.0,15.02,55972.72,0.23,43.5,0.43,,59.87,8.13,,Medio,,,Bajo,0.85,-0.29,-95.66,18.61,0.0,0.0,0.0,0.0,0.0,0.0
VERACRUZ,30,TLACOTEPEC DE MEJIA,30179,4284.0,2154.0,50.28,2130.0,49.72,1128.0,26.33,2747.0,64.12,409.0,9.55,6497.15,0.66,100.0,1.05,,78.07,18.21,,Medio,,,Bajo,0.85,-0.14,-96.84,19.19,0.0,0.0,0.0,0.0,0.0,0.0
VERACRUZ,30,TLACHICHILCO,30180,10900.0,5593.0,51.31,5307.0,48.69,3107.0,28.5,6469.0,59.35,1324.0,12.15,22387.2,0.49,100.0,59.14,,85.34,27.39,,Muy alto,,,Muy alto,0.75,1.92,-98.2,20.62,0.0,0.0,0.0,0.0,0.0,0.0
VERACRUZ,30,TLALIXCOYAN,30181,37795.0,19415.0,51.37,18380.0,48.63,8533.0,22.58,24292.0,64.27,4970.0,13.15,91419.15,0.41,75.67,0.72,,52.62,8.88,,Medio,,,Bajo,0.85,-0.29,-96.06,18.8,0.0,0.0,0.0,0.0,0.0,0.0
VERACRUZ,30,TLALNELHUAYOCAN,30182,19664.0,10079.0,51.26,9585.0,48.74,5200.0,26.44,13199.0,67.12,1158.0,5.89,3647.98,5.39,63.75,0.55,,69.59,19.99,,Bajo,,,Bajo,0.87,-0.48,-96.97,19.56,0.0,0.0,0.0,0.0,0.0,0.0
VERACRUZ,30,TLAPACOYAN,30183,61377.0,31779.0,51.78,29598.0,48.22,16028.0,26.11,40086.0,65.31,5262.0,8.57,16676.63,3.68,33.33,2.48,,70.61,12.26,,Bajo,,,Bajo,0.87,-0.38,-97.21,19.96,0.0,0.0,0.0,0.0,0.0,0.0
VERACRUZ,30,TLAQUILPA,30184,7933.0,4222.0,53.22,3711.0,46.78,2549.0,32.13,4879.0,61.5,505.0,6.37,5619.65,1.41,100.0,98.97,,93.91,47.64,,Alto,,,Muy alto,0.77,2.29,-97.12,18.61,0.0,0.0,0.0,0.0,0.0,0.0
VERACRUZ,30,TLILAPAN,30185,5548.0,2855.0,51.46,2693.0,48.54,1618.0,29.16,3596.0,64.82,334.0,6.02,1116.6,4.97,100.0,60.98,,77.15,27.73,,Medio,,,Medio,0.82,0.29,-97.1,18.81,0.0,0.0,0.0,0.0,0.0,0.0
VERACRUZ,30,TOMATLAN,30186,7197.0,3659.0,50.84,3538.0,49.16,1740.0,24.18,4728.0,65.69,729.0,10.13,1868.74,3.85,100.0,0.76,,66.23,12.29,,Bajo,,,Bajo,0.86,-0.28,-97.01,19.03,0.0,0.0,0.0,0.0,0.0,0.0
VERACRUZ,30,TONAYAN,30187,6105.0,3149.0,51.58,2956.0,48.42,1979.0,32.42,3724.0,61.0,402.0,6.58,4991.13,1.22,100.0,0.46,,91.65,23.42,,Alto,,,Medio,0.82,0.51,-96.92,19.68,0.0,0.0,0.0,0.0,0.0,0.0
VERACRUZ,30,TOTUTLA,30188,17217.0,8692.0,50.48,8525.0,49.52,4323.0,25.11,11302.0,65.64,1589.0,9.23,9739.94,1.77,100.0,0.3,,83.77,21.21,,Medio,,,Medio,0.83,0.21,-96.96,19.21,0.0,0.0,0.0,0.0,0.0,0.0
VERACRUZ,30,TUXPAN,30189,154600.0,80405.0,52.01,74195.0,47.99,35140.0,22.73,103217.0,66.76,16213.0,10.49,92756.64,1.67,23.6,3.42,,45.26,7.13,,Muy bajo,,,Muy bajo,0.89,-0.76,-97.4,20.96,0.0,0.0,0.0,0.0,0.0,0.0
VERACRUZ,30,TUXTILLA,30190,2258.0,1144.0,50.66,1114.0,49.34,481.0,21.3,1360.0,60.23,417.0,18.47,5548.53,0.41,100.0,0.09,,41.84,5.16,,Medio,,,Bajo,0.84,-0.2,-95.89,18.24,0.0,0.0,0.0,0.0,0.0,0.0
VERACRUZ,30,URSULO GALVAN,30191,30097.0,15629.0,51.93,14468.0,48.07,6093.0,20.24,20113.0,66.83,3883.0,12.9,12217.69,2.46,49.13,0.43,,39.36,4.88,,Muy bajo,,,Muy bajo,0.9,-0.92,-96.36,19.41,0.0,0.0,0.0,0.0,0.0,0.0
VERACRUZ,30,VEGA DE ALATORRE,30192,20204.0,10432.0,51.63,9772.0,48.37,4602.0,22.78,13011.0,64.4,2591.0,12.82,33432.47,0.6,33.16,0.76,,62.43,10.86,,Bajo,,,Bajo,0.87,-0.5,-96.65,20.03,0.0,0.0,0.0,0.0,0.0,0.0
VERACRUZ,30,VERACRUZ,30193,607209.0,319545.0,52.63,287664.0,47.37,120336.0,19.82,426992.0,70.32,59050.0,9.72,24406.58,24.88,11.2,1.62,,40.99,5.25,,Muy bajo,,,Muy bajo,0.93,-1.18,-96.15,19.19,0.0,0.0,0.0,0.0,0.0,0.0
VERACRUZ,30,VILLA ALDAMA,30194,12492.0,6379.0,51.06,6113.0,48.94,4263.0,34.13,7586.0,60.73,643.0,5.15,5112.54,2.44,100.0,0.42,,85.9,17.45,,Medio,,,Bajo,0.83,0.08,-97.22,19.65,0.0,0.0,0.0,0.0,0.0,0.0
VERACRUZ,30,XOXOCOTLA,30195,5900.0,2939.0,49.81,2961.0,50.19,1845.0,31.27,3661.0,62.05,394.0,6.68,3721.44,1.59,100.0,54.83,,93.89,46.69,,Muy alto,,,Muy alto,0.75,2.37,-97.15,18.65,0.0,0.0,0.0,0.0,0.0,0.0
VERACRUZ,30,YANGA,30196,17902.0,9477.0,52.94,8425.0,47.06,4150.0,23.18,11562.0,64.58,2190.0,12.23,8751.86,2.05,68.27,1.28,,51.67,10.33,,Bajo,,,Bajo,0.87,-0.41,-96.8,18.83,0.0,0.0,0.0,0.0,0.0,0.0
VERACRUZ,30,YECUATLA,30197,11205.0,5662.0,50.53,5543.0,49.47,2836.0,25.31,6755.0,60.29,1614.0,14.4,11170.4,1.0,100.0,4.19,,74.0,19.08,,Medio,,,Medio,0.83,0.17,-96.78,19.87,0.0,0.0,0.0,0.0,0.0,0.0
VERACRUZ,30,ZACUALPAN,30198,6788.0,3550.0,52.3,3238.0,47.7,1928.0,28.4,4004.0,58.99,856.0,12.61,26161.43,0.26,100.0,4.45,,80.98,22.39,,Alto,,,Alto,0.77,1.33,-98.35,20.43,0.0,0.0,0.0,0.0,0.0,0.0
VERACRUZ,30,ZARAGOZA,30199,11899.0,6262.0,52.63,5637.0,47.37,3334.0,28.02,7863.0,66.08,702.0,5.9,2166.34,5.49,12.1,68.67,,84.14,28.25,,Medio,,,Bajo,0.85,0.06,-94.64,17.96,0.0,0.0,0.0,0.0,0.0,0.0
VERACRUZ,30,ZENTLA,30200,12581.0,6293.0,50.02,6288.0,49.98,2893.0,22.99,8370.0,66.53,1318.0,10.48,17718.17,0.71,100.0,0.32,,63.6,14.53,,Medio,,,Bajo,0.85,-0.18,-96.86,19.12,0.0,0.0,0.0,0.0,0.0,0.0
VERACRUZ,30,ZONGOLICA,30201,45028.0,23263.0,51.66,21765.0,48.34,12962.0,28.79,28253.0,62.75,3753.0,8.33,28153.95,1.6,83.44,88.09,,86.05,38.74,,Alto,,,Muy alto,0.76,1.8,-97.0,18.67,0.0,0.0,0.0,0.0,0.0,0.0
VERACRUZ,30,ZONTECOMATLAN DE LOPEZ Y FUENTES,30202,14644.0,7490.0,51.15,7154.0,48.85,4852.0,33.13,8486.0,57.95,1306.0,8.92,24006.38,0.61,100.0,87.69,,91.86,46.44,,Muy alto,,,Muy alto,0.74,2.26,-98.34,20.76,0.0,0.0,0.0,0.0,0.0,0.0
VERACRUZ,30,ZOZOCOLCO DE HIDALGO,30203,14524.0,7504.0,51.67,7020.0,48.33,4231.0,29.13,8633.0,59.44,1660.0,11.43,6843.2,2.12,100.0,92.42,,88.6,48.06,,Muy alto,,,Alto,0.73,1.62,-97.58,20.14,0.0,0.0,0.0,0.0,0.0,0.0
VERACRUZ,30,AGUA DULCE,30204,44104.0,23040.0,52.24,21064.0,47.76,10200.0,23.13,29008.0,65.77,4892.0,11.09,36518.02,1.21,22.94,2.17,,52.89,9.21,,Bajo,,,Muy bajo,0.88,-0.76,-94.15,18.14,0.0,0.0,0.0,0.0,0.0,0.0
VERACRUZ,30,EL HIGO,30205,19402.0,9767.0,50.34,9635.0,49.66,4818.0,24.83,12431.0,64.07,2153.0,11.1,38727.48,0.5,54.06,2.46,,47.99,8.04,,Bajo,,,Bajo,0.88,-0.53,-98.45,21.77,0.0,0.0,0.0,0.0,0.0,0.0
VERACRUZ,30,NNANCHITAL DE LAZARO CARDENAS DEL RIO,30206,29209.0,15322.0,52.46,13887.0,47.54,6604.0,22.61,19849.0,67.96,2756.0,9.44,2685.42,10.88,3.88,6.15,,44.77,6.18,,Muy bajo,,,Muy bajo,0.92,-1.09,-94.41,18.07,0.0,0.0,0.0,0.0,0.0,0.0
VERACRUZ,30,TRES VALLES,30207,44978.0,23279.0,51.76,21699.0,48.24,11165.0,24.82,29059.0,64.61,4754.0,10.57,54440.03,0.83,62.74,13.8,,57.04,12.15,,Medio,,,Bajo,0.84,-0.26,-96.13,18.24,0.0,0.0,0.0,0.0,0.0,0.0
VERACRUZ,30,CARLOS A. CARRILLO,30208,23376.0,12286.0,52.56,11090.0,47.44,4840.0,20.7,15283.0,65.38,3245.0,13.88,24012.3,0.97,23.34,0.62,,39.91,4.43,,Bajo,,,Bajo,0.88,-0.52,-95.74,18.37,0.0,0.0,0.0,0.0,0.0,0.0
VERACRUZ,30,TATAHUICAPAN DE JUAREZ,30209,15044.0,7861.0,52.25,7183.0,47.75,4272.0,28.4,9694.0,64.44,1078.0,7.17,29408.96,0.51,42.76,77.98,,86.74,40.15,,Alto,,,Medio,0.81,0.86,-94.76,18.25,0.0,0.0,0.0,0.0,0.0,0.0
VERACRUZ,30,UXPANAPA,30210,30891.0,15451.0,50.02,15440.0,49.98,10035.0,32.49,18547.0,60.04,2307.0,7.47,190788.89,0.16,100.0,55.99,,83.2,30.7,,Alto,,,Medio,0.8,0.37,-94.45,17.28,0.0,0.0,0.0,0.0,0.0,0.0
VERACRUZ,30,SAN RAFAEL,30211,30351.0,15454.0,50.92,14897.0,49.08,6666.0,21.96,20143.0,66.37,3542.0,11.67,28752.64,1.06,77.47,2.06,,56.08,7.06,,Bajo,,,Bajo,0.87,-0.62,-96.87,20.19,0.0,0.0,0.0,0.0,0.0,0.0
VERACRUZ,30,SANTIAGO SOCHIAPAN,30212,13062.0,6747.0,51.65,6315.0,48.35,3916.0,29.98,7826.0,59.91,1320.0,10.11,39893.95,0.33,100.0,71.41,,85.35,41.36,,Alto,,,Medio,0.78,0.72,-95.73,17.66,0.0,0.0,0.0,0.0,0.0,0.0
YUCATAN,31,ABALA,31001,6550.0,3247.0,49.57,3303.0,50.43,1672.0,25.53,4286.0,65.44,592.0,9.04,29023.78,0.23,100.0,79.34,,58.16,10.88,,Alto,,,Medio,0.82,0.33,-89.68,20.65,0.0,0.0,0.0,0.0,0.0,0.0
YUCATAN,31,ACANCEH,31002,16772.0,8393.0,50.04,8379.0,49.96,3988.0,23.78,11551.0,68.87,1231.0,7.34,13606.33,1.23,28.95,62.37,,47.82,6.86,,Bajo,,,Bajo,0.86,-0.33,-89.45,20.81,0.0,0.0,0.0,0.0,0.0,0.0
YUCATAN,31,AKIL,31003,12285.0,6185.0,50.35,6100.0,49.65,3610.0,29.39,7885.0,64.18,790.0,6.43,7587.16,1.62,2.14,88.62,,84.44,32.96,,Medio,,,Bajo,0.84,0.11,-89.35,20.27,0.0,0.0,0.0,0.0,0.0,0.0
YUCATAN,31,BACA,31004,6195.0,3152.0,50.88,3043.0,49.12,1372.0,22.15,4117.0,66.46,706.0,11.4,10747.85,0.58,100.0,31.91,,39.93,4.29,,Bajo,,,Muy bajo,0.86,-0.74,-89.4,21.11,0.0,0.0,0.0,0.0,0.0,0.0
YUCATAN,31,BOKOBA,31005,2167.0,1078.0,49.75,1089.0,50.25,474.0,21.87,1462.0,67.47,231.0,10.66,7106.5,0.3,100.0,66.77,,43.07,5.95,,Medio,,,Bajo,0.85,-0.48,-89.18,21.01,0.0,0.0,0.0,0.0,0.0,0.0
YUCATAN,31,BUCTZOTZ,31006,9159.0,4525.0,49.4,4634.0,50.6,2332.0,25.46,5883.0,64.23,944.0,10.31,64828.64,0.14,12.95,42.44,,76.41,17.77,,Medio,,,Bajo,0.85,-0.07,-88.79,21.2,0.0,0.0,0.0,0.0,0.0,0.0
YUCATAN,31,CACALCHEN,31007,7490.0,3721.0,49.68,3769.0,50.32,1777.0,23.72,5025.0,67.09,662.0,8.84,10057.05,0.74,0.4,45.27,,56.77,9.23,,Bajo,,,Bajo,0.88,-0.54,-89.23,20.98,0.0,0.0,0.0,0.0,0.0,0.0
YUCATAN,31,CALOTMUL,31008,3949.0,1962.0,49.68,1987.0,50.32,1004.0,25.42,2416.0,61.18,528.0,13.37,28814.56,0.14,100.0,80.25,,87.43,29.28,,Alto,,,Bajo,0.82,0.12,-88.18,21.02,0.0,0.0,0.0,0.0,0.0,0.0
YUCATAN,31,CANSAHCAB,31009,4466.0,2278.0,51.01,2188.0,48.99,950.0,21.27,2898.0,64.89,616.0,13.79,12762.66,0.35,100.0,39.03,,53.76,9.51,,Medio,,,Bajo,0.84,-0.38,-89.1,21.16,0.0,0.0,0.0,0.0,0.0,0.0
YUCATAN,31,CANTAMAYEC,31010,2755.0,1332.0,48.35,1423.0,51.65,898.0,32.6,1622.0,58.87,235.0,8.53,35342.2,0.08,100.0,98.44,,80.03,29.12,,Alto,,,Alto,0.77,1.09,-89.08,20.47,0.0,0.0,0.0,0.0,0.0,0.0
YUCATAN,31,CELESTUN,31011,8389.0,4154.0,49.52,4235.0,50.48,2337.0,27.86,5510.0,65.68,526.0,6.27,57599.73,0.15,0.27,11.68,,85.02,25.25,,Bajo,,,Bajo,0.86,-0.19,-90.4,20.86,0.0,0.0,0.0,0.0,0.0,0.0
YUCATAN,31,CENOTILLO,31012,3736.0,1880.0,50.32,1856.0,49.68,966.0,25.86,2199.0,58.86,571.0,15.28,53766.78,0.07,100.0,60.92,,85.83,25.07,,Medio,,,Bajo,0.84,-0.25,-88.6,20.97,0.0,0.0,0.0,0.0,0.0,0.0
YUCATAN,31,CONKAL,31013,16671.0,8501.0,50.99,8170.0,49.01,3803.0,22.81,11548.0,69.27,1319.0,7.91,6276.62,2.66,16.36,19.55,,29.93,5.05,,Muy bajo,,,Muy bajo,0.92,-1.17,-89.52,21.07,0.0,0.0,0.0,0.0,0.0,0.0
YUCATAN,31,CUNCUNUL,31014,1714.0,829.0,48.37,885.0,51.63,454.0,26.49,1098.0,64.06,162.0,9.45,13476.72,0.13,100.0,97.78,,79.46,21.78,,Alto,,,Bajo,0.82,-0.07,-88.3,20.64,0.0,0.0,0.0,0.0,0.0,0.0
YUCATAN,31,CUZAMA,31015,5560.0,2739.0,49.26,2821.0,50.74,1379.0,24.8,3738.0,67.23,443.0,7.97,9269.08,0.6,100.0,86.71,,61.84,10.85,,Alto,,,Medio,0.81,0.33,-89.32,20.74,0.0,0.0,0.0,0.0,0.0,0.0
YUCATAN,31,CHACSINKIN,31016,3104.0,1516.0,48.84,1588.0,51.16,909.0,29.28,1979.0,63.76,216.0,6.96,11379.19,0.27,100.0,99.29,,95.77,33.51,,Alto,,,Medio,0.82,0.31,-89.02,20.17,0.0,0.0,0.0,0.0,0.0,0.0
YUCATAN,31,CHANKOM,31017,4686.0,2327.0,49.66,2359.0,50.34,1344.0,28.68,2917.0,62.25,425.0,9.07,43989.86,0.11,100.0,98.55,,87.46,32.04,,Alto,,,Medio,0.78,0.76,-88.51,20.57,0.0,0.0,0.0,0.0,0.0,0.0
YUCATAN,31,CHAPAB,31018,3385.0,1687.0,49.84,1698.0,50.16,857.0,25.32,2146.0,63.4,382.0,11.29,16803.45,0.2,100.0,89.31,,60.15,13.22,,Alto,,,Medio,0.82,0.13,-89.46,20.46,0.0,0.0,0.0,0.0,0.0,0.0
YUCATAN,31,CHEMAX,31019,38934.0,19359.0,49.72,19575.0,50.28,13122.0,33.7,23621.0,60.67,2191.0,5.63,138641.32,0.28,40.84,98.8,,93.24,41.64,,Alto,,,Alto,0.76,1.23,-87.94,20.66,0.0,0.0,0.0,0.0,0.0,0.0
YUCATAN,31,CHICXULUB PUEBLO,31020,4497.0,2218.0,49.32,2279.0,50.68,1042.0,23.17,3042.0,67.65,413.0,9.18,4386.84,1.03,100.0,17.72,,53.21,9.75,,Bajo,,,Muy bajo,0.87,-0.86,-89.52,21.14,0.0,0.0,0.0,0.0,0.0,0.0
YUCATAN,31,CHICHIMILA,31021,9406.0,4631.0,49.23,4775.0,50.77,3059.0,32.52,5692.0,60.51,655.0,6.96,46620.64,0.2,30.47,98.52,,89.68,42.03,,Alto,,,Medio,0.79,0.72,-88.22,20.63,0.0,0.0,0.0,0.0,0.0,0.0
YUCATAN,31,CHIKINDZONOT,31022,4363.0,2171.0,49.76,2192.0,50.24,1369.0,31.38,2671.0,61.22,323.0,7.4,47016.17,0.09,100.0,99.04,,97.63,46.14,,Alto,,,Medio,0.77,0.75,-88.49,20.33,0.0,0.0,0.0,0.0,0.0,0.0
YUCATAN,31,CHOCHOLA,31023,4863.0,2373.0,48.8,2490.0,51.2,1132.0,23.28,3228.0,66.38,503.0,10.34,29036.74,0.17,100.0,50.71,,56.11,7.11,,Bajo,,,Bajo,0.86,-0.6,-89.83,20.75,0.0,0.0,0.0,0.0,0.0,0.0
YUCATAN,31,CHUMAYEL,31024,3244.0,1647.0,50.77,1597.0,49.23,824.0,25.4,2068.0,63.75,352.0,10.85,8316.27,0.39,100.0,98.27,,88.71,29.99,,Alto,,,Medio,0.8,0.31,-89.3,20.43,0.0,0.0,0.0,0.0,0.0,0.0
YUCATAN,31,DZAN,31025,6003.0,3064.0,51.04,2939.0,48.96,1771.0,29.5,3759.0,62.62,473.0,7.88,7927.99,0.76,0.03,95.94,,81.13,22.9,,Bajo,,,Bajo,0.86,-0.32,-89.47,20.39,0.0,0.0,0.0,0.0,0.0,0.0
YUCATAN,31,DZEMUL,31026,3622.0,1825.0,50.39,1797.0,49.61,755.0,20.84,2398.0,66.21,469.0,12.95,17247.72,0.21,100.0,43.73,,46.16,5.92,,Bajo,,,Muy bajo,0.86,-0.73,-89.31,21.21,0.0,0.0,0.0,0.0,0.0,0.0
YUCATAN,31,DZIDZANTUN,31027,8345.0,4134.0,49.54,4211.0,50.46,1750.0,20.97,5476.0,65.62,1083.0,12.98,20559.23,0.41,9.77,13.36,,54.63,11.03,,Muy bajo,,,Bajo,0.89,-0.62,-89.04,21.25,0.0,0.0,0.0,0.0,0.0,0.0
YUCATAN,31,DZILAM DE BRAVO,31028,2936.0,1462.0,49.8,1474.0,50.2,743.0,25.31,1918.0,65.33,275.0,9.37,41683.51,0.07,100.0,8.38,,49.38,7.4,,Bajo,,,Bajo,0.86,-0.71,-88.89,21.39,0.0,0.0,0.0,0.0,0.0,0.0
YUCATAN,31,DZILAM GONZALEZ,31029,6240.0,3067.0,49.15,3173.0,50.85,1368.0,21.92,4079.0,65.37,780.0,12.5,50170.99,0.12,1.14,23.73,,76.9,20.07,,Bajo,,,Bajo,0.87,-0.32,-88.93,21.28,0.0,0.0,0.0,0.0,0.0,0.0
YUCATAN,31,DZITAS,31030,4015.0,1959.0,48.79,2056.0,51.21,1119.0,27.87,2490.0,62.02,406.0,10.11,30686.94,0.13,100.0,83.96,,80.27,26.79,,Alto,,,Medio,0.77,0.79,-88.53,20.84,0.0,0.0,0.0,0.0,0.0,0.0
YUCATAN,31,DZONCAUICH,31031,2818.0,1396.0,49.54,1422.0,50.46,661.0,23.46,1758.0,62.38,399.0,14.16,13220.04,0.21,100.0,84.21,,66.59,16.27,,Alto,,,Medio,0.8,0.23,-88.89,21.13,0.0,0.0,0.0,0.0,0.0,0.0
YUCATAN,31,ESPITA,31032,16779.0,8267.0,49.27,8512.0,50.73,4731.0,28.2,10621.0,63.3,1388.0,8.27,72868.76,0.23,26.57,86.54,,90.54,38.86,,Alto,,,Medio,0.82,0.52,-88.31,21.01,0.0,0.0,0.0,0.0,0.0,0.0
YUCATAN,31,HALACHO,31033,21255.0,10582.0,49.79,10673.0,50.21,5546.0,26.09,13855.0,65.18,1844.0,8.68,58148.91,0.37,52.09,84.23,,67.89,14.19,,Alto,,,Medio,0.82,0.16,-90.08,20.48,0.0,0.0,0.0,0.0,0.0,0.0
YUCATAN,31,HOCABA,31034,6514.0,3265.0,50.12,3249.0,49.88,1680.0,25.79,4182.0,64.2,652.0,10.01,9409.1,0.69,100.0,83.64,,67.0,13.5,,Alto,,,Medio,0.8,0.28,-89.25,20.82,0.0,0.0,0.0,0.0,0.0,0.0
YUCATAN,31,HOCTUN,31035,6384.0,3210.0,50.28,3174.0,49.72,1521.0,23.83,4183.0,65.52,679.0,10.64,11960.0,0.53,19.31,62.72,,72.17,21.91,,Medio,,,Medio,0.82,0.27,-89.2,20.87,0.0,0.0,0.0,0.0,0.0,0.0
YUCATAN,31,HOMUN,31036,8090.0,4021.0,49.7,4069.0,50.3,2025.0,25.03,5401.0,66.76,664.0,8.21,19813.18,0.41,15.82,80.73,,68.14,15.97,,Medio,,,Bajo,0.83,0.12,-89.29,20.74,0.0,0.0,0.0,0.0,0.0,0.0
YUCATAN,31,HUHI,31037,5250.0,2552.0,48.61,2698.0,51.39,1251.0,23.83,3463.0,65.96,507.0,9.66,19590.28,0.27,1.07,67.26,,81.96,20.8,,Medio,,,Medio,0.85,0.14,-89.16,20.72,0.0,0.0,0.0,0.0,0.0,0.0
YUCATAN,31,HUNUCMA,31038,35137.0,17680.0,50.32,17457.0,49.68,9338.0,26.58,23315.0,66.35,2468.0,7.02,81883.93,0.43,19.14,39.23,,65.32,14.95,,Medio,,,Bajo,0.85,-0.33,-89.88,21.02,0.0,0.0,0.0,0.0,0.0,0.0
YUCATAN,31,IXIL,31039,4186.0,2086.0,49.83,2100.0,50.17,976.0,23.32,2851.0,68.11,359.0,8.58,13547.33,0.31,100.0,24.53,,59.66,11.1,,Bajo,,,Muy bajo,0.86,-0.79,-89.48,21.15,0.0,0.0,0.0,0.0,0.0,0.0
YUCATAN,31,IZAMAL,31040,28555.0,14355.0,50.27,14200.0,49.73,7303.0,25.58,18400.0,64.44,2807.0,9.83,45470.86,0.63,37.52,58.22,,58.72,10.12,,Bajo,,,Bajo,0.86,-0.37,-89.02,20.93,0.0,0.0,0.0,0.0,0.0,0.0
YUCATAN,31,KANASIN,31041,141939.0,71527.0,50.39,70412.0,49.61,38308.0,26.99,97493.0,68.69,5906.0,4.16,10134.06,14.01,1.54,29.81,,44.45,6.73,,Muy bajo,,,Muy bajo,0.91,-0.97,-89.56,20.93,0.0,0.0,0.0,0.0,0.0,0.0
YUCATAN,31,KANTUNIL,31042,5553.0,2823.0,50.84,2730.0,49.16,1553.0,27.97,3398.0,61.19,602.0,10.84,19797.44,0.28,100.0,73.58,,81.96,30.26,,Alto,,,Bajo,0.82,-0.12,-89.04,20.8,0.0,0.0,0.0,0.0,0.0,0.0
YUCATAN,31,KAUA,31043,3405.0,1681.0,49.37,1724.0,50.63,1022.0,30.01,2155.0,63.29,228.0,6.7,13621.3,0.25,100.0,97.77,,88.01,28.36,,Alto,,,Bajo,0.81,0.13,-88.41,20.62,0.0,0.0,0.0,0.0,0.0,0.0
YUCATAN,31,KINCHIL,31044,7530.0,3738.0,49.64,3792.0,50.36,2034.0,27.01,4908.0,65.18,588.0,7.81,35274.65,0.21,4.52,57.6,,66.76,13.1,,Medio,,,Bajo,0.84,-0.09,-89.95,20.92,0.0,0.0,0.0,0.0,0.0,0.0
YUCATAN,31,KOPOMA,31045,2677.0,1290.0,48.19,1387.0,51.81,629.0,23.5,1765.0,65.93,283.0,10.57,15642.07,0.17,100.0,69.89,,44.96,5.69,,Bajo,,,Bajo,0.86,-0.54,-89.9,20.65,0.0,0.0,0.0,0.0,0.0,0.0
YUCATAN,31,MAMA,31046,3296.0,1681.0,51.0,1615.0,49.0,892.0,27.06,2093.0,63.5,311.0,9.44,9959.5,0.33,100.0,94.36,,82.65,23.33,,Alto,,,Bajo,0.81,0.09,-89.37,20.48,0.0,0.0,0.0,0.0,0.0,0.0
YUCATAN,31,MANI,31047,5968.0,3024.0,50.67,2944.0,49.33,1550.0,25.97,3884.0,65.08,534.0,8.95,12577.78,0.47,100.0,97.15,,75.8,20.19,,Alto,,,Bajo,0.81,0.0,-89.39,20.39,0.0,0.0,0.0,0.0,0.0,0.0
YUCATAN,31,MAXCANU,31048,23991.0,11883.0,49.53,12108.0,50.47,6077.0,25.33,15962.0,66.53,1928.0,8.04,90326.29,0.27,41.79,68.62,,57.28,8.97,,Medio,,,Bajo,0.84,-0.04,-90.0,20.59,0.0,0.0,0.0,0.0,0.0,0.0
YUCATAN,31,MAYAPAN,31049,3965.0,1896.0,47.82,2069.0,52.18,1336.0,33.69,2385.0,60.15,217.0,5.47,9286.03,0.43,100.0,98.81,,93.05,39.21,,Muy alto,,,Alto,0.73,1.23,-89.22,20.47,0.0,0.0,0.0,0.0,0.0,0.0
YUCATAN,31,MERIDA,31050,995129.0,515760.0,51.83,479369.0,48.17,199593.0,20.06,696445.0,69.99,96559.0,9.7,87557.65,11.37,4.24,17.76,,25.65,2.93,,Muy bajo,,,Muy bajo,0.94,-1.28,-89.62,20.97,0.0,0.0,0.0,0.0,0.0,0.0
YUCATAN,31,MOCOCHA,31051,3430.0,1673.0,48.78,1757.0,51.22,721.0,21.02,2347.0,68.43,362.0,10.55,4678.73,0.73,100.0,23.41,,28.37,3.24,,Bajo,,,Bajo,0.87,-0.71,-89.45,21.11,0.0,0.0,0.0,0.0,0.0,0.0
YUCATAN,31,MOTUL,31052,37804.0,19127.0,50.6,18677.0,49.4,9227.0,24.41,24933.0,65.95,3559.0,9.41,31766.89,1.19,31.01,46.78,,50.57,10.3,,Bajo,,,Bajo,0.87,-0.48,-89.28,21.1,0.0,0.0,0.0,0.0,0.0,0.0
YUCATAN,31,MUNA,31053,13494.0,6747.0,50.0,6747.0,50.0,3236.0,23.98,8964.0,66.43,1294.0,9.59,39415.35,0.34,6.97,74.88,,69.89,19.43,,Bajo,,,Bajo,0.87,-0.41,-89.71,20.48,0.0,0.0,0.0,0.0,0.0,0.0
YUCATAN,31,MUXUPIP,31054,2990.0,1531.0,51.2,1459.0,48.8,676.0,22.61,1990.0,66.56,305.0,10.2,7099.32,0.42,100.0,66.96,,48.59,4.88,,Medio,,,Bajo,0.84,-0.38,-89.33,21.04,0.0,0.0,0.0,0.0,0.0,0.0
YUCATAN,31,OPICHEN,31055,7080.0,3503.0,49.48,3577.0,50.52,1814.0,25.62,4705.0,66.45,561.0,7.92,25726.18,0.28,23.56,96.72,,77.75,21.06,,Medio,,,Bajo,0.84,-0.03,-89.86,20.55,0.0,0.0,0.0,0.0,0.0,0.0
YUCATAN,31,OXKUTZCAB,31056,33854.0,17544.0,51.82,16310.0,48.18,10019.0,29.59,21275.0,62.84,2508.0,7.41,85652.08,0.4,22.68,86.99,,77.36,22.83,,Medio,,,Bajo,0.84,-0.03,-89.42,20.3,0.0,0.0,0.0,0.0,0.0,0.0
YUCATAN,31,PANABA,31057,7766.0,3930.0,50.61,3836.0,49.39,1923.0,24.76,4976.0,64.07,867.0,11.16,65899.95,0.12,31.52,48.43,,75.46,18.14,,Medio,,,Bajo,0.85,-0.23,-88.27,21.3,0.0,0.0,0.0,0.0,0.0,0.0
YUCATAN,31,PETO,31058,25954.0,13067.0,50.35,12887.0,49.65,7909.0,30.47,15720.0,60.57,2314.0,8.92,104735.99,0.25,17.33,84.86,,85.32,33.21,,Medio,,,Bajo,0.84,0.1,-88.92,20.13,0.0,0.0,0.0,0.0,0.0,0.0
YUCATAN,31,PROGRESO,31059,66008.0,33029.0,50.04,32979.0,49.96,15478.0,23.45,44480.0,67.39,5933.0,8.99,39979.56,1.65,13.77,11.0,,42.09,6.3,,Muy bajo,,,Muy bajo,0.9,-0.97,-89.66,21.28,0.0,0.0,0.0,0.0,0.0,0.0
YUCATAN,31,QUINTANA ROO,31060,976.0,496.0,50.82,480.0,49.18,253.0,25.92,594.0,60.86,127.0,13.01,10255.77,0.1,100.0,62.3,,74.87,22.07,,Medio,,,Bajo,0.84,-0.09,-88.63,20.87,0.0,0.0,0.0,0.0,0.0,0.0
YUCATAN,31,RIO LAGARTOS,31061,3974.0,1941.0,48.84,2033.0,51.16,957.0,24.08,2658.0,66.88,343.0,8.63,32403.0,0.12,100.0,25.69,,27.41,4.28,,Medio,,,Bajo,0.85,-0.54,-88.16,21.6,0.0,0.0,0.0,0.0,0.0,0.0
YUCATAN,31,SACALUM,31062,4962.0,2402.0,48.41,2560.0,51.59,1330.0,26.8,3214.0,64.77,418.0,8.42,19716.11,0.25,100.0,86.86,,69.31,17.0,,Medio,,,Bajo,0.84,-0.29,-89.59,20.5,0.0,0.0,0.0,0.0,0.0,0.0
YUCATAN,31,SAMAHIL,31063,5631.0,2796.0,49.65,2835.0,50.35,1411.0,25.06,3776.0,67.06,418.0,7.42,15924.53,0.35,100.0,71.25,,48.95,7.29,,Medio,,,Bajo,0.84,-0.35,-89.89,20.88,0.0,0.0,0.0,0.0,0.0,0.0
YUCATAN,31,SANAHCAT,31064,1701.0,843.0,49.56,858.0,50.44,457.0,26.87,1037.0,60.96,207.0,12.17,2594.0,0.66,100.0,80.89,,56.14,10.38,,Medio,,,Bajo,0.84,-0.11,-89.21,20.77,0.0,0.0,0.0,0.0,0.0,0.0
YUCATAN,31,SAN FELIPE,31065,2118.0,1029.0,48.58,1089.0,51.42,504.0,23.8,1413.0,66.71,201.0,9.49,43962.36,0.05,100.0,16.19,,32.23,3.43,,Bajo,,,Muy bajo,0.88,-0.87,-88.23,21.57,0.0,0.0,0.0,0.0,0.0,0.0
YUCATAN,31,SANTA ELENA,31066,4220.0,2118.0,50.19,2102.0,49.81,1138.0,26.97,2740.0,64.93,342.0,8.1,50987.7,0.08,100.0,98.18,,81.87,22.67,,Alto,,,Medio,0.81,0.14,-89.64,20.33,0.0,0.0,0.0,0.0,0.0,0.0
YUCATAN,31,SEYE,31067,10053.0,4924.0,48.98,5129.0,51.02,2391.0,23.78,6782.0,67.46,880.0,8.75,17657.66,0.57,9.07,43.85,,62.35,13.28,,Bajo,,,Bajo,0.87,-0.27,-89.37,20.84,0.0,0.0,0.0,0.0,0.0,0.0
YUCATAN,31,SINNANCHE,31068,3206.0,1558.0,48.6,1648.0,51.4,679.0,21.18,2075.0,64.72,452.0,14.1,13301.44,0.24,100.0,38.55,,65.54,11.24,,Medio,,,Bajo,0.85,-0.51,-89.19,21.23,0.0,0.0,0.0,0.0,0.0,0.0
YUCATAN,31,SOTUTA,31069,8967.0,4385.0,48.9,4582.0,51.1,2475.0,27.6,5611.0,62.57,881.0,9.82,54141.64,0.17,35.79,80.44,,83.97,32.58,,Alto,,,Medio,0.82,0.4,-89.01,20.6,0.0,0.0,0.0,0.0,0.0,0.0
YUCATAN,31,SUCILA,31070,3971.0,1990.0,50.11,1981.0,49.89,972.0,24.48,2502.0,63.01,495.0,12.47,30438.06,0.13,100.0,76.45,,76.81,19.62,,Medio,,,Bajo,0.85,-0.42,-88.31,21.16,0.0,0.0,0.0,0.0,0.0,0.0
YUCATAN,31,SUDZAL,31071,1949.0,950.0,48.74,999.0,51.26,581.0,29.81,1183.0,60.7,185.0,9.49,21964.62,0.09,100.0,85.53,,66.88,20.92,,Alto,,,Medio,0.82,0.18,-88.99,20.87,0.0,0.0,0.0,0.0,0.0,0.0
YUCATAN,31,SUMA,31072,1857.0,894.0,48.14,963.0,51.86,393.0,21.16,1164.0,62.68,300.0,16.16,8710.64,0.21,100.0,55.63,,46.88,7.06,,Bajo,,,Bajo,0.87,-0.69,-89.15,21.09,0.0,0.0,0.0,0.0,0.0,0.0
YUCATAN,31,TAHDZIU,31073,5854.0,2845.0,48.6,3009.0,51.4,2287.0,39.07,3309.0,56.53,232.0,3.96,23957.27,0.24,100.0,99.23,,98.08,53.14,,Alto,,,Alto,0.77,1.0,-88.94,20.2,0.0,0.0,0.0,0.0,0.0,0.0
YUCATAN,31,TAHMEK,31074,3774.0,1865.0,49.42,1909.0,50.58,793.0,21.01,2475.0,65.58,506.0,13.41,10158.98,0.37,100.0,85.53,,59.75,7.15,,Medio,,,Bajo,0.84,-0.16,-89.26,20.88,0.0,0.0,0.0,0.0,0.0,0.0
YUCATAN,31,TEABO,31075,6921.0,3475.0,50.21,3446.0,49.79,2011.0,29.06,4325.0,62.49,585.0,8.45,22284.28,0.31,0.45,97.34,,87.25,32.3,,Alto,,,Medio,0.79,0.76,-89.28,20.4,0.0,0.0,0.0,0.0,0.0,0.0
YUCATAN,31,TECOH,31076,17939.0,8898.0,49.6,9041.0,50.4,4480.0,24.97,11923.0,66.46,1536.0,8.56,36444.42,0.49,44.16,75.91,,54.8,11.22,,Medio,,,Bajo,0.83,0.09,-89.47,20.74,0.0,0.0,0.0,0.0,0.0,0.0
YUCATAN,31,TEKAL DE VENEGAS,31077,2683.0,1312.0,48.9,1371.0,51.1,660.0,24.6,1725.0,64.29,298.0,11.11,19782.83,0.14,100.0,79.69,,82.03,24.66,,Alto,,,Medio,0.79,0.34,-88.95,21.01,0.0,0.0,0.0,0.0,0.0,0.0
YUCATAN,31,TEKANTO,31078,3747.0,1863.0,49.72,1884.0,50.28,873.0,23.3,2370.0,63.25,504.0,13.45,7907.76,0.47,100.0,60.15,,65.32,11.11,,Medio,,,Bajo,0.83,0.0,-89.11,21.01,0.0,0.0,0.0,0.0,0.0,0.0
YUCATAN,31,TEKAX,31079,45062.0,22934.0,50.89,22128.0,49.11,12423.0,27.57,29132.0,64.65,3451.0,7.66,274910.15,0.16,36.84,81.98,,74.83,21.96,,Medio,,,Bajo,0.84,-0.08,-89.29,20.2,0.0,0.0,0.0,0.0,0.0,0.0
YUCATAN,31,TEKIT,31080,11020.0,5434.0,49.31,5586.0,50.69,2836.0,25.74,7368.0,66.86,816.0,7.4,27869.26,0.4,0.05,82.68,,82.06,24.36,,Medio,,,Bajo,0.85,0.01,-89.33,20.53,0.0,0.0,0.0,0.0,0.0,0.0
YUCATAN,31,TEKOM,31081,3355.0,1690.0,50.37,1665.0,49.63,995.0,29.66,2025.0,60.36,335.0,9.99,27091.75,0.12,100.0,98.72,,91.54,39.55,,Alto,,,Medio,0.8,0.39,-88.26,20.6,0.0,0.0,0.0,0.0,0.0,0.0
YUCATAN,31,TELCHAC PUEBLO,31082,3512.0,1801.0,51.28,1711.0,48.72,712.0,20.27,2258.0,64.29,542.0,15.43,5741.22,0.61,100.0,23.92,,56.42,13.91,,Bajo,,,Muy bajo,0.87,-0.82,-89.27,21.2,0.0,0.0,0.0,0.0,0.0,0.0
YUCATAN,31,TELCHAC PUERTO,31083,1915.0,962.0,50.23,953.0,49.77,457.0,23.86,1257.0,65.64,201.0,10.5,6436.55,0.3,100.0,24.75,,42.5,8.33,,Bajo,,,Muy bajo,0.87,-0.86,-89.26,21.34,0.0,0.0,0.0,0.0,0.0,0.0
YUCATAN,31,TEMAX,31084,7037.0,3494.0,49.65,3543.0,50.35,1752.0,24.9,4441.0,63.11,825.0,11.72,33447.35,0.21,8.03,48.0,,77.88,21.12,,Medio,,,Bajo,0.83,0.11,-88.94,21.15,0.0,0.0,0.0,0.0,0.0,0.0
YUCATAN,31,TEMOZON,31085,16680.0,8260.0,49.52,8420.0,50.48,4751.0,28.48,10648.0,63.84,1281.0,7.68,70036.06,0.24,55.85,96.37,,81.48,22.13,,Alto,,,Medio,0.81,0.38,-88.2,20.8,0.0,0.0,0.0,0.0,0.0,0.0
YUCATAN,31,TEPAKAN,31086,2133.0,1065.0,49.93,1068.0,50.07,515.0,24.14,1325.0,62.12,277.0,12.99,10771.84,0.2,100.0,87.06,,56.94,11.82,,Alto,,,Medio,0.79,0.43,-89.04,21.05,0.0,0.0,0.0,0.0,0.0,0.0
YUCATAN,31,TETIZ,31087,5464.0,2680.0,49.05,2784.0,50.95,1523.0,27.87,3504.0,64.13,437.0,8.0,33387.54,0.16,100.0,63.67,,65.18,12.22,,Alto,,,Medio,0.8,0.22,-89.93,20.96,0.0,0.0,0.0,0.0,0.0,0.0
YUCATAN,31,TEYA,31088,1917.0,962.0,50.18,955.0,49.82,520.0,27.13,1144.0,59.68,253.0,13.2,7716.07,0.25,100.0,85.45,,62.94,10.65,,Alto,,,Bajo,0.82,-0.05,-89.07,21.05,0.0,0.0,0.0,0.0,0.0,0.0
YUCATAN,31,TICUL,31089,40495.0,20558.0,50.77,19937.0,49.23,10296.0,25.43,26699.0,65.93,3421.0,8.45,33725.43,1.2,13.12,70.1,,70.57,19.45,,Bajo,,,Bajo,0.88,-0.61,-89.53,20.4,0.0,0.0,0.0,0.0,0.0,0.0
YUCATAN,31,TIMUCUY,31090,7503.0,3715.0,49.51,3788.0,50.49,1840.0,24.52,5113.0,68.15,550.0,7.33,13342.08,0.56,100.0,98.44,,68.91,17.46,,Alto,,,Medio,0.81,0.23,-89.51,20.81,0.0,0.0,0.0,0.0,0.0,0.0
YUCATAN,31,TINUM,31091,12700.0,6315.0,49.72,6385.0,50.28,3522.0,27.73,8186.0,64.46,957.0,7.54,46652.24,0.27,48.85,87.46,,84.82,32.14,,Medio,,,Bajo,0.84,-0.05,-88.39,20.77,0.0,0.0,0.0,0.0,0.0,0.0
YUCATAN,31,TIXCACALCUPUL,31092,7888.0,3949.0,50.06,3939.0,49.94,2525.0,32.01,4827.0,61.19,530.0,6.72,49840.49,0.16,100.0,99.14,,92.74,47.71,,Alto,,,Medio,0.77,0.94,-88.27,20.54,0.0,0.0,0.0,0.0,0.0,0.0
YUCATAN,31,TIXKOKOB,31093,18420.0,9383.0,50.94,9037.0,49.06,3975.0,21.58,12646.0,68.65,1755.0,9.53,17073.38,1.08,35.37,28.39,,36.57,5.85,,Muy bajo,,,Muy bajo,0.89,-0.79,-89.4,21.0,0.0,0.0,0.0,0.0,0.0,0.0
YUCATAN,31,TIXMEHUAC,31094,5444.0,2726.0,50.07,2718.0,49.93,1647.0,30.25,3406.0,62.56,391.0,7.18,22844.98,0.24,100.0,98.73,,90.19,32.31,,Alto,,,Medio,0.79,0.7,-89.11,20.24,0.0,0.0,0.0,0.0,0.0,0.0
YUCATAN,31,TIXPEHUAL,31095,5690.0,2874.0,50.51,2816.0,49.49,1174.0,20.63,3941.0,69.26,575.0,10.11,7026.39,0.81,100.0,52.13,,35.6,4.38,,Bajo,,,Bajo,0.86,-0.59,-89.44,20.98,0.0,0.0,0.0,0.0,0.0,0.0
YUCATAN,31,TIZIMIN,31096,80672.0,40618.0,50.35,40054.0,49.65,22212.0,27.53,51585.0,63.94,6832.0,8.47,384659.93,0.21,34.81,63.97,,71.85,24.46,,Medio,,,Bajo,0.84,0.0,-88.15,21.14,0.0,0.0,0.0,0.0,0.0,0.0
YUCATAN,31,TUNKAS,31097,3684.0,1795.0,48.72,1889.0,51.28,1000.0,27.14,2228.0,60.48,456.0,12.38,40960.82,0.09,100.0,78.5,,85.24,33.48,,Alto,,,Medio,0.81,0.21,-88.75,20.9,0.0,0.0,0.0,0.0,0.0,0.0
YUCATAN,31,TZUCACAB,31098,15346.0,7677.0,50.03,7669.0,49.97,4547.0,29.63,9588.0,62.48,1211.0,7.89,76023.97,0.2,29.11,83.48,,83.44,27.57,,Medio,,,Bajo,0.84,0.02,-89.05,20.07,0.0,0.0,0.0,0.0,0.0,0.0
YUCATAN,31,UAYMA,31099,4191.0,2100.0,50.11,2091.0,49.89,1186.0,28.3,2673.0,63.78,332.0,7.92,18606.22,0.23,100.0,99.02,,90.78,39.39,,Alto,,,Medio,0.78,0.59,-88.32,20.72,0.0,0.0,0.0,0.0,0.0,0.0
YUCATAN,31,UCU,31100,4049.0,2034.0,50.23,2015.0,49.77,970.0,23.96,2732.0,67.47,347.0,8.57,12962.56,0.31,100.0,46.65,,43.6,6.02,,Medio,,,Bajo,0.85,-0.51,-89.75,21.03,0.0,0.0,0.0,0.0,0.0,0.0
YUCATAN,31,UMAN,31101,69147.0,34725.0,50.22,34422.0,49.78,17571.0,25.41,47494.0,68.69,4060.0,5.87,34605.65,2.0,18.42,36.71,,39.68,5.04,,Muy bajo,,,Muy bajo,0.89,-0.86,-89.75,20.88,0.0,0.0,0.0,0.0,0.0,0.0
YUCATAN,31,VALLADOLID,31102,85460.0,43535.0,50.94,41925.0,49.06,23134.0,27.07,56067.0,65.61,6191.0,7.24,106924.36,0.8,33.89,73.55,,61.9,19.58,,Medio,,,Bajo,0.85,-0.31,-88.2,20.69,0.0,0.0,0.0,0.0,0.0,0.0
YUCATAN,31,XOCCHEL,31103,3451.0,1701.0,49.29,1750.0,50.71,935.0,27.09,2205.0,63.89,311.0,9.01,10981.1,0.31,100.0,87.48,,76.97,20.98,,Alto,,,Medio,0.81,0.21,-89.18,20.83,0.0,0.0,0.0,0.0,0.0,0.0
YUCATAN,31,YAXCABA,31104,16350.0,7994.0,48.89,8356.0,51.11,5097.0,31.17,9924.0,60.7,1329.0,8.13,146234.56,0.11,100.0,92.7,,88.8,35.49,,Alto,,,Medio,0.77,0.8,-88.83,20.55,0.0,0.0,0.0,0.0,0.0,0.0
YUCATAN,31,YAXKUKUL,31105,3293.0,1665.0,50.56,1628.0,49.44,746.0,22.65,2258.0,68.57,269.0,8.17,4905.56,0.67,100.0,23.5,,49.99,6.42,,Bajo,,,Muy bajo,0.87,-0.81,-89.42,21.06,0.0,0.0,0.0,0.0,0.0,0.0
YUCATAN,31,YOBAIN,31106,2215.0,1105.0,49.89,1110.0,50.11,530.0,23.93,1396.0,63.02,289.0,13.05,13051.84,0.17,100.0,37.29,,42.35,7.48,,Medio,,,Bajo,0.85,-0.52,-89.12,21.23,0.0,0.0,0.0,0.0,0.0,0.0
ZACATECAS,32,APOZOL,32001,6260.0,3219.0,51.42,3041.0,48.58,1638.0,26.17,3754.0,59.97,868.0,13.87,29003.78,0.22,100.0,0.42,,45.01,1.57,,Bajo,,,Muy bajo,0.87,-0.77,-103.09,21.47,0.0,0.0,0.0,0.0,0.0,0.0
ZACATECAS,32,APULCO,32002,4942.0,2603.0,52.67,2339.0,47.33,1482.0,29.99,2846.0,57.59,614.0,12.42,20054.65,0.25,100.0,0.22,,51.65,4.38,,Bajo,,,Bajo,0.86,-0.59,-102.68,21.39,0.0,0.0,0.0,0.0,0.0,0.0
ZACATECAS,32,ATOLINGA,32003,2277.0,1146.0,50.33,1131.0,49.67,530.0,23.28,1313.0,57.66,434.0,19.06,27843.09,0.08,100.0,0.13,,50.14,2.58,,Bajo,,,Muy bajo,0.88,-0.75,-103.47,21.81,0.0,0.0,0.0,0.0,0.0,0.0
ZACATECAS,32,BENITO JUAREZ,32004,4493.0,2251.0,50.1,2242.0,49.9,1320.0,29.38,2622.0,58.36,543.0,12.09,32565.59,0.14,100.0,0.67,,67.37,4.99,,Bajo,,,Muy bajo,0.88,-0.76,-103.56,21.5,0.0,0.0,0.0,0.0,0.0,0.0
ZACATECAS,32,CALERA,32005,45759.0,23180.0,50.66,22579.0,49.34,14244.0,31.13,28892.0,63.14,2566.0,5.61,38327.15,1.19,3.44,0.59,,39.08,2.72,,Muy bajo,,,Muy bajo,0.92,-0.99,-102.7,22.95,0.0,0.0,0.0,0.0,0.0,0.0
ZACATECAS,32,CANITAS DE FELIPE PESCADOR,32006,8255.0,4228.0,51.22,4027.0,48.78,2342.0,28.37,4967.0,60.17,896.0,10.85,44458.54,0.19,22.74,0.17,,56.53,4.29,,Muy bajo,,,Muy bajo,0.9,-0.94,-102.73,23.61,0.0,0.0,0.0,0.0,0.0,0.0
ZACATECAS,32,CONCEPCION DEL ORO,32007,12115.0,6050.0,49.94,6065.0,50.06,3152.0,26.02,7591.0,62.66,1372.0,11.32,239258.0,0.05,42.92,0.12,,26.78,2.76,,Muy bajo,,,Muy bajo,0.91,-0.98,-101.42,24.61,0.0,0.0,0.0,0.0,0.0,0.0
ZACATECAS,32,CUAUHTEMOC,32008,13466.0,6918.0,51.37,6548.0,48.63,4213.0,31.29,8126.0,60.34,1127.0,8.37,32097.6,0.42,29.73,0.15,,61.68,7.9,,Bajo,,,Muy bajo,0.89,-0.78,-102.35,22.45,0.0,0.0,0.0,0.0,0.0,0.0
ZACATECAS,32,CHALCHIHUITES,32009,10086.0,5194.0,51.5,4892.0,48.5,2780.0,27.56,5935.0,58.84,1371.0,13.59,89111.11,0.11,100.0,0.04,,54.82,7.48,,Bajo,,,Muy bajo,0.88,-0.97,-103.88,23.48,0.0,0.0,0.0,0.0,0.0,0.0
ZACATECAS,32,FRESNILLO,32010,240532.0,122765.0,51.04,117767.0,48.96,69954.0,29.08,153166.0,63.68,17225.0,7.16,503730.78,0.48,35.51,0.46,,40.12,3.44,,Muy bajo,,,Muy bajo,0.91,-1.0,-102.87,23.17,0.0,0.0,0.0,0.0,0.0,0.0
ZACATECAS,32,TRINIDAD GARCIA DE LA CADENA,32011,3362.0,1706.0,50.74,1656.0,49.26,847.0,25.19,1998.0,59.43,511.0,15.2,30426.57,0.11,100.0,4.76,,54.16,3.58,,Bajo,,,Muy bajo,0.89,-0.8,-103.46,21.21,0.0,0.0,0.0,0.0,0.0,0.0
ZACATECAS,32,GENARO CODINA,32012,8168.0,4225.0,51.73,3943.0,48.27,2604.0,31.88,4770.0,58.4,794.0,9.72,78641.76,0.1,100.0,0.07,,68.78,9.06,,Medio,,,Bajo,0.85,-0.38,-102.46,22.49,0.0,0.0,0.0,0.0,0.0,0.0
ZACATECAS,32,GENERAL ENRIQUE ESTRADA,32013,6644.0,3363.0,50.62,3281.0,49.38,1953.0,29.39,4117.0,61.97,574.0,8.64,19557.46,0.34,100.0,3.15,,46.23,4.12,,Bajo,,,Muy bajo,0.88,-0.95,-102.74,23.0,0.0,0.0,0.0,0.0,0.0,0.0
ZACATECAS,32,GENERAL FRANCISCO R. MURGUIA,32014,20191.0,10417.0,51.59,9774.0,48.41,5481.0,27.15,12310.0,60.97,2383.0,11.8,478381.88,0.04,71.06,0.1,,58.55,3.86,,Bajo,,,Muy bajo,0.88,-0.85,-103.02,23.99,0.0,0.0,0.0,0.0,0.0,0.0
ZACATECAS,32,EL PLATEADO DE JOAQUIN AMARO,32015,1579.0,798.0,50.54,781.0,49.46,353.0,22.36,877.0,55.54,349.0,22.1,34999.21,0.05,100.0,0.0,,48.03,2.24,,Bajo,,,Bajo,0.86,-0.57,-103.09,21.94,0.0,0.0,0.0,0.0,0.0,0.0
ZACATECAS,32,GENERAL PANFILO NATERA,32016,23526.0,12085.0,51.37,11441.0,48.63,7202.0,30.61,14197.0,60.35,2122.0,9.02,43737.13,0.54,100.0,0.06,,65.11,6.91,,Bajo,,,Bajo,0.86,-0.69,-102.11,22.66,0.0,0.0,0.0,0.0,0.0,0.0
ZACATECAS,32,GUADALUPE,32017,211740.0,109285.0,51.61,102455.0,48.39,57345.0,27.08,143213.0,67.64,10607.0,5.01,80832.2,2.62,12.3,0.59,,23.86,1.38,,Muy bajo,,,Muy bajo,0.94,-1.32,-102.52,22.75,0.0,0.0,0.0,0.0,0.0,0.0
ZACATECAS,32,HUANUSCO,32018,4547.0,2290.0,50.36,2257.0,49.64,1155.0,25.4,2633.0,57.91,759.0,16.69,36860.58,0.12,100.0,0.2,,46.82,3.53,,Bajo,,,Muy bajo,0.87,-0.8,-102.97,21.77,0.0,0.0,0.0,0.0,0.0,0.0
ZACATECAS,32,JALPA,32019,25296.0,12868.0,50.87,12428.0,49.13,7270.0,28.74,15184.0,60.03,2811.0,11.11,71086.33,0.36,39.55,0.68,,43.06,2.46,,Muy bajo,,,Muy bajo,0.9,-1.02,-102.98,21.63,0.0,0.0,0.0,0.0,0.0,0.0
ZACATECAS,32,JEREZ,32020,59910.0,30745.0,51.32,29165.0,48.68,14855.0,24.8,37716.0,62.95,7328.0,12.23,152690.74,0.39,23.0,0.45,,45.49,2.79,,Muy bajo,,,Muy bajo,0.91,-1.06,-102.99,22.65,0.0,0.0,0.0,0.0,0.0,0.0
ZACATECAS,32,JIMENEZ DEL TEUL,32021,4465.0,2255.0,50.5,2210.0,49.5,1425.0,31.91,2527.0,56.6,513.0,11.49,115841.34,0.04,100.0,0.34,,64.71,12.68,,Alto,,,Medio,0.81,0.14,-103.8,23.25,0.0,0.0,0.0,0.0,0.0,0.0
ZACATECAS,32,JUAN ALDAMA,32022,19749.0,10184.0,51.57,9565.0,48.43,5579.0,28.25,12221.0,61.88,1949.0,9.87,61692.11,0.32,23.82,0.25,,57.53,4.17,,Muy bajo,,,Muy bajo,0.9,-1.0,-103.39,24.29,0.0,0.0,0.0,0.0,0.0,0.0
ZACATECAS,32,JUCHIPILA,32023,12251.0,6364.0,51.95,5887.0,48.05,3001.0,24.5,7481.0,61.06,1767.0,14.42,33537.13,0.37,52.36,0.26,,38.31,2.09,,Muy bajo,,,Muy bajo,0.9,-1.02,-103.12,21.41,0.0,0.0,0.0,0.0,0.0,0.0
ZACATECAS,32,LORETO,32024,53709.0,27442.0,51.09,26267.0,48.91,17351.0,32.31,32719.0,60.92,3547.0,6.6,42465.82,1.26,51.06,0.3,,51.72,4.08,,Muy bajo,,,Muy bajo,0.9,-1.01,-101.99,22.27,0.0,0.0,0.0,0.0,0.0,0.0
ZACATECAS,32,LUIS MOYA,32025,13184.0,6750.0,51.2,6434.0,48.8,4151.0,31.49,7905.0,59.96,1128.0,8.56,17502.79,0.75,47.03,0.2,,49.9,4.12,,Muy bajo,,,Muy bajo,0.89,-1.05,-102.25,22.43,0.0,0.0,0.0,0.0,0.0,0.0
ZACATECAS,32,MAZAPIL,32026,17774.0,8663.0,48.74,9111.0,51.26,5433.0,30.57,10283.0,57.85,2042.0,11.49,1198759.99,0.01,100.0,0.11,,44.07,7.06,,Medio,,,Bajo,0.84,-0.33,-101.55,24.64,0.0,0.0,0.0,0.0,0.0,0.0
ZACATECAS,32,MELCHOR OCAMPO,32027,2736.0,1281.0,46.82,1455.0,53.18,815.0,29.79,1652.0,60.38,269.0,9.83,186204.86,0.01,100.0,0.0,,56.02,6.62,,Medio,,,Bajo,0.85,-0.37,-101.64,24.83,0.0,0.0,0.0,0.0,0.0,0.0
ZACATECAS,32,MEZQUITAL DEL ORO,32028,2451.0,1235.0,50.39,1216.0,49.61,653.0,26.64,1440.0,58.75,358.0,14.61,48200.85,0.05,100.0,0.57,,57.55,4.55,,Bajo,,,Bajo,0.87,-0.26,-103.36,21.22,0.0,0.0,0.0,0.0,0.0,0.0
ZACATECAS,32,MIGUEL AUZA,32029,23713.0,12138.0,51.19,11575.0,48.81,7720.0,32.56,14158.0,59.71,1835.0,7.74,109392.12,0.22,37.52,0.08,,61.4,3.66,,Muy bajo,,,Muy bajo,0.9,-0.87,-103.45,24.29,0.0,0.0,0.0,0.0,0.0,0.0
ZACATECAS,32,MOMAX,32030,2446.0,1261.0,51.55,1185.0,48.45,578.0,23.63,1469.0,60.06,399.0,16.31,16017.41,0.15,100.0,0.29,,44.55,2.29,,Bajo,,,Muy bajo,0.88,-0.94,-103.31,21.92,0.0,0.0,0.0,0.0,0.0,0.0
ZACATECAS,32,MONTE ESCOBEDO,32031,8683.0,4399.0,50.66,4284.0,49.34,2133.0,24.57,5066.0,58.34,1484.0,17.09,158297.62,0.05,100.0,0.84,,46.43,2.09,,Bajo,,,Muy bajo,0.88,-0.8,-103.56,22.3,0.0,0.0,0.0,0.0,0.0,0.0
ZACATECAS,32,MORELOS,32032,13207.0,6655.0,50.39,6552.0,49.61,3484.0,26.38,8677.0,65.7,1023.0,7.75,17897.79,0.74,42.92,0.77,,29.1,1.61,,Muy bajo,,,Muy bajo,0.92,-1.21,-102.61,22.86,0.0,0.0,0.0,0.0,0.0,0.0
ZACATECAS,32,MOYAHUA DE ESTRADA,32033,4530.0,2312.0,51.04,2218.0,48.96,1104.0,24.37,2622.0,57.88,804.0,17.75,53527.23,0.08,100.0,0.33,,44.43,3.13,,Bajo,,,Muy bajo,0.88,-0.8,-103.17,21.27,0.0,0.0,0.0,0.0,0.0,0.0
ZACATECAS,32,NOCHISTLAN DE MEJIA,32034,27945.0,14463.0,51.76,13482.0,48.24,7317.0,26.18,16625.0,59.49,3996.0,14.3,86931.38,0.32,39.83,0.24,,40.33,1.39,,Muy bajo,,,Muy bajo,0.9,-0.99,-102.85,21.36,0.0,0.0,0.0,0.0,0.0,0.0
ZACATECAS,32,NORIA DE ANGELES,32035,16284.0,8384.0,51.49,7900.0,48.51,5150.0,31.63,9792.0,60.13,1331.0,8.17,40419.92,0.4,100.0,0.09,,61.28,6.45,,Bajo,,,Muy bajo,0.87,-0.72,-101.91,22.44,0.0,0.0,0.0,0.0,0.0,0.0
ZACATECAS,32,OJOCALIENTE,32036,44144.0,22882.0,51.83,21262.0,48.17,14158.0,32.07,26566.0,60.18,3385.0,7.67,63799.04,0.69,49.49,0.29,,56.32,6.96,,Bajo,,,Muy bajo,0.88,-0.84,-102.25,22.57,0.0,0.0,0.0,0.0,0.0,0.0
ZACATECAS,32,PANUCO,32037,17577.0,8797.0,50.05,8780.0,49.95,5431.0,30.9,10868.0,61.83,1278.0,7.27,67493.78,0.26,71.09,0.97,,56.63,6.37,,Bajo,,,Bajo,0.86,-0.56,-102.54,22.88,0.0,0.0,0.0,0.0,0.0,0.0
ZACATECAS,32,PINOS,32038,72241.0,37485.0,51.89,34756.0,48.11,22846.0,31.62,42913.0,59.4,6458.0,8.94,313579.76,0.23,91.27,0.07,,67.61,7.17,,Medio,,,Bajo,0.85,-0.4,-101.58,22.3,0.0,0.0,0.0,0.0,0.0,0.0
ZACATECAS,32,RIO GRANDE,32039,64535.0,33255.0,51.53,31280.0,48.47,17326.0,26.85,41271.0,63.95,5934.0,9.2,181875.49,0.35,45.69,0.31,,45.57,3.31,,Muy bajo,,,Muy bajo,0.9,-1.01,-103.03,23.83,0.0,0.0,0.0,0.0,0.0,0.0
ZACATECAS,32,SAIN ALTO,32040,21844.0,11201.0,51.28,10643.0,48.72,6812.0,31.18,12974.0,59.39,2058.0,9.42,139960.74,0.16,75.76,0.04,,61.9,3.48,,Bajo,,,Muy bajo,0.87,-0.77,-103.25,23.58,0.0,0.0,0.0,0.0,0.0,0.0
ZACATECAS,32,EL SALVADOR,32041,2509.0,1235.0,49.22,1274.0,50.78,662.0,26.39,1446.0,57.63,401.0,15.98,61723.7,0.04,100.0,0.12,,55.02,9.72,,Alto,,,Bajo,0.82,-0.18,-100.87,24.52,0.0,0.0,0.0,0.0,0.0,0.0
ZACATECAS,32,SOMBRERETE,32042,63665.0,32198.0,50.57,31467.0,49.43,18390.0,28.89,39472.0,62.0,5760.0,9.05,359356.46,0.18,60.63,0.08,,38.06,2.8,,Muy bajo,,,Muy bajo,0.9,-0.91,-103.64,23.63,0.0,0.0,0.0,0.0,0.0,0.0
ZACATECAS,32,SUSTICACAN,32043,1365.0,701.0,51.36,664.0,48.64,329.0,24.1,821.0,60.15,215.0,15.75,19747.81,0.07,100.0,0.15,,56.51,5.62,,Medio,,,Bajo,0.85,-0.59,-103.1,22.61,0.0,0.0,0.0,0.0,0.0,0.0
ZACATECAS,32,TABASCO,32044,16588.0,8481.0,51.13,8107.0,48.87,4678.0,28.2,10055.0,60.62,1854.0,11.18,40605.12,0.41,51.22,0.36,,55.27,4.67,,Muy bajo,,,Muy bajo,0.89,-0.9,-102.91,21.87,0.0,0.0,0.0,0.0,0.0,0.0
ZACATECAS,32,TEPECHITLAN,32045,8321.0,4337.0,52.12,3984.0,47.88,2229.0,26.79,4916.0,59.08,1176.0,14.13,53912.3,0.15,100.0,0.32,,54.91,2.86,,Bajo,,,Muy bajo,0.88,-0.86,-103.33,21.67,0.0,0.0,0.0,0.0,0.0,0.0
ZACATECAS,32,TEPETONGO,32046,6490.0,3284.0,50.6,3206.0,49.4,1409.0,21.71,3756.0,57.87,1325.0,20.42,71692.15,0.09,100.0,0.05,,51.32,2.82,,Bajo,,,Muy bajo,0.87,-0.75,-103.15,22.46,0.0,0.0,0.0,0.0,0.0,0.0
ZACATECAS,32,TEUL DE GONZALEZ ORTEGA,32047,5356.0,2744.0,51.23,2612.0,48.77,1396.0,26.06,3234.0,60.38,725.0,13.54,67305.48,0.08,100.0,0.43,,38.95,1.34,,Muy bajo,,,Muy bajo,0.89,-0.95,-103.46,21.46,0.0,0.0,0.0,0.0,0.0,0.0
ZACATECAS,32,TLALTENNANGO DE SANCHEZ ROMAN,32048,27302.0,14078.0,51.56,13224.0,48.44,7595.0,27.82,16912.0,61.94,2792.0,10.23,73854.69,0.37,34.5,2.57,,37.46,3.12,,Muy bajo,,,Muy bajo,0.9,-0.88,-103.31,21.78,0.0,0.0,0.0,0.0,0.0,0.0
ZACATECAS,32,VALPARAISO,32049,32461.0,16432.0,50.62,16029.0,49.38,9042.0,27.85,18560.0,57.18,4520.0,13.92,564739.71,0.06,58.17,3.57,,47.33,5.4,,Bajo,,,Bajo,0.86,-0.48,-103.57,22.77,0.0,0.0,0.0,0.0,0.0,0.0
ZACATECAS,32,VETAGRANDE,32050,10276.0,5271.0,51.29,5005.0,48.71,3104.0,30.21,6463.0,62.89,709.0,6.9,15824.42,0.65,100.0,0.02,,51.49,3.3,,Bajo,,,Muy bajo,0.88,-0.97,-102.56,22.83,0.0,0.0,0.0,0.0,0.0,0.0
ZACATECAS,32,VILLA DE COS,32051,34623.0,17368.0,50.16,17255.0,49.84,10394.0,30.02,21216.0,61.28,2973.0,8.59,659703.89,0.05,65.91,0.91,,69.41,7.03,,Bajo,,,Bajo,0.87,-0.62,-102.35,23.29,0.0,0.0,0.0,0.0,0.0,0.0
ZACATECAS,32,VILLA GARCIA,32052,19525.0,9898.0,50.69,9627.0,49.31,5816.0,29.79,12167.0,62.31,1542.0,7.9,33823.05,0.58,64.09,0.02,,33.27,1.76,,Muy bajo,,,Muy bajo,0.9,-0.98,-101.96,22.16,0.0,0.0,0.0,0.0,0.0,0.0
ZACATECAS,32,VILLA GONZALEZ ORTEGA,32053,13208.0,6933.0,52.49,6275.0,47.51,4281.0,32.41,7759.0,58.74,1168.0,8.84,42737.52,0.31,49.95,0.03,,62.5,7.7,,Bajo,,,Muy bajo,0.88,-0.79,-101.91,22.51,0.0,0.0,0.0,0.0,0.0,0.0
ZACATECAS,32,VILLA HIDALGO,32054,19446.0,9942.0,51.13,9504.0,48.87,6365.0,32.73,11560.0,59.45,1512.0,7.78,37142.6,0.52,100.0,0.04,,74.89,9.01,,Bajo,,,Bajo,0.86,-0.69,-101.71,22.36,0.0,0.0,0.0,0.0,0.0,0.0
ZACATECAS,32,VILLANUEVA,32055,31558.0,15968.0,50.6,15590.0,49.4,8110.0,25.7,19165.0,60.73,4281.0,13.57,215650.56,0.15,56.77,0.1,,50.57,4.29,,Muy bajo,,,Muy bajo,0.89,-0.88,-102.88,22.35,0.0,0.0,0.0,0.0,0.0,0.0
ZACATECAS,32,ZACATECAS,32056,149607.0,77635.0,51.89,71972.0,48.11,34530.0,23.08,102517.0,68.52,12369.0,8.27,43678.57,3.43,7.46,0.72,,23.39,2.55,,Muy bajo,,,Muy bajo,0.94,-1.34,-102.57,22.78,0.0,0.0,0.0,0.0,0.0,0.0
ZACATECAS,32,TRANCOSO,32057,20455.0,10416.0,50.92,10039.0,49.08,6570.0,32.12,12620.0,61.7,1197.0,5.85,21844.7,0.94,16.79,0.19,,63.95,6.37,,Muy bajo,,,Muy bajo,0.89,-0.75,-102.37,22.74,0.0,0.0,0.0,0.0,0.0,0.0
ZACATECAS,32,SANTA MARIA DE LA PAZ,32058,2767.0,1417.0,51.21,1350.0,48.79,717.0,25.91,1641.0,59.31,409.0,14.78,27566.66,0.1,100.0,0.65,,47.96,2.44,,Bajo,,,Muy bajo,0.88,-0.73,-103.41,21.51,0.0,0.0,0.0,0.0,0.0,0.0
