dates,AGUASCALIENTES,BAJA_CALIFORNIA,BAJA_CALIFORNIA_SUR,CAMPECHE,COAHUILA,COLIMA,CHIAPAS,CHIHUAHUA,CDMX,DURANGO,GUANAJUATO,GUERRERO,HIDALGO,JALISCO,MEXICO,MICHOACAN,MORELOS,NAYARIT,NUEVO_LEON,OAXACA,PUEBLA,QUERETARO,QUINTANA_ROO,SAN_LUIS_POTOSI,SINALOA,SONORA,TABASCO,TAMAULIPAS,TLAXCALA,VERACRUZ,YUCATAN,ZACATECAS
2020-02-28,0.0,0.0,0.0,0.0,0.0,0.0,0.0,0.0,0.0,0,0.0,0.0,0.0,0.0,0.0,0.0,0.0,0.0,0.0,0.0,0.0,0.0,0.0,0.0,0.0,0.0,0.0,0.0,0.0,0.0,0.0,0.0
2020-02-29,0.0,0.0,0.0,0.0,0.0,0.0,0.0,0.0,0.0,0,0.0,0.0,0.0,0.0,0.0,0.0,0.0,0.0,0.0,0.0,0.0,0.0,0.0,0.0,0.0,0.0,0.0,0.0,0.0,0.0,0.0,0.0
2020-03-01,0.0,0.0,0.0,0.0,0.0,0.0,0.0,0.0,0.0,0,0.0,0.0,0.0,0.0,0.0,0.0,0.0,0.0,0.0,0.0,0.0,0.0,0.0,0.0,0.0,0.0,0.0,0.0,0.0,0.0,0.0,0.0
2020-03-02,0.0,0.0,0.0,0.0,0.0,0.0,0.0,0.0,0.0,0,0.0,0.0,0.0,0.0,0.0,0.0,0.0,0.0,0.0,0.0,0.0,0.0,0.0,0.0,0.0,0.0,0.0,0.0,0.0,0.0,0.0,0.0
2020-03-03,0.0,0.0,0.0,0.0,0.0,0.0,0.0,0.0,0.0,0,0.0,0.0,0.0,0.0,0.0,0.0,0.0,0.0,0.0,0.0,0.0,0.0,0.0,0.0,0.0,0.0,0.0,0.0,0.0,0.0,0.0,0.0
2020-03-04,0.0,0.0,0.0,0.0,0.0,0.0,0.0,0.0,0.0,0,0.0,0.0,0.0,0.0,0.0,0.0,0.0,0.0,0.0,0.0,0.0,0.0,0.0,0.0,0.0,0.0,0.0,0.0,0.0,0.0,0.0,0.0
2020-03-05,0.0,0.0,0.0,0.0,0.0,0.0,0.0,0.0,0.0,0,0.0,0.0,0.0,0.0,0.0,0.0,0.0,0.0,0.0,0.0,0.0,0.0,0.0,0.0,0.0,0.0,0.0,0.0,0.0,0.0,0.0,0.0
2020-03-06,0.0,0.0,0.0,0.0,0.0,0.0,0.0,0.0,0.0,0,0.0,0.0,0.0,0.0,0.0,0.0,0.0,0.0,0.0,0.0,0.0,0.0,0.0,0.0,0.0,0.0,0.0,0.0,0.0,0.0,0.0,0.0
2020-03-07,0.0,0.0,0.0,0.0,0.0,0.0,0.0,0.0,0.0,0,0.0,0.0,0.0,0.0,0.0,0.0,0.0,0.0,0.0,0.0,0.0,0.0,0.0,0.0,0.0,0.0,0.0,0.0,0.0,0.0,0.0,0.0
2020-03-08,0.0,0.0,0.0,0.0,0.0,0.0,0.0,0.0,0.0,0,0.0,0.0,0.0,0.0,0.0,0.0,0.0,0.0,0.0,0.0,0.0,0.0,0.0,0.0,0.0,0.0,0.0,0.0,0.0,0.0,0.0,0.0
2020-03-09,0.0,0.0,0.0,0.0,0.0,0.0,0.0,0.0,0.0,0,0.0,0.0,0.0,0.0,0.0,0.0,0.0,0.0,0.0,0.0,0.0,0.0,0.0,0.0,0.0,0.0,0.0,0.0,0.0,0.0,0.0,0.0
2020-03-10,0.0,0.0,0.0,0.0,0.0,0.0,0.0,0.0,0.0,0,0.0,0.0,0.0,0.0,0.0,0.0,0.0,0.0,0.0,0.0,0.0,0.0,0.0,0.0,0.0,0.0,0.0,0.0,0.0,0.0,0.0,0.0
2020-03-11,0.0,0.0,0.0,0.0,0.0,0.0,0.0,0.0,0.0,0,0.0,0.0,0.0,0.0,0.0,0.0,0.0,0.0,0.0,0.0,0.0,0.0,0.0,0.0,0.0,0.0,0.0,0.0,0.0,0.0,0.0,0.0
2020-03-12,0.0,0.0,0.0,0.0,0.0,0.0,0.0,0.0,0.0,0,0.0,0.0,0.0,0.0,0.0,0.0,0.0,0.0,0.0,0.0,0.0,0.0,0.0,0.0,0.0,0.0,0.0,0.0,0.0,0.0,0.0,0.0
2020-03-13,0.0,0.0,0.0,0.0,0.0,0.0,0.0,0.0,0.0,0,0.0,0.0,0.0,0.0,0.0,0.0,0.0,0.0,0.0,0.0,0.0,0.0,0.0,0.0,0.0,0.0,0.0,0.0,0.0,0.0,0.0,0.0
2020-03-14,0.0,0.0,0.0,0.0,0.0,0.0,0.0,0.0,0.0,0,0.0,0.0,0.0,0.0,0.0,0.0,0.0,0.0,0.0,0.0,0.0,0.0,0.0,0.0,0.0,0.0,0.0,0.0,0.0,0.0,0.0,0.0
2020-03-15,0.0,0.0,0.0,0.0,0.0,0.0,0.0,0.0,0.0,0,0.0,0.0,0.0,0.0,0.0,0.0,0.0,0.0,0.0,0.0,0.0,0.0,0.0,0.0,0.0,0.0,0.0,0.0,0.0,0.0,0.0,0.0
2020-03-16,0.0,0.0,0.0,0.0,0.0,0.0,0.0,0.0,0.0,0,0.0,0.0,0.0,0.0,0.0,0.0,0.0,0.0,0.0,0.0,0.0,0.0,0.0,0.0,0.0,0.0,0.0,0.0,0.0,0.0,0.0,0.0
2020-03-17,0.0,0.0,0.0,0.0,0.0,0.0,0.0,0.0,0.0,0,0.0,0.0,0.0,0.0,0.0,0.0,0.0,0.0,0.0,0.0,0.0,0.0,0.0,0.0,0.0,0.0,0.0,0.0,0.0,0.0,0.0,0.0
2020-03-18,0.0,0.0,0.0,0.0,0.0,0.0,0.0,0.0,0.0,0,1.0,0.0,0.0,0.0,0.0,1.0,0.0,0.0,0.0,0.0,1.0,0.0,0.0,0.0,0.0,0.0,0.0,0.0,0.0,0.0,0.0,0.0
2020-03-19,0.0,0.0,0.0,0.0,0.0,0.0,0.0,0.0,0.0,0,0.0,0.0,0.0,0.0,0.0,0.0,0.0,0.0,0.0,0.0,0.0,0.0,0.0,0.0,0.0,0.0,0.0,0.0,0.0,0.0,0.0,0.0
2020-03-20,0.0,0.0,0.0,0.0,0.0,0.0,0.0,0.0,0.0,0,0.0,0.0,0.0,0.0,1.0,0.0,0.0,0.0,0.0,0.0,0.0,0.0,0.0,0.0,0.0,0.0,0.0,0.0,0.0,0.0,0.0,0.0
2020-03-21,0.0,0.0,0.0,0.0,0.0,0.0,0.0,0.0,0.0,0,0.0,0.0,0.0,0.0,0.0,0.0,0.0,0.0,0.0,0.0,0.0,0.0,0.0,0.0,0.0,0.0,0.0,0.0,0.0,0.0,0.0,0.0
2020-03-22,0.0,0.0,0.0,0.0,0.0,0.0,0.0,0.0,0.0,1,0.0,0.0,1.0,0.0,0.0,0.0,0.0,0.0,0.0,0.0,0.0,0.0,0.0,0.0,0.0,0.0,0.0,0.0,0.0,0.0,0.0,0.0
2020-03-23,0.0,0.0,0.0,0.0,0.0,0.0,0.0,0.0,0.0,1,0.0,0.0,0.0,0.0,0.0,0.0,0.0,0.0,0.0,0.0,0.0,0.0,0.0,0.0,0.0,0.0,0.0,0.0,0.0,0.0,0.0,0.0
2020-03-24,0.0,0.0,0.0,0.0,0.0,0.0,0.0,0.0,0.0,0,1.0,0.0,0.0,0.0,0.0,0.0,0.0,0.0,0.0,0.0,0.0,0.0,0.0,0.0,1.0,0.0,0.0,0.0,0.0,0.0,0.0,1.0
2020-03-25,0.0,0.0,0.0,0.0,0.0,0.0,0.0,0.0,0.0,1,0.0,0.0,0.0,0.0,0.0,0.0,0.0,0.0,0.0,0.0,0.0,0.0,0.0,0.0,1.0,0.0,0.0,0.0,0.0,0.0,0.0,0.0
2020-03-26,0.0,0.0,0.0,0.0,0.0,0.0,0.0,0.0,0.0,3,0.0,0.0,0.0,0.0,2.0,0.0,1.0,0.0,0.0,0.0,0.0,0.0,0.0,1.0,0.0,1.0,0.0,0.0,0.0,0.0,0.0,0.0
2020-03-27,0.0,0.0,0.0,0.0,0.0,1.0,0.0,0.0,0.0,3,0.0,0.0,0.0,1.0,0.0,0.0,0.0,0.0,0.0,0.0,0.0,1.0,0.0,1.0,0.0,1.0,0.0,0.0,0.0,0.0,0.0,0.0
2020-03-28,0.0,0.0,0.0,0.0,0.0,1.0,0.0,0.0,0.0,2,0.0,0.0,1.0,1.0,0.0,4.0,0.0,1.0,0.0,0.0,0.0,1.0,1.0,1.0,0.0,1.0,0.0,0.0,0.0,0.0,1.0,0.0
2020-03-29,0.0,0.0,1.0,1.0,0.0,0.0,0.0,0.0,0.0,2,0.0,0.0,0.0,0.0,0.0,2.0,0.0,1.0,0.0,0.0,1.0,0.0,0.0,0.0,0.0,1.0,0.0,0.0,0.0,0.0,0.0,0.0
2020-03-30,0.0,0.0,2.0,0.0,0.0,1.0,0.0,0.0,0.0,4,0.0,0.0,0.0,1.0,0.0,3.0,0.0,0.0,1.0,0.0,0.0,0.0,0.0,0.0,1.0,0.0,1.0,0.0,0.0,0.0,0.0,0.0
2020-03-31,0.0,0.0,2.0,1.0,0.0,2.0,0.0,0.0,1.0,7,1.0,0.0,0.0,0.0,1.0,3.0,0.0,1.0,0.0,0.0,0.0,1.0,0.0,2.0,0.0,1.0,0.0,2.0,0.0,0.0,0.0,0.0
2020-04-01,0.0,0.0,2.0,0.0,0.0,3.0,0.0,0.0,0.0,6,1.0,0.0,0.0,1.0,0.0,1.0,0.0,1.0,0.0,0.0,0.0,1.0,0.0,1.0,0.0,2.0,0.0,2.0,0.0,0.0,1.0,0.0
2020-04-02,0.0,0.0,5.0,0.0,0.0,2.0,0.0,0.0,0.0,5,0.0,0.0,0.0,0.0,2.0,5.0,0.0,0.0,0.0,0.0,0.0,1.0,1.0,2.0,0.0,3.0,0.0,0.0,0.0,0.0,0.0,0.0
2020-04-03,0.0,0.0,2.0,0.0,0.0,2.0,0.0,0.0,4.0,7,0.0,0.0,0.0,1.0,0.0,3.0,2.0,0.0,0.0,2.0,0.0,2.0,0.0,2.0,0.0,2.0,0.0,1.0,1.0,0.0,1.0,2.0
2020-04-04,0.0,0.0,9.0,1.0,0.0,1.0,0.0,0.0,2.0,7,0.0,0.0,2.0,0.0,0.0,5.0,1.0,0.0,0.0,0.0,0.0,3.0,0.0,1.0,0.0,5.0,0.0,1.0,1.0,0.0,0.0,0.0
2020-04-05,0.0,0.0,1.0,2.0,0.0,2.0,0.0,0.0,2.0,6,0.0,2.0,0.0,0.0,1.0,7.0,0.0,0.0,0.0,1.0,0.0,3.0,0.0,1.0,0.0,0.0,2.0,3.0,0.0,0.0,0.0,0.0
2020-04-06,0.0,0.0,12.0,0.0,1.0,1.0,0.0,1.0,2.0,16,0.0,0.0,2.0,0.0,0.0,5.0,1.0,1.0,0.0,0.0,0.0,4.0,0.0,4.0,1.0,1.0,1.0,3.0,1.0,0.0,0.0,1.0
2020-04-07,0.0,0.0,5.0,0.0,0.0,4.0,0.0,0.0,9.0,11,0.0,1.0,0.0,0.0,1.0,10.0,0.0,1.0,0.0,2.0,0.0,10.0,0.0,2.0,0.0,3.0,1.0,0.0,0.0,0.0,0.0,2.0
2020-04-08,0.0,0.0,7.0,1.0,0.0,0.0,0.0,0.0,6.0,6,0.0,0.0,0.0,2.0,1.0,8.0,1.0,1.0,3.0,0.0,0.0,1.0,0.0,3.0,0.0,6.0,1.0,1.0,0.0,1.0,0.0,0.0
2020-04-09,0.0,0.0,7.0,0.0,0.0,1.0,0.0,1.0,5.0,17,0.0,1.0,1.0,0.0,0.0,7.0,1.0,0.0,1.0,0.0,1.0,2.0,0.0,6.0,0.0,8.0,1.0,1.0,0.0,0.0,1.0,0.0
2020-04-10,1.0,1.0,11.0,0.0,1.0,1.0,0.0,0.0,3.0,27,0.0,1.0,0.0,0.0,1.0,8.0,1.0,1.0,0.0,0.0,0.0,5.0,0.0,2.0,0.0,11.0,0.0,1.0,0.0,0.0,0.0,3.0
2020-04-11,0.0,0.0,14.0,1.0,0.0,1.0,0.0,1.0,2.0,24,0.0,0.0,0.0,0.0,1.0,16.0,1.0,0.0,0.0,0.0,1.0,5.0,1.0,2.0,0.0,9.0,1.0,1.0,0.0,0.0,0.0,0.0
2020-04-12,0.0,0.0,20.0,1.0,0.0,0.0,0.0,0.0,7.0,13,0.0,0.0,1.0,0.0,0.0,19.0,0.0,0.0,1.0,0.0,0.0,2.0,0.0,6.0,0.0,7.0,3.0,2.0,0.0,3.0,3.0,0.0
2020-04-13,1.0,1.0,14.0,2.0,0.0,1.0,1.0,1.0,6.0,18,0.0,0.0,1.0,0.0,0.0,23.0,4.0,3.0,0.0,1.0,0.0,4.0,0.0,6.0,0.0,8.0,1.0,5.0,0.0,0.0,1.0,1.0
2020-04-14,0.0,0.0,20.0,0.0,1.0,5.0,0.0,0.0,7.0,27,0.0,2.0,1.0,2.0,0.0,20.0,2.0,1.0,0.0,0.0,1.0,6.0,1.0,3.0,0.0,5.0,1.0,5.0,1.0,2.0,1.0,0.0
2020-04-15,0.0,0.0,22.0,0.0,0.0,1.0,0.0,0.0,11.0,27,0.0,1.0,3.0,3.0,0.0,21.0,1.0,3.0,0.0,0.0,0.0,4.0,1.0,1.0,0.0,6.0,3.0,3.0,1.0,0.0,0.0,3.0
2020-04-16,0.0,0.0,18.0,1.0,0.0,4.0,1.0,0.0,6.0,28,0.0,0.0,1.0,0.0,1.0,23.0,2.0,1.0,0.0,1.0,1.0,5.0,0.0,4.0,0.0,5.0,0.0,3.0,0.0,0.0,1.0,1.0
2020-04-17,1.0,1.0,30.0,1.0,1.0,1.0,0.0,0.0,14.0,24,0.0,3.0,1.0,0.0,1.0,28.0,1.0,3.0,1.0,0.0,1.0,5.0,0.0,4.0,1.0,6.0,1.0,10.0,1.0,1.0,1.0,1.0
2020-04-18,0.0,0.0,20.0,1.0,0.0,0.0,0.0,0.0,12.0,30,0.0,0.0,3.0,2.0,0.0,34.0,1.0,0.0,0.0,0.0,0.0,7.0,0.0,7.0,1.0,6.0,1.0,9.0,0.0,0.0,3.0,0.0
2020-04-19,1.0,1.0,32.0,0.0,2.0,2.0,0.0,1.0,10.0,42,0.0,0.0,4.0,2.0,2.0,33.0,2.0,5.0,0.0,1.0,1.0,8.0,0.0,8.0,0.0,4.0,2.0,8.0,0.0,2.0,7.0,1.0
2020-04-20,0.0,0.0,27.0,1.0,0.0,4.0,0.0,0.0,20.0,44,0.0,0.0,3.0,1.0,1.0,45.0,4.0,6.0,2.0,1.0,1.0,8.0,0.0,10.0,0.0,11.0,4.0,8.0,4.0,0.0,4.0,2.0
2020-04-21,0.0,0.0,25.0,1.0,1.0,2.0,0.0,0.0,26.0,54,1.0,2.0,7.0,2.0,1.0,50.0,0.0,6.0,0.0,0.0,1.0,4.0,1.0,8.0,0.0,7.0,3.0,5.0,0.0,2.0,3.0,3.0
2020-04-22,1.0,1.0,35.0,2.0,2.0,3.0,0.0,2.0,15.0,43,0.0,3.0,3.0,2.0,3.0,46.0,1.0,8.0,0.0,2.0,1.0,7.0,0.0,6.0,0.0,8.0,3.0,9.0,0.0,2.0,8.0,1.0
2020-04-23,0.0,0.0,32.0,0.0,2.0,2.0,0.0,1.0,12.0,62,0.0,3.0,3.0,2.0,1.0,49.0,3.0,6.0,0.0,1.0,4.0,5.0,0.0,8.0,1.0,7.0,1.0,13.0,3.0,1.0,3.0,4.0
2020-04-24,0.0,0.0,33.0,1.0,2.0,2.0,0.0,0.0,27.0,67,1.0,1.0,1.0,1.0,3.0,67.0,2.0,4.0,0.0,1.0,1.0,8.0,0.0,16.0,0.0,6.0,1.0,9.0,1.0,1.0,5.0,2.0
2020-04-25,0.0,0.0,34.0,1.0,2.0,2.0,0.0,0.0,17.0,83,1.0,3.0,4.0,7.0,2.0,64.0,4.0,7.0,0.0,1.0,0.0,6.0,1.0,10.0,0.0,12.0,1.0,11.0,3.0,2.0,10.0,2.0
2020-04-26,0.0,0.0,28.0,2.0,1.0,3.0,1.0,0.0,19.0,86,1.0,2.0,1.0,8.0,0.0,82.0,3.0,9.0,1.0,1.0,2.0,9.0,1.0,12.0,1.0,10.0,0.0,10.0,1.0,2.0,11.0,2.0
2020-04-27,1.0,1.0,43.0,0.0,1.0,0.0,0.0,1.0,17.0,75,0.0,0.0,8.0,2.0,1.0,66.0,1.0,7.0,1.0,2.0,3.0,6.0,1.0,14.0,0.0,10.0,5.0,6.0,2.0,4.0,6.0,1.0
2020-04-28,1.0,1.0,44.0,1.0,0.0,2.0,0.0,1.0,20.0,73,1.0,0.0,5.0,6.0,3.0,98.0,3.0,10.0,0.0,2.0,0.0,14.0,0.0,10.0,0.0,9.0,2.0,9.0,1.0,4.0,3.0,3.0
2020-04-29,0.0,0.0,45.0,1.0,3.0,0.0,0.0,1.0,21.0,120,0.0,2.0,4.0,2.0,2.0,94.0,5.0,11.0,0.0,2.0,1.0,11.0,1.0,12.0,1.0,11.0,3.0,11.0,0.0,5.0,13.0,3.0
2020-04-30,1.0,1.0,35.0,0.0,0.0,0.0,0.0,1.0,20.0,112,0.0,3.0,2.0,5.0,3.0,92.0,5.0,8.0,0.0,1.0,4.0,10.0,1.0,11.0,1.0,14.0,1.0,10.0,3.0,3.0,6.0,1.0
2020-05-01,0.0,0.0,33.0,0.0,2.0,1.0,0.0,1.0,30.0,118,1.0,3.0,2.0,9.0,0.0,104.0,2.0,17.0,0.0,2.0,1.0,14.0,1.0,14.0,0.0,18.0,2.0,20.0,2.0,2.0,8.0,2.0
2020-05-02,0.0,0.0,38.0,0.0,2.0,1.0,1.0,4.0,20.0,83,2.0,2.0,8.0,2.0,4.0,92.0,1.0,17.0,1.0,3.0,1.0,9.0,1.0,5.0,0.0,8.0,3.0,17.0,3.0,3.0,18.0,6.0
2020-05-03,0.0,0.0,27.0,1.0,1.0,2.0,0.0,0.0,18.0,107,1.0,3.0,4.0,7.0,3.0,101.0,1.0,12.0,2.0,2.0,2.0,13.0,2.0,9.0,1.0,11.0,1.0,15.0,1.0,1.0,16.0,2.0
2020-05-04,1.0,1.0,42.0,1.0,0.0,4.0,2.0,1.0,24.0,114,1.0,3.0,6.0,10.0,3.0,136.0,4.0,21.0,3.0,2.0,4.0,15.0,2.0,6.0,2.0,13.0,2.0,15.0,1.0,6.0,14.0,2.0
2020-05-05,0.0,0.0,47.0,0.0,1.0,1.0,1.0,3.0,18.0,119,0.0,2.0,7.0,12.0,3.0,118.0,5.0,17.0,3.0,3.0,3.0,12.0,1.0,9.0,1.0,24.0,0.0,8.0,1.0,4.0,18.0,7.0
2020-05-06,3.0,3.0,40.0,2.0,1.0,3.0,0.0,1.0,16.0,124,0.0,3.0,11.0,8.0,5.0,94.0,0.0,14.0,0.0,2.0,5.0,9.0,2.0,10.0,1.0,9.0,0.0,17.0,3.0,3.0,24.0,4.0
2020-05-07,3.0,3.0,31.0,0.0,1.0,1.0,0.0,1.0,26.0,110,0.0,4.0,9.0,8.0,3.0,102.0,2.0,12.0,1.0,2.0,5.0,16.0,0.0,8.0,1.0,16.0,3.0,11.0,4.0,2.0,18.0,3.0
2020-05-08,1.0,1.0,38.0,2.0,1.0,1.0,0.0,3.0,17.0,120,2.0,7.0,4.0,9.0,0.0,112.0,4.0,13.0,1.0,1.0,5.0,12.0,0.0,5.0,1.0,16.0,2.0,24.0,6.0,7.0,23.0,2.0
2020-05-09,0.0,0.0,41.0,0.0,3.0,1.0,0.0,4.0,24.0,109,1.0,4.0,13.0,6.0,3.0,104.0,4.0,15.0,0.0,3.0,4.0,8.0,0.0,9.0,1.0,6.0,3.0,14.0,3.0,1.0,32.0,1.0
2020-05-10,1.0,1.0,34.0,1.0,1.0,2.0,0.0,7.0,26.0,133,0.0,1.0,10.0,11.0,4.0,111.0,4.0,17.0,2.0,3.0,2.0,6.0,4.0,8.0,0.0,9.0,4.0,13.0,4.0,1.0,30.0,7.0
2020-05-11,0.0,0.0,36.0,1.0,3.0,3.0,1.0,5.0,19.0,124,0.0,3.0,12.0,9.0,2.0,105.0,3.0,17.0,1.0,3.0,5.0,16.0,2.0,6.0,1.0,15.0,4.0,16.0,4.0,10.0,28.0,6.0
2020-05-12,0.0,0.0,31.0,0.0,2.0,0.0,0.0,5.0,18.0,143,0.0,1.0,8.0,13.0,4.0,117.0,2.0,12.0,0.0,4.0,5.0,20.0,4.0,14.0,1.0,18.0,1.0,15.0,3.0,9.0,29.0,7.0
2020-05-13,2.0,2.0,41.0,1.0,1.0,0.0,0.0,5.0,21.0,125,1.0,4.0,10.0,9.0,3.0,137.0,6.0,22.0,0.0,4.0,6.0,17.0,1.0,7.0,0.0,6.0,4.0,17.0,5.0,5.0,23.0,6.0
2020-05-14,1.0,1.0,41.0,1.0,4.0,1.0,0.0,3.0,22.0,153,3.0,2.0,10.0,15.0,4.0,119.0,10.0,10.0,4.0,3.0,8.0,18.0,2.0,11.0,1.0,16.0,7.0,18.0,6.0,4.0,41.0,7.0
2020-05-15,1.0,1.0,30.0,0.0,5.0,3.0,1.0,2.0,18.0,146,3.0,8.0,15.0,15.0,7.0,145.0,4.0,12.0,2.0,4.0,8.0,20.0,4.0,10.0,2.0,18.0,5.0,28.0,2.0,8.0,27.0,1.0
2020-05-16,1.0,1.0,34.0,1.0,3.0,4.0,1.0,3.0,16.0,149,2.0,3.0,14.0,10.0,9.0,142.0,6.0,10.0,2.0,3.0,3.0,18.0,8.0,7.0,4.0,16.0,7.0,18.0,3.0,9.0,25.0,3.0
2020-05-17,4.0,4.0,45.0,1.0,2.0,2.0,0.0,6.0,16.0,159,1.0,2.0,17.0,13.0,6.0,153.0,7.0,11.0,3.0,3.0,8.0,14.0,8.0,6.0,5.0,20.0,12.0,19.0,0.0,8.0,27.0,8.0
2020-05-18,0.0,0.0,52.0,1.0,2.0,0.0,1.0,5.0,19.0,161,0.0,6.0,20.0,14.0,3.0,152.0,4.0,16.0,2.0,4.0,7.0,13.0,1.0,10.0,2.0,19.0,9.0,16.0,4.0,3.0,40.0,5.0
2020-05-19,0.0,0.0,34.0,0.0,2.0,0.0,0.0,12.0,26.0,140,0.0,4.0,16.0,8.0,1.0,143.0,9.0,21.0,3.0,5.0,13.0,23.0,3.0,8.0,0.0,19.0,10.0,20.0,5.0,6.0,42.0,4.0
2020-05-20,0.0,0.0,41.0,1.0,4.0,2.0,2.0,7.0,11.0,125,5.0,2.0,25.0,16.0,6.0,123.0,9.0,22.0,0.0,6.0,7.0,27.0,4.0,5.0,3.0,20.0,11.0,22.0,2.0,5.0,44.0,14.0
2020-05-21,2.0,2.0,23.0,0.0,1.0,1.0,1.0,2.0,7.0,169,1.0,5.0,19.0,17.0,9.0,138.0,10.0,17.0,2.0,3.0,4.0,22.0,10.0,6.0,1.0,26.0,5.0,23.0,5.0,5.0,32.0,6.0
2020-05-22,1.0,1.0,28.0,1.0,1.0,1.0,1.0,12.0,14.0,132,0.0,6.0,20.0,13.0,3.0,143.0,8.0,10.0,1.0,3.0,8.0,31.0,2.0,5.0,2.0,19.0,15.0,25.0,4.0,2.0,42.0,6.0
2020-05-23,0.0,0.0,30.0,0.0,1.0,2.0,0.0,8.0,14.0,137,0.0,6.0,20.0,13.0,4.0,122.0,4.0,15.0,0.0,2.0,11.0,26.0,6.0,4.0,4.0,20.0,18.0,24.0,3.0,5.0,31.0,8.0
2020-05-24,4.0,4.0,35.0,1.0,5.0,6.0,4.0,11.0,7.0,145,3.0,4.0,27.0,11.0,5.0,159.0,10.0,10.0,2.0,2.0,14.0,22.0,4.0,12.0,2.0,15.0,15.0,18.0,5.0,13.0,34.0,3.0
2020-05-25,1.0,1.0,42.0,0.0,3.0,2.0,0.0,13.0,12.0,143,3.0,8.0,28.0,13.0,8.0,151.0,11.0,10.0,0.0,9.0,15.0,31.0,5.0,6.0,3.0,21.0,22.0,13.0,5.0,3.0,37.0,9.0
2020-05-26,1.0,1.0,37.0,1.0,5.0,3.0,2.0,4.0,16.0,135,2.0,5.0,24.0,12.0,5.0,162.0,6.0,11.0,3.0,5.0,10.0,25.0,5.0,6.0,3.0,19.0,23.0,21.0,3.0,6.0,40.0,10.0
2020-05-27,4.0,4.0,35.0,2.0,1.0,0.0,1.0,12.0,8.0,123,3.0,6.0,30.0,13.0,6.0,146.0,13.0,9.0,5.0,4.0,13.0,21.0,6.0,7.0,1.0,30.0,22.0,23.0,4.0,6.0,29.0,10.0
2020-05-28,3.0,3.0,40.0,0.0,4.0,3.0,0.0,14.0,13.0,135,4.0,8.0,22.0,12.0,4.0,157.0,8.0,8.0,6.0,4.0,11.0,27.0,2.0,7.0,1.0,25.0,18.0,22.0,10.0,10.0,35.0,9.0
2020-05-29,3.0,3.0,22.0,1.0,3.0,6.0,1.0,14.0,11.0,120,3.0,2.0,23.0,12.0,6.0,153.0,3.0,5.0,2.0,6.0,13.0,26.0,7.0,9.0,2.0,28.0,29.0,18.0,2.0,5.0,32.0,7.0
2020-05-30,2.0,2.0,34.0,0.0,2.0,3.0,0.0,15.0,11.0,120,0.0,7.0,22.0,11.0,14.0,151.0,4.0,7.0,6.0,3.0,18.0,26.0,2.0,9.0,2.0,24.0,22.0,29.0,7.0,0.0,48.0,9.0
2020-05-31,2.0,2.0,33.0,0.0,1.0,1.0,3.0,11.0,6.0,140,3.0,6.0,25.0,13.0,11.0,164.0,8.0,14.0,5.0,2.0,17.0,28.0,7.0,7.0,4.0,30.0,19.0,12.0,9.0,10.0,34.0,8.0
2020-06-01,2.0,2.0,37.0,1.0,2.0,2.0,1.0,15.0,14.0,129,1.0,2.0,24.0,9.0,21.0,161.0,8.0,14.0,3.0,4.0,17.0,40.0,5.0,12.0,6.0,37.0,28.0,27.0,6.0,9.0,42.0,11.0
2020-06-02,3.0,3.0,32.0,1.0,4.0,2.0,0.0,27.0,12.0,123,4.0,7.0,29.0,7.0,12.0,147.0,6.0,15.0,6.0,3.0,14.0,45.0,6.0,7.0,1.0,32.0,21.0,20.0,6.0,9.0,34.0,11.0
2020-06-03,4.0,4.0,32.0,2.0,3.0,5.0,1.0,25.0,11.0,127,1.0,6.0,23.0,16.0,18.0,173.0,9.0,7.0,3.0,8.0,9.0,32.0,5.0,4.0,6.0,45.0,23.0,18.0,7.0,7.0,40.0,4.0
2020-06-04,4.0,4.0,33.0,3.0,3.0,3.0,0.0,20.0,8.0,123,2.0,9.0,21.0,5.0,24.0,141.0,14.0,9.0,6.0,10.0,16.0,41.0,9.0,6.0,5.0,32.0,30.0,18.0,5.0,14.0,34.0,6.0
2020-06-05,2.0,2.0,26.0,3.0,3.0,6.0,1.0,24.0,12.0,114,4.0,13.0,25.0,3.0,18.0,129.0,9.0,10.0,0.0,3.0,6.0,24.0,4.0,8.0,2.0,34.0,42.0,17.0,3.0,5.0,40.0,5.0
2020-06-06,5.0,5.0,40.0,0.0,3.0,4.0,2.0,11.0,16.0,123,4.0,17.0,19.0,5.0,19.0,155.0,10.0,13.0,8.0,8.0,14.0,39.0,8.0,10.0,8.0,29.0,28.0,14.0,2.0,7.0,38.0,7.0
2020-06-07,4.0,4.0,32.0,0.0,8.0,8.0,2.0,26.0,15.0,114,2.0,17.0,26.0,12.0,23.0,154.0,10.0,9.0,4.0,3.0,18.0,39.0,7.0,13.0,6.0,32.0,29.0,20.0,6.0,7.0,35.0,4.0
2020-06-08,2.0,2.0,36.0,0.0,9.0,7.0,0.0,29.0,18.0,133,3.0,14.0,27.0,15.0,18.0,147.0,13.0,12.0,7.0,5.0,18.0,33.0,3.0,6.0,6.0,39.0,40.0,20.0,7.0,17.0,44.0,5.0
2020-06-09,4.0,4.0,24.0,1.0,3.0,4.0,0.0,29.0,10.0,111,2.0,12.0,23.0,9.0,26.0,163.0,10.0,9.0,5.0,7.0,26.0,40.0,7.0,8.0,4.0,24.0,36.0,18.0,7.0,11.0,46.0,9.0
2020-06-10,6.0,6.0,33.0,0.0,2.0,6.0,2.0,17.0,9.0,119,6.0,21.0,25.0,12.0,13.0,150.0,11.0,12.0,4.0,7.0,24.0,38.0,2.0,8.0,4.0,27.0,48.0,19.0,9.0,16.0,44.0,10.0
2020-06-11,3.0,3.0,28.0,2.0,2.0,9.0,1.0,16.0,16.0,119,4.0,20.0,21.0,10.0,26.0,157.0,11.0,9.0,4.0,5.0,15.0,26.0,8.0,6.0,8.0,26.0,42.0,13.0,5.0,11.0,37.0,8.0
2020-06-12,7.0,7.0,33.0,2.0,6.0,4.0,1.0,27.0,10.0,127,7.0,16.0,21.0,8.0,29.0,143.0,10.0,9.0,1.0,11.0,20.0,45.0,7.0,6.0,4.0,52.0,45.0,17.0,11.0,8.0,38.0,5.0
2020-06-13,2.0,2.0,30.0,2.0,7.0,5.0,1.0,18.0,9.0,128,4.0,23.0,30.0,9.0,15.0,134.0,16.0,10.0,1.0,11.0,28.0,47.0,9.0,7.0,3.0,31.0,37.0,18.0,6.0,8.0,38.0,9.0
2020-06-14,3.0,3.0,35.0,4.0,5.0,8.0,1.0,15.0,14.0,115,6.0,15.0,24.0,15.0,29.0,144.0,18.0,12.0,8.0,6.0,13.0,44.0,5.0,8.0,2.0,31.0,40.0,17.0,19.0,6.0,40.0,13.0
2020-06-15,3.0,3.0,25.0,4.0,6.0,6.0,1.0,17.0,10.0,85,6.0,23.0,18.0,11.0,19.0,160.0,20.0,7.0,4.0,13.0,20.0,42.0,7.0,7.0,1.0,36.0,50.0,22.0,16.0,7.0,52.0,13.0
2020-06-16,5.0,5.0,21.0,1.0,4.0,8.0,2.0,24.0,11.0,123,6.0,25.0,22.0,12.0,26.0,156.0,18.0,11.0,5.0,12.0,23.0,50.0,7.0,6.0,7.0,35.0,48.0,27.0,14.0,9.0,49.0,6.0
2020-06-17,4.0,4.0,30.0,1.0,9.0,12.0,2.0,16.0,12.0,113,9.0,18.0,29.0,13.0,34.0,141.0,25.0,10.0,7.0,13.0,23.0,52.0,5.0,6.0,2.0,35.0,40.0,16.0,19.0,6.0,37.0,8.0
2020-06-18,6.0,6.0,25.0,1.0,5.0,3.0,1.0,18.0,8.0,102,2.0,27.0,23.0,12.0,20.0,122.0,12.0,7.0,6.0,12.0,13.0,48.0,7.0,6.0,2.0,34.0,48.0,23.0,23.0,9.0,38.0,10.0
2020-06-19,5.0,5.0,27.0,1.0,5.0,6.0,3.0,12.0,8.0,98,4.0,26.0,32.0,10.0,25.0,133.0,17.0,9.0,9.0,10.0,11.0,31.0,6.0,6.0,4.0,24.0,35.0,20.0,20.0,8.0,42.0,3.0
2020-06-20,4.0,4.0,15.0,2.0,10.0,5.0,4.0,19.0,6.0,74,1.0,26.0,14.0,8.0,29.0,109.0,16.0,3.0,12.0,7.0,8.0,42.0,5.0,5.0,7.0,31.0,55.0,12.0,9.0,15.0,54.0,9.0
2020-06-21,4.0,4.0,25.0,0.0,4.0,15.0,3.0,14.0,7.0,98,3.0,16.0,18.0,10.0,31.0,120.0,11.0,10.0,9.0,15.0,20.0,55.0,3.0,9.0,7.0,40.0,33.0,24.0,18.0,13.0,45.0,10.0
2020-06-22,1.0,1.0,23.0,1.0,5.0,8.0,2.0,19.0,11.0,76,3.0,30.0,30.0,9.0,23.0,120.0,9.0,8.0,3.0,13.0,20.0,54.0,6.0,9.0,7.0,40.0,46.0,20.0,29.0,4.0,32.0,7.0
2020-06-23,2.0,2.0,26.0,1.0,11.0,6.0,4.0,21.0,7.0,74,4.0,25.0,17.0,15.0,29.0,102.0,11.0,10.0,6.0,11.0,21.0,33.0,5.0,6.0,6.0,39.0,62.0,14.0,21.0,5.0,35.0,12.0
2020-06-24,6.0,6.0,27.0,1.0,9.0,14.0,1.0,25.0,7.0,62,5.0,26.0,16.0,13.0,30.0,103.0,10.0,4.0,5.0,14.0,17.0,34.0,3.0,9.0,13.0,33.0,60.0,14.0,14.0,8.0,44.0,21.0
2020-06-25,5.0,5.0,27.0,1.0,7.0,8.0,5.0,13.0,8.0,64,5.0,26.0,17.0,9.0,30.0,94.0,8.0,1.0,8.0,10.0,12.0,30.0,3.0,11.0,9.0,34.0,56.0,24.0,24.0,6.0,53.0,17.0
2020-06-26,10.0,10.0,27.0,1.0,12.0,13.0,1.0,17.0,10.0,74,6.0,22.0,25.0,18.0,21.0,95.0,10.0,9.0,1.0,22.0,17.0,34.0,5.0,10.0,7.0,28.0,51.0,26.0,28.0,14.0,42.0,12.0
2020-06-27,4.0,4.0,22.0,3.0,19.0,11.0,3.0,14.0,5.0,89,2.0,31.0,28.0,8.0,23.0,107.0,20.0,3.0,6.0,13.0,14.0,35.0,9.0,7.0,5.0,38.0,45.0,30.0,35.0,10.0,51.0,9.0
2020-06-28,1.0,1.0,18.0,0.0,15.0,10.0,2.0,30.0,8.0,67,7.0,24.0,23.0,13.0,29.0,113.0,13.0,4.0,8.0,17.0,10.0,36.0,6.0,11.0,8.0,36.0,57.0,28.0,32.0,7.0,46.0,8.0
2020-06-29,4.0,4.0,30.0,1.0,13.0,22.0,1.0,11.0,8.0,58,2.0,41.0,23.0,12.0,35.0,159.0,8.0,9.0,9.0,16.0,7.0,37.0,7.0,13.0,4.0,32.0,56.0,25.0,33.0,9.0,54.0,18.0
2020-06-30,2.0,2.0,32.0,5.0,10.0,18.0,3.0,19.0,8.0,72,2.0,31.0,24.0,7.0,22.0,112.0,12.0,7.0,4.0,24.0,10.0,43.0,5.0,9.0,11.0,25.0,47.0,33.0,37.0,10.0,48.0,23.0
2020-07-01,2.0,2.0,22.0,1.0,14.0,16.0,3.0,16.0,11.0,82,7.0,30.0,13.0,18.0,34.0,109.0,12.0,8.0,2.0,21.0,20.0,45.0,6.0,12.0,9.0,24.0,50.0,21.0,20.0,12.0,32.0,18.0
2020-07-02,4.0,4.0,25.0,5.0,14.0,13.0,1.0,8.0,8.0,64,5.0,45.0,11.0,14.0,23.0,126.0,10.0,4.0,1.0,31.0,7.0,41.0,10.0,8.0,3.0,31.0,51.0,29.0,37.0,13.0,41.0,14.0
2020-07-03,4.0,4.0,29.0,4.0,16.0,23.0,0.0,16.0,11.0,67,2.0,40.0,18.0,11.0,34.0,79.0,8.0,7.0,4.0,25.0,12.0,57.0,6.0,14.0,5.0,41.0,51.0,27.0,21.0,8.0,42.0,20.0
2020-07-04,8.0,8.0,31.0,1.0,10.0,22.0,2.0,16.0,6.0,76,3.0,40.0,22.0,6.0,42.0,98.0,8.0,5.0,4.0,21.0,18.0,50.0,8.0,6.0,4.0,32.0,56.0,22.0,43.0,7.0,52.0,17.0
2020-07-05,4.0,4.0,38.0,2.0,8.0,11.0,3.0,20.0,6.0,67,4.0,34.0,14.0,9.0,36.0,101.0,11.0,4.0,7.0,30.0,19.0,50.0,6.0,17.0,8.0,44.0,50.0,33.0,44.0,12.0,50.0,10.0
2020-07-06,2.0,2.0,45.0,2.0,14.0,16.0,3.0,10.0,14.0,80,4.0,35.0,16.0,7.0,28.0,128.0,11.0,3.0,7.0,29.0,15.0,54.0,5.0,11.0,12.0,34.0,52.0,43.0,51.0,14.0,56.0,23.0
2020-07-07,6.0,6.0,32.0,0.0,20.0,20.0,0.0,18.0,14.0,80,8.0,39.0,26.0,10.0,32.0,93.0,8.0,3.0,6.0,28.0,20.0,58.0,7.0,15.0,10.0,36.0,52.0,38.0,44.0,16.0,55.0,23.0
2020-07-08,6.0,6.0,25.0,2.0,14.0,17.0,3.0,13.0,9.0,51,7.0,44.0,11.0,10.0,33.0,101.0,10.0,4.0,6.0,25.0,11.0,55.0,10.0,14.0,7.0,36.0,50.0,31.0,38.0,13.0,64.0,15.0
2020-07-09,3.0,3.0,23.0,3.0,18.0,19.0,4.0,15.0,14.0,66,7.0,41.0,12.0,10.0,30.0,99.0,5.0,4.0,10.0,30.0,15.0,43.0,4.0,24.0,11.0,39.0,61.0,33.0,28.0,11.0,60.0,19.0
2020-07-10,2.0,2.0,31.0,3.0,21.0,13.0,4.0,16.0,12.0,49,3.0,36.0,19.0,15.0,26.0,99.0,10.0,8.0,4.0,19.0,18.0,41.0,3.0,21.0,15.0,17.0,55.0,40.0,31.0,12.0,55.0,24.0
2020-07-11,6.0,6.0,26.0,5.0,14.0,17.0,11.0,15.0,15.0,61,10.0,34.0,16.0,12.0,35.0,113.0,15.0,4.0,6.0,26.0,13.0,38.0,1.0,16.0,8.0,24.0,59.0,38.0,21.0,12.0,50.0,17.0
2020-07-12,4.0,4.0,24.0,7.0,14.0,15.0,6.0,16.0,12.0,71,7.0,40.0,10.0,19.0,33.0,98.0,12.0,2.0,6.0,31.0,16.0,46.0,7.0,17.0,14.0,37.0,51.0,34.0,24.0,12.0,52.0,17.0
2020-07-13,3.0,3.0,19.0,6.0,15.0,21.0,7.0,14.0,14.0,58,4.0,29.0,20.0,16.0,36.0,93.0,14.0,9.0,9.0,41.0,24.0,65.0,8.0,14.0,17.0,40.0,55.0,42.0,41.0,9.0,71.0,20.0
2020-07-14,5.0,5.0,23.0,4.0,13.0,26.0,4.0,18.0,9.0,73,9.0,38.0,24.0,14.0,27.0,104.0,8.0,4.0,8.0,32.0,23.0,41.0,3.0,25.0,16.0,36.0,61.0,30.0,28.0,21.0,55.0,20.0
2020-07-15,3.0,3.0,9.0,6.0,14.0,29.0,6.0,12.0,5.0,72,4.0,39.0,15.0,14.0,39.0,93.0,16.0,3.0,4.0,48.0,17.0,45.0,4.0,15.0,18.0,42.0,47.0,34.0,36.0,18.0,58.0,31.0
2020-07-16,3.0,3.0,26.0,2.0,19.0,27.0,4.0,12.0,7.0,58,8.0,32.0,11.0,15.0,34.0,108.0,7.0,5.0,5.0,36.0,11.0,59.0,7.0,12.0,23.0,27.0,52.0,39.0,48.0,12.0,76.0,25.0
2020-07-17,2.0,2.0,27.0,8.0,16.0,20.0,7.0,12.0,7.0,56,6.0,36.0,15.0,17.0,20.0,86.0,13.0,5.0,7.0,33.0,16.0,56.0,8.0,24.0,17.0,36.0,39.0,42.0,35.0,15.0,64.0,22.0
2020-07-18,3.0,3.0,18.0,2.0,13.0,19.0,3.0,8.0,7.0,65,7.0,44.0,16.0,14.0,28.0,89.0,5.0,3.0,5.0,44.0,12.0,60.0,6.0,13.0,13.0,25.0,44.0,30.0,32.0,18.0,70.0,25.0
2020-07-19,2.0,2.0,25.0,3.0,21.0,22.0,3.0,3.0,14.0,58,3.0,35.0,17.0,9.0,29.0,104.0,7.0,9.0,15.0,43.0,21.0,53.0,8.0,15.0,19.0,43.0,40.0,39.0,35.0,13.0,71.0,18.0
2020-07-20,5.0,5.0,28.0,8.0,11.0,25.0,5.0,13.0,12.0,55,10.0,36.0,14.0,14.0,39.0,82.0,7.0,3.0,5.0,32.0,13.0,51.0,9.0,28.0,21.0,34.0,40.0,34.0,41.0,19.0,68.0,37.0
2020-07-21,2.0,2.0,20.0,4.0,17.0,30.0,7.0,11.0,8.0,56,3.0,45.0,17.0,19.0,36.0,90.0,6.0,7.0,10.0,40.0,14.0,58.0,4.0,27.0,29.0,25.0,54.0,39.0,42.0,15.0,64.0,35.0
2020-07-22,2.0,2.0,22.0,5.0,13.0,23.0,8.0,6.0,17.0,43,4.0,37.0,12.0,13.0,27.0,79.0,7.0,1.0,7.0,48.0,23.0,54.0,11.0,15.0,28.0,27.0,27.0,37.0,38.0,20.0,56.0,40.0
2020-07-23,8.0,8.0,23.0,5.0,10.0,24.0,1.0,3.0,8.0,54,8.0,24.0,16.0,9.0,35.0,88.0,9.0,4.0,10.0,45.0,14.0,61.0,6.0,17.0,35.0,25.0,48.0,33.0,47.0,16.0,59.0,32.0
2020-07-24,10.0,10.0,16.0,7.0,13.0,16.0,10.0,8.0,9.0,45,1.0,53.0,15.0,17.0,25.0,81.0,13.0,13.0,1.0,44.0,17.0,52.0,4.0,16.0,25.0,29.0,31.0,24.0,38.0,13.0,55.0,23.0
2020-07-25,5.0,5.0,29.0,5.0,12.0,23.0,3.0,6.0,7.0,61,9.0,41.0,16.0,21.0,34.0,86.0,17.0,4.0,9.0,37.0,9.0,60.0,8.0,15.0,27.0,26.0,30.0,36.0,30.0,10.0,68.0,27.0
2020-07-26,4.0,4.0,17.0,10.0,18.0,16.0,4.0,4.0,10.0,54,5.0,41.0,18.0,14.0,28.0,84.0,18.0,4.0,8.0,45.0,12.0,59.0,9.0,15.0,19.0,33.0,40.0,27.0,45.0,19.0,67.0,24.0
2020-07-27,3.0,3.0,24.0,6.0,14.0,20.0,7.0,9.0,10.0,53,4.0,45.0,10.0,18.0,37.0,95.0,14.0,3.0,8.0,55.0,14.0,47.0,4.0,16.0,23.0,37.0,39.0,35.0,39.0,14.0,65.0,39.0
2020-07-28,3.0,3.0,21.0,8.0,10.0,28.0,4.0,3.0,17.0,49,1.0,39.0,7.0,17.0,44.0,79.0,12.0,3.0,8.0,59.0,19.0,42.0,6.0,17.0,39.0,21.0,34.0,33.0,30.0,12.0,64.0,42.0
2020-07-29,3.0,3.0,18.0,9.0,13.0,19.0,4.0,9.0,14.0,35,4.0,35.0,8.0,17.0,22.0,76.0,18.0,2.0,9.0,40.0,11.0,58.0,6.0,13.0,22.0,27.0,22.0,24.0,40.0,10.0,64.0,25.0
2020-07-30,3.0,3.0,25.0,13.0,6.0,36.0,7.0,5.0,13.0,60,8.0,41.0,14.0,19.0,38.0,74.0,8.0,3.0,6.0,40.0,13.0,67.0,8.0,18.0,22.0,17.0,32.0,33.0,34.0,12.0,46.0,20.0
2020-07-31,4.0,4.0,16.0,4.0,11.0,20.0,7.0,6.0,7.0,47,11.0,31.0,12.0,17.0,21.0,78.0,13.0,5.0,4.0,40.0,13.0,47.0,9.0,19.0,28.0,35.0,24.0,26.0,31.0,10.0,47.0,23.0
2020-08-01,3.0,3.0,16.0,8.0,15.0,35.0,10.0,10.0,7.0,47,4.0,42.0,11.0,13.0,32.0,84.0,23.0,5.0,7.0,40.0,9.0,48.0,10.0,10.0,20.0,31.0,16.0,30.0,36.0,15.0,47.0,38.0
2020-08-02,2.0,2.0,18.0,6.0,15.0,23.0,4.0,4.0,7.0,55,4.0,34.0,14.0,19.0,28.0,76.0,12.0,3.0,13.0,52.0,13.0,47.0,12.0,21.0,29.0,18.0,19.0,22.0,33.0,9.0,55.0,23.0
2020-08-03,2.0,2.0,23.0,6.0,19.0,29.0,10.0,10.0,11.0,56,6.0,31.0,13.0,19.0,30.0,85.0,20.0,11.0,6.0,41.0,18.0,38.0,4.0,22.0,37.0,26.0,24.0,24.0,24.0,9.0,58.0,35.0
2020-08-04,6.0,6.0,33.0,5.0,7.0,28.0,5.0,6.0,15.0,55,9.0,38.0,15.0,23.0,33.0,75.0,11.0,11.0,7.0,46.0,9.0,48.0,5.0,20.0,38.0,33.0,28.0,22.0,30.0,17.0,51.0,41.0
2020-08-05,2.0,2.0,16.0,8.0,9.0,26.0,8.0,6.0,12.0,61,9.0,43.0,10.0,21.0,33.0,74.0,14.0,5.0,8.0,55.0,16.0,47.0,12.0,12.0,34.0,17.0,18.0,21.0,29.0,9.0,44.0,32.0
2020-08-06,6.0,6.0,13.0,3.0,12.0,23.0,8.0,2.0,12.0,42,4.0,35.0,7.0,22.0,36.0,88.0,18.0,9.0,9.0,53.0,18.0,41.0,10.0,15.0,26.0,22.0,24.0,15.0,26.0,8.0,38.0,34.0
2020-08-07,7.0,7.0,15.0,7.0,4.0,31.0,4.0,2.0,11.0,53,7.0,32.0,15.0,15.0,34.0,65.0,15.0,6.0,5.0,55.0,15.0,37.0,4.0,16.0,27.0,28.0,21.0,12.0,20.0,4.0,45.0,24.0
2020-08-08,5.0,5.0,20.0,9.0,8.0,21.0,8.0,3.0,8.0,65,7.0,41.0,10.0,14.0,41.0,67.0,18.0,4.0,7.0,32.0,12.0,37.0,10.0,22.0,25.0,17.0,16.0,19.0,33.0,12.0,45.0,24.0
2020-08-09,5.0,5.0,7.0,8.0,9.0,20.0,10.0,6.0,15.0,34,9.0,34.0,11.0,16.0,29.0,85.0,20.0,5.0,7.0,52.0,11.0,39.0,9.0,12.0,28.0,31.0,11.0,19.0,28.0,7.0,39.0,23.0
2020-08-10,3.0,3.0,17.0,5.0,5.0,31.0,9.0,4.0,7.0,47,4.0,34.0,7.0,27.0,21.0,85.0,17.0,6.0,6.0,44.0,10.0,41.0,11.0,20.0,31.0,20.0,9.0,23.0,23.0,14.0,51.0,34.0
2020-08-11,5.0,5.0,23.0,13.0,9.0,22.0,9.0,3.0,10.0,42,6.0,26.0,13.0,25.0,41.0,63.0,16.0,11.0,5.0,48.0,11.0,50.0,6.0,21.0,34.0,17.0,25.0,21.0,28.0,11.0,47.0,31.0
2020-08-12,5.0,5.0,6.0,7.0,5.0,36.0,3.0,7.0,11.0,45,2.0,22.0,4.0,19.0,33.0,71.0,17.0,5.0,2.0,41.0,15.0,39.0,4.0,11.0,34.0,22.0,14.0,22.0,32.0,3.0,50.0,21.0
2020-08-13,5.0,5.0,12.0,6.0,7.0,20.0,7.0,6.0,5.0,45,6.0,22.0,14.0,16.0,31.0,66.0,10.0,9.0,9.0,43.0,13.0,39.0,5.0,7.0,26.0,28.0,22.0,19.0,22.0,6.0,48.0,31.0
2020-08-14,6.0,6.0,22.0,9.0,9.0,20.0,6.0,1.0,7.0,46,6.0,35.0,4.0,19.0,34.0,64.0,13.0,6.0,10.0,31.0,16.0,38.0,11.0,9.0,32.0,21.0,14.0,15.0,19.0,4.0,31.0,17.0
2020-08-15,8.0,8.0,14.0,7.0,10.0,21.0,5.0,2.0,7.0,45,4.0,24.0,15.0,13.0,30.0,74.0,16.0,2.0,11.0,34.0,12.0,43.0,12.0,17.0,22.0,12.0,13.0,12.0,27.0,4.0,34.0,27.0
2020-08-16,6.0,6.0,19.0,9.0,3.0,27.0,4.0,2.0,6.0,42,3.0,23.0,16.0,14.0,33.0,69.0,20.0,8.0,3.0,42.0,14.0,40.0,8.0,8.0,14.0,16.0,18.0,18.0,24.0,7.0,39.0,19.0
2020-08-17,4.0,4.0,28.0,10.0,7.0,23.0,10.0,2.0,9.0,45,2.0,34.0,10.0,22.0,34.0,68.0,27.0,9.0,10.0,44.0,9.0,31.0,6.0,13.0,29.0,18.0,20.0,8.0,20.0,4.0,36.0,21.0
2020-08-18,5.0,5.0,22.0,12.0,4.0,28.0,3.0,3.0,4.0,47,5.0,29.0,12.0,18.0,27.0,65.0,18.0,5.0,8.0,32.0,14.0,21.0,12.0,13.0,17.0,15.0,13.0,9.0,30.0,8.0,33.0,28.0
2020-08-19,4.0,4.0,12.0,9.0,5.0,17.0,5.0,4.0,9.0,44,12.0,26.0,20.0,19.0,41.0,78.0,18.0,3.0,6.0,31.0,7.0,36.0,14.0,16.0,19.0,25.0,12.0,13.0,17.0,3.0,38.0,15.0
2020-08-20,5.0,5.0,11.0,8.0,1.0,15.0,7.0,3.0,9.0,50,4.0,29.0,12.0,12.0,33.0,56.0,10.0,3.0,15.0,49.0,14.0,29.0,11.0,14.0,28.0,26.0,12.0,11.0,15.0,12.0,40.0,14.0
2020-08-21,6.0,6.0,13.0,8.0,4.0,24.0,9.0,2.0,10.0,41,3.0,22.0,6.0,21.0,28.0,67.0,20.0,3.0,5.0,44.0,5.0,23.0,8.0,12.0,26.0,18.0,14.0,12.0,32.0,7.0,34.0,25.0
2020-08-22,3.0,3.0,16.0,4.0,4.0,18.0,9.0,1.0,9.0,45,7.0,39.0,9.0,22.0,38.0,54.0,18.0,4.0,7.0,41.0,4.0,24.0,19.0,13.0,25.0,24.0,12.0,11.0,16.0,8.0,33.0,23.0
2020-08-23,2.0,2.0,13.0,7.0,5.0,14.0,7.0,1.0,6.0,51,5.0,25.0,6.0,21.0,41.0,75.0,19.0,5.0,4.0,30.0,10.0,19.0,8.0,17.0,17.0,17.0,10.0,10.0,20.0,4.0,25.0,19.0
2020-08-24,16.0,16.0,17.0,8.0,2.0,19.0,7.0,0.0,12.0,45,4.0,16.0,9.0,13.0,28.0,60.0,15.0,5.0,5.0,35.0,8.0,32.0,5.0,16.0,38.0,21.0,11.0,13.0,22.0,6.0,28.0,16.0
2020-08-25,7.0,7.0,11.0,10.0,3.0,15.0,11.0,3.0,8.0,56,9.0,25.0,12.0,30.0,33.0,55.0,13.0,7.0,9.0,31.0,5.0,27.0,12.0,11.0,27.0,20.0,10.0,7.0,17.0,3.0,32.0,21.0
2020-08-26,5.0,5.0,13.0,4.0,4.0,20.0,6.0,3.0,11.0,44,5.0,19.0,9.0,17.0,39.0,44.0,22.0,7.0,7.0,31.0,9.0,24.0,10.0,12.0,22.0,14.0,11.0,21.0,19.0,6.0,34.0,20.0
2020-08-27,11.0,11.0,11.0,4.0,1.0,16.0,7.0,3.0,12.0,37,8.0,26.0,7.0,14.0,27.0,64.0,15.0,5.0,9.0,23.0,4.0,27.0,7.0,8.0,22.0,15.0,7.0,18.0,17.0,5.0,31.0,23.0
2020-08-28,6.0,6.0,15.0,5.0,0.0,30.0,5.0,0.0,12.0,50,12.0,22.0,6.0,19.0,31.0,71.0,22.0,11.0,3.0,34.0,5.0,25.0,6.0,7.0,23.0,15.0,13.0,4.0,17.0,10.0,32.0,13.0
2020-08-29,4.0,4.0,9.0,8.0,2.0,15.0,7.0,2.0,6.0,52,9.0,22.0,15.0,19.0,28.0,62.0,23.0,3.0,9.0,35.0,9.0,24.0,13.0,7.0,15.0,18.0,6.0,14.0,19.0,9.0,26.0,9.0
2020-08-30,5.0,5.0,23.0,4.0,12.0,17.0,2.0,1.0,7.0,45,5.0,21.0,6.0,16.0,24.0,52.0,20.0,6.0,12.0,35.0,13.0,29.0,17.0,11.0,23.0,21.0,6.0,9.0,16.0,2.0,37.0,24.0
2020-08-31,10.0,10.0,15.0,10.0,3.0,29.0,7.0,0.0,13.0,47,6.0,30.0,4.0,16.0,28.0,53.0,18.0,6.0,4.0,43.0,6.0,35.0,11.0,7.0,18.0,17.0,11.0,11.0,19.0,5.0,36.0,18.0
2020-09-01,7.0,7.0,18.0,6.0,4.0,20.0,11.0,2.0,7.0,61,6.0,25.0,5.0,16.0,33.0,54.0,21.0,4.0,5.0,35.0,8.0,18.0,6.0,4.0,17.0,14.0,6.0,11.0,19.0,11.0,28.0,15.0
2020-09-02,13.0,13.0,17.0,11.0,3.0,21.0,4.0,0.0,4.0,51,7.0,20.0,6.0,15.0,31.0,58.0,14.0,8.0,5.0,35.0,3.0,24.0,7.0,8.0,31.0,11.0,8.0,4.0,12.0,4.0,28.0,19.0
2020-09-03,6.0,6.0,9.0,7.0,3.0,15.0,1.0,3.0,8.0,46,9.0,20.0,8.0,9.0,25.0,65.0,26.0,10.0,9.0,33.0,9.0,25.0,7.0,15.0,13.0,22.0,9.0,11.0,12.0,4.0,31.0,16.0
2020-09-04,8.0,8.0,13.0,3.0,3.0,18.0,8.0,2.0,14.0,52,5.0,25.0,5.0,13.0,27.0,45.0,19.0,5.0,10.0,33.0,8.0,25.0,11.0,8.0,15.0,15.0,13.0,10.0,10.0,5.0,30.0,10.0
2020-09-05,12.0,12.0,14.0,4.0,2.0,16.0,4.0,3.0,5.0,50,7.0,21.0,9.0,13.0,23.0,56.0,15.0,5.0,7.0,29.0,10.0,32.0,12.0,6.0,17.0,21.0,4.0,3.0,7.0,5.0,34.0,11.0
2020-09-06,7.0,7.0,7.0,3.0,1.0,13.0,6.0,0.0,11.0,50,5.0,15.0,4.0,17.0,45.0,72.0,19.0,4.0,3.0,24.0,8.0,23.0,6.0,6.0,18.0,13.0,10.0,8.0,16.0,4.0,20.0,12.0
2020-09-07,8.0,8.0,21.0,1.0,1.0,20.0,3.0,0.0,6.0,45,4.0,15.0,14.0,12.0,28.0,60.0,12.0,7.0,11.0,28.0,9.0,16.0,17.0,11.0,18.0,22.0,8.0,9.0,17.0,4.0,37.0,13.0
2020-09-08,9.0,9.0,11.0,9.0,2.0,16.0,7.0,0.0,4.0,41,9.0,11.0,2.0,12.0,39.0,45.0,16.0,2.0,6.0,34.0,8.0,30.0,7.0,5.0,22.0,8.0,6.0,5.0,17.0,4.0,25.0,8.0
2020-09-09,7.0,7.0,17.0,9.0,0.0,19.0,5.0,1.0,8.0,49,8.0,17.0,11.0,15.0,28.0,54.0,22.0,4.0,6.0,29.0,8.0,24.0,10.0,7.0,23.0,15.0,6.0,6.0,20.0,0.0,29.0,12.0
2020-09-10,2.0,2.0,9.0,4.0,1.0,14.0,5.0,0.0,13.0,49,4.0,17.0,7.0,9.0,28.0,52.0,22.0,4.0,2.0,35.0,9.0,17.0,14.0,7.0,10.0,21.0,10.0,5.0,20.0,1.0,34.0,10.0
2020-09-11,6.0,6.0,9.0,1.0,2.0,24.0,5.0,0.0,8.0,56,8.0,25.0,3.0,16.0,31.0,56.0,9.0,4.0,9.0,25.0,5.0,23.0,12.0,5.0,15.0,14.0,5.0,4.0,14.0,3.0,31.0,11.0
2020-09-12,6.0,6.0,12.0,3.0,2.0,19.0,6.0,3.0,10.0,51,6.0,21.0,15.0,13.0,24.0,62.0,20.0,4.0,7.0,29.0,6.0,18.0,7.0,9.0,10.0,19.0,3.0,8.0,21.0,4.0,37.0,4.0
2020-09-13,4.0,4.0,8.0,5.0,1.0,12.0,4.0,0.0,8.0,47,6.0,16.0,14.0,11.0,35.0,51.0,14.0,4.0,2.0,28.0,13.0,18.0,10.0,10.0,11.0,11.0,7.0,4.0,11.0,5.0,22.0,6.0
2020-09-14,9.0,9.0,18.0,3.0,2.0,20.0,8.0,1.0,9.0,47,8.0,20.0,6.0,10.0,34.0,45.0,25.0,2.0,9.0,36.0,6.0,19.0,11.0,6.0,14.0,9.0,5.0,6.0,17.0,2.0,31.0,9.0
2020-09-15,5.0,5.0,11.0,3.0,4.0,13.0,4.0,1.0,8.0,59,4.0,17.0,12.0,8.0,24.0,53.0,19.0,4.0,9.0,32.0,12.0,22.0,6.0,7.0,28.0,11.0,4.0,5.0,9.0,2.0,27.0,11.0
2020-09-16,7.0,7.0,11.0,1.0,1.0,10.0,5.0,1.0,6.0,40,13.0,12.0,7.0,11.0,35.0,71.0,24.0,5.0,6.0,25.0,10.0,8.0,6.0,6.0,13.0,19.0,5.0,8.0,12.0,4.0,26.0,7.0
2020-09-17,7.0,7.0,13.0,10.0,4.0,15.0,4.0,2.0,15.0,44,4.0,9.0,4.0,8.0,38.0,50.0,13.0,7.0,5.0,32.0,6.0,28.0,4.0,5.0,10.0,10.0,4.0,6.0,7.0,4.0,21.0,8.0
2020-09-18,8.0,8.0,12.0,3.0,3.0,7.0,2.0,0.0,9.0,45,3.0,10.0,5.0,14.0,33.0,56.0,9.0,5.0,1.0,24.0,7.0,15.0,7.0,9.0,14.0,10.0,3.0,4.0,6.0,5.0,28.0,9.0
2020-09-19,5.0,5.0,13.0,5.0,1.0,18.0,6.0,0.0,6.0,42,5.0,20.0,2.0,6.0,37.0,62.0,14.0,3.0,6.0,24.0,13.0,15.0,9.0,4.0,9.0,14.0,9.0,8.0,11.0,0.0,24.0,3.0
2020-09-20,8.0,8.0,11.0,3.0,2.0,14.0,4.0,2.0,16.0,35,3.0,26.0,7.0,11.0,27.0,68.0,19.0,6.0,6.0,25.0,7.0,17.0,4.0,8.0,18.0,17.0,8.0,3.0,9.0,1.0,22.0,9.0
2020-09-21,12.0,12.0,6.0,3.0,4.0,10.0,6.0,0.0,18.0,38,3.0,8.0,13.0,13.0,24.0,59.0,20.0,7.0,6.0,31.0,9.0,11.0,8.0,7.0,17.0,10.0,3.0,9.0,11.0,3.0,27.0,7.0
2020-09-22,6.0,6.0,11.0,3.0,2.0,19.0,7.0,0.0,13.0,49,3.0,21.0,7.0,9.0,27.0,63.0,9.0,6.0,5.0,26.0,9.0,17.0,11.0,8.0,16.0,19.0,5.0,4.0,12.0,3.0,26.0,7.0
2020-09-23,4.0,4.0,11.0,4.0,3.0,10.0,4.0,0.0,6.0,55,5.0,7.0,15.0,11.0,24.0,64.0,17.0,2.0,2.0,36.0,6.0,16.0,8.0,5.0,10.0,10.0,8.0,4.0,10.0,3.0,23.0,5.0
2020-09-24,7.0,7.0,20.0,2.0,0.0,13.0,7.0,0.0,13.0,45,5.0,9.0,8.0,13.0,19.0,58.0,13.0,9.0,8.0,22.0,4.0,18.0,7.0,4.0,14.0,15.0,10.0,8.0,10.0,5.0,33.0,5.0
2020-09-25,5.0,5.0,10.0,3.0,1.0,18.0,2.0,2.0,11.0,45,8.0,11.0,8.0,13.0,25.0,53.0,10.0,4.0,1.0,35.0,4.0,20.0,3.0,11.0,14.0,7.0,1.0,3.0,10.0,2.0,22.0,7.0
2020-09-26,3.0,3.0,5.0,2.0,1.0,10.0,4.0,3.0,7.0,48,7.0,12.0,15.0,10.0,31.0,49.0,22.0,4.0,7.0,35.0,6.0,17.0,3.0,10.0,17.0,7.0,7.0,3.0,11.0,0.0,15.0,7.0
2020-09-27,8.0,8.0,12.0,4.0,1.0,12.0,2.0,1.0,8.0,55,6.0,11.0,12.0,10.0,21.0,39.0,11.0,2.0,5.0,22.0,9.0,17.0,8.0,5.0,13.0,19.0,8.0,7.0,7.0,2.0,15.0,6.0
2020-09-28,10.0,10.0,11.0,4.0,2.0,16.0,3.0,0.0,11.0,40,4.0,7.0,8.0,16.0,28.0,54.0,17.0,2.0,4.0,29.0,3.0,19.0,9.0,7.0,7.0,10.0,5.0,10.0,8.0,3.0,17.0,3.0
2020-09-29,7.0,7.0,8.0,5.0,2.0,8.0,8.0,0.0,14.0,56,2.0,14.0,6.0,12.0,30.0,41.0,16.0,2.0,4.0,29.0,8.0,16.0,10.0,4.0,4.0,11.0,8.0,5.0,10.0,2.0,14.0,8.0
2020-09-30,5.0,5.0,12.0,2.0,0.0,10.0,7.0,0.0,9.0,42,5.0,14.0,9.0,14.0,17.0,49.0,9.0,6.0,6.0,27.0,10.0,18.0,11.0,6.0,11.0,7.0,7.0,3.0,4.0,3.0,17.0,4.0
2020-10-01,11.0,11.0,6.0,2.0,0.0,12.0,3.0,0.0,17.0,39,7.0,10.0,13.0,10.0,34.0,38.0,15.0,5.0,4.0,23.0,8.0,14.0,7.0,6.0,11.0,16.0,7.0,6.0,8.0,2.0,14.0,14.0
2020-10-02,1.0,1.0,7.0,0.0,1.0,7.0,5.0,0.0,17.0,53,6.0,15.0,10.0,10.0,30.0,56.0,11.0,6.0,6.0,32.0,9.0,9.0,8.0,6.0,9.0,11.0,6.0,4.0,7.0,4.0,11.0,6.0
2020-10-03,3.0,3.0,8.0,3.0,0.0,21.0,10.0,0.0,16.0,47,9.0,17.0,13.0,9.0,23.0,46.0,8.0,3.0,8.0,31.0,5.0,15.0,7.0,5.0,10.0,7.0,4.0,1.0,6.0,3.0,15.0,2.0
2020-10-04,8.0,8.0,7.0,5.0,1.0,7.0,6.0,1.0,7.0,46,3.0,12.0,5.0,10.0,16.0,59.0,15.0,4.0,4.0,25.0,8.0,17.0,6.0,2.0,9.0,6.0,6.0,6.0,10.0,2.0,21.0,6.0
2020-10-05,9.0,9.0,11.0,4.0,1.0,10.0,4.0,2.0,12.0,62,4.0,17.0,10.0,7.0,31.0,47.0,9.0,3.0,2.0,30.0,12.0,14.0,8.0,4.0,7.0,14.0,5.0,4.0,7.0,0.0,12.0,4.0
2020-10-06,5.0,5.0,12.0,2.0,1.0,10.0,8.0,3.0,19.0,49,2.0,11.0,8.0,12.0,21.0,46.0,13.0,4.0,2.0,29.0,7.0,15.0,5.0,7.0,4.0,15.0,4.0,4.0,9.0,3.0,17.0,10.0
2020-10-07,2.0,2.0,5.0,4.0,0.0,9.0,3.0,0.0,24.0,37,10.0,22.0,10.0,13.0,19.0,40.0,13.0,6.0,2.0,20.0,5.0,12.0,10.0,3.0,14.0,14.0,8.0,2.0,14.0,2.0,18.0,11.0
2020-10-08,7.0,7.0,8.0,4.0,1.0,12.0,4.0,1.0,19.0,45,5.0,11.0,14.0,12.0,29.0,51.0,7.0,5.0,1.0,28.0,4.0,13.0,8.0,1.0,14.0,11.0,1.0,3.0,12.0,3.0,14.0,8.0
2020-10-09,4.0,4.0,9.0,2.0,0.0,14.0,4.0,0.0,11.0,44,3.0,9.0,11.0,12.0,24.0,44.0,13.0,6.0,4.0,26.0,6.0,8.0,5.0,4.0,8.0,6.0,5.0,2.0,9.0,1.0,19.0,4.0
2020-10-10,6.0,6.0,8.0,2.0,0.0,12.0,5.0,0.0,22.0,52,4.0,10.0,10.0,10.0,24.0,63.0,13.0,5.0,1.0,27.0,11.0,11.0,3.0,8.0,18.0,13.0,7.0,3.0,5.0,2.0,16.0,5.0
2020-10-11,3.0,3.0,8.0,0.0,0.0,12.0,6.0,1.0,24.0,42,7.0,16.0,9.0,5.0,21.0,45.0,14.0,5.0,6.0,32.0,6.0,16.0,5.0,6.0,17.0,8.0,8.0,4.0,9.0,4.0,11.0,8.0
2020-10-12,8.0,8.0,16.0,2.0,0.0,18.0,9.0,1.0,39.0,51,10.0,6.0,12.0,6.0,30.0,60.0,10.0,8.0,4.0,29.0,10.0,7.0,8.0,4.0,12.0,9.0,6.0,2.0,9.0,3.0,20.0,7.0
2020-10-13,8.0,8.0,7.0,1.0,1.0,10.0,3.0,0.0,33.0,43,5.0,14.0,11.0,10.0,23.0,38.0,9.0,3.0,8.0,31.0,10.0,12.0,9.0,9.0,16.0,11.0,9.0,3.0,10.0,4.0,20.0,4.0
2020-10-14,3.0,3.0,12.0,4.0,0.0,19.0,2.0,0.0,42.0,47,6.0,13.0,6.0,11.0,27.0,49.0,19.0,4.0,2.0,22.0,8.0,7.0,5.0,0.0,12.0,2.0,6.0,1.0,10.0,2.0,20.0,1.0
2020-10-15,6.0,6.0,7.0,1.0,2.0,19.0,7.0,2.0,28.0,35,10.0,12.0,14.0,10.0,27.0,58.0,9.0,4.0,4.0,33.0,5.0,11.0,10.0,6.0,11.0,13.0,8.0,5.0,8.0,3.0,13.0,11.0
2020-10-16,3.0,3.0,12.0,3.0,0.0,15.0,7.0,0.0,38.0,41,7.0,9.0,7.0,13.0,27.0,51.0,12.0,4.0,4.0,25.0,4.0,15.0,5.0,6.0,10.0,7.0,4.0,5.0,7.0,2.0,9.0,4.0
2020-10-17,13.0,13.0,7.0,3.0,0.0,21.0,7.0,1.0,48.0,44,3.0,12.0,7.0,8.0,24.0,52.0,6.0,2.0,7.0,32.0,9.0,8.0,5.0,3.0,16.0,11.0,4.0,3.0,7.0,1.0,16.0,10.0
2020-10-18,5.0,5.0,11.0,2.0,1.0,17.0,6.0,1.0,47.0,52,13.0,10.0,10.0,10.0,22.0,44.0,19.0,4.0,2.0,27.0,10.0,14.0,5.0,4.0,6.0,9.0,7.0,4.0,8.0,3.0,18.0,3.0
2020-10-19,11.0,11.0,11.0,4.0,1.0,18.0,4.0,0.0,54.0,57,7.0,6.0,9.0,11.0,30.0,61.0,22.0,2.0,6.0,40.0,3.0,15.0,9.0,3.0,14.0,13.0,12.0,7.0,6.0,4.0,13.0,7.0
2020-10-20,11.0,11.0,11.0,0.0,1.0,22.0,4.0,0.0,50.0,46,11.0,15.0,3.0,12.0,28.0,49.0,10.0,1.0,3.0,42.0,12.0,16.0,7.0,3.0,19.0,14.0,4.0,5.0,9.0,5.0,15.0,5.0
2020-10-21,11.0,11.0,11.0,6.0,3.0,21.0,2.0,1.0,50.0,59,17.0,21.0,4.0,15.0,35.0,47.0,13.0,5.0,3.0,39.0,8.0,14.0,9.0,1.0,11.0,12.0,8.0,2.0,12.0,2.0,11.0,12.0
2020-10-22,11.0,11.0,9.0,1.0,1.0,22.0,5.0,0.0,45.0,42,7.0,16.0,6.0,9.0,39.0,65.0,10.0,10.0,5.0,38.0,7.0,18.0,12.0,2.0,19.0,11.0,10.0,2.0,9.0,4.0,11.0,8.0
2020-10-23,7.0,7.0,15.0,4.0,0.0,26.0,3.0,0.0,49.0,55,12.0,13.0,6.0,7.0,30.0,63.0,11.0,2.0,8.0,33.0,7.0,17.0,11.0,1.0,20.0,11.0,4.0,2.0,6.0,2.0,20.0,8.0
2020-10-24,10.0,10.0,8.0,2.0,0.0,25.0,7.0,0.0,69.0,42,14.0,14.0,6.0,6.0,34.0,56.0,16.0,7.0,3.0,20.0,7.0,10.0,7.0,7.0,16.0,7.0,10.0,2.0,11.0,3.0,7.0,6.0
2020-10-25,7.0,7.0,18.0,2.0,1.0,32.0,4.0,0.0,78.0,49,11.0,12.0,7.0,15.0,39.0,40.0,11.0,5.0,5.0,28.0,4.0,19.0,8.0,5.0,17.0,16.0,5.0,6.0,12.0,4.0,12.0,5.0
2020-10-26,3.0,3.0,16.0,4.0,0.0,35.0,4.0,0.0,62.0,52,17.0,15.0,6.0,17.0,25.0,66.0,14.0,5.0,3.0,35.0,5.0,17.0,7.0,8.0,11.0,11.0,15.0,1.0,11.0,2.0,13.0,8.0
2020-10-27,4.0,4.0,10.0,2.0,0.0,35.0,1.0,2.0,61.0,43,19.0,21.0,8.0,12.0,34.0,54.0,10.0,7.0,1.0,29.0,5.0,10.0,13.0,2.0,12.0,10.0,9.0,3.0,7.0,3.0,12.0,6.0
2020-10-28,5.0,5.0,14.0,0.0,2.0,21.0,2.0,0.0,76.0,61,18.0,18.0,6.0,7.0,36.0,49.0,12.0,3.0,3.0,38.0,3.0,13.0,8.0,1.0,16.0,12.0,10.0,2.0,11.0,1.0,16.0,9.0
2020-10-29,9.0,9.0,9.0,2.0,0.0,27.0,2.0,0.0,83.0,44,16.0,11.0,9.0,17.0,18.0,63.0,14.0,7.0,3.0,38.0,6.0,17.0,7.0,2.0,21.0,11.0,5.0,5.0,6.0,2.0,17.0,4.0
2020-10-30,7.0,7.0,8.0,3.0,1.0,30.0,3.0,0.0,70.0,45,20.0,14.0,5.0,12.0,27.0,60.0,8.0,4.0,5.0,39.0,7.0,14.0,6.0,1.0,15.0,14.0,9.0,2.0,9.0,2.0,11.0,7.0
2020-10-31,7.0,7.0,15.0,4.0,0.0,23.0,0.0,0.0,69.0,49,16.0,15.0,8.0,16.0,25.0,47.0,6.0,5.0,2.0,33.0,8.0,13.0,12.0,2.0,16.0,8.0,10.0,3.0,6.0,2.0,6.0,7.0
2020-11-01,6.0,6.0,22.0,2.0,0.0,29.0,2.0,0.0,68.0,58,12.0,14.0,12.0,13.0,34.0,53.0,7.0,2.0,2.0,27.0,2.0,15.0,6.0,3.0,11.0,18.0,8.0,0.0,6.0,2.0,8.0,4.0
2020-11-02,15.0,15.0,23.0,3.0,0.0,38.0,4.0,0.0,82.0,54,15.0,8.0,2.0,5.0,35.0,55.0,14.0,5.0,1.0,38.0,8.0,13.0,9.0,2.0,19.0,11.0,7.0,0.0,3.0,8.0,13.0,3.0
2020-11-03,13.0,13.0,10.0,3.0,0.0,25.0,4.0,2.0,91.0,43,16.0,21.0,8.0,19.0,40.0,51.0,11.0,5.0,0.0,29.0,8.0,10.0,7.0,1.0,15.0,6.0,9.0,2.0,5.0,2.0,8.0,11.0
2020-11-04,6.0,6.0,16.0,3.0,1.0,39.0,2.0,1.0,64.0,66,12.0,13.0,8.0,18.0,28.0,54.0,8.0,5.0,3.0,37.0,4.0,17.0,9.0,1.0,15.0,13.0,13.0,1.0,12.0,0.0,10.0,6.0
2020-11-05,11.0,11.0,18.0,2.0,0.0,47.0,5.0,0.0,78.0,60,18.0,12.0,5.0,10.0,24.0,60.0,8.0,8.0,2.0,43.0,4.0,19.0,12.0,2.0,12.0,12.0,6.0,0.0,7.0,2.0,14.0,3.0
2020-11-06,19.0,19.0,15.0,1.0,0.0,31.0,2.0,0.0,100.0,54,16.0,17.0,7.0,17.0,28.0,72.0,14.0,5.0,6.0,39.0,5.0,8.0,9.0,3.0,16.0,12.0,10.0,5.0,10.0,3.0,7.0,3.0
2020-11-07,12.0,12.0,10.0,2.0,0.0,25.0,2.0,2.0,83.0,56,22.0,19.0,8.0,12.0,24.0,66.0,8.0,1.0,2.0,27.0,6.0,15.0,5.0,0.0,15.0,8.0,7.0,1.0,7.0,1.0,11.0,3.0
2020-11-08,11.0,11.0,17.0,2.0,1.0,34.0,2.0,0.0,77.0,56,15.0,22.0,5.0,8.0,30.0,51.0,11.0,10.0,1.0,32.0,3.0,11.0,15.0,1.0,18.0,8.0,7.0,3.0,7.0,2.0,11.0,9.0
2020-11-09,10.0,10.0,13.0,1.0,2.0,53.0,2.0,0.0,76.0,56,13.0,24.0,7.0,8.0,35.0,77.0,10.0,5.0,1.0,25.0,10.0,8.0,13.0,2.0,17.0,9.0,9.0,0.0,5.0,0.0,13.0,6.0
2020-11-10,10.0,10.0,15.0,6.0,1.0,42.0,1.0,0.0,72.0,61,17.0,15.0,4.0,18.0,18.0,55.0,10.0,3.0,0.0,40.0,2.0,13.0,3.0,1.0,17.0,7.0,14.0,3.0,7.0,1.0,7.0,5.0
2020-11-11,13.0,13.0,14.0,4.0,0.0,27.0,3.0,0.0,70.0,52,20.0,20.0,6.0,14.0,32.0,73.0,10.0,4.0,3.0,30.0,9.0,10.0,10.0,1.0,17.0,14.0,14.0,1.0,15.0,0.0,9.0,3.0
2020-11-12,19.0,19.0,13.0,1.0,0.0,46.0,2.0,0.0,66.0,77,13.0,22.0,4.0,18.0,25.0,70.0,9.0,12.0,0.0,22.0,5.0,13.0,15.0,1.0,17.0,5.0,16.0,3.0,9.0,1.0,7.0,14.0
2020-11-13,11.0,11.0,16.0,4.0,1.0,47.0,2.0,2.0,66.0,69,11.0,18.0,3.0,10.0,23.0,70.0,10.0,7.0,4.0,25.0,7.0,12.0,10.0,0.0,19.0,11.0,13.0,0.0,9.0,1.0,15.0,5.0
2020-11-14,21.0,21.0,12.0,1.0,0.0,38.0,2.0,0.0,52.0,73,22.0,20.0,11.0,15.0,22.0,57.0,13.0,1.0,1.0,36.0,8.0,9.0,8.0,4.0,21.0,7.0,13.0,3.0,9.0,1.0,7.0,6.0
2020-11-15,23.0,23.0,15.0,3.0,0.0,32.0,1.0,0.0,64.0,64,25.0,24.0,4.0,15.0,24.0,60.0,7.0,6.0,0.0,29.0,11.0,18.0,15.0,3.0,8.0,5.0,18.0,3.0,10.0,0.0,12.0,1.0
2020-11-16,12.0,12.0,12.0,3.0,0.0,33.0,2.0,0.0,64.0,77,9.0,32.0,4.0,16.0,27.0,58.0,8.0,4.0,3.0,35.0,4.0,13.0,17.0,4.0,17.0,6.0,12.0,3.0,2.0,3.0,17.0,7.0
2020-11-17,12.0,12.0,14.0,1.0,1.0,41.0,0.0,1.0,79.0,66,13.0,33.0,7.0,10.0,31.0,68.0,7.0,9.0,1.0,34.0,12.0,11.0,14.0,2.0,27.0,6.0,20.0,0.0,8.0,2.0,18.0,5.0
2020-11-18,11.0,11.0,18.0,1.0,0.0,33.0,0.0,0.0,53.0,74,15.0,27.0,4.0,17.0,31.0,73.0,14.0,4.0,2.0,36.0,7.0,12.0,13.0,4.0,19.0,6.0,19.0,3.0,9.0,0.0,14.0,5.0
2020-11-19,9.0,9.0,30.0,2.0,0.0,33.0,2.0,0.0,46.0,71,14.0,25.0,8.0,19.0,21.0,67.0,8.0,1.0,1.0,28.0,5.0,16.0,13.0,2.0,15.0,9.0,14.0,1.0,6.0,1.0,11.0,8.0
2020-11-20,12.0,12.0,24.0,2.0,0.0,45.0,1.0,0.0,53.0,81,12.0,30.0,4.0,13.0,33.0,75.0,7.0,7.0,3.0,31.0,9.0,14.0,15.0,3.0,19.0,14.0,13.0,2.0,11.0,1.0,17.0,5.0
2020-11-21,20.0,20.0,22.0,1.0,0.0,38.0,2.0,0.0,55.0,70,19.0,29.0,4.0,16.0,27.0,87.0,8.0,2.0,5.0,29.0,3.0,15.0,19.0,4.0,14.0,11.0,16.0,0.0,10.0,0.0,9.0,6.0
2020-11-22,11.0,11.0,29.0,5.0,2.0,42.0,2.0,1.0,56.0,81,12.0,32.0,4.0,19.0,34.0,89.0,4.0,9.0,3.0,37.0,6.0,12.0,24.0,2.0,33.0,13.0,17.0,2.0,6.0,2.0,13.0,7.0
2020-11-23,11.0,11.0,29.0,1.0,3.0,36.0,1.0,0.0,35.0,91,17.0,42.0,1.0,19.0,32.0,60.0,9.0,3.0,2.0,25.0,5.0,18.0,11.0,4.0,19.0,15.0,24.0,0.0,6.0,2.0,13.0,8.0
2020-11-24,14.0,14.0,25.0,3.0,2.0,40.0,2.0,1.0,49.0,73,19.0,31.0,4.0,12.0,27.0,83.0,13.0,5.0,1.0,29.0,5.0,17.0,20.0,3.0,18.0,9.0,14.0,2.0,11.0,1.0,11.0,6.0
2020-11-25,12.0,12.0,21.0,4.0,0.0,32.0,1.0,2.0,35.0,86,20.0,34.0,4.0,15.0,28.0,84.0,9.0,1.0,1.0,26.0,15.0,16.0,12.0,5.0,9.0,10.0,19.0,5.0,6.0,3.0,15.0,5.0
2020-11-26,15.0,15.0,37.0,1.0,0.0,23.0,4.0,0.0,39.0,79,24.0,35.0,9.0,17.0,26.0,88.0,11.0,4.0,3.0,24.0,2.0,18.0,13.0,6.0,13.0,13.0,18.0,1.0,12.0,1.0,14.0,1.0
2020-11-27,8.0,8.0,29.0,0.0,0.0,44.0,2.0,0.0,44.0,89,18.0,39.0,2.0,25.0,31.0,95.0,9.0,3.0,2.0,28.0,6.0,22.0,16.0,3.0,20.0,10.0,26.0,6.0,11.0,1.0,15.0,5.0
2020-11-28,7.0,7.0,24.0,3.0,0.0,47.0,2.0,0.0,33.0,82,14.0,41.0,2.0,14.0,35.0,80.0,7.0,4.0,4.0,23.0,6.0,20.0,14.0,2.0,18.0,9.0,16.0,2.0,18.0,4.0,7.0,3.0
2020-11-29,18.0,18.0,32.0,0.0,1.0,45.0,0.0,0.0,38.0,70,16.0,42.0,9.0,17.0,29.0,90.0,12.0,4.0,1.0,28.0,4.0,12.0,9.0,3.0,21.0,14.0,15.0,2.0,8.0,1.0,12.0,2.0
2020-11-30,18.0,18.0,38.0,5.0,1.0,35.0,1.0,0.0,29.0,97,16.0,48.0,2.0,14.0,44.0,84.0,11.0,9.0,4.0,29.0,3.0,21.0,19.0,2.0,21.0,13.0,25.0,4.0,12.0,3.0,9.0,9.0
2020-12-01,24.0,24.0,39.0,4.0,0.0,32.0,1.0,0.0,37.0,115,18.0,48.0,5.0,15.0,34.0,87.0,10.0,13.0,1.0,27.0,4.0,9.0,17.0,4.0,14.0,12.0,23.0,3.0,12.0,3.0,13.0,13.0
2020-12-02,17.0,17.0,28.0,0.0,0.0,27.0,0.0,0.0,36.0,91,11.0,44.0,7.0,11.0,35.0,102.0,8.0,11.0,2.0,33.0,5.0,17.0,20.0,2.0,13.0,9.0,25.0,0.0,12.0,0.0,20.0,6.0
2020-12-03,11.0,11.0,36.0,3.0,0.0,31.0,1.0,0.0,27.0,78,22.0,38.0,6.0,22.0,33.0,95.0,8.0,10.0,3.0,23.0,5.0,13.0,23.0,2.0,21.0,7.0,21.0,2.0,6.0,2.0,13.0,8.0
2020-12-04,11.0,11.0,40.0,5.0,1.0,23.0,0.0,0.0,30.0,98,15.0,32.0,6.0,29.0,25.0,92.0,10.0,6.0,4.0,29.0,7.0,14.0,18.0,1.0,17.0,5.0,14.0,6.0,13.0,3.0,10.0,10.0
2020-12-05,23.0,23.0,35.0,2.0,1.0,24.0,3.0,0.0,29.0,85,17.0,44.0,9.0,26.0,29.0,112.0,10.0,7.0,3.0,26.0,11.0,13.0,34.0,3.0,12.0,10.0,19.0,6.0,12.0,6.0,10.0,4.0
2020-12-06,15.0,15.0,40.0,3.0,1.0,36.0,1.0,1.0,20.0,89,12.0,45.0,10.0,21.0,34.0,111.0,11.0,7.0,1.0,36.0,7.0,30.0,17.0,4.0,23.0,11.0,18.0,4.0,9.0,2.0,8.0,6.0
2020-12-07,10.0,10.0,27.0,3.0,1.0,23.0,1.0,0.0,27.0,128,20.0,37.0,9.0,20.0,41.0,116.0,13.0,10.0,4.0,20.0,10.0,23.0,26.0,2.0,14.0,5.0,24.0,2.0,14.0,1.0,14.0,10.0
2020-12-08,17.0,17.0,48.0,0.0,0.0,32.0,2.0,2.0,12.0,113,11.0,41.0,2.0,14.0,39.0,118.0,13.0,10.0,2.0,20.0,5.0,11.0,14.0,7.0,12.0,10.0,25.0,3.0,12.0,7.0,11.0,7.0
2020-12-09,8.0,8.0,43.0,2.0,0.0,35.0,2.0,0.0,22.0,115,4.0,57.0,11.0,22.0,53.0,99.0,17.0,6.0,2.0,37.0,12.0,16.0,17.0,2.0,14.0,8.0,36.0,3.0,13.0,1.0,13.0,4.0
2020-12-10,11.0,11.0,46.0,3.0,0.0,40.0,1.0,0.0,21.0,126,7.0,46.0,6.0,24.0,38.0,128.0,8.0,4.0,3.0,21.0,8.0,10.0,19.0,1.0,16.0,7.0,28.0,5.0,6.0,5.0,12.0,5.0
2020-12-11,11.0,11.0,40.0,2.0,0.0,32.0,1.0,1.0,23.0,119,10.0,54.0,6.0,27.0,52.0,116.0,13.0,6.0,1.0,31.0,6.0,21.0,14.0,2.0,20.0,5.0,40.0,3.0,9.0,6.0,11.0,4.0
2020-12-12,11.0,11.0,35.0,2.0,1.0,21.0,1.0,1.0,14.0,127,17.0,53.0,7.0,14.0,58.0,155.0,13.0,8.0,1.0,27.0,5.0,19.0,19.0,1.0,23.0,11.0,25.0,3.0,7.0,3.0,17.0,9.0
2020-12-13,15.0,15.0,42.0,7.0,0.0,27.0,4.0,1.0,19.0,118,8.0,43.0,12.0,20.0,37.0,135.0,15.0,9.0,4.0,24.0,7.0,22.0,23.0,4.0,21.0,12.0,28.0,4.0,10.0,6.0,14.0,5.0
2020-12-14,13.0,13.0,44.0,1.0,1.0,31.0,3.0,3.0,25.0,135,8.0,58.0,3.0,22.0,43.0,144.0,13.0,9.0,7.0,15.0,10.0,21.0,24.0,3.0,15.0,11.0,33.0,4.0,13.0,4.0,12.0,8.0
2020-12-15,4.0,4.0,55.0,2.0,0.0,18.0,2.0,2.0,24.0,144,8.0,49.0,18.0,24.0,47.0,150.0,12.0,9.0,2.0,35.0,4.0,17.0,20.0,1.0,12.0,10.0,25.0,2.0,12.0,6.0,16.0,5.0
2020-12-16,9.0,9.0,40.0,2.0,1.0,30.0,0.0,3.0,17.0,139,10.0,47.0,5.0,26.0,45.0,154.0,9.0,10.0,1.0,32.0,7.0,19.0,22.0,3.0,14.0,6.0,22.0,9.0,6.0,11.0,15.0,10.0
2020-12-17,8.0,8.0,54.0,1.0,1.0,25.0,0.0,3.0,15.0,147,9.0,40.0,5.0,21.0,41.0,147.0,13.0,8.0,5.0,21.0,8.0,24.0,27.0,5.0,14.0,6.0,37.0,6.0,10.0,3.0,14.0,7.0
2020-12-18,10.0,10.0,65.0,2.0,3.0,31.0,0.0,1.0,11.0,141,10.0,54.0,6.0,37.0,53.0,125.0,13.0,10.0,4.0,26.0,13.0,19.0,27.0,3.0,9.0,5.0,28.0,9.0,8.0,4.0,10.0,9.0
2020-12-19,6.0,6.0,56.0,6.0,2.0,19.0,0.0,0.0,22.0,153,8.0,56.0,7.0,23.0,62.0,165.0,11.0,5.0,5.0,27.0,11.0,24.0,23.0,4.0,13.0,11.0,29.0,2.0,12.0,4.0,18.0,3.0
2020-12-20,11.0,11.0,53.0,1.0,0.0,21.0,3.0,0.0,18.0,155,8.0,42.0,10.0,33.0,43.0,151.0,21.0,9.0,1.0,30.0,5.0,33.0,15.0,4.0,19.0,8.0,34.0,6.0,13.0,4.0,19.0,2.0
2020-12-21,13.0,13.0,61.0,8.0,2.0,32.0,1.0,3.0,15.0,150,6.0,56.0,9.0,25.0,68.0,183.0,7.0,7.0,3.0,24.0,10.0,36.0,26.0,1.0,15.0,10.0,45.0,5.0,23.0,11.0,8.0,7.0
2020-12-22,11.0,11.0,57.0,3.0,1.0,35.0,0.0,0.0,9.0,159,11.0,43.0,8.0,25.0,52.0,165.0,24.0,8.0,3.0,30.0,4.0,35.0,10.0,0.0,22.0,8.0,32.0,6.0,19.0,4.0,11.0,3.0
2020-12-23,4.0,4.0,53.0,3.0,1.0,24.0,1.0,1.0,14.0,159,9.0,58.0,6.0,26.0,60.0,161.0,13.0,8.0,4.0,43.0,11.0,28.0,17.0,1.0,18.0,12.0,31.0,8.0,11.0,8.0,17.0,3.0
2020-12-24,5.0,5.0,57.0,5.0,0.0,25.0,3.0,0.0,15.0,163,7.0,64.0,4.0,37.0,50.0,144.0,22.0,16.0,5.0,31.0,9.0,28.0,20.0,6.0,23.0,10.0,33.0,4.0,15.0,5.0,17.0,7.0
2020-12-25,11.0,11.0,56.0,3.0,0.0,33.0,1.0,1.0,21.0,142,10.0,52.0,8.0,22.0,63.0,157.0,20.0,9.0,6.0,31.0,6.0,33.0,25.0,3.0,17.0,4.0,34.0,8.0,15.0,13.0,16.0,3.0
2020-12-26,10.0,10.0,60.0,9.0,1.0,23.0,4.0,0.0,24.0,184,11.0,64.0,6.0,27.0,52.0,179.0,12.0,12.0,3.0,30.0,14.0,27.0,18.0,1.0,9.0,12.0,33.0,10.0,10.0,13.0,14.0,4.0
2020-12-27,8.0,8.0,50.0,5.0,1.0,27.0,1.0,1.0,14.0,192,1.0,49.0,8.0,35.0,57.0,180.0,16.0,13.0,2.0,42.0,7.0,35.0,24.0,2.0,20.0,8.0,43.0,9.0,17.0,13.0,18.0,7.0
2020-12-28,10.0,10.0,58.0,4.0,1.0,27.0,1.0,3.0,22.0,177,5.0,54.0,8.0,33.0,52.0,192.0,30.0,13.0,1.0,47.0,13.0,35.0,16.0,9.0,19.0,13.0,37.0,8.0,15.0,8.0,30.0,10.0
2020-12-29,10.0,10.0,61.0,3.0,2.0,22.0,2.0,2.0,11.0,190,9.0,90.0,8.0,35.0,63.0,192.0,19.0,17.0,1.0,41.0,8.0,34.0,15.0,5.0,17.0,12.0,35.0,11.0,8.0,8.0,24.0,7.0
2020-12-30,11.0,11.0,48.0,6.0,3.0,22.0,0.0,4.0,19.0,193,14.0,68.0,8.0,24.0,57.0,189.0,15.0,16.0,2.0,41.0,19.0,30.0,25.0,6.0,23.0,9.0,30.0,5.0,10.0,10.0,20.0,8.0
2020-12-31,7.0,7.0,47.0,3.0,0.0,27.0,0.0,4.0,8.0,167,13.0,55.0,6.0,38.0,45.0,171.0,14.0,20.0,7.0,40.0,13.0,38.0,26.0,3.0,22.0,15.0,37.0,8.0,12.0,8.0,19.0,5.0
2021-01-01,4.0,4.0,67.0,3.0,0.0,39.0,4.0,4.0,17.0,177,8.0,54.0,5.0,28.0,81.0,191.0,29.0,13.0,5.0,34.0,7.0,39.0,24.0,10.0,22.0,9.0,33.0,9.0,22.0,8.0,20.0,8.0
2021-01-02,5.0,5.0,40.0,1.0,0.0,35.0,3.0,4.0,11.0,205,8.0,50.0,12.0,32.0,70.0,187.0,25.0,16.0,5.0,41.0,16.0,48.0,22.0,10.0,17.0,13.0,35.0,8.0,16.0,12.0,30.0,3.0
2021-01-03,9.0,9.0,42.0,10.0,1.0,32.0,2.0,2.0,14.0,215,13.0,62.0,10.0,36.0,73.0,193.0,38.0,14.0,3.0,46.0,13.0,46.0,33.0,4.0,10.0,10.0,30.0,10.0,15.0,14.0,18.0,7.0
2021-01-04,5.0,5.0,48.0,7.0,0.0,34.0,6.0,3.0,19.0,210,7.0,83.0,10.0,34.0,58.0,221.0,31.0,22.0,9.0,56.0,20.0,57.0,27.0,4.0,14.0,12.0,40.0,3.0,12.0,13.0,21.0,7.0
2021-01-05,7.0,7.0,57.0,5.0,3.0,26.0,3.0,1.0,19.0,194,10.0,66.0,18.0,47.0,59.0,229.0,15.0,13.0,6.0,46.0,11.0,35.0,33.0,7.0,22.0,16.0,37.0,3.0,20.0,11.0,31.0,8.0
2021-01-06,8.0,8.0,63.0,8.0,1.0,32.0,4.0,2.0,15.0,213,5.0,80.0,14.0,38.0,105.0,188.0,30.0,17.0,10.0,57.0,18.0,65.0,24.0,6.0,16.0,17.0,30.0,8.0,16.0,16.0,32.0,8.0
2021-01-07,8.0,8.0,51.0,11.0,1.0,21.0,2.0,10.0,10.0,179,5.0,79.0,12.0,41.0,85.0,205.0,25.0,12.0,7.0,44.0,10.0,55.0,27.0,6.0,24.0,16.0,28.0,11.0,17.0,18.0,27.0,5.0
2021-01-08,6.0,6.0,48.0,5.0,1.0,32.0,6.0,7.0,17.0,196,14.0,77.0,8.0,43.0,113.0,223.0,30.0,24.0,8.0,49.0,19.0,70.0,35.0,9.0,18.0,15.0,24.0,11.0,19.0,22.0,31.0,5.0
2021-01-09,6.0,6.0,43.0,4.0,0.0,37.0,4.0,3.0,15.0,198,9.0,91.0,9.0,41.0,108.0,202.0,25.0,14.0,5.0,44.0,14.0,64.0,34.0,6.0,27.0,14.0,29.0,7.0,19.0,17.0,29.0,10.0
2021-01-10,10.0,10.0,48.0,6.0,4.0,38.0,1.0,3.0,17.0,218,8.0,94.0,18.0,30.0,110.0,203.0,34.0,16.0,5.0,53.0,15.0,77.0,30.0,4.0,27.0,14.0,33.0,6.0,24.0,16.0,38.0,6.0
2021-01-11,16.0,16.0,37.0,8.0,1.0,41.0,2.0,2.0,19.0,238,9.0,104.0,14.0,53.0,90.0,238.0,34.0,26.0,11.0,50.0,16.0,69.0,22.0,9.0,31.0,19.0,38.0,14.0,22.0,21.0,38.0,8.0
2021-01-12,10.0,10.0,42.0,9.0,0.0,31.0,4.0,7.0,13.0,210,12.0,86.0,11.0,35.0,99.0,228.0,46.0,15.0,11.0,57.0,19.0,69.0,27.0,2.0,30.0,23.0,36.0,14.0,21.0,16.0,39.0,8.0
2021-01-13,8.0,8.0,47.0,4.0,3.0,24.0,5.0,3.0,23.0,202,9.0,91.0,19.0,46.0,93.0,228.0,43.0,24.0,5.0,68.0,19.0,55.0,21.0,7.0,31.0,11.0,39.0,12.0,23.0,25.0,41.0,5.0
2021-01-14,9.0,9.0,38.0,7.0,3.0,53.0,3.0,7.0,21.0,221,12.0,95.0,17.0,43.0,96.0,219.0,36.0,23.0,6.0,65.0,19.0,65.0,36.0,2.0,27.0,22.0,20.0,11.0,24.0,20.0,33.0,8.0
2021-01-15,12.0,12.0,46.0,12.0,2.0,30.0,4.0,3.0,18.0,223,6.0,84.0,18.0,53.0,109.0,235.0,42.0,21.0,17.0,56.0,11.0,72.0,28.0,5.0,29.0,17.0,28.0,12.0,32.0,18.0,45.0,7.0
2021-01-16,12.0,12.0,36.0,10.0,3.0,35.0,3.0,3.0,11.0,208,13.0,81.0,25.0,55.0,99.0,226.0,44.0,28.0,20.0,56.0,17.0,75.0,35.0,10.0,45.0,17.0,33.0,4.0,20.0,16.0,42.0,3.0
2021-01-17,15.0,15.0,35.0,5.0,3.0,35.0,5.0,4.0,10.0,228,15.0,121.0,14.0,48.0,125.0,243.0,40.0,23.0,10.0,79.0,22.0,78.0,30.0,8.0,36.0,23.0,47.0,8.0,26.0,12.0,40.0,1.0
2021-01-18,6.0,6.0,48.0,6.0,4.0,58.0,5.0,9.0,18.0,225,12.0,99.0,18.0,44.0,133.0,226.0,38.0,30.0,13.0,74.0,15.0,75.0,36.0,12.0,26.0,16.0,40.0,10.0,21.0,19.0,39.0,16.0
2021-01-19,15.0,15.0,40.0,13.0,2.0,39.0,11.0,12.0,20.0,253,11.0,94.0,24.0,40.0,117.0,253.0,45.0,25.0,12.0,78.0,22.0,76.0,34.0,4.0,39.0,21.0,37.0,9.0,22.0,12.0,49.0,8.0
2021-01-20,14.0,14.0,44.0,11.0,0.0,46.0,3.0,6.0,8.0,243,7.0,112.0,23.0,49.0,123.0,263.0,61.0,26.0,12.0,81.0,12.0,83.0,39.0,9.0,38.0,21.0,29.0,8.0,22.0,27.0,53.0,12.0
2021-01-21,10.0,10.0,48.0,7.0,3.0,29.0,5.0,7.0,13.0,223,9.0,90.0,20.0,45.0,116.0,240.0,61.0,32.0,12.0,83.0,25.0,89.0,32.0,8.0,43.0,23.0,29.0,15.0,20.0,21.0,59.0,9.0
2021-01-22,12.0,12.0,33.0,16.0,1.0,44.0,6.0,4.0,5.0,227,10.0,95.0,28.0,53.0,110.0,241.0,61.0,28.0,16.0,62.0,22.0,75.0,31.0,1.0,19.0,21.0,24.0,14.0,24.0,20.0,64.0,13.0
2021-01-23,11.0,11.0,24.0,5.0,3.0,31.0,3.0,6.0,13.0,223,12.0,110.0,17.0,49.0,111.0,257.0,49.0,33.0,19.0,52.0,27.0,82.0,33.0,3.0,28.0,22.0,23.0,8.0,21.0,20.0,38.0,9.0
2021-01-24,11.0,11.0,41.0,10.0,2.0,34.0,6.0,8.0,9.0,240,6.0,106.0,32.0,53.0,127.0,224.0,59.0,32.0,18.0,74.0,19.0,70.0,28.0,9.0,32.0,23.0,28.0,8.0,23.0,18.0,46.0,8.0
2021-01-25,18.0,18.0,36.0,7.0,0.0,52.0,4.0,4.0,18.0,261,8.0,100.0,21.0,46.0,109.0,231.0,54.0,41.0,20.0,86.0,27.0,68.0,30.0,11.0,38.0,31.0,25.0,8.0,22.0,17.0,60.0,9.0
2021-01-26,14.0,14.0,27.0,10.0,1.0,40.0,7.0,13.0,11.0,270,11.0,115.0,30.0,44.0,96.0,225.0,62.0,37.0,12.0,67.0,15.0,62.0,25.0,6.0,37.0,33.0,18.0,14.0,23.0,19.0,51.0,12.0
2021-01-27,12.0,12.0,33.0,4.0,2.0,23.0,5.0,8.0,17.0,212,15.0,105.0,29.0,45.0,106.0,211.0,59.0,25.0,17.0,68.0,21.0,75.0,24.0,5.0,34.0,17.0,27.0,10.0,17.0,22.0,50.0,12.0
2021-01-28,14.0,14.0,20.0,6.0,2.0,25.0,6.0,7.0,13.0,198,9.0,81.0,25.0,36.0,100.0,211.0,57.0,30.0,8.0,79.0,26.0,68.0,30.0,7.0,37.0,30.0,26.0,9.0,16.0,15.0,35.0,11.0
2021-01-29,14.0,14.0,35.0,14.0,4.0,33.0,6.0,7.0,14.0,200,11.0,73.0,22.0,36.0,122.0,224.0,48.0,28.0,15.0,42.0,13.0,70.0,34.0,8.0,28.0,29.0,23.0,7.0,23.0,10.0,34.0,8.0
2021-01-30,15.0,15.0,30.0,5.0,2.0,30.0,6.0,4.0,12.0,217,8.0,84.0,23.0,45.0,109.0,210.0,44.0,21.0,13.0,45.0,10.0,64.0,34.0,8.0,34.0,24.0,17.0,13.0,21.0,17.0,50.0,12.0
2021-01-31,8.0,8.0,23.0,6.0,2.0,17.0,2.0,4.0,12.0,206,11.0,81.0,28.0,39.0,84.0,223.0,45.0,18.0,11.0,55.0,14.0,55.0,31.0,6.0,32.0,30.0,23.0,10.0,17.0,13.0,56.0,9.0
2021-02-01,21.0,21.0,29.0,13.0,1.0,27.0,4.0,5.0,9.0,220,4.0,103.0,19.0,39.0,91.0,227.0,44.0,33.0,11.0,70.0,24.0,74.0,37.0,6.0,48.0,21.0,24.0,7.0,10.0,17.0,35.0,10.0
2021-02-02,16.0,16.0,30.0,8.0,2.0,33.0,5.0,2.0,16.0,189,4.0,76.0,23.0,47.0,100.0,211.0,55.0,19.0,20.0,56.0,24.0,67.0,29.0,10.0,34.0,16.0,33.0,10.0,25.0,14.0,59.0,8.0
2021-02-03,5.0,5.0,24.0,16.0,1.0,18.0,6.0,6.0,16.0,202,11.0,74.0,29.0,44.0,86.0,205.0,39.0,21.0,10.0,56.0,15.0,67.0,30.0,8.0,27.0,21.0,26.0,6.0,17.0,13.0,46.0,8.0
2021-02-04,17.0,17.0,17.0,10.0,4.0,25.0,9.0,3.0,11.0,156,10.0,79.0,19.0,34.0,83.0,173.0,46.0,26.0,14.0,58.0,15.0,58.0,27.0,2.0,29.0,10.0,29.0,6.0,28.0,26.0,47.0,8.0
2021-02-05,16.0,16.0,23.0,9.0,1.0,22.0,6.0,1.0,12.0,159,8.0,77.0,17.0,45.0,71.0,163.0,46.0,19.0,18.0,61.0,19.0,61.0,23.0,7.0,35.0,16.0,13.0,8.0,9.0,11.0,46.0,15.0
2021-02-06,17.0,17.0,23.0,11.0,4.0,30.0,8.0,2.0,15.0,161,2.0,74.0,15.0,38.0,64.0,167.0,40.0,21.0,13.0,46.0,19.0,67.0,26.0,9.0,32.0,18.0,15.0,2.0,17.0,13.0,51.0,14.0
2021-02-07,9.0,9.0,16.0,6.0,3.0,11.0,7.0,3.0,9.0,167,10.0,70.0,25.0,31.0,68.0,174.0,32.0,21.0,6.0,45.0,16.0,53.0,28.0,5.0,18.0,15.0,18.0,9.0,23.0,9.0,42.0,7.0
2021-02-08,8.0,8.0,22.0,7.0,0.0,14.0,4.0,5.0,15.0,167,11.0,63.0,24.0,41.0,85.0,185.0,56.0,24.0,13.0,44.0,14.0,55.0,13.0,12.0,29.0,22.0,16.0,12.0,18.0,17.0,43.0,15.0
2021-02-09,10.0,10.0,21.0,10.0,3.0,21.0,2.0,0.0,7.0,163,9.0,62.0,16.0,28.0,76.0,161.0,29.0,26.0,13.0,43.0,20.0,60.0,25.0,4.0,27.0,24.0,10.0,7.0,12.0,11.0,49.0,14.0
2021-02-10,16.0,16.0,23.0,5.0,5.0,18.0,6.0,2.0,8.0,142,7.0,61.0,10.0,38.0,71.0,128.0,32.0,15.0,12.0,31.0,14.0,61.0,23.0,12.0,19.0,15.0,17.0,8.0,12.0,14.0,40.0,11.0
2021-02-11,12.0,12.0,25.0,5.0,5.0,23.0,6.0,1.0,9.0,123,7.0,59.0,24.0,32.0,60.0,174.0,31.0,30.0,7.0,41.0,20.0,62.0,18.0,7.0,27.0,20.0,9.0,5.0,10.0,10.0,43.0,8.0
2021-02-12,4.0,4.0,19.0,7.0,0.0,17.0,8.0,2.0,14.0,135,8.0,58.0,23.0,27.0,66.0,152.0,20.0,22.0,4.0,35.0,13.0,53.0,20.0,6.0,24.0,18.0,22.0,2.0,10.0,7.0,39.0,13.0
2021-02-13,9.0,9.0,13.0,6.0,2.0,9.0,4.0,5.0,8.0,143,3.0,52.0,17.0,20.0,57.0,118.0,25.0,16.0,8.0,28.0,20.0,52.0,20.0,4.0,20.0,17.0,13.0,8.0,17.0,6.0,39.0,6.0
2021-02-14,9.0,9.0,12.0,7.0,1.0,17.0,6.0,2.0,9.0,144,8.0,39.0,19.0,25.0,50.0,134.0,36.0,17.0,6.0,27.0,16.0,46.0,19.0,4.0,21.0,18.0,13.0,9.0,10.0,11.0,33.0,10.0
2021-02-15,11.0,11.0,13.0,4.0,1.0,13.0,6.0,3.0,6.0,113,4.0,54.0,23.0,27.0,46.0,165.0,27.0,13.0,14.0,29.0,14.0,51.0,15.0,8.0,13.0,17.0,10.0,11.0,18.0,12.0,41.0,11.0
2021-02-16,8.0,8.0,18.0,6.0,4.0,17.0,4.0,3.0,8.0,154,6.0,35.0,22.0,22.0,55.0,125.0,27.0,19.0,9.0,41.0,12.0,53.0,10.0,4.0,23.0,12.0,14.0,3.0,11.0,12.0,30.0,8.0
2021-02-17,4.0,4.0,11.0,5.0,2.0,12.0,2.0,1.0,17.0,139,3.0,41.0,12.0,25.0,54.0,119.0,29.0,17.0,5.0,49.0,22.0,51.0,18.0,8.0,14.0,8.0,12.0,1.0,16.0,8.0,34.0,12.0
2021-02-18,10.0,10.0,13.0,5.0,4.0,9.0,12.0,1.0,12.0,107,7.0,38.0,14.0,18.0,54.0,111.0,18.0,17.0,5.0,31.0,15.0,49.0,17.0,4.0,14.0,20.0,9.0,2.0,16.0,8.0,28.0,11.0
2021-02-19,10.0,10.0,6.0,8.0,4.0,12.0,5.0,4.0,2.0,119,3.0,40.0,23.0,17.0,41.0,121.0,27.0,23.0,1.0,42.0,20.0,61.0,20.0,9.0,15.0,20.0,8.0,4.0,14.0,6.0,25.0,9.0
2021-02-20,9.0,9.0,12.0,6.0,2.0,5.0,0.0,1.0,4.0,106,5.0,27.0,13.0,22.0,37.0,126.0,23.0,18.0,3.0,27.0,14.0,43.0,9.0,7.0,20.0,9.0,10.0,4.0,8.0,6.0,27.0,11.0
2021-02-21,5.0,5.0,8.0,6.0,0.0,12.0,5.0,2.0,13.0,128,11.0,33.0,16.0,19.0,45.0,135.0,26.0,20.0,8.0,29.0,18.0,43.0,19.0,3.0,16.0,15.0,13.0,5.0,12.0,9.0,29.0,10.0
2021-02-22,8.0,8.0,15.0,4.0,2.0,16.0,5.0,1.0,11.0,131,6.0,45.0,19.0,21.0,44.0,120.0,27.0,13.0,3.0,32.0,21.0,42.0,21.0,6.0,21.0,8.0,10.0,7.0,11.0,10.0,31.0,12.0
2021-02-23,6.0,6.0,7.0,9.0,0.0,8.0,9.0,2.0,8.0,99,2.0,33.0,17.0,17.0,44.0,90.0,14.0,13.0,7.0,30.0,15.0,53.0,23.0,2.0,17.0,13.0,10.0,5.0,6.0,9.0,25.0,10.0
2021-02-24,5.0,5.0,10.0,2.0,1.0,10.0,7.0,0.0,8.0,117,6.0,30.0,18.0,14.0,36.0,99.0,19.0,17.0,10.0,25.0,11.0,37.0,12.0,2.0,17.0,17.0,7.0,5.0,5.0,7.0,33.0,8.0
2021-02-25,6.0,6.0,12.0,4.0,2.0,9.0,1.0,1.0,11.0,105,5.0,23.0,8.0,17.0,42.0,85.0,24.0,15.0,3.0,28.0,15.0,44.0,19.0,1.0,19.0,11.0,8.0,5.0,5.0,4.0,37.0,12.0
2021-02-26,4.0,4.0,8.0,3.0,2.0,9.0,3.0,0.0,15.0,105,5.0,22.0,14.0,16.0,31.0,96.0,13.0,21.0,6.0,26.0,15.0,43.0,19.0,3.0,9.0,17.0,7.0,6.0,5.0,8.0,23.0,15.0
2021-02-27,8.0,8.0,5.0,3.0,2.0,11.0,4.0,2.0,9.0,94,5.0,28.0,9.0,10.0,38.0,92.0,16.0,29.0,2.0,25.0,15.0,60.0,17.0,2.0,13.0,20.0,8.0,8.0,9.0,7.0,19.0,13.0
2021-02-28,8.0,8.0,7.0,3.0,2.0,9.0,5.0,3.0,9.0,118,3.0,30.0,18.0,23.0,28.0,96.0,18.0,22.0,4.0,30.0,12.0,43.0,11.0,4.0,19.0,8.0,10.0,5.0,8.0,7.0,20.0,9.0
2021-03-01,6.0,6.0,6.0,8.0,1.0,12.0,2.0,2.0,13.0,102,3.0,30.0,9.0,12.0,31.0,104.0,18.0,18.0,3.0,23.0,14.0,51.0,15.0,1.0,18.0,13.0,11.0,5.0,2.0,12.0,24.0,8.0
2021-03-02,1.0,1.0,9.0,4.0,2.0,4.0,4.0,3.0,8.0,107,6.0,40.0,9.0,11.0,25.0,89.0,25.0,21.0,4.0,15.0,10.0,51.0,15.0,2.0,11.0,14.0,8.0,5.0,11.0,6.0,28.0,11.0
2021-03-03,4.0,4.0,7.0,2.0,2.0,4.0,0.0,1.0,8.0,93,4.0,27.0,15.0,17.0,26.0,89.0,12.0,16.0,6.0,16.0,11.0,35.0,26.0,3.0,9.0,19.0,9.0,3.0,5.0,4.0,20.0,13.0
2021-03-04,6.0,6.0,7.0,0.0,0.0,10.0,3.0,2.0,16.0,105,4.0,20.0,15.0,11.0,29.0,96.0,25.0,11.0,2.0,8.0,10.0,47.0,9.0,0.0,7.0,10.0,4.0,5.0,4.0,9.0,17.0,16.0
2021-03-05,6.0,6.0,4.0,0.0,0.0,4.0,3.0,2.0,13.0,111,6.0,27.0,6.0,20.0,27.0,88.0,18.0,18.0,3.0,23.0,16.0,33.0,12.0,2.0,11.0,10.0,4.0,6.0,7.0,8.0,19.0,7.0
2021-03-06,6.0,6.0,5.0,2.0,1.0,8.0,2.0,1.0,8.0,89,2.0,28.0,12.0,5.0,22.0,91.0,22.0,19.0,3.0,12.0,15.0,35.0,17.0,4.0,13.0,5.0,1.0,9.0,4.0,6.0,23.0,14.0
2021-03-07,5.0,5.0,7.0,2.0,3.0,10.0,2.0,0.0,8.0,81,3.0,20.0,13.0,13.0,25.0,88.0,16.0,18.0,6.0,30.0,15.0,27.0,15.0,4.0,5.0,20.0,4.0,3.0,3.0,10.0,16.0,15.0
2021-03-08,5.0,5.0,8.0,1.0,3.0,4.0,1.0,1.0,8.0,104,3.0,12.0,16.0,14.0,28.0,90.0,22.0,21.0,6.0,16.0,18.0,34.0,20.0,2.0,12.0,10.0,6.0,8.0,7.0,5.0,16.0,13.0
2021-03-09,3.0,3.0,7.0,5.0,3.0,8.0,7.0,2.0,15.0,95,1.0,23.0,9.0,21.0,23.0,66.0,7.0,18.0,0.0,13.0,13.0,38.0,15.0,3.0,16.0,8.0,5.0,1.0,6.0,4.0,24.0,7.0
2021-03-10,6.0,6.0,7.0,3.0,3.0,4.0,3.0,2.0,10.0,98,1.0,22.0,10.0,7.0,34.0,103.0,22.0,17.0,5.0,14.0,13.0,55.0,17.0,2.0,13.0,13.0,3.0,3.0,3.0,3.0,27.0,8.0
2021-03-11,7.0,7.0,3.0,1.0,3.0,8.0,1.0,1.0,7.0,103,3.0,22.0,11.0,9.0,30.0,83.0,17.0,14.0,6.0,21.0,8.0,36.0,29.0,3.0,5.0,9.0,6.0,5.0,7.0,4.0,15.0,12.0
2021-03-12,3.0,3.0,2.0,3.0,1.0,5.0,3.0,3.0,11.0,67,6.0,17.0,15.0,7.0,25.0,59.0,13.0,14.0,3.0,10.0,15.0,28.0,27.0,3.0,12.0,12.0,4.0,5.0,5.0,3.0,15.0,12.0
2021-03-13,4.0,4.0,3.0,0.0,2.0,5.0,1.0,1.0,11.0,95,4.0,25.0,5.0,10.0,19.0,59.0,15.0,21.0,2.0,15.0,13.0,38.0,22.0,4.0,6.0,11.0,2.0,5.0,2.0,6.0,16.0,9.0
2021-03-14,3.0,3.0,6.0,3.0,0.0,3.0,2.0,0.0,11.0,93,5.0,26.0,9.0,16.0,20.0,79.0,17.0,22.0,4.0,17.0,13.0,35.0,12.0,1.0,12.0,10.0,2.0,4.0,7.0,3.0,19.0,9.0
2021-03-15,6.0,6.0,3.0,3.0,2.0,6.0,1.0,2.0,7.0,76,1.0,13.0,14.0,6.0,20.0,70.0,11.0,19.0,2.0,15.0,15.0,34.0,23.0,2.0,15.0,5.0,2.0,2.0,9.0,2.0,16.0,8.0
2021-03-16,1.0,1.0,2.0,4.0,3.0,7.0,2.0,2.0,12.0,67,2.0,16.0,11.0,13.0,22.0,70.0,15.0,15.0,3.0,15.0,9.0,32.0,11.0,4.0,5.0,13.0,1.0,3.0,4.0,5.0,16.0,4.0
2021-03-17,3.0,3.0,10.0,5.0,0.0,7.0,0.0,2.0,9.0,68,3.0,10.0,11.0,10.0,14.0,73.0,15.0,18.0,0.0,14.0,12.0,29.0,18.0,3.0,14.0,14.0,4.0,4.0,7.0,5.0,15.0,9.0
2021-03-18,1.0,1.0,10.0,2.0,2.0,3.0,0.0,0.0,11.0,51,10.0,12.0,13.0,6.0,14.0,67.0,11.0,24.0,3.0,17.0,13.0,33.0,10.0,2.0,10.0,9.0,6.0,1.0,3.0,6.0,12.0,12.0
2021-03-19,2.0,2.0,5.0,2.0,1.0,6.0,4.0,1.0,7.0,89,4.0,13.0,8.0,14.0,8.0,66.0,5.0,15.0,1.0,11.0,12.0,25.0,16.0,1.0,6.0,11.0,7.0,4.0,9.0,6.0,11.0,12.0
2021-03-20,4.0,4.0,4.0,1.0,1.0,4.0,2.0,0.0,10.0,63,3.0,12.0,8.0,14.0,21.0,56.0,7.0,15.0,0.0,9.0,13.0,22.0,11.0,4.0,9.0,9.0,4.0,3.0,8.0,5.0,16.0,6.0
2021-03-21,5.0,5.0,7.0,0.0,1.0,3.0,3.0,2.0,6.0,62,2.0,16.0,9.0,7.0,12.0,71.0,14.0,28.0,3.0,10.0,15.0,27.0,10.0,3.0,7.0,9.0,5.0,2.0,7.0,6.0,18.0,7.0
2021-03-22,4.0,4.0,3.0,5.0,2.0,4.0,1.0,3.0,12.0,66,6.0,11.0,2.0,4.0,13.0,74.0,21.0,9.0,1.0,6.0,13.0,17.0,12.0,0.0,4.0,13.0,3.0,10.0,7.0,4.0,23.0,8.0
2021-03-23,2.0,2.0,3.0,0.0,2.0,5.0,0.0,2.0,11.0,76,3.0,12.0,10.0,11.0,13.0,65.0,9.0,21.0,3.0,10.0,16.0,30.0,17.0,2.0,12.0,9.0,5.0,6.0,5.0,10.0,23.0,8.0
2021-03-24,1.0,1.0,3.0,3.0,1.0,1.0,0.0,0.0,2.0,77,2.0,11.0,7.0,7.0,15.0,60.0,20.0,19.0,2.0,11.0,6.0,31.0,10.0,4.0,7.0,5.0,6.0,5.0,4.0,3.0,11.0,8.0
2021-03-25,2.0,2.0,5.0,3.0,1.0,2.0,3.0,2.0,16.0,64,1.0,9.0,7.0,3.0,11.0,39.0,15.0,12.0,1.0,6.0,7.0,27.0,11.0,5.0,8.0,12.0,3.0,3.0,2.0,2.0,13.0,7.0
2021-03-26,3.0,3.0,2.0,2.0,2.0,2.0,1.0,3.0,6.0,44,4.0,9.0,6.0,5.0,12.0,56.0,8.0,12.0,2.0,10.0,7.0,27.0,8.0,4.0,6.0,8.0,4.0,5.0,3.0,4.0,10.0,10.0
2021-03-27,1.0,1.0,4.0,1.0,1.0,3.0,1.0,0.0,6.0,64,3.0,9.0,3.0,10.0,28.0,50.0,7.0,15.0,0.0,6.0,6.0,30.0,13.0,2.0,12.0,3.0,8.0,3.0,6.0,4.0,12.0,7.0
2021-03-28,2.0,2.0,0.0,1.0,0.0,3.0,1.0,1.0,12.0,67,3.0,16.0,9.0,9.0,19.0,64.0,11.0,14.0,0.0,7.0,7.0,34.0,8.0,3.0,7.0,10.0,8.0,5.0,7.0,5.0,9.0,9.0
2021-03-29,3.0,3.0,9.0,2.0,1.0,2.0,2.0,1.0,13.0,63,8.0,11.0,11.0,12.0,9.0,53.0,12.0,6.0,3.0,14.0,10.0,23.0,8.0,2.0,12.0,10.0,2.0,0.0,6.0,1.0,20.0,11.0
2021-03-30,2.0,2.0,1.0,2.0,1.0,5.0,0.0,2.0,16.0,53,5.0,10.0,10.0,4.0,12.0,53.0,12.0,11.0,1.0,6.0,13.0,36.0,12.0,6.0,7.0,7.0,10.0,3.0,3.0,1.0,8.0,8.0
2021-03-31,3.0,3.0,3.0,0.0,1.0,3.0,0.0,0.0,8.0,43,2.0,14.0,11.0,8.0,11.0,70.0,13.0,14.0,4.0,2.0,7.0,33.0,10.0,2.0,5.0,12.0,3.0,4.0,5.0,2.0,11.0,11.0
2021-04-01,8.0,8.0,4.0,0.0,2.0,2.0,0.0,1.0,11.0,53,1.0,11.0,4.0,6.0,13.0,60.0,10.0,17.0,2.0,2.0,6.0,34.0,5.0,2.0,4.0,6.0,4.0,4.0,5.0,2.0,9.0,11.0
2021-04-02,2.0,2.0,3.0,2.0,1.0,4.0,1.0,2.0,17.0,52,4.0,3.0,6.0,11.0,14.0,58.0,13.0,8.0,3.0,7.0,7.0,24.0,12.0,3.0,7.0,14.0,5.0,2.0,2.0,2.0,9.0,9.0
2021-04-03,2.0,2.0,4.0,4.0,1.0,3.0,2.0,1.0,16.0,58,4.0,11.0,3.0,13.0,16.0,47.0,12.0,17.0,0.0,7.0,8.0,27.0,6.0,3.0,4.0,7.0,4.0,3.0,4.0,1.0,11.0,4.0
2021-04-04,6.0,6.0,5.0,1.0,0.0,2.0,1.0,1.0,22.0,48,2.0,11.0,9.0,8.0,12.0,49.0,7.0,10.0,1.0,6.0,5.0,18.0,5.0,2.0,4.0,7.0,1.0,4.0,4.0,2.0,9.0,7.0
2021-04-05,3.0,3.0,5.0,6.0,2.0,6.0,1.0,2.0,14.0,40,3.0,11.0,10.0,10.0,13.0,49.0,12.0,9.0,0.0,7.0,6.0,32.0,11.0,6.0,3.0,11.0,7.0,7.0,3.0,4.0,8.0,13.0
2021-04-06,3.0,3.0,3.0,4.0,2.0,4.0,0.0,1.0,16.0,39,7.0,10.0,8.0,7.0,7.0,38.0,14.0,9.0,0.0,10.0,8.0,23.0,4.0,0.0,5.0,7.0,6.0,3.0,5.0,3.0,18.0,11.0
2021-04-07,4.0,4.0,3.0,0.0,1.0,2.0,1.0,1.0,14.0,50,2.0,14.0,3.0,9.0,21.0,60.0,6.0,11.0,1.0,4.0,5.0,32.0,7.0,4.0,4.0,7.0,6.0,6.0,5.0,3.0,17.0,9.0
2021-04-08,3.0,3.0,3.0,0.0,2.0,1.0,0.0,1.0,21.0,48,5.0,9.0,5.0,3.0,17.0,41.0,8.0,16.0,0.0,7.0,6.0,22.0,8.0,3.0,4.0,9.0,9.0,4.0,2.0,8.0,11.0,12.0
2021-04-09,4.0,4.0,6.0,3.0,3.0,3.0,1.0,6.0,18.0,39,4.0,9.0,3.0,3.0,12.0,48.0,5.0,10.0,0.0,7.0,9.0,19.0,7.0,4.0,9.0,7.0,3.0,4.0,5.0,5.0,14.0,11.0
2021-04-10,3.0,3.0,6.0,0.0,1.0,0.0,0.0,1.0,12.0,32,2.0,14.0,8.0,6.0,3.0,43.0,16.0,11.0,4.0,5.0,7.0,28.0,12.0,5.0,7.0,9.0,8.0,3.0,2.0,3.0,13.0,10.0
2021-04-11,3.0,3.0,3.0,2.0,2.0,0.0,1.0,2.0,16.0,44,2.0,10.0,9.0,6.0,7.0,44.0,7.0,21.0,2.0,8.0,3.0,14.0,8.0,5.0,4.0,16.0,6.0,0.0,3.0,3.0,9.0,9.0
2021-04-12,3.0,3.0,4.0,1.0,0.0,2.0,2.0,1.0,13.0,49,1.0,6.0,8.0,10.0,20.0,38.0,10.0,9.0,4.0,8.0,3.0,22.0,3.0,1.0,2.0,9.0,2.0,7.0,3.0,3.0,9.0,7.0
2021-04-13,5.0,5.0,4.0,3.0,2.0,3.0,2.0,2.0,18.0,43,4.0,8.0,13.0,5.0,14.0,49.0,9.0,10.0,1.0,6.0,3.0,20.0,7.0,8.0,5.0,12.0,7.0,5.0,7.0,4.0,11.0,6.0
2021-04-14,2.0,2.0,2.0,1.0,2.0,3.0,0.0,0.0,13.0,41,1.0,12.0,10.0,3.0,20.0,43.0,10.0,10.0,2.0,5.0,2.0,32.0,9.0,8.0,3.0,8.0,5.0,4.0,6.0,1.0,10.0,6.0
2021-04-15,9.0,9.0,6.0,3.0,1.0,4.0,0.0,1.0,23.0,38,1.0,8.0,6.0,15.0,8.0,46.0,10.0,9.0,1.0,12.0,4.0,16.0,9.0,3.0,6.0,9.0,4.0,3.0,4.0,4.0,7.0,10.0
2021-04-16,6.0,6.0,3.0,5.0,2.0,1.0,1.0,0.0,21.0,31,5.0,10.0,6.0,5.0,11.0,38.0,7.0,9.0,3.0,6.0,10.0,18.0,10.0,4.0,5.0,7.0,2.0,4.0,5.0,2.0,9.0,7.0
2021-04-17,5.0,5.0,3.0,6.0,0.0,2.0,0.0,1.0,18.0,43,3.0,5.0,8.0,11.0,12.0,42.0,7.0,6.0,1.0,4.0,11.0,20.0,7.0,1.0,4.0,8.0,4.0,4.0,11.0,3.0,8.0,4.0
2021-04-18,6.0,6.0,2.0,0.0,0.0,0.0,3.0,0.0,19.0,31,4.0,5.0,5.0,5.0,8.0,32.0,5.0,6.0,2.0,3.0,4.0,21.0,5.0,2.0,3.0,10.0,3.0,1.0,1.0,4.0,6.0,14.0
2021-04-19,5.0,5.0,5.0,1.0,5.0,1.0,2.0,1.0,19.0,31,5.0,2.0,8.0,9.0,11.0,38.0,7.0,5.0,1.0,4.0,8.0,19.0,6.0,3.0,5.0,7.0,5.0,1.0,2.0,0.0,8.0,7.0
2021-04-20,10.0,10.0,9.0,0.0,0.0,3.0,1.0,1.0,10.0,28,1.0,8.0,9.0,9.0,14.0,47.0,11.0,7.0,1.0,5.0,4.0,26.0,6.0,7.0,2.0,4.0,11.0,3.0,3.0,3.0,8.0,4.0
2021-04-21,3.0,3.0,4.0,3.0,1.0,3.0,0.0,1.0,12.0,36,3.0,7.0,7.0,8.0,11.0,38.0,7.0,7.0,2.0,3.0,5.0,14.0,4.0,3.0,4.0,5.0,6.0,5.0,5.0,5.0,12.0,7.0
2021-04-22,3.0,3.0,2.0,3.0,2.0,0.0,0.0,0.0,18.0,39,0.0,3.0,4.0,5.0,6.0,26.0,6.0,8.0,2.0,9.0,5.0,15.0,6.0,4.0,1.0,6.0,2.0,4.0,4.0,2.0,8.0,9.0
2021-04-23,1.0,1.0,5.0,3.0,0.0,5.0,0.0,2.0,12.0,30,2.0,3.0,6.0,7.0,10.0,22.0,5.0,11.0,2.0,6.0,11.0,26.0,4.0,5.0,2.0,3.0,5.0,2.0,3.0,0.0,6.0,9.0
2021-04-24,2.0,2.0,2.0,2.0,0.0,1.0,2.0,1.0,14.0,24,3.0,3.0,2.0,3.0,13.0,40.0,9.0,7.0,1.0,4.0,4.0,23.0,8.0,3.0,1.0,7.0,2.0,3.0,2.0,2.0,11.0,8.0
2021-04-25,5.0,5.0,4.0,1.0,0.0,0.0,2.0,0.0,10.0,24,1.0,7.0,7.0,7.0,9.0,34.0,9.0,12.0,0.0,6.0,6.0,11.0,5.0,2.0,2.0,5.0,4.0,4.0,6.0,1.0,11.0,4.0
2021-04-26,3.0,3.0,1.0,0.0,1.0,2.0,0.0,2.0,15.0,32,2.0,6.0,8.0,5.0,11.0,33.0,5.0,12.0,1.0,6.0,4.0,20.0,3.0,3.0,5.0,6.0,1.0,5.0,6.0,0.0,8.0,9.0
2021-04-27,4.0,4.0,3.0,5.0,0.0,0.0,2.0,0.0,15.0,23,3.0,4.0,2.0,7.0,9.0,28.0,8.0,7.0,1.0,1.0,6.0,19.0,8.0,3.0,5.0,9.0,4.0,5.0,3.0,2.0,9.0,3.0
2021-04-28,2.0,2.0,1.0,1.0,0.0,1.0,1.0,0.0,17.0,30,0.0,2.0,2.0,6.0,5.0,41.0,7.0,7.0,2.0,6.0,8.0,15.0,5.0,3.0,3.0,6.0,5.0,4.0,4.0,1.0,7.0,6.0
2021-04-29,3.0,3.0,1.0,2.0,2.0,5.0,0.0,0.0,16.0,24,2.0,4.0,4.0,7.0,9.0,21.0,15.0,6.0,1.0,11.0,1.0,22.0,6.0,4.0,3.0,4.0,1.0,3.0,7.0,4.0,12.0,9.0
2021-04-30,1.0,1.0,4.0,3.0,0.0,1.0,0.0,0.0,10.0,22,0.0,1.0,4.0,1.0,5.0,24.0,9.0,6.0,2.0,6.0,2.0,15.0,6.0,7.0,3.0,6.0,3.0,5.0,0.0,2.0,7.0,4.0
2021-05-01,5.0,5.0,3.0,0.0,1.0,1.0,0.0,0.0,9.0,24,1.0,1.0,9.0,6.0,5.0,25.0,3.0,11.0,1.0,7.0,9.0,21.0,0.0,5.0,3.0,3.0,5.0,3.0,2.0,0.0,6.0,7.0
2021-05-02,4.0,4.0,4.0,3.0,1.0,4.0,2.0,0.0,20.0,16,1.0,6.0,5.0,1.0,9.0,23.0,10.0,6.0,2.0,10.0,1.0,16.0,8.0,6.0,2.0,4.0,5.0,2.0,4.0,2.0,8.0,7.0
2021-05-03,1.0,1.0,3.0,2.0,3.0,2.0,0.0,1.0,11.0,22,3.0,5.0,6.0,5.0,8.0,16.0,6.0,11.0,0.0,6.0,4.0,15.0,3.0,4.0,1.0,2.0,4.0,4.0,4.0,1.0,10.0,6.0
2021-05-04,0.0,0.0,3.0,2.0,0.0,1.0,1.0,5.0,12.0,13,5.0,3.0,2.0,3.0,7.0,16.0,3.0,8.0,2.0,5.0,6.0,12.0,2.0,6.0,6.0,5.0,6.0,3.0,6.0,2.0,6.0,5.0
2021-05-05,4.0,4.0,4.0,0.0,1.0,0.0,0.0,3.0,11.0,17,5.0,1.0,3.0,3.0,13.0,20.0,9.0,5.0,2.0,6.0,6.0,15.0,1.0,5.0,4.0,11.0,3.0,4.0,3.0,1.0,4.0,11.0
2021-05-06,1.0,1.0,6.0,3.0,0.0,1.0,0.0,1.0,13.0,13,0.0,5.0,5.0,4.0,4.0,14.0,4.0,6.0,3.0,2.0,5.0,19.0,4.0,3.0,4.0,7.0,4.0,3.0,3.0,1.0,6.0,6.0
2021-05-07,1.0,1.0,6.0,0.0,0.0,1.0,1.0,1.0,14.0,17,0.0,1.0,2.0,3.0,4.0,13.0,9.0,3.0,4.0,5.0,4.0,6.0,7.0,3.0,2.0,5.0,2.0,3.0,4.0,2.0,5.0,5.0
2021-05-08,2.0,2.0,4.0,1.0,2.0,3.0,0.0,1.0,5.0,11,0.0,2.0,2.0,5.0,5.0,17.0,9.0,3.0,0.0,2.0,2.0,16.0,6.0,5.0,2.0,5.0,0.0,4.0,7.0,1.0,6.0,5.0
2021-05-09,4.0,4.0,4.0,0.0,3.0,3.0,0.0,2.0,8.0,19,1.0,4.0,5.0,1.0,7.0,21.0,8.0,9.0,3.0,4.0,4.0,10.0,8.0,4.0,1.0,6.0,0.0,2.0,2.0,2.0,1.0,4.0
2021-05-10,0.0,0.0,6.0,3.0,1.0,2.0,2.0,1.0,7.0,24,4.0,3.0,3.0,2.0,10.0,14.0,5.0,6.0,0.0,9.0,3.0,14.0,4.0,7.0,5.0,3.0,1.0,2.0,4.0,5.0,11.0,4.0
2021-05-11,0.0,0.0,3.0,3.0,1.0,1.0,0.0,0.0,10.0,7,2.0,3.0,4.0,6.0,1.0,16.0,7.0,2.0,2.0,5.0,2.0,14.0,5.0,12.0,0.0,2.0,3.0,2.0,3.0,1.0,7.0,4.0
2021-05-12,5.0,5.0,3.0,3.0,0.0,2.0,0.0,0.0,10.0,18,1.0,3.0,3.0,3.0,6.0,22.0,4.0,9.0,0.0,2.0,3.0,10.0,0.0,6.0,3.0,7.0,1.0,1.0,4.0,0.0,4.0,5.0
2021-05-13,1.0,1.0,2.0,2.0,2.0,2.0,0.0,0.0,7.0,9,5.0,3.0,3.0,1.0,5.0,15.0,3.0,3.0,1.0,2.0,1.0,8.0,3.0,5.0,3.0,5.0,1.0,3.0,5.0,3.0,4.0,4.0
2021-05-14,1.0,1.0,3.0,2.0,0.0,1.0,1.0,1.0,8.0,17,2.0,2.0,2.0,5.0,6.0,20.0,4.0,4.0,1.0,3.0,4.0,8.0,7.0,4.0,0.0,3.0,1.0,1.0,6.0,1.0,6.0,7.0
2021-05-15,0.0,0.0,2.0,1.0,1.0,2.0,1.0,3.0,7.0,12,2.0,1.0,2.0,2.0,2.0,11.0,5.0,2.0,2.0,7.0,2.0,10.0,4.0,3.0,0.0,3.0,5.0,4.0,5.0,0.0,3.0,5.0
2021-05-16,2.0,2.0,3.0,3.0,2.0,0.0,0.0,1.0,6.0,13,3.0,2.0,3.0,0.0,2.0,14.0,4.0,6.0,0.0,6.0,3.0,6.0,1.0,7.0,3.0,7.0,1.0,5.0,12.0,0.0,4.0,5.0
2021-05-17,0.0,0.0,9.0,3.0,2.0,1.0,2.0,0.0,6.0,11,1.0,4.0,5.0,2.0,14.0,15.0,5.0,5.0,0.0,11.0,2.0,10.0,1.0,3.0,4.0,4.0,3.0,3.0,4.0,2.0,0.0,1.0
2021-05-18,1.0,1.0,5.0,6.0,1.0,0.0,1.0,1.0,5.0,17,3.0,2.0,2.0,4.0,6.0,15.0,2.0,5.0,0.0,6.0,1.0,9.0,4.0,7.0,1.0,2.0,2.0,5.0,6.0,1.0,3.0,10.0
2021-05-19,1.0,1.0,4.0,3.0,1.0,2.0,0.0,2.0,8.0,9,0.0,3.0,2.0,2.0,4.0,15.0,2.0,3.0,1.0,6.0,4.0,6.0,1.0,7.0,1.0,4.0,4.0,5.0,6.0,0.0,4.0,6.0
2021-05-20,2.0,2.0,1.0,2.0,0.0,1.0,0.0,1.0,4.0,7,1.0,2.0,4.0,3.0,5.0,12.0,1.0,3.0,1.0,5.0,3.0,8.0,0.0,4.0,2.0,4.0,3.0,4.0,7.0,0.0,7.0,5.0
2021-05-21,0.0,0.0,2.0,1.0,1.0,1.0,1.0,1.0,5.0,8,1.0,0.0,4.0,2.0,3.0,15.0,3.0,2.0,1.0,4.0,7.0,7.0,1.0,8.0,2.0,3.0,0.0,2.0,9.0,0.0,3.0,6.0
2021-05-22,2.0,2.0,2.0,4.0,0.0,0.0,0.0,0.0,5.0,11,0.0,2.0,0.0,0.0,0.0,9.0,2.0,0.0,0.0,7.0,1.0,4.0,0.0,6.0,1.0,6.0,2.0,4.0,8.0,0.0,2.0,7.0
2021-05-23,4.0,4.0,9.0,7.0,1.0,1.0,1.0,0.0,9.0,7,0.0,0.0,1.0,1.0,1.0,9.0,6.0,3.0,0.0,6.0,3.0,5.0,4.0,15.0,2.0,4.0,2.0,3.0,7.0,1.0,5.0,7.0
2021-05-24,1.0,1.0,1.0,0.0,1.0,3.0,3.0,2.0,7.0,11,0.0,1.0,4.0,2.0,3.0,13.0,5.0,1.0,2.0,5.0,1.0,10.0,0.0,5.0,0.0,3.0,4.0,4.0,10.0,1.0,7.0,5.0
2021-05-25,1.0,1.0,2.0,2.0,0.0,3.0,0.0,1.0,8.0,10,0.0,2.0,3.0,3.0,6.0,14.0,5.0,0.0,3.0,7.0,2.0,7.0,0.0,8.0,0.0,2.0,3.0,0.0,8.0,0.0,5.0,5.0
2021-05-26,2.0,2.0,2.0,3.0,2.0,0.0,0.0,0.0,4.0,6,0.0,1.0,3.0,1.0,7.0,12.0,3.0,0.0,2.0,1.0,2.0,10.0,0.0,8.0,3.0,1.0,2.0,4.0,10.0,0.0,3.0,6.0
2021-05-27,0.0,0.0,3.0,2.0,0.0,2.0,0.0,0.0,2.0,9,0.0,2.0,1.0,1.0,5.0,16.0,4.0,4.0,0.0,4.0,3.0,8.0,2.0,3.0,3.0,1.0,0.0,3.0,12.0,1.0,7.0,8.0
2021-05-28,0.0,0.0,4.0,1.0,0.0,0.0,1.0,1.0,5.0,6,1.0,1.0,3.0,2.0,3.0,16.0,4.0,3.0,4.0,1.0,3.0,3.0,2.0,9.0,2.0,4.0,1.0,2.0,7.0,0.0,6.0,6.0
2021-05-29,0.0,0.0,5.0,2.0,0.0,1.0,1.0,0.0,7.0,5,3.0,2.0,5.0,1.0,3.0,13.0,1.0,3.0,1.0,3.0,2.0,11.0,0.0,2.0,3.0,4.0,1.0,4.0,3.0,0.0,6.0,4.0
2021-05-30,1.0,1.0,4.0,1.0,0.0,1.0,1.0,0.0,4.0,4,0.0,2.0,5.0,2.0,4.0,10.0,5.0,2.0,0.0,4.0,3.0,8.0,0.0,9.0,1.0,5.0,2.0,1.0,2.0,0.0,7.0,6.0
2021-05-31,0.0,0.0,2.0,0.0,2.0,2.0,0.0,1.0,5.0,6,1.0,4.0,6.0,1.0,5.0,8.0,3.0,1.0,1.0,4.0,0.0,6.0,2.0,13.0,1.0,3.0,5.0,4.0,6.0,0.0,9.0,7.0
2021-06-01,1.0,1.0,3.0,4.0,2.0,1.0,0.0,0.0,4.0,6,4.0,1.0,1.0,2.0,1.0,7.0,3.0,2.0,1.0,2.0,3.0,7.0,2.0,9.0,2.0,3.0,2.0,5.0,7.0,0.0,7.0,5.0
2021-06-02,2.0,2.0,3.0,1.0,0.0,2.0,0.0,1.0,2.0,3,3.0,1.0,2.0,1.0,6.0,11.0,2.0,3.0,2.0,5.0,0.0,6.0,2.0,4.0,2.0,1.0,4.0,3.0,4.0,1.0,8.0,7.0
2021-06-03,2.0,2.0,1.0,4.0,0.0,0.0,1.0,0.0,6.0,7,0.0,0.0,1.0,2.0,2.0,4.0,2.0,1.0,0.0,2.0,0.0,6.0,1.0,4.0,0.0,3.0,3.0,0.0,8.0,1.0,6.0,2.0
2021-06-04,4.0,4.0,1.0,1.0,0.0,1.0,0.0,0.0,6.0,6,1.0,0.0,2.0,3.0,3.0,5.0,5.0,0.0,3.0,5.0,0.0,7.0,1.0,8.0,1.0,5.0,1.0,2.0,5.0,0.0,3.0,9.0
2021-06-05,1.0,1.0,6.0,2.0,2.0,1.0,1.0,0.0,4.0,5,0.0,1.0,2.0,0.0,1.0,9.0,3.0,1.0,2.0,0.0,2.0,5.0,1.0,9.0,2.0,8.0,6.0,2.0,8.0,2.0,5.0,13.0
2021-06-06,0.0,0.0,1.0,2.0,4.0,0.0,1.0,0.0,5.0,5,0.0,2.0,1.0,1.0,2.0,7.0,2.0,3.0,2.0,4.0,3.0,4.0,0.0,7.0,0.0,4.0,5.0,4.0,7.0,1.0,2.0,10.0
2021-06-07,1.0,1.0,1.0,0.0,3.0,1.0,1.0,0.0,4.0,4,2.0,0.0,4.0,3.0,4.0,6.0,3.0,3.0,0.0,7.0,4.0,6.0,0.0,11.0,1.0,5.0,3.0,5.0,8.0,0.0,7.0,7.0
2021-06-08,1.0,1.0,3.0,0.0,0.0,1.0,0.0,0.0,6.0,13,3.0,1.0,1.0,2.0,3.0,7.0,2.0,1.0,0.0,1.0,3.0,6.0,1.0,6.0,0.0,9.0,6.0,1.0,10.0,0.0,5.0,15.0
2021-06-09,0.0,0.0,5.0,4.0,3.0,0.0,0.0,0.0,5.0,5,1.0,0.0,3.0,0.0,4.0,10.0,1.0,1.0,2.0,9.0,0.0,1.0,1.0,12.0,1.0,2.0,2.0,3.0,4.0,1.0,5.0,11.0
2021-06-10,0.0,0.0,5.0,2.0,4.0,0.0,0.0,0.0,2.0,3,0.0,1.0,1.0,3.0,3.0,9.0,2.0,2.0,0.0,6.0,4.0,0.0,4.0,7.0,0.0,1.0,2.0,2.0,6.0,0.0,7.0,12.0
2021-06-11,1.0,1.0,4.0,6.0,0.0,4.0,1.0,0.0,4.0,8,2.0,2.0,2.0,2.0,1.0,11.0,1.0,2.0,2.0,3.0,2.0,6.0,1.0,11.0,1.0,4.0,3.0,4.0,8.0,0.0,9.0,12.0
2021-06-12,1.0,1.0,1.0,4.0,0.0,0.0,1.0,0.0,4.0,6,0.0,1.0,3.0,2.0,5.0,7.0,4.0,1.0,0.0,2.0,2.0,5.0,2.0,7.0,0.0,2.0,1.0,7.0,7.0,0.0,3.0,1.0
2021-06-13,2.0,2.0,3.0,2.0,4.0,1.0,0.0,1.0,1.0,3,1.0,0.0,2.0,1.0,3.0,7.0,4.0,3.0,0.0,2.0,1.0,7.0,1.0,7.0,1.0,3.0,4.0,5.0,4.0,0.0,2.0,10.0
2021-06-14,1.0,1.0,2.0,6.0,3.0,0.0,1.0,1.0,5.0,10,0.0,1.0,6.0,0.0,0.0,7.0,3.0,3.0,1.0,3.0,2.0,4.0,1.0,9.0,0.0,3.0,4.0,2.0,11.0,0.0,4.0,11.0
2021-06-15,3.0,3.0,2.0,2.0,0.0,0.0,1.0,1.0,3.0,6,2.0,2.0,3.0,2.0,3.0,6.0,1.0,0.0,3.0,3.0,2.0,9.0,0.0,6.0,0.0,3.0,10.0,2.0,6.0,0.0,4.0,18.0
2021-06-16,0.0,0.0,4.0,6.0,2.0,1.0,0.0,2.0,4.0,11,0.0,0.0,3.0,3.0,1.0,7.0,2.0,0.0,3.0,6.0,0.0,7.0,0.0,7.0,2.0,3.0,5.0,2.0,7.0,0.0,7.0,8.0
2021-06-17,0.0,0.0,6.0,6.0,3.0,1.0,0.0,1.0,1.0,12,1.0,1.0,0.0,1.0,2.0,8.0,1.0,1.0,1.0,5.0,0.0,5.0,0.0,11.0,0.0,3.0,1.0,6.0,9.0,0.0,4.0,17.0
2021-06-18,0.0,0.0,3.0,6.0,4.0,2.0,0.0,2.0,7.0,6,1.0,1.0,0.0,0.0,3.0,13.0,3.0,1.0,0.0,1.0,1.0,9.0,0.0,10.0,1.0,3.0,1.0,3.0,9.0,0.0,4.0,8.0
2021-06-19,0.0,0.0,1.0,4.0,3.0,0.0,0.0,0.0,6.0,3,0.0,1.0,0.0,1.0,1.0,8.0,3.0,0.0,1.0,1.0,6.0,3.0,0.0,10.0,1.0,4.0,3.0,4.0,9.0,1.0,2.0,19.0
2021-06-20,1.0,1.0,3.0,6.0,5.0,3.0,0.0,1.0,2.0,5,1.0,0.0,3.0,1.0,8.0,6.0,1.0,1.0,1.0,0.0,2.0,3.0,0.0,16.0,0.0,8.0,4.0,4.0,10.0,0.0,11.0,18.0
2021-06-21,0.0,0.0,3.0,14.0,5.0,0.0,0.0,5.0,1.0,9,1.0,0.0,0.0,0.0,0.0,6.0,4.0,0.0,0.0,3.0,2.0,5.0,0.0,4.0,2.0,11.0,1.0,5.0,7.0,0.0,7.0,24.0
2021-06-22,0.0,0.0,4.0,4.0,3.0,0.0,2.0,0.0,3.0,11,0.0,0.0,1.0,3.0,3.0,8.0,1.0,1.0,0.0,3.0,3.0,5.0,0.0,10.0,0.0,4.0,4.0,3.0,8.0,0.0,3.0,20.0
2021-06-23,0.0,0.0,7.0,6.0,5.0,1.0,2.0,1.0,3.0,12,0.0,0.0,1.0,2.0,3.0,5.0,0.0,0.0,1.0,3.0,2.0,1.0,2.0,7.0,1.0,6.0,5.0,4.0,10.0,0.0,8.0,8.0
2021-06-24,0.0,0.0,3.0,8.0,1.0,4.0,1.0,2.0,2.0,5,0.0,1.0,2.0,0.0,3.0,11.0,6.0,0.0,2.0,2.0,2.0,1.0,1.0,11.0,0.0,4.0,2.0,7.0,8.0,0.0,4.0,8.0
2021-06-25,1.0,1.0,4.0,11.0,5.0,2.0,1.0,0.0,2.0,4,0.0,1.0,0.0,1.0,0.0,12.0,0.0,1.0,0.0,3.0,4.0,2.0,0.0,13.0,1.0,5.0,8.0,3.0,9.0,0.0,6.0,15.0
2021-06-26,1.0,1.0,1.0,10.0,4.0,1.0,2.0,0.0,3.0,10,1.0,0.0,5.0,1.0,4.0,5.0,1.0,2.0,0.0,4.0,2.0,7.0,0.0,5.0,4.0,7.0,5.0,7.0,5.0,0.0,3.0,17.0
2021-06-27,0.0,0.0,3.0,15.0,8.0,4.0,1.0,0.0,0.0,13,2.0,0.0,2.0,1.0,2.0,9.0,0.0,1.0,0.0,3.0,1.0,2.0,0.0,7.0,1.0,8.0,2.0,8.0,4.0,0.0,7.0,17.0
2021-06-28,0.0,0.0,4.0,12.0,6.0,1.0,3.0,2.0,1.0,6,0.0,2.0,1.0,0.0,4.0,9.0,5.0,1.0,0.0,3.0,3.0,2.0,1.0,7.0,1.0,13.0,3.0,4.0,13.0,0.0,10.0,17.0
2021-06-29,0.0,0.0,4.0,17.0,4.0,0.0,0.0,0.0,1.0,8,0.0,2.0,0.0,0.0,4.0,9.0,0.0,1.0,0.0,4.0,5.0,5.0,0.0,7.0,0.0,5.0,7.0,5.0,16.0,0.0,10.0,17.0
2021-06-30,0.0,0.0,0.0,13.0,3.0,1.0,0.0,3.0,3.0,16,1.0,0.0,1.0,1.0,2.0,8.0,4.0,0.0,3.0,3.0,5.0,2.0,0.0,7.0,2.0,10.0,4.0,8.0,10.0,0.0,8.0,18.0
2021-07-01,0.0,0.0,3.0,14.0,4.0,2.0,0.0,3.0,0.0,19,1.0,0.0,0.0,1.0,8.0,11.0,6.0,2.0,1.0,4.0,4.0,3.0,0.0,3.0,1.0,6.0,11.0,3.0,9.0,1.0,15.0,15.0
2021-07-02,0.0,0.0,2.0,18.0,1.0,2.0,1.0,1.0,4.0,9,0.0,1.0,2.0,0.0,2.0,9.0,0.0,0.0,0.0,3.0,3.0,1.0,0.0,14.0,2.0,15.0,12.0,6.0,6.0,0.0,14.0,14.0
2021-07-03,0.0,0.0,0.0,14.0,4.0,3.0,0.0,1.0,3.0,11,0.0,0.0,1.0,3.0,2.0,10.0,2.0,1.0,5.0,0.0,1.0,2.0,0.0,4.0,0.0,11.0,5.0,4.0,9.0,0.0,13.0,16.0
2021-07-04,0.0,0.0,3.0,12.0,8.0,2.0,1.0,2.0,1.0,23,2.0,0.0,3.0,4.0,8.0,10.0,0.0,2.0,1.0,0.0,1.0,7.0,0.0,11.0,0.0,11.0,7.0,7.0,7.0,0.0,9.0,17.0
2021-07-05,1.0,1.0,8.0,19.0,3.0,0.0,0.0,3.0,0.0,21,0.0,0.0,0.0,1.0,6.0,14.0,2.0,0.0,1.0,5.0,6.0,1.0,0.0,15.0,1.0,7.0,5.0,3.0,9.0,0.0,13.0,11.0
2021-07-06,0.0,0.0,5.0,21.0,7.0,0.0,0.0,3.0,2.0,19,0.0,1.0,3.0,1.0,12.0,16.0,0.0,1.0,0.0,5.0,2.0,3.0,2.0,8.0,4.0,17.0,5.0,5.0,14.0,0.0,10.0,15.0
2021-07-07,0.0,0.0,2.0,13.0,5.0,1.0,1.0,2.0,1.0,22,1.0,0.0,3.0,2.0,9.0,18.0,2.0,1.0,1.0,4.0,5.0,5.0,0.0,7.0,0.0,16.0,2.0,10.0,13.0,0.0,10.0,14.0
2021-07-08,1.0,1.0,5.0,17.0,3.0,0.0,0.0,1.0,1.0,14,0.0,0.0,3.0,2.0,12.0,12.0,5.0,1.0,1.0,8.0,1.0,0.0,1.0,12.0,1.0,24.0,3.0,3.0,7.0,0.0,15.0,11.0
2021-07-09,0.0,0.0,5.0,12.0,5.0,1.0,0.0,0.0,1.0,23,0.0,2.0,2.0,1.0,9.0,5.0,3.0,0.0,2.0,7.0,2.0,4.0,1.0,4.0,1.0,19.0,8.0,3.0,6.0,1.0,12.0,18.0
2021-07-10,0.0,0.0,0.0,12.0,5.0,1.0,2.0,1.0,2.0,29,1.0,1.0,3.0,4.0,7.0,15.0,4.0,0.0,0.0,4.0,4.0,4.0,1.0,6.0,2.0,19.0,5.0,7.0,8.0,0.0,14.0,12.0
2021-07-11,1.0,1.0,2.0,17.0,7.0,0.0,2.0,2.0,0.0,22,2.0,2.0,6.0,3.0,10.0,19.0,6.0,0.0,2.0,6.0,6.0,1.0,0.0,9.0,4.0,13.0,7.0,0.0,9.0,1.0,12.0,16.0
2021-07-12,1.0,1.0,3.0,12.0,5.0,1.0,0.0,4.0,1.0,31,2.0,2.0,7.0,1.0,10.0,23.0,2.0,1.0,4.0,8.0,8.0,5.0,2.0,9.0,0.0,31.0,10.0,4.0,10.0,0.0,15.0,15.0
2021-07-13,0.0,0.0,0.0,17.0,3.0,1.0,0.0,3.0,3.0,22,2.0,1.0,4.0,4.0,11.0,17.0,0.0,2.0,2.0,6.0,1.0,4.0,4.0,6.0,1.0,18.0,9.0,4.0,7.0,0.0,15.0,14.0
2021-07-14,0.0,0.0,2.0,10.0,2.0,2.0,0.0,1.0,4.0,31,0.0,1.0,6.0,3.0,13.0,31.0,3.0,0.0,3.0,6.0,4.0,7.0,1.0,8.0,3.0,33.0,7.0,4.0,9.0,0.0,16.0,15.0
2021-07-15,1.0,1.0,1.0,14.0,2.0,3.0,1.0,3.0,0.0,32,1.0,1.0,7.0,3.0,13.0,30.0,7.0,1.0,6.0,7.0,6.0,3.0,4.0,6.0,1.0,19.0,4.0,5.0,8.0,1.0,13.0,25.0
2021-07-16,1.0,1.0,3.0,15.0,13.0,1.0,1.0,3.0,3.0,25,0.0,2.0,8.0,10.0,18.0,17.0,2.0,1.0,6.0,6.0,2.0,7.0,1.0,7.0,2.0,36.0,3.0,6.0,8.0,1.0,14.0,16.0
2021-07-17,0.0,0.0,4.0,12.0,4.0,0.0,0.0,0.0,3.0,31,0.0,2.0,11.0,6.0,15.0,41.0,5.0,0.0,8.0,9.0,8.0,5.0,0.0,10.0,3.0,19.0,6.0,5.0,7.0,1.0,21.0,16.0
2021-07-18,2.0,2.0,5.0,13.0,7.0,2.0,3.0,4.0,0.0,34,0.0,1.0,8.0,4.0,19.0,32.0,7.0,1.0,5.0,14.0,6.0,3.0,3.0,13.0,2.0,28.0,6.0,3.0,8.0,0.0,17.0,18.0
2021-07-19,0.0,0.0,9.0,15.0,1.0,2.0,2.0,2.0,2.0,36,1.0,3.0,14.0,4.0,13.0,38.0,11.0,2.0,8.0,10.0,8.0,2.0,3.0,18.0,5.0,42.0,9.0,5.0,5.0,1.0,24.0,17.0
2021-07-20,0.0,0.0,4.0,15.0,5.0,1.0,2.0,1.0,2.0,43,3.0,3.0,19.0,8.0,25.0,48.0,2.0,1.0,11.0,16.0,9.0,3.0,4.0,11.0,1.0,27.0,12.0,10.0,4.0,1.0,25.0,13.0
2021-07-21,2.0,2.0,6.0,20.0,4.0,1.0,4.0,4.0,3.0,45,4.0,2.0,15.0,5.0,26.0,42.0,7.0,0.0,9.0,18.0,7.0,9.0,2.0,11.0,3.0,40.0,10.0,11.0,8.0,0.0,13.0,17.0
2021-07-22,0.0,0.0,3.0,11.0,5.0,2.0,3.0,5.0,3.0,39,1.0,2.0,8.0,6.0,19.0,46.0,5.0,0.0,7.0,12.0,10.0,7.0,1.0,13.0,2.0,48.0,11.0,2.0,2.0,0.0,24.0,11.0
2021-07-23,1.0,1.0,1.0,21.0,3.0,1.0,2.0,4.0,3.0,40,1.0,2.0,27.0,4.0,26.0,45.0,13.0,2.0,8.0,13.0,11.0,8.0,4.0,12.0,2.0,43.0,13.0,6.0,5.0,0.0,37.0,17.0
2021-07-24,2.0,2.0,6.0,10.0,4.0,2.0,1.0,6.0,3.0,39,2.0,8.0,26.0,9.0,21.0,45.0,8.0,0.0,5.0,11.0,11.0,4.0,3.0,11.0,5.0,38.0,7.0,4.0,10.0,2.0,31.0,7.0
2021-07-25,1.0,1.0,7.0,5.0,5.0,2.0,2.0,5.0,4.0,53,2.0,3.0,17.0,4.0,22.0,50.0,12.0,1.0,9.0,20.0,12.0,7.0,5.0,17.0,4.0,46.0,16.0,8.0,8.0,1.0,38.0,10.0
2021-07-26,0.0,0.0,6.0,13.0,3.0,3.0,4.0,6.0,3.0,47,3.0,7.0,16.0,13.0,44.0,60.0,12.0,2.0,16.0,23.0,17.0,16.0,9.0,10.0,2.0,50.0,11.0,6.0,5.0,0.0,35.0,14.0
2021-07-27,0.0,0.0,5.0,18.0,5.0,5.0,1.0,0.0,5.0,50,4.0,2.0,28.0,6.0,35.0,56.0,10.0,1.0,14.0,20.0,13.0,13.0,5.0,15.0,5.0,45.0,13.0,7.0,12.0,1.0,49.0,13.0
2021-07-28,1.0,1.0,6.0,13.0,7.0,7.0,2.0,5.0,3.0,54,2.0,5.0,27.0,11.0,33.0,61.0,17.0,3.0,16.0,23.0,16.0,8.0,5.0,9.0,6.0,47.0,11.0,8.0,10.0,0.0,50.0,11.0
2021-07-29,2.0,2.0,2.0,10.0,6.0,4.0,3.0,5.0,2.0,65,2.0,6.0,22.0,13.0,43.0,60.0,13.0,2.0,6.0,20.0,13.0,14.0,5.0,7.0,6.0,46.0,15.0,6.0,7.0,1.0,40.0,18.0
2021-07-30,2.0,2.0,6.0,8.0,8.0,7.0,3.0,8.0,2.0,55,2.0,5.0,23.0,12.0,55.0,71.0,8.0,6.0,15.0,19.0,15.0,8.0,10.0,15.0,11.0,45.0,19.0,10.0,14.0,1.0,43.0,18.0
2021-07-31,0.0,0.0,4.0,10.0,8.0,4.0,9.0,9.0,2.0,70,2.0,7.0,37.0,10.0,54.0,69.0,16.0,4.0,12.0,29.0,9.0,11.0,6.0,10.0,7.0,37.0,20.0,4.0,7.0,1.0,49.0,16.0
2021-08-01,0.0,0.0,11.0,7.0,4.0,4.0,3.0,7.0,4.0,64,7.0,6.0,24.0,9.0,46.0,71.0,28.0,4.0,19.0,31.0,16.0,15.0,13.0,20.0,6.0,51.0,18.0,11.0,11.0,5.0,40.0,15.0
2021-08-02,4.0,4.0,6.0,12.0,5.0,7.0,7.0,14.0,2.0,83,3.0,6.0,24.0,11.0,74.0,85.0,16.0,5.0,15.0,34.0,11.0,22.0,15.0,8.0,12.0,49.0,21.0,9.0,14.0,2.0,49.0,15.0
2021-08-03,1.0,1.0,1.0,7.0,5.0,8.0,5.0,11.0,1.0,60,5.0,6.0,33.0,12.0,59.0,83.0,17.0,5.0,27.0,46.0,16.0,16.0,5.0,13.0,13.0,39.0,11.0,4.0,17.0,1.0,41.0,13.0
2021-08-04,2.0,2.0,4.0,2.0,2.0,5.0,8.0,11.0,4.0,70,5.0,9.0,45.0,20.0,63.0,76.0,17.0,4.0,12.0,20.0,13.0,18.0,6.0,7.0,7.0,43.0,23.0,6.0,12.0,1.0,56.0,16.0
2021-08-05,1.0,1.0,4.0,11.0,10.0,9.0,7.0,8.0,3.0,65,14.0,13.0,34.0,12.0,58.0,92.0,19.0,3.0,11.0,33.0,20.0,16.0,5.0,18.0,13.0,47.0,15.0,10.0,12.0,0.0,54.0,13.0
2021-08-06,2.0,2.0,9.0,15.0,6.0,2.0,6.0,6.0,6.0,65,4.0,12.0,36.0,17.0,46.0,78.0,16.0,6.0,16.0,42.0,21.0,19.0,9.0,17.0,14.0,35.0,16.0,10.0,16.0,0.0,62.0,12.0
2021-08-07,6.0,6.0,3.0,7.0,10.0,10.0,8.0,6.0,4.0,59,5.0,14.0,33.0,20.0,49.0,92.0,14.0,6.0,15.0,41.0,11.0,25.0,5.0,16.0,9.0,44.0,19.0,16.0,10.0,0.0,67.0,14.0
2021-08-08,3.0,3.0,3.0,7.0,8.0,2.0,11.0,3.0,4.0,76,5.0,9.0,27.0,18.0,67.0,92.0,16.0,4.0,15.0,31.0,19.0,29.0,14.0,14.0,9.0,41.0,18.0,13.0,17.0,2.0,60.0,13.0
2021-08-09,3.0,3.0,6.0,11.0,11.0,6.0,15.0,3.0,8.0,64,3.0,12.0,37.0,19.0,59.0,102.0,17.0,5.0,16.0,50.0,26.0,27.0,12.0,16.0,13.0,57.0,25.0,17.0,15.0,3.0,63.0,22.0
2021-08-10,2.0,2.0,6.0,12.0,5.0,13.0,16.0,8.0,10.0,80,2.0,11.0,24.0,15.0,62.0,93.0,27.0,8.0,26.0,44.0,17.0,28.0,9.0,12.0,13.0,47.0,16.0,7.0,18.0,5.0,66.0,15.0
2021-08-11,5.0,5.0,5.0,9.0,5.0,13.0,8.0,3.0,5.0,78,6.0,14.0,29.0,20.0,67.0,100.0,24.0,7.0,21.0,49.0,20.0,20.0,11.0,16.0,13.0,34.0,21.0,11.0,15.0,0.0,67.0,14.0
2021-08-12,5.0,5.0,3.0,8.0,8.0,12.0,14.0,6.0,4.0,61,6.0,9.0,26.0,20.0,65.0,89.0,27.0,3.0,17.0,47.0,22.0,40.0,10.0,13.0,13.0,43.0,16.0,16.0,24.0,3.0,71.0,12.0
2021-08-13,5.0,5.0,11.0,6.0,8.0,9.0,8.0,10.0,3.0,81,8.0,14.0,29.0,15.0,63.0,83.0,35.0,9.0,15.0,45.0,18.0,34.0,14.0,15.0,19.0,26.0,15.0,9.0,15.0,4.0,67.0,13.0
2021-08-14,4.0,4.0,4.0,9.0,11.0,13.0,12.0,9.0,2.0,80,5.0,15.0,24.0,33.0,62.0,96.0,21.0,8.0,8.0,42.0,19.0,49.0,13.0,10.0,14.0,40.0,24.0,13.0,15.0,4.0,70.0,12.0
2021-08-15,1.0,1.0,4.0,4.0,4.0,12.0,14.0,12.0,4.0,73,14.0,11.0,31.0,25.0,68.0,92.0,29.0,10.0,23.0,42.0,28.0,43.0,8.0,18.0,23.0,38.0,9.0,11.0,25.0,1.0,75.0,16.0
2021-08-16,5.0,5.0,11.0,9.0,5.0,11.0,13.0,9.0,6.0,73,8.0,17.0,28.0,20.0,80.0,104.0,30.0,15.0,17.0,58.0,21.0,45.0,14.0,19.0,13.0,31.0,22.0,16.0,18.0,5.0,76.0,14.0
2021-08-17,5.0,5.0,6.0,5.0,9.0,5.0,17.0,12.0,3.0,72,11.0,15.0,21.0,26.0,54.0,89.0,27.0,18.0,22.0,52.0,27.0,43.0,10.0,7.0,18.0,31.0,19.0,14.0,16.0,5.0,79.0,12.0
2021-08-18,4.0,4.0,6.0,6.0,8.0,13.0,13.0,17.0,4.0,69,11.0,19.0,31.0,24.0,88.0,121.0,27.0,16.0,15.0,63.0,21.0,41.0,11.0,18.0,24.0,25.0,22.0,30.0,25.0,2.0,83.0,18.0
2021-08-19,3.0,3.0,5.0,3.0,4.0,11.0,15.0,12.0,1.0,55,11.0,14.0,29.0,21.0,61.0,98.0,27.0,15.0,19.0,59.0,26.0,35.0,14.0,12.0,19.0,27.0,21.0,15.0,18.0,5.0,99.0,19.0
2021-08-20,5.0,5.0,9.0,4.0,5.0,9.0,15.0,11.0,1.0,66,12.0,12.0,30.0,17.0,70.0,96.0,22.0,13.0,19.0,55.0,32.0,41.0,10.0,12.0,22.0,22.0,21.0,15.0,26.0,5.0,77.0,10.0
2021-08-21,2.0,2.0,8.0,4.0,15.0,15.0,20.0,8.0,5.0,54,12.0,15.0,25.0,23.0,87.0,85.0,40.0,6.0,13.0,52.0,19.0,46.0,13.0,22.0,35.0,33.0,20.0,17.0,25.0,5.0,76.0,9.0
2021-08-22,6.0,6.0,9.0,5.0,2.0,8.0,14.0,12.0,1.0,64,8.0,18.0,29.0,20.0,77.0,78.0,26.0,11.0,14.0,44.0,29.0,48.0,23.0,10.0,18.0,23.0,16.0,17.0,18.0,2.0,69.0,15.0
2021-08-23,2.0,2.0,6.0,7.0,14.0,9.0,13.0,12.0,4.0,79,11.0,20.0,30.0,25.0,59.0,110.0,32.0,12.0,15.0,71.0,27.0,39.0,10.0,17.0,29.0,38.0,26.0,20.0,21.0,6.0,86.0,14.0
2021-08-24,11.0,11.0,5.0,6.0,11.0,8.0,19.0,9.0,5.0,65,5.0,23.0,26.0,18.0,74.0,96.0,37.0,13.0,22.0,56.0,18.0,53.0,12.0,11.0,24.0,18.0,22.0,24.0,18.0,3.0,86.0,16.0
2021-08-25,5.0,5.0,10.0,8.0,8.0,7.0,16.0,9.0,5.0,52,11.0,18.0,25.0,30.0,55.0,87.0,32.0,12.0,12.0,64.0,24.0,52.0,13.0,5.0,17.0,22.0,23.0,13.0,21.0,6.0,80.0,7.0
2021-08-26,8.0,8.0,9.0,6.0,15.0,12.0,16.0,6.0,2.0,65,7.0,23.0,30.0,21.0,63.0,95.0,36.0,7.0,13.0,53.0,26.0,41.0,14.0,9.0,14.0,24.0,24.0,11.0,18.0,16.0,92.0,15.0
2021-08-27,5.0,5.0,10.0,5.0,7.0,12.0,15.0,6.0,1.0,46,7.0,19.0,21.0,18.0,71.0,77.0,28.0,10.0,13.0,48.0,20.0,45.0,9.0,11.0,26.0,26.0,25.0,18.0,15.0,5.0,92.0,24.0
2021-08-28,8.0,8.0,8.0,6.0,11.0,10.0,16.0,9.0,8.0,55,6.0,21.0,19.0,26.0,51.0,84.0,32.0,8.0,8.0,46.0,21.0,54.0,15.0,11.0,16.0,13.0,23.0,22.0,15.0,4.0,100.0,8.0
2021-08-29,11.0,11.0,9.0,1.0,9.0,14.0,12.0,5.0,2.0,55,7.0,23.0,27.0,21.0,57.0,88.0,26.0,15.0,14.0,47.0,15.0,66.0,16.0,11.0,29.0,19.0,26.0,19.0,18.0,7.0,75.0,16.0
2021-08-30,5.0,5.0,11.0,4.0,6.0,20.0,13.0,7.0,4.0,55,12.0,15.0,22.0,22.0,63.0,94.0,28.0,4.0,7.0,48.0,27.0,44.0,9.0,13.0,19.0,15.0,23.0,18.0,16.0,13.0,86.0,16.0
2021-08-31,13.0,13.0,15.0,4.0,7.0,14.0,13.0,8.0,5.0,56,7.0,14.0,20.0,21.0,62.0,75.0,31.0,12.0,13.0,69.0,15.0,59.0,13.0,12.0,31.0,20.0,18.0,14.0,28.0,7.0,67.0,15.0
2021-09-01,5.0,5.0,9.0,4.0,12.0,15.0,9.0,5.0,2.0,56,11.0,13.0,15.0,29.0,75.0,70.0,40.0,8.0,8.0,39.0,19.0,50.0,13.0,15.0,17.0,10.0,22.0,14.0,21.0,5.0,70.0,13.0
2021-09-02,3.0,3.0,10.0,6.0,9.0,16.0,13.0,4.0,3.0,60,6.0,17.0,18.0,21.0,49.0,72.0,21.0,11.0,21.0,49.0,18.0,48.0,10.0,16.0,24.0,11.0,17.0,10.0,22.0,5.0,71.0,13.0
2021-09-03,2.0,2.0,10.0,4.0,11.0,9.0,15.0,5.0,4.0,41,4.0,27.0,21.0,26.0,52.0,79.0,28.0,15.0,13.0,42.0,13.0,59.0,12.0,11.0,26.0,22.0,24.0,11.0,18.0,6.0,59.0,15.0
2021-09-04,2.0,2.0,9.0,1.0,12.0,24.0,13.0,4.0,3.0,47,10.0,23.0,14.0,19.0,58.0,64.0,21.0,10.0,9.0,34.0,14.0,34.0,18.0,14.0,20.0,16.0,14.0,23.0,17.0,9.0,67.0,20.0
2021-09-05,6.0,6.0,8.0,3.0,11.0,13.0,12.0,10.0,3.0,53,13.0,24.0,13.0,24.0,59.0,57.0,18.0,10.0,11.0,58.0,13.0,44.0,13.0,12.0,28.0,15.0,14.0,23.0,25.0,2.0,63.0,18.0
2021-09-06,6.0,6.0,5.0,5.0,2.0,14.0,7.0,12.0,4.0,48,13.0,27.0,13.0,26.0,54.0,79.0,32.0,13.0,6.0,48.0,27.0,43.0,10.0,9.0,15.0,14.0,18.0,22.0,21.0,4.0,65.0,25.0
2021-09-07,2.0,2.0,11.0,3.0,13.0,4.0,13.0,11.0,7.0,51,8.0,23.0,11.0,35.0,46.0,52.0,30.0,13.0,13.0,54.0,11.0,47.0,11.0,12.0,17.0,22.0,19.0,17.0,26.0,3.0,61.0,19.0
2021-09-08,6.0,6.0,15.0,2.0,9.0,6.0,14.0,4.0,4.0,54,4.0,25.0,14.0,12.0,47.0,58.0,20.0,11.0,3.0,39.0,20.0,58.0,8.0,10.0,19.0,12.0,19.0,12.0,17.0,8.0,60.0,14.0
2021-09-09,13.0,13.0,10.0,5.0,13.0,12.0,17.0,3.0,7.0,53,3.0,26.0,15.0,8.0,56.0,40.0,31.0,16.0,17.0,45.0,13.0,59.0,22.0,4.0,15.0,8.0,11.0,14.0,15.0,6.0,54.0,17.0
2021-09-10,8.0,8.0,9.0,4.0,7.0,10.0,9.0,5.0,8.0,43,5.0,18.0,13.0,26.0,45.0,62.0,25.0,6.0,7.0,38.0,18.0,50.0,14.0,6.0,16.0,18.0,17.0,21.0,19.0,5.0,66.0,14.0
2021-09-11,6.0,6.0,4.0,2.0,10.0,9.0,7.0,8.0,5.0,36,9.0,17.0,10.0,20.0,57.0,47.0,19.0,12.0,9.0,33.0,15.0,49.0,14.0,5.0,10.0,16.0,13.0,21.0,16.0,3.0,54.0,18.0
2021-09-12,2.0,2.0,6.0,2.0,10.0,10.0,9.0,7.0,2.0,42,5.0,16.0,12.0,16.0,41.0,60.0,29.0,8.0,9.0,33.0,17.0,48.0,23.0,7.0,8.0,14.0,19.0,17.0,22.0,7.0,68.0,21.0
2021-09-13,4.0,4.0,8.0,7.0,4.0,12.0,4.0,7.0,4.0,57,7.0,27.0,15.0,14.0,51.0,53.0,29.0,13.0,6.0,29.0,18.0,49.0,13.0,6.0,17.0,17.0,12.0,18.0,14.0,5.0,57.0,16.0
2021-09-14,7.0,7.0,8.0,1.0,9.0,15.0,7.0,8.0,3.0,41,4.0,34.0,5.0,22.0,48.0,45.0,26.0,6.0,8.0,45.0,11.0,35.0,11.0,9.0,14.0,6.0,14.0,20.0,18.0,7.0,53.0,14.0
2021-09-15,5.0,5.0,7.0,2.0,11.0,7.0,8.0,3.0,5.0,40,8.0,26.0,13.0,20.0,53.0,35.0,25.0,10.0,9.0,23.0,20.0,45.0,12.0,10.0,15.0,7.0,13.0,21.0,16.0,4.0,51.0,13.0
2021-09-16,5.0,5.0,13.0,0.0,13.0,7.0,12.0,4.0,5.0,38,2.0,27.0,10.0,16.0,37.0,50.0,28.0,17.0,10.0,24.0,10.0,41.0,13.0,14.0,9.0,8.0,8.0,22.0,17.0,6.0,57.0,18.0
2021-09-17,6.0,6.0,16.0,3.0,2.0,12.0,13.0,10.0,9.0,35,9.0,19.0,3.0,13.0,43.0,45.0,28.0,14.0,6.0,41.0,12.0,45.0,12.0,8.0,16.0,9.0,22.0,15.0,18.0,5.0,41.0,13.0
2021-09-18,6.0,6.0,12.0,2.0,9.0,8.0,7.0,3.0,5.0,25,5.0,18.0,6.0,10.0,39.0,53.0,21.0,13.0,7.0,35.0,18.0,43.0,13.0,6.0,5.0,10.0,16.0,16.0,9.0,4.0,42.0,25.0
2021-09-19,3.0,3.0,6.0,4.0,11.0,5.0,6.0,8.0,4.0,25,5.0,24.0,14.0,17.0,31.0,40.0,19.0,17.0,5.0,30.0,7.0,41.0,15.0,6.0,12.0,10.0,11.0,10.0,19.0,7.0,48.0,9.0
2021-09-20,8.0,8.0,10.0,2.0,6.0,17.0,11.0,5.0,3.0,33,4.0,25.0,9.0,14.0,40.0,58.0,27.0,15.0,7.0,34.0,12.0,60.0,10.0,1.0,14.0,6.0,18.0,13.0,9.0,4.0,40.0,19.0
2021-09-21,5.0,5.0,19.0,3.0,8.0,10.0,8.0,5.0,4.0,29,11.0,25.0,6.0,20.0,45.0,56.0,28.0,8.0,5.0,40.0,10.0,34.0,15.0,4.0,12.0,8.0,14.0,20.0,18.0,6.0,46.0,19.0
2021-09-22,4.0,4.0,10.0,2.0,3.0,18.0,9.0,8.0,4.0,30,4.0,21.0,7.0,16.0,31.0,40.0,19.0,6.0,6.0,20.0,14.0,31.0,10.0,3.0,10.0,8.0,25.0,20.0,27.0,6.0,38.0,16.0
2021-09-23,4.0,4.0,12.0,2.0,10.0,11.0,3.0,7.0,5.0,27,3.0,26.0,5.0,15.0,39.0,37.0,16.0,8.0,6.0,22.0,12.0,34.0,7.0,1.0,14.0,7.0,17.0,13.0,15.0,2.0,38.0,13.0
2021-09-24,6.0,6.0,9.0,2.0,6.0,10.0,7.0,4.0,3.0,28,5.0,18.0,8.0,8.0,38.0,43.0,17.0,12.0,6.0,26.0,11.0,38.0,8.0,3.0,6.0,11.0,16.0,12.0,22.0,8.0,46.0,16.0
2021-09-25,9.0,9.0,13.0,1.0,8.0,8.0,9.0,3.0,2.0,33,5.0,21.0,9.0,9.0,38.0,34.0,12.0,9.0,4.0,20.0,9.0,44.0,9.0,5.0,5.0,4.0,8.0,17.0,12.0,3.0,37.0,11.0
2021-09-26,2.0,2.0,12.0,1.0,8.0,8.0,2.0,6.0,3.0,25,1.0,23.0,7.0,20.0,27.0,33.0,22.0,5.0,7.0,26.0,18.0,27.0,14.0,4.0,11.0,3.0,10.0,18.0,17.0,6.0,39.0,13.0
2021-09-27,4.0,4.0,20.0,2.0,3.0,8.0,3.0,7.0,5.0,38,4.0,26.0,13.0,12.0,32.0,38.0,19.0,5.0,4.0,28.0,9.0,27.0,14.0,3.0,11.0,3.0,18.0,16.0,13.0,2.0,31.0,9.0
2021-09-28,6.0,6.0,20.0,1.0,4.0,7.0,11.0,6.0,7.0,16,6.0,27.0,2.0,9.0,37.0,41.0,13.0,5.0,4.0,24.0,13.0,42.0,14.0,1.0,8.0,12.0,12.0,16.0,13.0,4.0,40.0,14.0
2021-09-29,5.0,5.0,10.0,0.0,6.0,5.0,6.0,3.0,3.0,17,3.0,26.0,6.0,6.0,33.0,42.0,32.0,4.0,6.0,24.0,11.0,29.0,6.0,2.0,6.0,13.0,17.0,11.0,12.0,4.0,36.0,16.0
2021-09-30,8.0,8.0,10.0,1.0,4.0,12.0,7.0,4.0,5.0,18,3.0,20.0,1.0,9.0,31.0,35.0,14.0,3.0,3.0,20.0,13.0,39.0,9.0,2.0,10.0,10.0,15.0,12.0,6.0,5.0,22.0,14.0
2021-10-01,2.0,2.0,8.0,0.0,5.0,10.0,5.0,6.0,7.0,30,3.0,21.0,5.0,14.0,25.0,29.0,23.0,5.0,3.0,26.0,11.0,32.0,9.0,3.0,10.0,7.0,9.0,10.0,15.0,3.0,36.0,12.0
2021-10-02,3.0,3.0,9.0,4.0,5.0,9.0,5.0,1.0,6.0,20,4.0,18.0,4.0,10.0,28.0,37.0,21.0,8.0,5.0,20.0,6.0,27.0,11.0,2.0,8.0,2.0,8.0,13.0,12.0,2.0,26.0,12.0
2021-10-03,5.0,5.0,12.0,4.0,5.0,7.0,2.0,2.0,4.0,25,2.0,20.0,5.0,11.0,27.0,41.0,17.0,12.0,3.0,17.0,11.0,32.0,11.0,2.0,2.0,7.0,6.0,16.0,9.0,4.0,19.0,15.0
2021-10-04,3.0,3.0,6.0,3.0,8.0,11.0,8.0,5.0,5.0,25,5.0,15.0,7.0,7.0,33.0,40.0,12.0,15.0,3.0,21.0,11.0,34.0,7.0,3.0,4.0,6.0,12.0,10.0,14.0,4.0,27.0,17.0
2021-10-05,6.0,6.0,11.0,1.0,5.0,8.0,1.0,3.0,8.0,22,1.0,25.0,7.0,8.0,30.0,22.0,16.0,7.0,8.0,18.0,12.0,18.0,8.0,4.0,8.0,6.0,8.0,10.0,10.0,4.0,24.0,15.0
2021-10-06,3.0,3.0,12.0,1.0,2.0,8.0,5.0,2.0,3.0,16,4.0,17.0,3.0,6.0,36.0,29.0,18.0,2.0,4.0,14.0,4.0,22.0,11.0,5.0,8.0,7.0,6.0,10.0,8.0,2.0,24.0,9.0
2021-10-07,11.0,11.0,12.0,2.0,6.0,6.0,2.0,6.0,8.0,15,2.0,15.0,5.0,9.0,21.0,21.0,20.0,7.0,1.0,22.0,12.0,19.0,5.0,0.0,7.0,6.0,8.0,14.0,8.0,3.0,19.0,16.0
2021-10-08,2.0,2.0,11.0,2.0,7.0,10.0,7.0,1.0,9.0,23,4.0,17.0,7.0,6.0,34.0,26.0,13.0,7.0,5.0,15.0,14.0,32.0,4.0,1.0,4.0,6.0,6.0,22.0,5.0,3.0,28.0,8.0
2021-10-09,6.0,6.0,13.0,3.0,4.0,10.0,2.0,2.0,3.0,17,1.0,14.0,6.0,12.0,32.0,28.0,18.0,5.0,3.0,5.0,3.0,22.0,11.0,4.0,2.0,6.0,7.0,8.0,8.0,0.0,17.0,14.0
2021-10-10,1.0,1.0,16.0,7.0,4.0,9.0,1.0,1.0,7.0,13,6.0,18.0,2.0,6.0,27.0,25.0,16.0,4.0,6.0,16.0,6.0,16.0,7.0,0.0,3.0,4.0,14.0,8.0,8.0,2.0,19.0,11.0
2021-10-11,4.0,4.0,12.0,1.0,4.0,13.0,4.0,3.0,9.0,23,2.0,13.0,4.0,9.0,24.0,21.0,6.0,6.0,8.0,20.0,12.0,22.0,11.0,6.0,5.0,7.0,12.0,11.0,9.0,1.0,16.0,11.0
2021-10-12,4.0,4.0,11.0,4.0,0.0,10.0,5.0,2.0,5.0,20,5.0,23.0,6.0,5.0,24.0,27.0,12.0,9.0,2.0,15.0,9.0,23.0,6.0,1.0,6.0,4.0,4.0,9.0,12.0,3.0,10.0,12.0
2021-10-13,4.0,4.0,19.0,0.0,4.0,13.0,2.0,0.0,9.0,11,5.0,23.0,9.0,2.0,25.0,27.0,11.0,4.0,2.0,13.0,9.0,18.0,11.0,5.0,6.0,4.0,6.0,10.0,5.0,3.0,14.0,16.0
2021-10-14,4.0,4.0,18.0,2.0,1.0,10.0,2.0,1.0,3.0,12,4.0,21.0,4.0,8.0,23.0,21.0,11.0,2.0,6.0,8.0,8.0,15.0,8.0,3.0,3.0,4.0,4.0,16.0,12.0,3.0,9.0,14.0
2021-10-15,3.0,3.0,9.0,0.0,6.0,4.0,4.0,1.0,6.0,20,1.0,14.0,7.0,5.0,30.0,19.0,9.0,1.0,2.0,17.0,12.0,26.0,4.0,3.0,5.0,8.0,6.0,5.0,6.0,5.0,21.0,9.0
2021-10-16,2.0,2.0,12.0,0.0,4.0,8.0,3.0,2.0,4.0,18,2.0,17.0,4.0,6.0,26.0,21.0,13.0,10.0,5.0,13.0,6.0,18.0,11.0,0.0,5.0,7.0,6.0,6.0,7.0,0.0,21.0,11.0
2021-10-17,4.0,4.0,9.0,1.0,6.0,10.0,3.0,2.0,3.0,10,0.0,16.0,6.0,5.0,18.0,22.0,6.0,6.0,2.0,13.0,2.0,19.0,7.0,1.0,5.0,2.0,11.0,7.0,9.0,2.0,8.0,15.0
2021-10-18,5.0,5.0,6.0,0.0,2.0,4.0,1.0,2.0,3.0,8,1.0,16.0,2.0,2.0,27.0,21.0,16.0,6.0,4.0,8.0,3.0,18.0,7.0,2.0,5.0,12.0,5.0,14.0,5.0,3.0,15.0,7.0
2021-10-19,2.0,2.0,15.0,1.0,5.0,5.0,1.0,0.0,2.0,13,0.0,24.0,6.0,8.0,18.0,17.0,15.0,5.0,0.0,14.0,4.0,11.0,2.0,1.0,4.0,5.0,10.0,7.0,5.0,3.0,15.0,5.0
2021-10-20,4.0,4.0,14.0,0.0,0.0,3.0,1.0,3.0,5.0,15,2.0,17.0,2.0,3.0,16.0,24.0,9.0,7.0,3.0,16.0,8.0,12.0,2.0,2.0,8.0,3.0,9.0,6.0,9.0,1.0,16.0,13.0
2021-10-21,5.0,5.0,13.0,1.0,2.0,3.0,1.0,0.0,4.0,17,2.0,18.0,2.0,5.0,26.0,17.0,16.0,4.0,3.0,11.0,5.0,17.0,4.0,0.0,3.0,4.0,8.0,7.0,11.0,1.0,6.0,7.0
2021-10-22,1.0,1.0,20.0,1.0,2.0,7.0,1.0,0.0,4.0,10,6.0,22.0,2.0,6.0,19.0,11.0,9.0,3.0,2.0,16.0,1.0,17.0,2.0,2.0,2.0,6.0,10.0,8.0,9.0,1.0,7.0,4.0
2021-10-23,6.0,6.0,14.0,2.0,0.0,8.0,5.0,0.0,4.0,5,4.0,18.0,8.0,8.0,20.0,10.0,7.0,2.0,1.0,9.0,8.0,16.0,3.0,2.0,7.0,4.0,6.0,8.0,6.0,2.0,12.0,5.0
2021-10-24,4.0,4.0,16.0,0.0,4.0,10.0,1.0,0.0,5.0,18,4.0,15.0,4.0,4.0,11.0,18.0,8.0,2.0,3.0,1.0,8.0,13.0,4.0,2.0,4.0,2.0,6.0,5.0,7.0,1.0,12.0,4.0
2021-10-25,2.0,2.0,14.0,1.0,3.0,6.0,3.0,3.0,5.0,13,5.0,9.0,2.0,4.0,18.0,15.0,6.0,2.0,0.0,10.0,4.0,15.0,6.0,4.0,5.0,4.0,4.0,10.0,9.0,4.0,7.0,9.0
2021-10-26,3.0,3.0,17.0,0.0,2.0,0.0,1.0,2.0,5.0,7,3.0,16.0,3.0,5.0,14.0,14.0,3.0,8.0,3.0,10.0,2.0,11.0,7.0,4.0,7.0,4.0,9.0,4.0,6.0,1.0,7.0,4.0
2021-10-27,6.0,6.0,9.0,0.0,2.0,6.0,3.0,0.0,10.0,5,0.0,19.0,2.0,6.0,14.0,12.0,5.0,3.0,1.0,3.0,7.0,9.0,7.0,3.0,1.0,4.0,7.0,11.0,3.0,2.0,15.0,5.0
2021-10-28,4.0,4.0,25.0,1.0,2.0,8.0,1.0,1.0,15.0,6,4.0,15.0,1.0,1.0,17.0,15.0,8.0,4.0,3.0,8.0,2.0,12.0,3.0,0.0,0.0,4.0,3.0,3.0,6.0,3.0,5.0,5.0
2021-10-29,2.0,2.0,21.0,0.0,0.0,5.0,2.0,0.0,9.0,13,5.0,21.0,4.0,4.0,16.0,10.0,9.0,1.0,2.0,7.0,4.0,17.0,8.0,1.0,2.0,7.0,7.0,4.0,2.0,0.0,10.0,8.0
2021-10-30,1.0,1.0,20.0,1.0,2.0,3.0,1.0,1.0,3.0,9,1.0,30.0,2.0,2.0,14.0,15.0,4.0,2.0,0.0,8.0,5.0,5.0,8.0,1.0,3.0,3.0,10.0,2.0,4.0,1.0,5.0,7.0
2021-10-31,3.0,3.0,6.0,0.0,2.0,7.0,3.0,0.0,4.0,7,6.0,23.0,4.0,3.0,7.0,11.0,7.0,1.0,1.0,4.0,3.0,4.0,4.0,4.0,5.0,1.0,3.0,5.0,0.0,2.0,11.0,6.0
2021-11-01,4.0,4.0,15.0,0.0,2.0,7.0,2.0,2.0,5.0,14,2.0,13.0,3.0,2.0,16.0,7.0,6.0,6.0,4.0,6.0,6.0,5.0,5.0,1.0,4.0,7.0,11.0,2.0,7.0,2.0,8.0,13.0
2021-11-02,5.0,5.0,23.0,1.0,3.0,6.0,0.0,0.0,9.0,6,1.0,12.0,3.0,1.0,17.0,13.0,5.0,4.0,0.0,10.0,3.0,7.0,1.0,0.0,2.0,3.0,7.0,7.0,3.0,1.0,6.0,4.0
2021-11-03,6.0,6.0,18.0,0.0,1.0,5.0,3.0,0.0,10.0,5,0.0,22.0,6.0,2.0,9.0,14.0,0.0,4.0,4.0,7.0,5.0,13.0,4.0,1.0,5.0,2.0,14.0,5.0,6.0,0.0,8.0,4.0
2021-11-04,3.0,3.0,27.0,0.0,0.0,3.0,1.0,0.0,6.0,6,0.0,13.0,4.0,2.0,9.0,7.0,1.0,3.0,3.0,4.0,6.0,11.0,3.0,0.0,2.0,5.0,6.0,2.0,5.0,0.0,7.0,7.0
2021-11-05,0.0,0.0,11.0,0.0,3.0,3.0,2.0,0.0,5.0,15,3.0,14.0,6.0,3.0,15.0,10.0,6.0,1.0,2.0,7.0,3.0,6.0,1.0,3.0,2.0,5.0,2.0,2.0,5.0,2.0,4.0,8.0
2021-11-06,2.0,2.0,11.0,2.0,0.0,6.0,3.0,0.0,10.0,3,3.0,13.0,4.0,1.0,8.0,12.0,1.0,4.0,1.0,7.0,1.0,8.0,4.0,2.0,1.0,2.0,9.0,3.0,3.0,2.0,6.0,8.0
2021-11-07,0.0,0.0,19.0,0.0,0.0,6.0,1.0,0.0,6.0,7,1.0,20.0,2.0,5.0,11.0,12.0,8.0,2.0,1.0,6.0,2.0,5.0,1.0,0.0,5.0,3.0,9.0,1.0,5.0,0.0,3.0,0.0
2021-11-08,4.0,4.0,32.0,0.0,1.0,8.0,0.0,0.0,8.0,10,2.0,16.0,2.0,2.0,8.0,21.0,3.0,3.0,1.0,5.0,6.0,4.0,1.0,1.0,6.0,2.0,12.0,5.0,2.0,2.0,5.0,3.0
2021-11-09,2.0,2.0,25.0,0.0,0.0,7.0,2.0,0.0,6.0,10,3.0,13.0,1.0,1.0,6.0,8.0,3.0,3.0,3.0,7.0,1.0,3.0,1.0,2.0,4.0,4.0,3.0,2.0,5.0,1.0,4.0,4.0
2021-11-10,2.0,2.0,22.0,1.0,1.0,4.0,0.0,0.0,10.0,4,0.0,8.0,1.0,4.0,12.0,13.0,2.0,1.0,4.0,8.0,4.0,4.0,1.0,1.0,4.0,4.0,16.0,3.0,3.0,0.0,3.0,7.0
2021-11-11,2.0,2.0,22.0,0.0,2.0,8.0,1.0,1.0,8.0,3,2.0,12.0,1.0,2.0,12.0,13.0,2.0,0.0,1.0,7.0,8.0,3.0,4.0,0.0,6.0,3.0,6.0,3.0,2.0,1.0,6.0,8.0
2021-11-12,1.0,1.0,23.0,0.0,1.0,5.0,1.0,0.0,8.0,4,1.0,9.0,1.0,2.0,6.0,9.0,5.0,3.0,0.0,4.0,3.0,2.0,5.0,0.0,3.0,2.0,4.0,2.0,1.0,0.0,6.0,2.0
2021-11-13,3.0,3.0,14.0,2.0,1.0,9.0,0.0,1.0,8.0,3,2.0,10.0,1.0,4.0,8.0,10.0,4.0,1.0,3.0,10.0,4.0,2.0,1.0,2.0,3.0,6.0,10.0,7.0,6.0,0.0,3.0,5.0
2021-11-14,2.0,2.0,29.0,0.0,0.0,3.0,1.0,2.0,6.0,8,3.0,11.0,4.0,5.0,6.0,8.0,4.0,0.0,0.0,2.0,2.0,3.0,3.0,2.0,4.0,1.0,9.0,1.0,2.0,1.0,6.0,7.0
2021-11-15,1.0,1.0,25.0,2.0,0.0,11.0,0.0,0.0,9.0,6,1.0,15.0,6.0,2.0,9.0,11.0,2.0,1.0,0.0,6.0,0.0,3.0,4.0,1.0,4.0,3.0,12.0,1.0,1.0,2.0,6.0,5.0
2021-11-16,2.0,2.0,33.0,2.0,1.0,11.0,0.0,0.0,9.0,7,4.0,19.0,0.0,3.0,7.0,5.0,4.0,4.0,1.0,9.0,2.0,3.0,2.0,0.0,4.0,3.0,8.0,2.0,5.0,0.0,1.0,3.0
2021-11-17,2.0,2.0,20.0,1.0,1.0,4.0,1.0,0.0,13.0,6,2.0,14.0,3.0,2.0,7.0,7.0,4.0,0.0,1.0,5.0,3.0,0.0,2.0,0.0,4.0,3.0,10.0,0.0,4.0,0.0,4.0,4.0
2021-11-18,2.0,2.0,14.0,1.0,0.0,4.0,1.0,1.0,10.0,8,1.0,18.0,3.0,5.0,4.0,10.0,0.0,2.0,2.0,7.0,5.0,2.0,0.0,1.0,1.0,2.0,10.0,1.0,1.0,0.0,3.0,7.0
2021-11-19,3.0,3.0,18.0,2.0,1.0,6.0,0.0,0.0,9.0,5,1.0,17.0,1.0,2.0,8.0,13.0,2.0,1.0,0.0,8.0,2.0,2.0,2.0,2.0,3.0,3.0,5.0,1.0,1.0,0.0,3.0,4.0
2021-11-20,2.0,2.0,25.0,0.0,1.0,15.0,0.0,1.0,12.0,5,4.0,12.0,3.0,2.0,5.0,7.0,0.0,2.0,1.0,4.0,1.0,7.0,3.0,0.0,2.0,2.0,5.0,2.0,4.0,2.0,2.0,6.0
2021-11-21,0.0,0.0,20.0,0.0,0.0,9.0,0.0,1.0,7.0,6,2.0,15.0,2.0,0.0,4.0,5.0,4.0,1.0,2.0,13.0,4.0,3.0,3.0,1.0,2.0,6.0,13.0,0.0,1.0,2.0,4.0,4.0
2021-11-22,3.0,3.0,32.0,0.0,1.0,5.0,1.0,0.0,4.0,4,2.0,15.0,0.0,2.0,6.0,6.0,1.0,0.0,0.0,10.0,3.0,8.0,5.0,3.0,6.0,0.0,14.0,2.0,2.0,1.0,5.0,2.0
2021-11-23,2.0,2.0,17.0,0.0,0.0,10.0,1.0,0.0,16.0,6,5.0,8.0,1.0,3.0,8.0,9.0,5.0,0.0,0.0,5.0,3.0,3.0,2.0,0.0,3.0,3.0,12.0,1.0,5.0,0.0,2.0,3.0
2021-11-24,3.0,3.0,23.0,2.0,1.0,9.0,0.0,0.0,16.0,4,2.0,8.0,0.0,3.0,4.0,6.0,5.0,2.0,2.0,4.0,1.0,3.0,4.0,0.0,3.0,0.0,7.0,2.0,3.0,0.0,9.0,2.0
2021-11-25,0.0,0.0,12.0,1.0,1.0,10.0,1.0,0.0,13.0,5,2.0,5.0,2.0,2.0,9.0,5.0,4.0,1.0,0.0,4.0,3.0,3.0,1.0,0.0,5.0,2.0,13.0,1.0,1.0,0.0,4.0,7.0
2021-11-26,3.0,3.0,25.0,0.0,0.0,11.0,0.0,1.0,10.0,8,4.0,11.0,2.0,2.0,5.0,8.0,3.0,2.0,0.0,4.0,3.0,5.0,2.0,1.0,1.0,1.0,8.0,0.0,1.0,2.0,2.0,3.0
2021-11-27,5.0,5.0,19.0,1.0,0.0,7.0,0.0,0.0,7.0,8,4.0,15.0,6.0,1.0,9.0,4.0,4.0,2.0,1.0,7.0,1.0,5.0,0.0,1.0,3.0,4.0,8.0,1.0,2.0,1.0,1.0,1.0
2021-11-28,2.0,2.0,31.0,5.0,0.0,15.0,0.0,0.0,9.0,1,4.0,11.0,0.0,2.0,5.0,6.0,3.0,1.0,1.0,5.0,2.0,4.0,2.0,0.0,2.0,1.0,17.0,2.0,2.0,1.0,0.0,3.0
2021-11-29,2.0,2.0,19.0,0.0,1.0,7.0,0.0,0.0,11.0,7,2.0,14.0,2.0,0.0,5.0,12.0,1.0,0.0,0.0,3.0,3.0,2.0,1.0,0.0,4.0,2.0,10.0,3.0,2.0,1.0,6.0,2.0
2021-11-30,0.0,0.0,22.0,2.0,2.0,7.0,1.0,0.0,15.0,5,4.0,11.0,1.0,2.0,2.0,11.0,3.0,1.0,1.0,8.0,1.0,3.0,1.0,1.0,5.0,5.0,2.0,2.0,2.0,0.0,5.0,9.0
2021-12-01,3.0,3.0,32.0,0.0,1.0,13.0,0.0,0.0,12.0,8,3.0,11.0,3.0,2.0,6.0,13.0,4.0,1.0,0.0,5.0,3.0,5.0,3.0,1.0,6.0,0.0,16.0,2.0,1.0,0.0,3.0,3.0
2021-12-02,2.0,2.0,22.0,1.0,1.0,7.0,0.0,0.0,14.0,1,1.0,11.0,1.0,1.0,1.0,7.0,0.0,0.0,0.0,6.0,2.0,3.0,5.0,1.0,3.0,0.0,9.0,4.0,4.0,1.0,2.0,2.0
2021-12-03,2.0,2.0,25.0,0.0,1.0,13.0,0.0,1.0,13.0,6,4.0,8.0,5.0,2.0,6.0,6.0,5.0,0.0,1.0,2.0,3.0,4.0,3.0,1.0,2.0,3.0,11.0,1.0,3.0,1.0,2.0,3.0
2021-12-04,1.0,1.0,25.0,1.0,0.0,9.0,0.0,0.0,6.0,3,1.0,10.0,0.0,0.0,6.0,9.0,3.0,0.0,1.0,5.0,1.0,1.0,1.0,1.0,1.0,2.0,13.0,1.0,2.0,0.0,2.0,0.0
2021-12-05,2.0,2.0,22.0,0.0,0.0,7.0,0.0,0.0,21.0,6,0.0,9.0,1.0,0.0,8.0,10.0,3.0,1.0,1.0,6.0,0.0,5.0,1.0,1.0,2.0,3.0,12.0,0.0,1.0,0.0,4.0,0.0
2021-12-06,4.0,4.0,27.0,1.0,1.0,10.0,0.0,1.0,10.0,5,3.0,18.0,2.0,2.0,8.0,4.0,2.0,1.0,0.0,3.0,2.0,5.0,2.0,1.0,2.0,4.0,12.0,2.0,5.0,0.0,4.0,2.0
2021-12-07,1.0,1.0,25.0,0.0,1.0,9.0,1.0,1.0,17.0,3,2.0,11.0,0.0,0.0,5.0,6.0,2.0,1.0,0.0,6.0,0.0,3.0,1.0,1.0,7.0,3.0,17.0,0.0,4.0,0.0,1.0,3.0
2021-12-08,5.0,5.0,31.0,1.0,1.0,0.0,0.0,2.0,15.0,10,2.0,12.0,0.0,5.0,3.0,7.0,0.0,0.0,1.0,6.0,0.0,3.0,0.0,1.0,5.0,4.0,16.0,1.0,2.0,0.0,3.0,4.0
2021-12-09,3.0,3.0,35.0,1.0,0.0,4.0,3.0,2.0,18.0,3,3.0,7.0,0.0,3.0,6.0,5.0,2.0,0.0,1.0,4.0,2.0,1.0,1.0,2.0,1.0,1.0,19.0,2.0,2.0,0.0,4.0,1.0
2021-12-10,0.0,0.0,20.0,0.0,1.0,7.0,0.0,0.0,14.0,2,3.0,8.0,2.0,1.0,3.0,9.0,1.0,1.0,0.0,4.0,3.0,5.0,0.0,1.0,5.0,4.0,16.0,0.0,1.0,1.0,1.0,0.0
2021-12-11,3.0,3.0,27.0,3.0,0.0,6.0,0.0,1.0,20.0,5,2.0,11.0,0.0,1.0,3.0,5.0,1.0,3.0,0.0,6.0,0.0,2.0,0.0,0.0,3.0,0.0,18.0,1.0,1.0,0.0,3.0,2.0
2021-12-12,1.0,1.0,27.0,0.0,0.0,5.0,0.0,0.0,15.0,3,5.0,12.0,2.0,1.0,3.0,4.0,2.0,0.0,0.0,2.0,1.0,2.0,0.0,0.0,4.0,3.0,15.0,2.0,2.0,0.0,2.0,2.0
2021-12-13,4.0,4.0,23.0,0.0,0.0,3.0,0.0,0.0,14.0,10,3.0,12.0,1.0,1.0,2.0,9.0,0.0,1.0,1.0,2.0,4.0,5.0,2.0,0.0,3.0,3.0,15.0,1.0,5.0,0.0,1.0,0.0
2021-12-14,3.0,3.0,22.0,0.0,0.0,7.0,0.0,0.0,21.0,4,3.0,13.0,0.0,2.0,8.0,8.0,2.0,0.0,0.0,7.0,0.0,1.0,2.0,0.0,5.0,2.0,14.0,1.0,2.0,0.0,1.0,1.0
2021-12-15,1.0,1.0,26.0,0.0,0.0,11.0,0.0,1.0,12.0,2,2.0,9.0,1.0,0.0,5.0,4.0,0.0,0.0,2.0,5.0,0.0,3.0,2.0,0.0,8.0,2.0,14.0,0.0,6.0,0.0,3.0,1.0
2021-12-16,3.0,3.0,22.0,0.0,0.0,11.0,0.0,0.0,16.0,4,2.0,11.0,0.0,3.0,3.0,7.0,0.0,0.0,1.0,6.0,1.0,4.0,4.0,0.0,1.0,1.0,10.0,0.0,3.0,0.0,0.0,3.0
2021-12-17,6.0,6.0,18.0,2.0,1.0,6.0,0.0,0.0,19.0,7,2.0,6.0,0.0,1.0,1.0,4.0,1.0,1.0,0.0,3.0,1.0,4.0,0.0,0.0,1.0,3.0,9.0,1.0,3.0,0.0,2.0,0.0
2021-12-18,3.0,3.0,13.0,0.0,0.0,8.0,0.0,0.0,25.0,5,6.0,15.0,0.0,1.0,6.0,9.0,2.0,1.0,0.0,3.0,2.0,2.0,2.0,1.0,3.0,3.0,13.0,0.0,2.0,1.0,3.0,1.0
2021-12-19,1.0,1.0,22.0,0.0,0.0,7.0,0.0,0.0,19.0,3,6.0,9.0,0.0,0.0,7.0,8.0,0.0,0.0,0.0,2.0,1.0,1.0,1.0,0.0,3.0,2.0,12.0,0.0,3.0,1.0,4.0,1.0
2021-12-20,6.0,6.0,23.0,0.0,0.0,6.0,0.0,1.0,9.0,5,3.0,9.0,2.0,0.0,5.0,2.0,1.0,0.0,0.0,5.0,2.0,1.0,0.0,0.0,4.0,3.0,10.0,1.0,3.0,0.0,3.0,3.0
2021-12-21,4.0,4.0,21.0,1.0,1.0,6.0,0.0,0.0,15.0,4,5.0,13.0,0.0,0.0,5.0,4.0,2.0,0.0,0.0,2.0,4.0,5.0,0.0,0.0,3.0,4.0,11.0,0.0,3.0,0.0,1.0,1.0
2021-12-22,2.0,2.0,26.0,0.0,0.0,12.0,0.0,0.0,17.0,8,4.0,7.0,0.0,1.0,3.0,7.0,3.0,2.0,0.0,3.0,1.0,1.0,2.0,0.0,4.0,2.0,11.0,1.0,3.0,0.0,0.0,2.0
2021-12-23,3.0,3.0,17.0,1.0,0.0,6.0,0.0,0.0,13.0,2,6.0,10.0,1.0,2.0,5.0,3.0,2.0,0.0,0.0,1.0,1.0,3.0,0.0,1.0,1.0,1.0,11.0,1.0,3.0,0.0,0.0,1.0
2021-12-24,2.0,2.0,24.0,1.0,0.0,7.0,0.0,0.0,20.0,5,3.0,8.0,2.0,0.0,6.0,4.0,0.0,1.0,0.0,5.0,1.0,4.0,0.0,0.0,6.0,0.0,16.0,0.0,3.0,0.0,0.0,1.0
2021-12-25,4.0,4.0,24.0,2.0,0.0,2.0,0.0,0.0,21.0,2,0.0,11.0,0.0,1.0,4.0,5.0,1.0,1.0,0.0,2.0,0.0,0.0,2.0,0.0,2.0,2.0,17.0,0.0,2.0,0.0,2.0,3.0
2021-12-26,3.0,3.0,15.0,0.0,0.0,7.0,0.0,0.0,23.0,1,1.0,14.0,0.0,0.0,4.0,4.0,1.0,3.0,1.0,2.0,2.0,0.0,2.0,1.0,4.0,8.0,15.0,0.0,2.0,0.0,2.0,1.0
2021-12-27,5.0,5.0,23.0,0.0,0.0,10.0,0.0,0.0,14.0,5,2.0,15.0,1.0,1.0,3.0,3.0,0.0,1.0,0.0,3.0,0.0,5.0,0.0,1.0,6.0,4.0,10.0,0.0,1.0,0.0,2.0,1.0
2021-12-28,4.0,4.0,22.0,1.0,0.0,5.0,0.0,1.0,17.0,3,2.0,8.0,0.0,3.0,8.0,4.0,4.0,0.0,1.0,1.0,1.0,2.0,0.0,0.0,3.0,3.0,13.0,0.0,5.0,0.0,2.0,2.0
2021-12-29,3.0,3.0,18.0,0.0,0.0,6.0,0.0,0.0,18.0,1,4.0,13.0,0.0,0.0,3.0,4.0,1.0,0.0,0.0,3.0,0.0,1.0,0.0,0.0,3.0,2.0,15.0,2.0,2.0,0.0,2.0,1.0
2021-12-30,9.0,9.0,12.0,1.0,0.0,6.0,0.0,0.0,14.0,5,5.0,4.0,1.0,3.0,3.0,3.0,0.0,1.0,0.0,4.0,3.0,2.0,0.0,0.0,5.0,1.0,7.0,0.0,3.0,0.0,2.0,0.0
