dates,AGUASCALIENTES,BAJA_CALIFORNIA,BAJA_CALIFORNIA_SUR,CAMPECHE,COAHUILA,COLIMA,CHIAPAS,CHIHUAHUA,CDMX,DURANGO,GUANAJUATO,GUERRERO,HIDALGO,JALISCO,MEXICO,MICHOACAN,MORELOS,NAYARIT,NUEVO_LEON,OAXACA,PUEBLA,QUERETARO,QUINTANA_ROO,SAN_LUIS_POTOSI,SINALOA,SONORA,TABASCO,TAMAULIPAS,TLAXCALA,VERACRUZ,YUCATAN,ZACATECAS
2020-02-28,0.0,0.0,0.0,0.0,0.0,0.0,0.0,0.0,0.0,0,0.0,0.0,0.0,0.0,0.0,0.0,0.0,0.0,0.0,0.0,0.0,0.0,0.0,0.0,0.0,0.0,0.0,0.0,0.0,0.0,0.0,0.0
2020-02-29,0.0,0.0,0.0,0.0,0.0,0.0,0.0,0.0,0.0,0,0.0,0.0,0.0,0.0,0.0,1.0,0.0,0.0,0.0,0.0,0.0,0.0,0.0,0.0,0.0,0.0,0.0,0.0,0.0,0.0,0.0,0.0
2020-03-01,0.0,0.0,0.0,0.0,0.0,0.0,0.0,0.0,0.0,0,0.0,0.0,0.0,0.0,0.0,0.0,0.0,0.0,0.0,0.0,1.0,0.0,0.0,0.0,0.0,0.0,0.0,0.0,0.0,0.0,0.0,0.0
2020-03-02,0.0,0.0,0.0,0.0,0.0,0.0,0.0,0.0,0.0,0,0.0,0.0,0.0,0.0,0.0,2.0,0.0,0.0,0.0,0.0,0.0,0.0,0.0,0.0,0.0,0.0,0.0,0.0,0.0,0.0,0.0,0.0
2020-03-03,0.0,0.0,0.0,0.0,0.0,0.0,0.0,0.0,0.0,1,0.0,0.0,0.0,0.0,0.0,2.0,0.0,0.0,0.0,0.0,0.0,0.0,0.0,0.0,0.0,0.0,0.0,0.0,0.0,0.0,0.0,0.0
2020-03-04,0.0,0.0,0.0,0.0,0.0,0.0,0.0,0.0,0.0,3,0.0,0.0,0.0,0.0,0.0,2.0,0.0,0.0,0.0,0.0,0.0,0.0,0.0,0.0,0.0,0.0,0.0,1.0,0.0,0.0,0.0,0.0
2020-03-05,0.0,0.0,0.0,0.0,0.0,0.0,0.0,0.0,0.0,5,0.0,0.0,0.0,0.0,0.0,1.0,0.0,0.0,0.0,0.0,0.0,0.0,0.0,0.0,0.0,0.0,0.0,0.0,0.0,0.0,0.0,0.0
2020-03-06,0.0,0.0,0.0,0.0,0.0,0.0,0.0,0.0,0.0,1,0.0,0.0,0.0,0.0,0.0,0.0,0.0,0.0,0.0,0.0,0.0,0.0,0.0,0.0,0.0,0.0,0.0,0.0,0.0,1.0,0.0,0.0
2020-03-07,0.0,0.0,0.0,0.0,0.0,0.0,0.0,0.0,0.0,2,0.0,0.0,0.0,0.0,0.0,0.0,0.0,0.0,0.0,0.0,0.0,0.0,0.0,0.0,0.0,0.0,0.0,0.0,0.0,1.0,0.0,0.0
2020-03-08,0.0,0.0,0.0,0.0,0.0,0.0,0.0,0.0,0.0,3,0.0,0.0,0.0,0.0,0.0,2.0,0.0,0.0,0.0,0.0,0.0,0.0,0.0,0.0,0.0,0.0,0.0,0.0,0.0,0.0,0.0,0.0
2020-03-09,0.0,0.0,0.0,0.0,0.0,0.0,0.0,0.0,0.0,2,0.0,0.0,0.0,0.0,0.0,1.0,0.0,0.0,0.0,0.0,0.0,0.0,0.0,0.0,0.0,0.0,0.0,0.0,0.0,0.0,0.0,0.0
2020-03-10,0.0,0.0,0.0,0.0,0.0,0.0,0.0,0.0,0.0,3,0.0,0.0,0.0,0.0,0.0,5.0,0.0,0.0,0.0,4.0,0.0,0.0,0.0,0.0,0.0,0.0,0.0,0.0,0.0,0.0,0.0,0.0
2020-03-11,0.0,0.0,0.0,0.0,0.0,2.0,0.0,0.0,0.0,16,0.0,0.0,0.0,0.0,0.0,3.0,0.0,0.0,0.0,5.0,0.0,0.0,0.0,0.0,0.0,0.0,0.0,0.0,0.0,0.0,0.0,0.0
2020-03-12,0.0,0.0,0.0,0.0,0.0,0.0,0.0,0.0,0.0,23,0.0,0.0,0.0,0.0,0.0,4.0,0.0,0.0,0.0,1.0,1.0,0.0,0.0,1.0,0.0,0.0,0.0,0.0,0.0,1.0,0.0,0.0
2020-03-13,0.0,0.0,0.0,0.0,0.0,1.0,0.0,0.0,0.0,26,0.0,0.0,0.0,0.0,0.0,11.0,0.0,0.0,0.0,6.0,2.0,0.0,0.0,0.0,0.0,1.0,0.0,0.0,0.0,1.0,0.0,0.0
2020-03-14,0.0,0.0,0.0,0.0,0.0,0.0,0.0,0.0,0.0,23,0.0,0.0,0.0,0.0,0.0,4.0,0.0,0.0,0.0,6.0,0.0,0.0,0.0,4.0,0.0,0.0,0.0,0.0,0.0,0.0,0.0,0.0
2020-03-15,0.0,0.0,0.0,0.0,0.0,1.0,0.0,0.0,0.0,10,0.0,0.0,0.0,1.0,0.0,10.0,0.0,0.0,0.0,0.0,0.0,3.0,0.0,0.0,0.0,0.0,0.0,0.0,0.0,0.0,0.0,0.0
2020-03-16,0.0,0.0,2.0,0.0,0.0,2.0,0.0,0.0,0.0,28,0.0,0.0,0.0,0.0,12.0,7.0,0.0,0.0,0.0,6.0,0.0,4.0,0.0,3.0,0.0,2.0,0.0,0.0,0.0,1.0,0.0,0.0
2020-03-17,1.0,1.0,3.0,0.0,0.0,2.0,0.0,0.0,0.0,35,1.0,0.0,5.0,2.0,6.0,9.0,0.0,0.0,0.0,7.0,0.0,5.0,0.0,4.0,0.0,1.0,0.0,1.0,0.0,0.0,0.0,0.0
2020-03-18,3.0,3.0,4.0,0.0,0.0,2.0,0.0,0.0,0.0,31,1.0,0.0,1.0,0.0,17.0,5.0,0.0,0.0,0.0,12.0,0.0,6.0,0.0,2.0,1.0,0.0,0.0,3.0,0.0,0.0,7.0,0.0
2020-03-19,1.0,1.0,5.0,0.0,0.0,3.0,0.0,0.0,0.0,64,0.0,0.0,0.0,0.0,11.0,25.0,1.0,0.0,0.0,4.0,1.0,7.0,0.0,5.0,3.0,2.0,0.0,2.0,0.0,0.0,5.0,0.0
2020-03-20,2.0,2.0,6.0,0.0,0.0,4.0,0.0,0.0,3.0,36,0.0,5.0,0.0,3.0,5.0,26.0,2.0,0.0,0.0,12.0,1.0,5.0,0.0,1.0,3.0,1.0,0.0,2.0,0.0,0.0,2.0,0.0
2020-03-21,1.0,1.0,3.0,0.0,0.0,0.0,0.0,0.0,2.0,22,1.0,12.0,1.0,3.0,1.0,12.0,5.0,1.0,0.0,4.0,1.0,4.0,0.0,3.0,4.0,0.0,0.0,0.0,0.0,0.0,1.0,0.0
2020-03-22,1.0,1.0,2.0,0.0,0.0,0.0,0.0,0.0,3.0,16,0.0,4.0,1.0,0.0,3.0,16.0,0.0,0.0,0.0,4.0,1.0,2.0,0.0,4.0,1.0,1.0,0.0,0.0,0.0,0.0,0.0,8.0
2020-03-23,4.0,4.0,10.0,0.0,1.0,3.0,0.0,3.0,0.0,46,1.0,7.0,1.0,1.0,9.0,24.0,4.0,2.0,2.0,5.0,2.0,8.0,3.0,3.0,2.0,4.0,3.0,3.0,0.0,1.0,4.0,6.0
2020-03-24,0.0,0.0,9.0,0.0,0.0,6.0,1.0,0.0,1.0,62,1.0,1.0,0.0,1.0,8.0,46.0,3.0,3.0,3.0,5.0,1.0,16.0,5.0,7.0,0.0,7.0,5.0,12.0,1.0,1.0,3.0,9.0
2020-03-25,17.0,17.0,7.0,0.0,0.0,1.0,0.0,2.0,3.0,46,1.0,4.0,3.0,5.0,7.0,36.0,2.0,0.0,0.0,2.0,3.0,6.0,2.0,10.0,1.0,8.0,5.0,3.0,0.0,0.0,6.0,5.0
2020-03-26,4.0,4.0,12.0,2.0,0.0,4.0,0.0,0.0,4.0,71,0.0,9.0,4.0,4.0,7.0,46.0,3.0,2.0,0.0,1.0,3.0,16.0,1.0,10.0,1.0,9.0,1.0,5.0,0.0,0.0,5.0,0.0
2020-03-27,6.0,6.0,17.0,4.0,3.0,5.0,0.0,5.0,2.0,63,0.0,7.0,3.0,4.0,7.0,56.0,1.0,1.0,0.0,8.0,1.0,11.0,4.0,7.0,8.0,10.0,6.0,11.0,1.0,1.0,3.0,3.0
2020-03-28,5.0,5.0,7.0,4.0,0.0,5.0,0.0,1.0,2.0,62,0.0,4.0,3.0,0.0,2.0,39.0,1.0,3.0,1.0,2.0,1.0,14.0,2.0,7.0,1.0,7.0,4.0,2.0,3.0,2.0,1.0,5.0
2020-03-29,3.0,3.0,24.0,2.0,1.0,10.0,0.0,0.0,5.0,39,0.0,1.0,1.0,2.0,2.0,26.0,3.0,1.0,0.0,3.0,2.0,6.0,1.0,3.0,6.0,7.0,0.0,9.0,3.0,0.0,2.0,4.0
2020-03-30,4.0,4.0,30.0,14.0,0.0,20.0,1.0,2.0,7.0,82,4.0,5.0,2.0,7.0,8.0,59.0,0.0,3.0,0.0,5.0,2.0,18.0,1.0,22.0,3.0,12.0,1.0,10.0,4.0,1.0,6.0,10.0
2020-03-31,1.0,1.0,45.0,7.0,0.0,14.0,1.0,2.0,7.0,58,2.0,7.0,5.0,7.0,7.0,39.0,4.0,1.0,2.0,0.0,6.0,27.0,4.0,15.0,2.0,16.0,5.0,11.0,5.0,1.0,6.0,4.0
2020-04-01,0.0,0.0,69.0,6.0,0.0,23.0,2.0,4.0,11.0,70,1.0,1.0,3.0,5.0,3.0,70.0,5.0,3.0,0.0,0.0,2.0,20.0,4.0,24.0,0.0,14.0,1.0,8.0,9.0,5.0,10.0,9.0
2020-04-02,1.0,1.0,33.0,11.0,2.0,23.0,0.0,2.0,9.0,85,0.0,2.0,1.0,1.0,8.0,57.0,1.0,9.0,0.0,6.0,0.0,23.0,1.0,13.0,0.0,29.0,3.0,15.0,1.0,1.0,6.0,3.0
2020-04-03,2.0,2.0,43.0,16.0,1.0,28.0,0.0,5.0,6.0,99,0.0,5.0,1.0,3.0,10.0,67.0,6.0,1.0,1.0,2.0,3.0,15.0,4.0,14.0,0.0,10.0,2.0,21.0,9.0,0.0,8.0,10.0
2020-04-04,0.0,0.0,29.0,5.0,0.0,11.0,0.0,1.0,10.0,64,1.0,3.0,2.0,2.0,2.0,45.0,2.0,4.0,4.0,3.0,3.0,11.0,1.0,10.0,3.0,14.0,7.0,3.0,3.0,2.0,2.0,2.0
2020-04-05,2.0,2.0,21.0,5.0,3.0,4.0,0.0,1.0,17.0,59,0.0,4.0,3.0,2.0,2.0,57.0,2.0,3.0,2.0,1.0,2.0,11.0,0.0,11.0,2.0,15.0,2.0,9.0,4.0,6.0,3.0,5.0
2020-04-06,5.0,5.0,79.0,23.0,3.0,28.0,0.0,5.0,16.0,141,1.0,11.0,8.0,4.0,4.0,110.0,6.0,9.0,2.0,10.0,5.0,27.0,4.0,35.0,3.0,32.0,12.0,8.0,10.0,8.0,7.0,14.0
2020-04-07,2.0,2.0,44.0,24.0,0.0,9.0,0.0,2.0,14.0,144,0.0,6.0,11.0,3.0,6.0,86.0,6.0,7.0,2.0,8.0,0.0,14.0,5.0,24.0,5.0,25.0,15.0,13.0,7.0,7.0,13.0,13.0
2020-04-08,1.0,1.0,63.0,24.0,0.0,19.0,0.0,6.0,16.0,140,1.0,9.0,6.0,1.0,9.0,106.0,4.0,11.0,2.0,9.0,5.0,26.0,3.0,29.0,2.0,29.0,16.0,18.0,3.0,6.0,5.0,10.0
2020-04-09,0.0,0.0,61.0,22.0,2.0,7.0,0.0,3.0,16.0,150,1.0,2.0,7.0,0.0,5.0,88.0,9.0,8.0,2.0,1.0,1.0,17.0,3.0,11.0,4.0,13.0,7.0,11.0,5.0,1.0,13.0,11.0
2020-04-10,3.0,3.0,58.0,9.0,1.0,16.0,0.0,3.0,17.0,174,0.0,3.0,5.0,7.0,8.0,109.0,3.0,5.0,0.0,23.0,3.0,8.0,2.0,23.0,1.0,34.0,8.0,16.0,11.0,6.0,11.0,5.0
2020-04-11,1.0,1.0,35.0,7.0,5.0,9.0,1.0,1.0,20.0,127,1.0,7.0,5.0,3.0,5.0,90.0,2.0,2.0,3.0,8.0,2.0,15.0,3.0,20.0,3.0,25.0,6.0,20.0,6.0,8.0,14.0,8.0
2020-04-12,2.0,2.0,53.0,6.0,2.0,8.0,2.0,0.0,17.0,125,0.0,2.0,12.0,5.0,5.0,94.0,4.0,4.0,4.0,15.0,2.0,6.0,1.0,23.0,0.0,23.0,5.0,28.0,9.0,3.0,9.0,9.0
2020-04-13,9.0,9.0,86.0,15.0,3.0,16.0,0.0,6.0,32.0,293,0.0,3.0,17.0,8.0,10.0,185.0,13.0,9.0,4.0,20.0,5.0,25.0,9.0,23.0,1.0,52.0,20.0,30.0,15.0,7.0,15.0,22.0
2020-04-14,3.0,3.0,119.0,17.0,4.0,18.0,0.0,6.0,24.0,267,0.0,4.0,8.0,9.0,4.0,191.0,17.0,14.0,2.0,19.0,4.0,18.0,8.0,17.0,1.0,47.0,6.0,47.0,20.0,7.0,13.0,21.0
2020-04-15,12.0,12.0,110.0,5.0,4.0,18.0,1.0,6.0,30.0,256,3.0,13.0,5.0,6.0,11.0,214.0,9.0,11.0,2.0,8.0,7.0,29.0,3.0,21.0,2.0,52.0,16.0,39.0,17.0,5.0,33.0,31.0
2020-04-16,7.0,7.0,97.0,9.0,5.0,6.0,2.0,3.0,38.0,269,2.0,14.0,12.0,6.0,11.0,218.0,8.0,9.0,3.0,12.0,5.0,22.0,8.0,31.0,2.0,42.0,16.0,44.0,26.0,9.0,42.0,14.0
2020-04-17,17.0,17.0,112.0,6.0,3.0,13.0,3.0,10.0,33.0,354,0.0,30.0,13.0,10.0,14.0,182.0,17.0,13.0,4.0,9.0,8.0,31.0,7.0,34.0,8.0,45.0,15.0,58.0,36.0,6.0,37.0,15.0
2020-04-18,14.0,14.0,54.0,3.0,6.0,9.0,1.0,4.0,34.0,213,2.0,12.0,9.0,6.0,7.0,179.0,7.0,9.0,3.0,6.0,6.0,24.0,3.0,47.0,1.0,35.0,14.0,49.0,17.0,3.0,21.0,10.0
2020-04-19,3.0,3.0,65.0,9.0,2.0,9.0,1.0,7.0,37.0,215,10.0,10.0,6.0,14.0,5.0,185.0,9.0,18.0,2.0,2.0,3.0,20.0,2.0,25.0,1.0,33.0,7.0,42.0,11.0,10.0,20.0,10.0
2020-04-20,17.0,17.0,121.0,7.0,5.0,9.0,1.0,11.0,58.0,506,4.0,15.0,17.0,20.0,11.0,298.0,28.0,34.0,1.0,13.0,6.0,32.0,5.0,47.0,1.0,65.0,9.0,74.0,24.0,9.0,36.0,28.0
2020-04-21,14.0,14.0,121.0,12.0,7.0,24.0,1.0,10.0,55.0,485,4.0,10.0,6.0,13.0,17.0,308.0,13.0,22.0,4.0,18.0,5.0,24.0,2.0,44.0,4.0,47.0,15.0,85.0,19.0,12.0,47.0,21.0
2020-04-22,11.0,11.0,104.0,5.0,7.0,14.0,1.0,11.0,58.0,466,3.0,13.0,13.0,16.0,25.0,284.0,13.0,35.0,4.0,17.0,9.0,27.0,7.0,36.0,3.0,56.0,23.0,67.0,30.0,8.0,33.0,22.0
2020-04-23,21.0,21.0,124.0,9.0,8.0,11.0,3.0,15.0,71.0,418,2.0,9.0,19.0,20.0,20.0,309.0,19.0,31.0,6.0,6.0,8.0,32.0,9.0,49.0,5.0,68.0,10.0,63.0,34.0,12.0,53.0,34.0
2020-04-24,11.0,11.0,107.0,13.0,4.0,16.0,3.0,13.0,67.0,571,2.0,13.0,25.0,20.0,32.0,361.0,24.0,37.0,4.0,7.0,17.0,45.0,11.0,25.0,6.0,72.0,20.0,71.0,28.0,15.0,52.0,37.0
2020-04-25,1.0,1.0,71.0,5.0,7.0,6.0,1.0,9.0,51.0,312,5.0,11.0,13.0,23.0,10.0,248.0,27.0,15.0,3.0,6.0,8.0,44.0,1.0,32.0,8.0,55.0,9.0,46.0,41.0,20.0,48.0,24.0
2020-04-26,7.0,7.0,78.0,7.0,9.0,5.0,0.0,12.0,39.0,283,8.0,8.0,18.0,20.0,9.0,271.0,20.0,35.0,6.0,8.0,12.0,25.0,2.0,31.0,3.0,40.0,17.0,41.0,34.0,13.0,32.0,21.0
2020-04-27,18.0,18.0,124.0,10.0,9.0,25.0,2.0,20.0,74.0,550,5.0,25.0,26.0,25.0,23.0,436.0,32.0,51.0,11.0,20.0,10.0,37.0,3.0,45.0,15.0,88.0,35.0,60.0,30.0,14.0,70.0,45.0
2020-04-28,32.0,32.0,114.0,4.0,7.0,20.0,0.0,10.0,70.0,619,3.0,18.0,28.0,28.0,14.0,413.0,30.0,32.0,15.0,28.0,18.0,46.0,10.0,44.0,18.0,52.0,29.0,60.0,42.0,24.0,74.0,49.0
2020-04-29,18.0,18.0,121.0,4.0,9.0,14.0,0.0,19.0,78.0,655,9.0,14.0,32.0,29.0,22.0,397.0,23.0,52.0,7.0,22.0,12.0,52.0,12.0,40.0,9.0,57.0,26.0,49.0,37.0,10.0,78.0,32.0
2020-04-30,27.0,27.0,95.0,14.0,8.0,20.0,3.0,14.0,83.0,609,2.0,16.0,19.0,31.0,26.0,344.0,26.0,43.0,13.0,29.0,12.0,49.0,6.0,34.0,11.0,58.0,40.0,84.0,19.0,16.0,69.0,60.0
2020-05-01,4.0,4.0,101.0,2.0,7.0,15.0,1.0,18.0,72.0,408,6.0,14.0,15.0,26.0,15.0,348.0,24.0,36.0,7.0,27.0,15.0,43.0,8.0,32.0,14.0,60.0,37.0,57.0,32.0,9.0,69.0,26.0
2020-05-02,3.0,3.0,90.0,8.0,13.0,5.0,0.0,9.0,64.0,381,7.0,10.0,41.0,23.0,29.0,291.0,16.0,29.0,15.0,22.0,11.0,43.0,12.0,72.0,14.0,49.0,33.0,52.0,30.0,16.0,68.0,30.0
2020-05-03,5.0,5.0,96.0,6.0,14.0,5.0,2.0,14.0,37.0,350,7.0,12.0,30.0,27.0,16.0,315.0,27.0,50.0,15.0,9.0,15.0,39.0,5.0,31.0,9.0,34.0,26.0,50.0,25.0,7.0,65.0,32.0
2020-05-04,50.0,50.0,143.0,7.0,21.0,26.0,3.0,31.0,76.0,792,4.0,33.0,55.0,38.0,31.0,557.0,43.0,60.0,17.0,40.0,24.0,48.0,10.0,36.0,27.0,82.0,69.0,87.0,44.0,26.0,101.0,53.0
2020-05-05,13.0,13.0,149.0,12.0,11.0,32.0,4.0,28.0,101.0,648,3.0,23.0,38.0,30.0,23.0,425.0,21.0,54.0,23.0,61.0,34.0,37.0,11.0,27.0,16.0,61.0,62.0,72.0,37.0,16.0,112.0,45.0
2020-05-06,17.0,17.0,128.0,10.0,19.0,35.0,1.0,35.0,84.0,741,5.0,31.0,52.0,41.0,24.0,409.0,36.0,58.0,17.0,27.0,26.0,52.0,9.0,41.0,34.0,86.0,46.0,97.0,49.0,23.0,112.0,33.0
2020-05-07,24.0,24.0,128.0,11.0,13.0,23.0,1.0,35.0,85.0,782,11.0,37.0,43.0,39.0,51.0,512.0,30.0,50.0,15.0,25.0,25.0,67.0,15.0,41.0,13.0,69.0,48.0,104.0,47.0,17.0,125.0,36.0
2020-05-08,11.0,11.0,143.0,9.0,16.0,20.0,2.0,36.0,73.0,855,11.0,44.0,41.0,37.0,24.0,494.0,44.0,52.0,6.0,32.0,23.0,57.0,26.0,28.0,26.0,68.0,54.0,83.0,34.0,20.0,113.0,39.0
2020-05-09,0.0,0.0,77.0,6.0,15.0,10.0,3.0,23.0,63.0,451,2.0,27.0,41.0,27.0,28.0,332.0,45.0,30.0,7.0,28.0,15.0,52.0,26.0,21.0,12.0,53.0,53.0,54.0,30.0,20.0,82.0,20.0
2020-05-10,5.0,5.0,72.0,10.0,9.0,15.0,1.0,21.0,65.0,419,1.0,23.0,34.0,28.0,22.0,326.0,25.0,37.0,9.0,20.0,30.0,38.0,19.0,23.0,19.0,44.0,30.0,66.0,22.0,17.0,73.0,26.0
2020-05-11,12.0,12.0,133.0,7.0,27.0,30.0,2.0,33.0,83.0,879,6.0,44.0,52.0,52.0,52.0,691.0,69.0,73.0,20.0,43.0,57.0,79.0,47.0,49.0,31.0,73.0,80.0,118.0,41.0,36.0,143.0,45.0
2020-05-12,41.0,41.0,129.0,16.0,23.0,31.0,6.0,47.0,72.0,881,12.0,53.0,66.0,58.0,40.0,658.0,59.0,60.0,18.0,36.0,66.0,75.0,34.0,38.0,23.0,89.0,76.0,89.0,52.0,38.0,129.0,52.0
2020-05-13,16.0,16.0,131.0,13.0,19.0,16.0,4.0,68.0,89.0,925,10.0,41.0,55.0,47.0,30.0,664.0,100.0,64.0,15.0,68.0,69.0,93.0,29.0,27.0,26.0,83.0,115.0,115.0,43.0,42.0,137.0,63.0
2020-05-14,24.0,24.0,120.0,8.0,15.0,33.0,12.0,67.0,89.0,851,13.0,52.0,79.0,67.0,56.0,621.0,77.0,48.0,19.0,38.0,66.0,109.0,41.0,40.0,35.0,105.0,89.0,128.0,37.0,21.0,178.0,60.0
2020-05-15,25.0,25.0,150.0,5.0,18.0,38.0,4.0,82.0,83.0,1012,18.0,36.0,66.0,82.0,68.0,763.0,103.0,57.0,16.0,76.0,80.0,109.0,49.0,22.0,27.0,99.0,106.0,149.0,67.0,37.0,198.0,41.0
2020-05-16,4.0,4.0,75.0,11.0,17.0,16.0,3.0,40.0,62.0,640,5.0,34.0,56.0,55.0,20.0,429.0,43.0,29.0,3.0,30.0,66.0,80.0,28.0,19.0,26.0,70.0,71.0,85.0,52.0,30.0,136.0,32.0
2020-05-17,7.0,7.0,72.0,3.0,15.0,12.0,5.0,35.0,58.0,416,9.0,21.0,44.0,27.0,32.0,375.0,27.0,27.0,7.0,12.0,17.0,69.0,17.0,13.0,15.0,67.0,62.0,82.0,19.0,25.0,96.0,49.0
2020-05-18,38.0,38.0,219.0,11.0,19.0,65.0,7.0,96.0,95.0,1134,18.0,54.0,133.0,81.0,60.0,794.0,67.0,55.0,18.0,48.0,121.0,132.0,46.0,48.0,34.0,152.0,172.0,124.0,65.0,43.0,171.0,55.0
2020-05-19,19.0,19.0,155.0,15.0,22.0,52.0,8.0,65.0,81.0,1079,8.0,69.0,121.0,70.0,79.0,651.0,67.0,59.0,24.0,39.0,77.0,131.0,62.0,37.0,28.0,110.0,157.0,109.0,53.0,52.0,156.0,55.0
2020-05-20,29.0,29.0,174.0,17.0,27.0,43.0,9.0,75.0,89.0,1095,23.0,58.0,148.0,78.0,64.0,740.0,102.0,55.0,18.0,61.0,80.0,121.0,42.0,46.0,40.0,127.0,157.0,164.0,65.0,41.0,189.0,59.0
2020-05-21,27.0,27.0,238.0,8.0,20.0,63.0,4.0,104.0,112.0,1017,21.0,65.0,139.0,96.0,65.0,728.0,79.0,59.0,19.0,36.0,102.0,150.0,38.0,40.0,37.0,120.0,185.0,144.0,76.0,50.0,182.0,71.0
2020-05-22,24.0,24.0,213.0,15.0,26.0,47.0,8.0,98.0,81.0,971,24.0,57.0,131.0,81.0,76.0,789.0,96.0,72.0,26.0,52.0,84.0,176.0,39.0,48.0,55.0,145.0,164.0,144.0,92.0,44.0,182.0,63.0
2020-05-23,18.0,18.0,69.0,7.0,18.0,43.0,4.0,55.0,74.0,524,7.0,53.0,66.0,53.0,45.0,391.0,22.0,34.0,13.0,36.0,85.0,150.0,22.0,40.0,21.0,63.0,137.0,100.0,70.0,28.0,123.0,34.0
2020-05-24,10.0,10.0,83.0,9.0,15.0,17.0,7.0,50.0,33.0,399,16.0,20.0,75.0,40.0,37.0,430.0,35.0,24.0,8.0,28.0,39.0,84.0,12.0,25.0,21.0,85.0,110.0,85.0,41.0,18.0,109.0,31.0
2020-05-25,43.0,43.0,139.0,17.0,34.0,60.0,8.0,147.0,102.0,1092,27.0,120.0,130.0,92.0,99.0,880.0,119.0,81.0,19.0,84.0,107.0,173.0,53.0,49.0,49.0,179.0,242.0,176.0,123.0,57.0,218.0,56.0
2020-05-26,36.0,36.0,139.0,14.0,37.0,55.0,7.0,132.0,75.0,954,23.0,97.0,115.0,72.0,132.0,746.0,102.0,82.0,30.0,120.0,83.0,162.0,39.0,32.0,39.0,195.0,277.0,208.0,114.0,38.0,201.0,56.0
2020-05-27,37.0,37.0,132.0,21.0,30.0,75.0,5.0,128.0,72.0,1021,28.0,107.0,126.0,83.0,148.0,824.0,90.0,52.0,34.0,72.0,92.0,188.0,36.0,43.0,59.0,199.0,239.0,219.0,109.0,41.0,191.0,61.0
2020-05-28,45.0,45.0,124.0,18.0,31.0,62.0,7.0,142.0,58.0,864,24.0,142.0,118.0,93.0,132.0,742.0,113.0,62.0,33.0,67.0,126.0,164.0,30.0,49.0,38.0,170.0,267.0,223.0,70.0,45.0,183.0,60.0
2020-05-29,45.0,45.0,121.0,22.0,20.0,95.0,8.0,129.0,91.0,980,34.0,146.0,104.0,74.0,163.0,768.0,127.0,52.0,30.0,71.0,121.0,159.0,38.0,47.0,50.0,194.0,220.0,172.0,85.0,47.0,191.0,47.0
2020-05-30,17.0,17.0,86.0,13.0,19.0,43.0,6.0,72.0,29.0,571,38.0,99.0,63.0,47.0,132.0,455.0,47.0,27.0,22.0,45.0,117.0,121.0,28.0,26.0,24.0,133.0,150.0,105.0,66.0,40.0,144.0,30.0
2020-05-31,21.0,21.0,77.0,8.0,7.0,37.0,4.0,72.0,39.0,448,13.0,70.0,91.0,42.0,87.0,398.0,46.0,32.0,11.0,20.0,49.0,65.0,21.0,22.0,18.0,75.0,127.0,74.0,51.0,25.0,119.0,25.0
2020-06-01,65.0,65.0,158.0,36.0,38.0,110.0,11.0,156.0,84.0,1118,39.0,184.0,159.0,95.0,238.0,925.0,169.0,67.0,24.0,85.0,155.0,201.0,39.0,45.0,51.0,230.0,247.0,206.0,140.0,65.0,240.0,57.0
2020-06-02,54.0,54.0,175.0,17.0,24.0,83.0,12.0,146.0,87.0,948,41.0,175.0,115.0,80.0,195.0,870.0,126.0,56.0,43.0,96.0,164.0,178.0,50.0,63.0,54.0,186.0,246.0,160.0,98.0,45.0,189.0,48.0
2020-06-03,61.0,61.0,168.0,16.0,19.0,77.0,10.0,120.0,63.0,1016,36.0,181.0,119.0,66.0,203.0,995.0,149.0,60.0,36.0,77.0,149.0,201.0,46.0,44.0,77.0,218.0,257.0,182.0,94.0,59.0,206.0,52.0
2020-06-04,42.0,42.0,154.0,22.0,40.0,89.0,8.0,114.0,51.0,951,45.0,224.0,131.0,68.0,182.0,854.0,148.0,53.0,27.0,131.0,196.0,215.0,46.0,38.0,79.0,203.0,250.0,190.0,105.0,55.0,240.0,44.0
2020-06-05,63.0,63.0,153.0,22.0,41.0,100.0,11.0,129.0,79.0,985,85.0,172.0,122.0,66.0,223.0,875.0,133.0,59.0,37.0,150.0,185.0,214.0,36.0,39.0,76.0,230.0,263.0,177.0,115.0,47.0,221.0,34.0
2020-06-06,24.0,24.0,111.0,14.0,25.0,46.0,11.0,72.0,43.0,558,23.0,129.0,99.0,54.0,106.0,469.0,74.0,27.0,23.0,79.0,160.0,128.0,30.0,24.0,57.0,159.0,170.0,136.0,87.0,34.0,118.0,45.0
2020-06-07,25.0,25.0,73.0,20.0,23.0,48.0,4.0,75.0,29.0,413,21.0,83.0,71.0,29.0,82.0,484.0,42.0,23.0,17.0,45.0,56.0,100.0,29.0,29.0,49.0,106.0,121.0,110.0,75.0,29.0,109.0,36.0
2020-06-08,79.0,79.0,177.0,53.0,44.0,152.0,13.0,140.0,80.0,1057,71.0,198.0,152.0,87.0,269.0,1125.0,189.0,89.0,42.0,206.0,184.0,312.0,54.0,55.0,116.0,220.0,288.0,294.0,140.0,68.0,227.0,89.0
2020-06-09,62.0,62.0,180.0,38.0,60.0,135.0,15.0,134.0,61.0,1017,70.0,234.0,121.0,110.0,254.0,966.0,197.0,55.0,42.0,156.0,160.0,248.0,45.0,51.0,93.0,252.0,302.0,296.0,132.0,58.0,230.0,70.0
2020-06-10,63.0,63.0,153.0,48.0,72.0,145.0,12.0,111.0,73.0,974,50.0,192.0,147.0,79.0,260.0,968.0,154.0,53.0,33.0,227.0,177.0,252.0,38.0,58.0,84.0,231.0,271.0,318.0,176.0,66.0,231.0,72.0
2020-06-11,73.0,73.0,151.0,28.0,75.0,140.0,16.0,100.0,68.0,900,62.0,211.0,154.0,74.0,233.0,777.0,173.0,60.0,45.0,206.0,156.0,302.0,32.0,55.0,78.0,240.0,278.0,277.0,134.0,53.0,216.0,84.0
2020-06-12,53.0,53.0,116.0,25.0,36.0,152.0,13.0,111.0,51.0,936,55.0,216.0,156.0,99.0,199.0,796.0,199.0,60.0,60.0,251.0,156.0,325.0,42.0,51.0,60.0,304.0,276.0,362.0,237.0,54.0,202.0,66.0
2020-06-13,35.0,35.0,89.0,22.0,29.0,66.0,11.0,68.0,27.0,427,21.0,128.0,86.0,46.0,128.0,423.0,79.0,40.0,26.0,194.0,158.0,189.0,36.0,33.0,31.0,101.0,182.0,180.0,144.0,26.0,145.0,42.0
2020-06-14,23.0,23.0,94.0,21.0,21.0,46.0,8.0,66.0,26.0,360,19.0,85.0,100.0,45.0,109.0,441.0,49.0,31.0,21.0,103.0,74.0,150.0,23.0,52.0,23.0,92.0,152.0,108.0,121.0,31.0,140.0,59.0
2020-06-15,81.0,81.0,185.0,51.0,102.0,180.0,15.0,95.0,59.0,945,73.0,348.0,144.0,82.0,240.0,943.0,203.0,66.0,48.0,292.0,197.0,443.0,59.0,92.0,114.0,202.0,301.0,314.0,253.0,63.0,361.0,102.0
2020-06-16,64.0,64.0,190.0,30.0,84.0,212.0,24.0,97.0,83.0,1008,93.0,316.0,153.0,73.0,221.0,878.0,198.0,60.0,36.0,219.0,160.0,417.0,43.0,64.0,103.0,214.0,317.0,317.0,299.0,57.0,313.0,99.0
2020-06-17,71.0,71.0,150.0,46.0,108.0,180.0,16.0,108.0,58.0,975,72.0,334.0,113.0,72.0,224.0,811.0,200.0,50.0,42.0,183.0,194.0,425.0,44.0,65.0,114.0,204.0,334.0,309.0,211.0,76.0,254.0,117.0
2020-06-18,64.0,64.0,148.0,48.0,88.0,201.0,16.0,97.0,65.0,956,81.0,326.0,113.0,78.0,235.0,789.0,164.0,42.0,48.0,233.0,180.0,522.0,41.0,68.0,93.0,169.0,279.0,325.0,219.0,56.0,274.0,105.0
2020-06-19,71.0,71.0,180.0,19.0,99.0,212.0,28.0,85.0,65.0,899,53.0,379.0,134.0,89.0,203.0,788.0,243.0,63.0,48.0,208.0,180.0,430.0,28.0,82.0,97.0,175.0,304.0,296.0,223.0,50.0,293.0,112.0
2020-06-20,21.0,21.0,90.0,34.0,55.0,121.0,11.0,52.0,39.0,469,18.0,197.0,53.0,59.0,153.0,434.0,123.0,25.0,30.0,175.0,142.0,222.0,34.0,38.0,51.0,150.0,203.0,195.0,208.0,34.0,193.0,96.0
2020-06-21,19.0,19.0,64.0,18.0,39.0,77.0,17.0,44.0,27.0,298,17.0,116.0,76.0,28.0,109.0,319.0,50.0,18.0,33.0,105.0,57.0,173.0,19.0,54.0,41.0,90.0,171.0,107.0,132.0,35.0,156.0,92.0
2020-06-22,73.0,73.0,212.0,31.0,108.0,290.0,21.0,99.0,61.0,904,75.0,399.0,185.0,75.0,246.0,794.0,219.0,36.0,76.0,301.0,212.0,500.0,50.0,109.0,124.0,223.0,366.0,279.0,339.0,65.0,361.0,146.0
2020-06-23,53.0,53.0,196.0,46.0,95.0,327.0,23.0,84.0,61.0,901,111.0,410.0,120.0,82.0,237.0,658.0,197.0,46.0,49.0,314.0,191.0,420.0,41.0,92.0,132.0,212.0,370.0,278.0,302.0,85.0,303.0,151.0
2020-06-24,50.0,50.0,181.0,53.0,90.0,259.0,21.0,100.0,66.0,837,93.0,397.0,95.0,87.0,203.0,722.0,171.0,61.0,48.0,311.0,172.0,374.0,42.0,82.0,119.0,214.0,356.0,288.0,306.0,76.0,297.0,174.0
2020-06-25,65.0,65.0,177.0,54.0,93.0,210.0,25.0,90.0,53.0,855,70.0,306.0,135.0,85.0,184.0,625.0,155.0,33.0,43.0,314.0,192.0,475.0,39.0,103.0,123.0,143.0,384.0,316.0,386.0,65.0,322.0,190.0
2020-06-26,55.0,55.0,179.0,41.0,100.0,240.0,27.0,89.0,86.0,939,88.0,377.0,125.0,90.0,233.0,731.0,104.0,38.0,50.0,327.0,188.0,377.0,42.0,137.0,107.0,193.0,348.0,262.0,442.0,91.0,334.0,147.0
2020-06-27,14.0,14.0,110.0,45.0,53.0,179.0,17.0,44.0,38.0,384,58.0,208.0,146.0,45.0,155.0,337.0,71.0,16.0,45.0,213.0,140.0,207.0,23.0,64.0,95.0,97.0,214.0,201.0,227.0,28.0,190.0,98.0
2020-06-28,10.0,10.0,63.0,33.0,50.0,108.0,11.0,47.0,23.0,343,38.0,123.0,177.0,42.0,120.0,321.0,31.0,19.0,25.0,177.0,80.0,144.0,25.0,66.0,43.0,87.0,198.0,150.0,170.0,49.0,197.0,72.0
2020-06-29,41.0,41.0,207.0,66.0,75.0,342.0,22.0,71.0,81.0,983,59.0,411.0,251.0,97.0,206.0,870.0,173.0,54.0,61.0,401.0,197.0,369.0,62.0,175.0,137.0,181.0,408.0,394.0,489.0,88.0,357.0,192.0
2020-06-30,36.0,36.0,202.0,58.0,92.0,290.0,23.0,55.0,95.0,942,86.0,427.0,254.0,83.0,238.0,659.0,169.0,35.0,57.0,381.0,183.0,367.0,55.0,151.0,142.0,180.0,487.0,409.0,384.0,95.0,379.0,161.0
2020-07-01,79.0,79.0,186.0,72.0,71.0,317.0,35.0,67.0,111.0,1028,116.0,417.0,261.0,110.0,218.0,857.0,120.0,42.0,63.0,433.0,227.0,354.0,49.0,128.0,149.0,200.0,445.0,408.0,434.0,81.0,401.0,172.0
2020-07-02,77.0,77.0,194.0,71.0,95.0,254.0,18.0,54.0,97.0,888,63.0,427.0,300.0,93.0,226.0,693.0,122.0,42.0,53.0,353.0,219.0,292.0,63.0,155.0,155.0,156.0,471.0,420.0,373.0,105.0,358.0,164.0
2020-07-03,72.0,72.0,167.0,63.0,61.0,332.0,34.0,63.0,82.0,953,70.0,431.0,272.0,78.0,226.0,714.0,129.0,37.0,60.0,354.0,211.0,286.0,33.0,130.0,171.0,166.0,466.0,344.0,391.0,93.0,387.0,196.0
2020-07-04,11.0,11.0,73.0,56.0,33.0,203.0,13.0,42.0,38.0,395,25.0,226.0,192.0,41.0,149.0,373.0,43.0,15.0,43.0,241.0,172.0,194.0,26.0,76.0,78.0,102.0,225.0,152.0,214.0,30.0,185.0,71.0
2020-07-05,9.0,9.0,100.0,49.0,38.0,149.0,15.0,23.0,43.0,253,21.0,139.0,158.0,33.0,106.0,293.0,33.0,12.0,18.0,201.0,61.0,143.0,36.0,60.0,58.0,91.0,276.0,140.0,193.0,50.0,208.0,74.0
2020-07-06,95.0,95.0,216.0,89.0,80.0,322.0,33.0,41.0,92.0,1009,74.0,486.0,155.0,103.0,251.0,746.0,141.0,45.0,78.0,538.0,266.0,344.0,54.0,194.0,210.0,159.0,583.0,338.0,435.0,74.0,398.0,177.0
2020-07-07,116.0,116.0,213.0,112.0,95.0,361.0,36.0,46.0,93.0,964,70.0,523.0,154.0,88.0,254.0,646.0,134.0,40.0,65.0,504.0,240.0,361.0,76.0,162.0,196.0,194.0,546.0,385.0,468.0,101.0,450.0,188.0
2020-07-08,50.0,50.0,215.0,91.0,96.0,301.0,33.0,35.0,106.0,963,78.0,507.0,116.0,90.0,225.0,674.0,124.0,31.0,43.0,456.0,207.0,360.0,61.0,174.0,206.0,178.0,507.0,399.0,417.0,61.0,409.0,188.0
2020-07-09,40.0,40.0,166.0,127.0,99.0,304.0,36.0,32.0,82.0,760,105.0,518.0,141.0,76.0,213.0,516.0,117.0,39.0,59.0,494.0,171.0,363.0,67.0,171.0,232.0,167.0,441.0,428.0,403.0,85.0,382.0,189.0
2020-07-10,84.0,84.0,132.0,117.0,109.0,282.0,60.0,42.0,133.0,885,72.0,458.0,138.0,91.0,246.0,720.0,118.0,45.0,79.0,456.0,205.0,335.0,59.0,154.0,273.0,171.0,426.0,348.0,336.0,80.0,333.0,186.0
2020-07-11,18.0,18.0,62.0,37.0,54.0,117.0,28.0,21.0,62.0,425,31.0,192.0,41.0,49.0,155.0,288.0,74.0,17.0,42.0,323.0,123.0,193.0,50.0,88.0,177.0,99.0,269.0,216.0,238.0,42.0,247.0,94.0
2020-07-12,28.0,28.0,78.0,50.0,62.0,86.0,23.0,28.0,35.0,272,26.0,172.0,130.0,50.0,128.0,259.0,47.0,22.0,31.0,244.0,67.0,175.0,32.0,78.0,106.0,102.0,213.0,199.0,145.0,34.0,228.0,94.0
2020-07-13,88.0,88.0,170.0,128.0,123.0,396.0,58.0,88.0,130.0,1083,105.0,575.0,169.0,122.0,307.0,764.0,149.0,56.0,75.0,587.0,179.0,444.0,85.0,194.0,352.0,196.0,614.0,442.0,435.0,74.0,480.0,214.0
2020-07-14,75.0,75.0,180.0,120.0,77.0,367.0,59.0,106.0,102.0,938,89.0,564.0,166.0,109.0,320.0,647.0,145.0,43.0,53.0,589.0,210.0,439.0,60.0,188.0,355.0,187.0,493.0,458.0,510.0,103.0,455.0,197.0
2020-07-15,91.0,91.0,185.0,133.0,118.0,299.0,49.0,51.0,116.0,1234,86.0,627.0,136.0,110.0,276.0,776.0,138.0,40.0,64.0,582.0,159.0,433.0,94.0,151.0,422.0,173.0,460.0,456.0,479.0,102.0,543.0,204.0
2020-07-16,80.0,80.0,161.0,116.0,115.0,307.0,72.0,58.0,109.0,1150,85.0,559.0,171.0,117.0,274.0,651.0,128.0,44.0,66.0,563.0,186.0,414.0,73.0,149.0,366.0,137.0,394.0,410.0,485.0,100.0,417.0,212.0
2020-07-17,78.0,78.0,145.0,90.0,100.0,301.0,53.0,42.0,101.0,1196,91.0,447.0,123.0,109.0,278.0,684.0,163.0,43.0,60.0,519.0,180.0,412.0,81.0,139.0,409.0,153.0,416.0,449.0,433.0,101.0,402.0,194.0
2020-07-18,18.0,18.0,87.0,64.0,46.0,163.0,41.0,21.0,53.0,673,34.0,236.0,115.0,73.0,182.0,336.0,89.0,16.0,52.0,249.0,119.0,208.0,47.0,72.0,217.0,79.0,211.0,236.0,272.0,54.0,254.0,94.0
2020-07-19,13.0,13.0,95.0,39.0,51.0,105.0,35.0,68.0,43.0,277,17.0,156.0,129.0,57.0,116.0,311.0,52.0,18.0,39.0,194.0,71.0,181.0,33.0,68.0,245.0,61.0,193.0,208.0,227.0,57.0,228.0,86.0
2020-07-20,63.0,63.0,167.0,156.0,117.0,307.0,63.0,53.0,117.0,1167,102.0,502.0,241.0,183.0,336.0,854.0,191.0,51.0,79.0,572.0,201.0,497.0,81.0,181.0,420.0,148.0,418.0,451.0,448.0,99.0,519.0,262.0
2020-07-21,74.0,74.0,142.0,109.0,107.0,328.0,65.0,36.0,111.0,1174,112.0,657.0,146.0,149.0,313.0,848.0,177.0,41.0,73.0,587.0,178.0,378.0,75.0,153.0,410.0,145.0,292.0,466.0,418.0,82.0,491.0,237.0
2020-07-22,56.0,56.0,143.0,115.0,88.0,305.0,79.0,50.0,134.0,1218,94.0,566.0,150.0,131.0,278.0,790.0,168.0,39.0,85.0,517.0,179.0,389.0,76.0,175.0,387.0,130.0,292.0,397.0,399.0,86.0,433.0,259.0
2020-07-23,68.0,68.0,124.0,142.0,86.0,323.0,72.0,28.0,131.0,1128,88.0,537.0,222.0,135.0,229.0,629.0,204.0,44.0,68.0,612.0,161.0,374.0,70.0,151.0,400.0,140.0,327.0,431.0,361.0,78.0,411.0,242.0
2020-07-24,71.0,71.0,139.0,107.0,85.0,346.0,66.0,52.0,110.0,1081,67.0,513.0,199.0,131.0,223.0,654.0,187.0,37.0,81.0,547.0,169.0,349.0,58.0,154.0,401.0,131.0,358.0,432.0,400.0,94.0,442.0,258.0
2020-07-25,22.0,22.0,81.0,66.0,36.0,186.0,37.0,18.0,54.0,568,22.0,233.0,101.0,76.0,132.0,307.0,82.0,21.0,31.0,274.0,123.0,247.0,47.0,65.0,246.0,74.0,188.0,214.0,248.0,39.0,217.0,98.0
2020-07-26,20.0,20.0,64.0,39.0,24.0,112.0,41.0,26.0,54.0,272,39.0,187.0,92.0,73.0,137.0,226.0,70.0,22.0,31.0,135.0,58.0,125.0,40.0,60.0,145.0,79.0,191.0,202.0,98.0,42.0,246.0,93.0
2020-07-27,69.0,69.0,151.0,175.0,71.0,440.0,50.0,48.0,105.0,1074,106.0,608.0,201.0,135.0,335.0,757.0,211.0,58.0,84.0,226.0,175.0,451.0,84.0,186.0,401.0,203.0,405.0,469.0,314.0,112.0,472.0,273.0
2020-07-28,63.0,63.0,135.0,155.0,83.0,388.0,70.0,42.0,118.0,1084,101.0,642.0,184.0,134.0,245.0,653.0,241.0,51.0,60.0,364.0,151.0,345.0,86.0,146.0,409.0,158.0,442.0,397.0,323.0,90.0,380.0,334.0
2020-07-29,57.0,57.0,126.0,116.0,71.0,329.0,54.0,33.0,117.0,1097,90.0,489.0,142.0,121.0,243.0,704.0,212.0,49.0,51.0,293.0,171.0,348.0,83.0,156.0,372.0,152.0,422.0,406.0,351.0,92.0,356.0,297.0
2020-07-30,57.0,57.0,133.0,155.0,67.0,337.0,63.0,21.0,123.0,1067,78.0,548.0,197.0,137.0,228.0,640.0,183.0,57.0,54.0,355.0,139.0,360.0,78.0,122.0,300.0,140.0,435.0,341.0,271.0,85.0,327.0,374.0
2020-07-31,70.0,70.0,155.0,100.0,61.0,252.0,44.0,40.0,89.0,951,86.0,439.0,169.0,133.0,202.0,617.0,184.0,51.0,64.0,341.0,147.0,259.0,79.0,127.0,349.0,106.0,358.0,349.0,211.0,75.0,317.0,234.0
2020-08-01,31.0,31.0,72.0,66.0,38.0,230.0,26.0,23.0,73.0,554,39.0,171.0,130.0,77.0,147.0,321.0,85.0,21.0,38.0,126.0,80.0,152.0,49.0,66.0,206.0,79.0,174.0,181.0,187.0,44.0,175.0,124.0
2020-08-02,19.0,19.0,65.0,41.0,32.0,73.0,33.0,18.0,42.0,274,18.0,151.0,65.0,81.0,113.0,240.0,55.0,18.0,28.0,108.0,39.0,110.0,33.0,71.0,126.0,54.0,132.0,125.0,84.0,21.0,173.0,82.0
2020-08-03,72.0,72.0,151.0,161.0,53.0,340.0,76.0,30.0,108.0,880,109.0,539.0,186.0,151.0,269.0,757.0,205.0,44.0,68.0,373.0,144.0,317.0,96.0,137.0,369.0,169.0,384.0,279.0,322.0,79.0,364.0,210.0
2020-08-04,65.0,65.0,148.0,146.0,66.0,413.0,73.0,39.0,125.0,1045,79.0,454.0,223.0,138.0,244.0,681.0,192.0,54.0,65.0,411.0,175.0,299.0,91.0,127.0,330.0,132.0,354.0,259.0,291.0,81.0,309.0,193.0
2020-08-05,49.0,49.0,120.0,152.0,51.0,357.0,65.0,47.0,114.0,1033,87.0,383.0,222.0,162.0,279.0,722.0,199.0,33.0,60.0,381.0,147.0,308.0,73.0,111.0,351.0,120.0,389.0,278.0,246.0,76.0,297.0,182.0
2020-08-06,42.0,42.0,113.0,123.0,47.0,364.0,69.0,35.0,101.0,928,104.0,364.0,162.0,136.0,251.0,583.0,203.0,50.0,50.0,355.0,115.0,331.0,105.0,107.0,341.0,127.0,326.0,288.0,268.0,63.0,259.0,170.0
2020-08-07,41.0,41.0,113.0,109.0,27.0,347.0,58.0,18.0,114.0,1006,67.0,434.0,141.0,143.0,249.0,621.0,212.0,48.0,50.0,407.0,100.0,268.0,85.0,99.0,294.0,114.0,315.0,250.0,304.0,61.0,284.0,162.0
2020-08-08,22.0,22.0,64.0,82.0,17.0,211.0,33.0,12.0,75.0,481,26.0,186.0,65.0,102.0,128.0,279.0,96.0,15.0,44.0,211.0,104.0,177.0,43.0,40.0,181.0,72.0,219.0,111.0,215.0,34.0,127.0,118.0
2020-08-09,20.0,20.0,46.0,43.0,16.0,86.0,35.0,16.0,44.0,203,22.0,113.0,43.0,71.0,122.0,220.0,71.0,21.0,38.0,164.0,29.0,104.0,36.0,54.0,113.0,62.0,152.0,89.0,118.0,19.0,118.0,96.0
2020-08-10,82.0,82.0,179.0,141.0,42.0,391.0,70.0,29.0,96.0,905,99.0,439.0,180.0,128.0,271.0,743.0,265.0,58.0,69.0,384.0,131.0,297.0,122.0,142.0,306.0,137.0,315.0,258.0,319.0,85.0,325.0,154.0
2020-08-11,48.0,48.0,119.0,121.0,29.0,387.0,71.0,21.0,130.0,1049,125.0,446.0,134.0,139.0,238.0,584.0,263.0,57.0,56.0,371.0,111.0,294.0,92.0,92.0,258.0,119.0,276.0,256.0,336.0,58.0,249.0,180.0
2020-08-12,67.0,67.0,113.0,126.0,38.0,293.0,79.0,19.0,98.0,1042,92.0,438.0,107.0,135.0,240.0,638.0,218.0,46.0,73.0,372.0,124.0,266.0,96.0,99.0,279.0,122.0,259.0,196.0,234.0,66.0,259.0,132.0
2020-08-13,56.0,56.0,111.0,142.0,38.0,309.0,72.0,35.0,120.0,1019,101.0,454.0,151.0,152.0,242.0,618.0,169.0,48.0,69.0,402.0,135.0,249.0,70.0,75.0,257.0,127.0,245.0,216.0,235.0,73.0,249.0,149.0
2020-08-14,54.0,54.0,100.0,130.0,14.0,309.0,80.0,21.0,115.0,1051,92.0,397.0,114.0,128.0,209.0,567.0,216.0,46.0,55.0,354.0,122.0,233.0,103.0,76.0,272.0,117.0,295.0,214.0,229.0,48.0,203.0,179.0
2020-08-15,11.0,11.0,41.0,55.0,12.0,216.0,41.0,9.0,60.0,485,17.0,170.0,81.0,79.0,122.0,285.0,93.0,22.0,39.0,204.0,94.0,135.0,64.0,47.0,147.0,59.0,105.0,111.0,126.0,34.0,127.0,101.0
2020-08-16,35.0,35.0,49.0,47.0,14.0,137.0,42.0,11.0,40.0,198,19.0,110.0,47.0,72.0,117.0,181.0,69.0,11.0,25.0,161.0,34.0,86.0,52.0,55.0,156.0,43.0,87.0,84.0,87.0,18.0,111.0,93.0
2020-08-17,99.0,99.0,169.0,142.0,31.0,291.0,73.0,27.0,106.0,1020,119.0,368.0,140.0,112.0,312.0,676.0,291.0,57.0,55.0,429.0,123.0,256.0,100.0,108.0,323.0,138.0,287.0,200.0,244.0,75.0,276.0,175.0
2020-08-18,80.0,80.0,128.0,138.0,44.0,296.0,62.0,22.0,103.0,1201,117.0,364.0,126.0,104.0,258.0,636.0,249.0,52.0,59.0,389.0,137.0,229.0,85.0,73.0,291.0,133.0,293.0,196.0,233.0,55.0,255.0,223.0
2020-08-19,69.0,69.0,123.0,96.0,34.0,317.0,75.0,21.0,116.0,1145,72.0,443.0,141.0,123.0,228.0,507.0,230.0,32.0,50.0,422.0,94.0,215.0,121.0,66.0,282.0,141.0,232.0,251.0,165.0,44.0,218.0,138.0
2020-08-20,64.0,64.0,137.0,36.0,25.0,301.0,83.0,29.0,114.0,985,104.0,425.0,106.0,140.0,237.0,525.0,248.0,52.0,35.0,397.0,94.0,192.0,93.0,77.0,265.0,124.0,264.0,167.0,192.0,76.0,174.0,175.0
2020-08-21,56.0,56.0,99.0,78.0,62.0,397.0,70.0,36.0,105.0,1099,102.0,480.0,90.0,127.0,206.0,618.0,214.0,27.0,47.0,330.0,109.0,194.0,91.0,83.0,289.0,114.0,255.0,190.0,261.0,61.0,174.0,150.0
2020-08-22,31.0,31.0,46.0,75.0,14.0,157.0,45.0,14.0,57.0,520,35.0,161.0,65.0,73.0,126.0,250.0,85.0,18.0,31.0,232.0,82.0,141.0,53.0,27.0,162.0,53.0,193.0,82.0,94.0,32.0,97.0,63.0
2020-08-23,36.0,36.0,46.0,49.0,11.0,107.0,45.0,9.0,41.0,291,26.0,152.0,61.0,71.0,111.0,218.0,71.0,8.0,22.0,147.0,29.0,81.0,30.0,39.0,101.0,56.0,72.0,81.0,67.0,18.0,105.0,110.0
2020-08-24,87.0,87.0,150.0,142.0,33.0,317.0,78.0,14.0,123.0,1104,135.0,517.0,124.0,163.0,272.0,638.0,301.0,52.0,86.0,429.0,153.0,266.0,136.0,120.0,319.0,117.0,264.0,148.0,186.0,88.0,257.0,185.0
2020-08-25,76.0,76.0,110.0,99.0,30.0,278.0,84.0,23.0,141.0,1096,107.0,423.0,145.0,141.0,264.0,647.0,243.0,48.0,52.0,547.0,101.0,223.0,136.0,74.0,269.0,132.0,274.0,189.0,161.0,70.0,235.0,168.0
2020-08-26,78.0,78.0,94.0,106.0,21.0,334.0,70.0,16.0,181.0,1465,118.0,472.0,101.0,120.0,285.0,543.0,238.0,43.0,55.0,540.0,101.0,213.0,140.0,85.0,275.0,141.0,291.0,203.0,187.0,67.0,228.0,139.0
2020-08-27,49.0,49.0,114.0,121.0,27.0,271.0,58.0,11.0,128.0,1280,106.0,441.0,122.0,112.0,244.0,633.0,221.0,43.0,39.0,536.0,125.0,200.0,115.0,78.0,200.0,113.0,186.0,220.0,168.0,37.0,194.0,251.0
2020-08-28,65.0,65.0,110.0,68.0,45.0,256.0,61.0,8.0,103.0,1307,112.0,435.0,132.0,103.0,245.0,584.0,234.0,41.0,31.0,484.0,71.0,206.0,106.0,65.0,210.0,108.0,218.0,207.0,181.0,50.0,175.0,221.0
2020-08-29,44.0,44.0,40.0,52.0,8.0,127.0,34.0,5.0,67.0,748,21.0,207.0,42.0,72.0,91.0,238.0,91.0,17.0,21.0,244.0,76.0,88.0,84.0,30.0,113.0,66.0,132.0,110.0,78.0,21.0,111.0,49.0
2020-08-30,33.0,33.0,38.0,64.0,6.0,54.0,31.0,7.0,47.0,265,27.0,157.0,41.0,65.0,117.0,175.0,84.0,9.0,25.0,163.0,23.0,99.0,61.0,48.0,116.0,62.0,54.0,81.0,91.0,20.0,102.0,48.0
2020-08-31,99.0,99.0,194.0,129.0,33.0,234.0,81.0,18.0,137.0,1074,139.0,570.0,147.0,118.0,329.0,710.0,306.0,56.0,46.0,428.0,103.0,206.0,144.0,95.0,289.0,138.0,242.0,187.0,250.0,47.0,255.0,173.0
2020-09-01,67.0,67.0,186.0,115.0,17.0,237.0,53.0,21.0,179.0,1456,142.0,472.0,158.0,100.0,254.0,633.0,307.0,34.0,61.0,490.0,126.0,194.0,161.0,79.0,245.0,144.0,244.0,208.0,252.0,38.0,250.0,141.0
2020-09-02,67.0,67.0,158.0,134.0,28.0,202.0,47.0,12.0,146.0,1501,173.0,383.0,174.0,117.0,274.0,667.0,248.0,31.0,38.0,460.0,90.0,179.0,109.0,67.0,275.0,166.0,156.0,184.0,247.0,40.0,255.0,169.0
2020-09-03,75.0,75.0,164.0,113.0,24.0,186.0,37.0,14.0,118.0,1382,108.0,401.0,154.0,90.0,273.0,586.0,267.0,32.0,48.0,471.0,127.0,176.0,111.0,51.0,219.0,88.0,130.0,119.0,245.0,48.0,202.0,165.0
2020-09-04,45.0,45.0,125.0,104.0,17.0,191.0,43.0,15.0,94.0,1260,112.0,424.0,165.0,90.0,225.0,590.0,215.0,32.0,30.0,416.0,97.0,167.0,123.0,53.0,202.0,124.0,197.0,148.0,228.0,54.0,201.0,148.0
2020-09-05,21.0,21.0,65.0,58.0,3.0,96.0,23.0,9.0,53.0,674,26.0,124.0,62.0,45.0,101.0,261.0,106.0,18.0,20.0,180.0,102.0,112.0,57.0,28.0,84.0,41.0,92.0,73.0,119.0,45.0,90.0,66.0
2020-09-06,26.0,26.0,38.0,39.0,7.0,96.0,22.0,7.0,43.0,265,35.0,141.0,81.0,47.0,110.0,183.0,87.0,6.0,21.0,135.0,26.0,71.0,45.0,27.0,61.0,49.0,56.0,79.0,67.0,26.0,90.0,73.0
2020-09-07,76.0,76.0,161.0,135.0,18.0,196.0,52.0,19.0,141.0,1009,126.0,416.0,230.0,105.0,343.0,694.0,259.0,35.0,58.0,441.0,136.0,178.0,112.0,83.0,234.0,118.0,174.0,155.0,225.0,39.0,199.0,185.0
2020-09-08,54.0,54.0,127.0,126.0,12.0,199.0,47.0,15.0,123.0,1397,110.0,455.0,181.0,78.0,295.0,680.0,254.0,37.0,44.0,529.0,133.0,156.0,112.0,70.0,200.0,113.0,214.0,134.0,211.0,40.0,224.0,183.0
2020-09-09,63.0,63.0,115.0,103.0,11.0,163.0,31.0,18.0,129.0,1342,108.0,391.0,162.0,113.0,278.0,573.0,239.0,34.0,39.0,450.0,151.0,177.0,107.0,48.0,184.0,97.0,207.0,82.0,184.0,27.0,212.0,149.0
2020-09-10,56.0,56.0,109.0,83.0,10.0,153.0,42.0,26.0,109.0,1240,101.0,425.0,159.0,81.0,239.0,636.0,261.0,39.0,32.0,330.0,124.0,173.0,67.0,46.0,184.0,98.0,143.0,123.0,162.0,31.0,177.0,145.0
2020-09-11,47.0,47.0,112.0,93.0,32.0,137.0,48.0,10.0,116.0,1215,117.0,409.0,184.0,103.0,226.0,583.0,183.0,21.0,28.0,341.0,82.0,126.0,91.0,30.0,204.0,113.0,129.0,124.0,167.0,27.0,185.0,135.0
2020-09-12,18.0,18.0,39.0,65.0,11.0,73.0,21.0,9.0,59.0,750,19.0,132.0,88.0,48.0,95.0,252.0,77.0,6.0,12.0,177.0,166.0,73.0,36.0,18.0,66.0,54.0,75.0,93.0,77.0,19.0,81.0,68.0
2020-09-13,15.0,15.0,33.0,28.0,7.0,70.0,27.0,4.0,22.0,243,23.0,121.0,77.0,50.0,126.0,193.0,73.0,13.0,29.0,126.0,35.0,51.0,42.0,15.0,69.0,38.0,63.0,86.0,41.0,19.0,85.0,58.0
2020-09-14,71.0,71.0,117.0,99.0,14.0,187.0,50.0,18.0,126.0,1006,98.0,499.0,205.0,107.0,328.0,671.0,249.0,43.0,47.0,498.0,135.0,181.0,105.0,67.0,248.0,137.0,217.0,149.0,170.0,55.0,207.0,98.0
2020-09-15,22.0,22.0,53.0,91.0,3.0,122.0,47.0,13.0,123.0,799,77.0,261.0,193.0,74.0,187.0,430.0,215.0,27.0,22.0,306.0,147.0,121.0,72.0,41.0,137.0,57.0,137.0,134.0,143.0,36.0,77.0,117.0
2020-09-16,31.0,31.0,34.0,55.0,4.0,100.0,24.0,3.0,76.0,239,15.0,155.0,69.0,60.0,118.0,194.0,90.0,12.0,19.0,211.0,123.0,75.0,32.0,25.0,69.0,34.0,92.0,51.0,57.0,11.0,92.0,37.0
2020-09-17,86.0,86.0,126.0,89.0,10.0,198.0,45.0,20.0,115.0,1309,108.0,309.0,190.0,93.0,331.0,688.0,235.0,39.0,50.0,540.0,158.0,174.0,86.0,57.0,188.0,118.0,177.0,158.0,155.0,56.0,240.0,159.0
2020-09-18,54.0,54.0,104.0,114.0,41.0,151.0,65.0,14.0,159.0,1180,119.0,302.0,158.0,92.0,251.0,632.0,177.0,26.0,42.0,439.0,89.0,138.0,75.0,56.0,209.0,120.0,145.0,135.0,139.0,24.0,177.0,119.0
2020-09-19,37.0,37.0,40.0,64.0,3.0,87.0,39.0,9.0,63.0,666,21.0,110.0,88.0,44.0,120.0,221.0,80.0,12.0,26.0,228.0,116.0,82.0,57.0,35.0,94.0,65.0,94.0,66.0,66.0,20.0,69.0,67.0
2020-09-20,39.0,39.0,38.0,19.0,6.0,47.0,36.0,4.0,66.0,273,31.0,85.0,49.0,35.0,104.0,222.0,55.0,15.0,21.0,172.0,32.0,56.0,44.0,31.0,64.0,27.0,33.0,54.0,50.0,14.0,80.0,46.0
2020-09-21,77.0,77.0,98.0,107.0,22.0,212.0,58.0,22.0,183.0,1000,151.0,291.0,191.0,122.0,339.0,680.0,235.0,42.0,45.0,535.0,169.0,183.0,118.0,77.0,227.0,129.0,167.0,125.0,192.0,38.0,273.0,140.0
2020-09-22,70.0,70.0,105.0,84.0,6.0,182.0,76.0,14.0,153.0,1272,108.0,277.0,196.0,111.0,342.0,553.0,206.0,36.0,43.0,517.0,153.0,173.0,108.0,70.0,219.0,124.0,204.0,130.0,186.0,46.0,178.0,141.0
2020-09-23,76.0,76.0,107.0,84.0,14.0,175.0,57.0,13.0,146.0,1234,109.0,208.0,209.0,85.0,307.0,625.0,217.0,29.0,34.0,468.0,142.0,126.0,117.0,55.0,202.0,110.0,190.0,144.0,121.0,48.0,174.0,139.0
2020-09-24,76.0,76.0,79.0,82.0,15.0,168.0,73.0,16.0,119.0,1186,96.0,260.0,156.0,83.0,300.0,514.0,187.0,24.0,45.0,465.0,97.0,122.0,95.0,56.0,144.0,88.0,157.0,119.0,128.0,28.0,179.0,161.0
2020-09-25,48.0,48.0,81.0,92.0,17.0,164.0,45.0,5.0,151.0,1171,109.0,219.0,125.0,82.0,295.0,608.0,189.0,32.0,20.0,413.0,111.0,148.0,89.0,64.0,167.0,82.0,151.0,109.0,152.0,21.0,141.0,107.0
2020-09-26,26.0,26.0,28.0,57.0,9.0,125.0,37.0,9.0,57.0,766,15.0,83.0,64.0,52.0,94.0,226.0,75.0,10.0,15.0,213.0,110.0,83.0,51.0,33.0,80.0,35.0,76.0,48.0,66.0,6.0,58.0,31.0
2020-09-27,25.0,25.0,29.0,19.0,5.0,64.0,25.0,12.0,58.0,318,22.0,76.0,63.0,25.0,104.0,166.0,59.0,2.0,14.0,153.0,44.0,65.0,40.0,26.0,57.0,42.0,44.0,69.0,53.0,9.0,72.0,55.0
2020-09-28,98.0,98.0,113.0,94.0,16.0,192.0,75.0,17.0,195.0,1147,121.0,321.0,176.0,90.0,301.0,595.0,231.0,32.0,40.0,601.0,184.0,157.0,124.0,100.0,179.0,134.0,208.0,144.0,170.0,28.0,214.0,126.0
2020-09-29,95.0,95.0,100.0,98.0,14.0,244.0,70.0,15.0,220.0,1243,112.0,246.0,194.0,85.0,358.0,541.0,213.0,41.0,39.0,482.0,161.0,98.0,111.0,54.0,130.0,110.0,212.0,120.0,164.0,38.0,132.0,111.0
2020-09-30,88.0,88.0,129.0,79.0,13.0,221.0,74.0,11.0,201.0,1231,128.0,280.0,167.0,81.0,306.0,523.0,148.0,24.0,24.0,384.0,115.0,111.0,116.0,60.0,165.0,96.0,180.0,94.0,133.0,34.0,148.0,113.0
2020-10-01,54.0,54.0,109.0,84.0,14.0,196.0,54.0,16.0,204.0,1192,114.0,274.0,115.0,77.0,255.0,530.0,161.0,48.0,37.0,387.0,132.0,128.0,128.0,61.0,129.0,91.0,179.0,59.0,113.0,22.0,135.0,107.0
2020-10-02,64.0,64.0,84.0,71.0,20.0,200.0,55.0,12.0,244.0,1069,119.0,304.0,117.0,76.0,234.0,427.0,143.0,31.0,24.0,364.0,107.0,147.0,110.0,59.0,172.0,95.0,175.0,69.0,84.0,22.0,120.0,95.0
2020-10-03,17.0,17.0,49.0,43.0,0.0,127.0,35.0,5.0,109.0,560,16.0,59.0,57.0,50.0,115.0,198.0,87.0,13.0,10.0,233.0,105.0,48.0,59.0,20.0,79.0,42.0,58.0,49.0,69.0,14.0,65.0,28.0
2020-10-04,41.0,41.0,31.0,27.0,5.0,106.0,21.0,3.0,85.0,241,23.0,62.0,55.0,47.0,84.0,155.0,40.0,11.0,16.0,154.0,60.0,55.0,45.0,19.0,68.0,24.0,52.0,46.0,33.0,5.0,53.0,44.0
2020-10-05,94.0,94.0,142.0,100.0,18.0,258.0,57.0,14.0,355.0,1047,162.0,207.0,176.0,83.0,270.0,435.0,166.0,65.0,35.0,581.0,131.0,147.0,123.0,85.0,208.0,110.0,218.0,82.0,147.0,16.0,188.0,130.0
2020-10-06,86.0,86.0,138.0,82.0,7.0,322.0,64.0,11.0,352.0,1233,146.0,213.0,133.0,89.0,274.0,404.0,177.0,48.0,20.0,551.0,156.0,126.0,113.0,57.0,216.0,130.0,185.0,107.0,129.0,22.0,160.0,102.0
2020-10-07,71.0,71.0,131.0,69.0,13.0,246.0,56.0,8.0,352.0,1247,203.0,269.0,151.0,106.0,300.0,435.0,148.0,45.0,25.0,578.0,148.0,137.0,118.0,20.0,210.0,91.0,141.0,60.0,126.0,20.0,130.0,26.0
2020-10-08,80.0,80.0,91.0,89.0,7.0,236.0,72.0,9.0,408.0,1202,180.0,274.0,126.0,79.0,228.0,391.0,132.0,45.0,25.0,478.0,125.0,106.0,131.0,49.0,191.0,100.0,131.0,90.0,102.0,24.0,135.0,74.0
2020-10-09,67.0,67.0,75.0,94.0,19.0,250.0,75.0,8.0,448.0,1210,175.0,278.0,102.0,68.0,243.0,370.0,119.0,25.0,34.0,503.0,132.0,127.0,162.0,59.0,233.0,98.0,108.0,110.0,98.0,26.0,146.0,100.0
2020-10-10,20.0,20.0,44.0,49.0,2.0,159.0,32.0,8.0,328.0,557,29.0,92.0,51.0,39.0,96.0,212.0,73.0,21.0,15.0,290.0,135.0,71.0,82.0,27.0,157.0,53.0,72.0,60.0,62.0,18.0,48.0,46.0
2020-10-11,55.0,55.0,37.0,22.0,1.0,107.0,28.0,4.0,182.0,311,36.0,86.0,38.0,48.0,120.0,155.0,49.0,15.0,17.0,202.0,57.0,45.0,75.0,26.0,92.0,47.0,55.0,53.0,36.0,11.0,61.0,53.0
2020-10-12,107.0,107.0,132.0,111.0,13.0,319.0,49.0,18.0,432.0,1257,287.0,313.0,134.0,99.0,320.0,472.0,217.0,54.0,29.0,700.0,124.0,171.0,200.0,49.0,239.0,131.0,143.0,106.0,124.0,31.0,177.0,139.0
2020-10-13,93.0,93.0,135.0,94.0,13.0,385.0,56.0,8.0,688.0,1382,213.0,301.0,108.0,88.0,303.0,470.0,185.0,37.0,32.0,605.0,149.0,126.0,208.0,58.0,303.0,124.0,191.0,86.0,152.0,44.0,144.0,175.0
2020-10-14,100.0,100.0,135.0,76.0,13.0,276.0,50.0,8.0,756.0,1230,199.0,282.0,137.0,105.0,314.0,422.0,136.0,49.0,22.0,503.0,138.0,138.0,192.0,50.0,228.0,113.0,174.0,96.0,106.0,31.0,146.0,109.0
2020-10-15,90.0,90.0,127.0,96.0,12.0,300.0,46.0,17.0,633.0,1350,261.0,294.0,113.0,119.0,283.0,439.0,144.0,30.0,27.0,510.0,113.0,158.0,220.0,46.0,219.0,95.0,166.0,68.0,98.0,14.0,127.0,112.0
2020-10-16,82.0,82.0,91.0,117.0,22.0,280.0,74.0,6.0,642.0,1528,224.0,309.0,79.0,98.0,269.0,441.0,158.0,45.0,26.0,534.0,131.0,144.0,204.0,46.0,204.0,107.0,138.0,84.0,107.0,30.0,107.0,133.0
2020-10-17,33.0,33.0,50.0,57.0,6.0,176.0,36.0,3.0,455.0,680,61.0,109.0,27.0,54.0,142.0,219.0,59.0,14.0,16.0,296.0,77.0,79.0,112.0,19.0,102.0,63.0,70.0,42.0,56.0,17.0,50.0,76.0
2020-10-18,48.0,48.0,51.0,23.0,2.0,164.0,27.0,1.0,261.0,338,53.0,105.0,26.0,68.0,123.0,183.0,45.0,12.0,12.0,190.0,38.0,56.0,91.0,12.0,103.0,35.0,76.0,40.0,41.0,15.0,45.0,34.0
2020-10-19,148.0,148.0,155.0,114.0,18.0,407.0,43.0,16.0,782.0,1876,332.0,391.0,117.0,131.0,404.0,519.0,183.0,31.0,35.0,550.0,127.0,190.0,295.0,45.0,280.0,116.0,211.0,71.0,144.0,26.0,183.0,132.0
2020-10-20,94.0,94.0,144.0,92.0,10.0,432.0,49.0,4.0,916.0,1993,326.0,452.0,94.0,115.0,348.0,552.0,216.0,39.0,32.0,515.0,112.0,157.0,233.0,55.0,323.0,119.0,159.0,73.0,218.0,35.0,112.0,196.0
2020-10-21,114.0,114.0,147.0,102.0,5.0,414.0,39.0,7.0,641.0,1753,352.0,428.0,88.0,118.0,324.0,437.0,144.0,39.0,21.0,560.0,133.0,143.0,179.0,31.0,243.0,104.0,166.0,73.0,154.0,27.0,83.0,163.0
2020-10-22,120.0,120.0,135.0,81.0,16.0,430.0,36.0,10.0,641.0,1784,338.0,384.0,94.0,103.0,275.0,509.0,146.0,35.0,15.0,431.0,112.0,147.0,226.0,38.0,218.0,120.0,184.0,77.0,128.0,29.0,120.0,142.0
2020-10-23,122.0,122.0,153.0,97.0,10.0,409.0,36.0,6.0,574.0,1894,300.0,409.0,60.0,110.0,232.0,510.0,109.0,34.0,10.0,503.0,102.0,173.0,200.0,30.0,238.0,127.0,160.0,79.0,138.0,32.0,101.0,109.0
2020-10-24,56.0,56.0,46.0,58.0,2.0,233.0,21.0,3.0,334.0,789,96.0,159.0,30.0,81.0,124.0,180.0,54.0,18.0,8.0,267.0,94.0,96.0,142.0,23.0,138.0,44.0,50.0,36.0,83.0,19.0,46.0,53.0
2020-10-25,42.0,42.0,42.0,21.0,4.0,169.0,16.0,5.0,281.0,330,85.0,125.0,36.0,64.0,100.0,186.0,48.0,8.0,12.0,182.0,65.0,70.0,108.0,19.0,95.0,47.0,52.0,36.0,73.0,10.0,33.0,43.0
2020-10-26,197.0,197.0,165.0,112.0,31.0,391.0,39.0,8.0,721.0,1990,382.0,546.0,90.0,147.0,369.0,560.0,164.0,43.0,23.0,530.0,113.0,166.0,269.0,37.0,214.0,130.0,231.0,84.0,184.0,34.0,152.0,104.0
2020-10-27,185.0,185.0,125.0,95.0,14.0,383.0,52.0,9.0,627.0,1928,431.0,569.0,61.0,109.0,299.0,551.0,162.0,41.0,31.0,486.0,141.0,152.0,236.0,43.0,253.0,124.0,144.0,114.0,174.0,27.0,119.0,35.0
2020-10-28,160.0,160.0,120.0,87.0,18.0,341.0,38.0,5.0,496.0,1953,343.0,440.0,47.0,120.0,308.0,521.0,148.0,24.0,21.0,444.0,82.0,145.0,210.0,53.0,206.0,108.0,130.0,111.0,100.0,28.0,117.0,86.0
2020-10-29,173.0,173.0,88.0,85.0,7.0,372.0,35.0,8.0,484.0,1708,312.0,423.0,71.0,136.0,272.0,542.0,141.0,25.0,12.0,466.0,102.0,169.0,217.0,24.0,230.0,71.0,118.0,78.0,98.0,24.0,95.0,100.0
2020-10-30,160.0,160.0,95.0,66.0,19.0,319.0,34.0,3.0,509.0,1545,278.0,401.0,59.0,105.0,240.0,513.0,121.0,20.0,14.0,441.0,98.0,149.0,196.0,46.0,161.0,77.0,150.0,21.0,105.0,22.0,89.0,71.0
2020-10-31,61.0,61.0,51.0,35.0,1.0,173.0,19.0,1.0,253.0,703,74.0,141.0,30.0,50.0,157.0,205.0,45.0,13.0,8.0,222.0,56.0,73.0,164.0,23.0,114.0,33.0,43.0,38.0,51.0,15.0,31.0,43.0
2020-11-01,50.0,50.0,46.0,25.0,0.0,103.0,18.0,1.0,261.0,313,61.0,137.0,19.0,58.0,95.0,185.0,38.0,12.0,9.0,165.0,33.0,46.0,106.0,13.0,80.0,30.0,41.0,33.0,38.0,26.0,41.0,30.0
2020-11-02,198.0,198.0,148.0,86.0,9.0,324.0,30.0,4.0,386.0,673,261.0,255.0,30.0,101.0,290.0,356.0,101.0,43.0,22.0,490.0,49.0,115.0,267.0,35.0,156.0,82.0,139.0,42.0,109.0,33.0,107.0,64.0
2020-11-03,207.0,207.0,131.0,69.0,5.0,411.0,29.0,4.0,481.0,2171,343.0,486.0,87.0,133.0,324.0,602.0,144.0,46.0,25.0,555.0,149.0,180.0,250.0,41.0,196.0,84.0,220.0,103.0,135.0,36.0,119.0,87.0
2020-11-04,186.0,186.0,149.0,82.0,20.0,355.0,34.0,3.0,502.0,2006,385.0,477.0,56.0,118.0,284.0,524.0,164.0,34.0,17.0,541.0,117.0,145.0,281.0,32.0,226.0,107.0,178.0,104.0,116.0,29.0,81.0,73.0
2020-11-05,164.0,164.0,99.0,72.0,7.0,346.0,30.0,4.0,463.0,1966,308.0,500.0,68.0,135.0,276.0,484.0,136.0,42.0,25.0,593.0,89.0,141.0,299.0,25.0,236.0,117.0,226.0,113.0,129.0,23.0,123.0,69.0
2020-11-06,177.0,177.0,118.0,58.0,5.0,362.0,24.0,4.0,370.0,1775,266.0,476.0,48.0,93.0,268.0,510.0,108.0,38.0,17.0,780.0,106.0,159.0,283.0,31.0,189.0,73.0,151.0,82.0,111.0,40.0,91.0,81.0
2020-11-07,50.0,50.0,65.0,29.0,6.0,206.0,19.0,2.0,185.0,832,78.0,190.0,31.0,61.0,95.0,265.0,46.0,20.0,14.0,415.0,73.0,92.0,174.0,16.0,135.0,39.0,69.0,50.0,62.0,20.0,46.0,39.0
2020-11-08,69.0,69.0,53.0,25.0,5.0,145.0,13.0,2.0,162.0,358,76.0,179.0,22.0,78.0,92.0,238.0,52.0,13.0,11.0,288.0,29.0,50.0,200.0,17.0,59.0,34.0,85.0,30.0,69.0,19.0,35.0,44.0
2020-11-09,268.0,268.0,154.0,114.0,12.0,411.0,30.0,7.0,402.0,2420,351.0,551.0,80.0,147.0,333.0,667.0,155.0,59.0,18.0,708.0,158.0,187.0,297.0,30.0,311.0,120.0,227.0,138.0,173.0,39.0,145.0,70.0
2020-11-10,219.0,219.0,108.0,85.0,8.0,497.0,32.0,10.0,402.0,2343,319.0,602.0,62.0,156.0,312.0,688.0,166.0,70.0,28.0,726.0,141.0,158.0,329.0,36.0,281.0,101.0,226.0,109.0,150.0,44.0,142.0,120.0
2020-11-11,194.0,194.0,129.0,77.0,12.0,455.0,29.0,16.0,374.0,2144,292.0,602.0,71.0,121.0,321.0,689.0,130.0,50.0,18.0,617.0,123.0,202.0,365.0,27.0,248.0,107.0,253.0,101.0,121.0,35.0,108.0,78.0
2020-11-12,197.0,197.0,99.0,93.0,12.0,394.0,10.0,19.0,460.0,2033,314.0,567.0,68.0,127.0,282.0,590.0,142.0,41.0,14.0,619.0,119.0,197.0,322.0,24.0,307.0,83.0,223.0,124.0,111.0,42.0,111.0,152.0
2020-11-13,157.0,157.0,98.0,65.0,19.0,346.0,12.0,4.0,338.0,2033,283.0,588.0,45.0,118.0,296.0,555.0,133.0,45.0,19.0,629.0,105.0,162.0,265.0,35.0,228.0,73.0,192.0,129.0,129.0,45.0,90.0,71.0
2020-11-14,56.0,56.0,71.0,31.0,3.0,216.0,3.0,3.0,189.0,935,140.0,290.0,25.0,65.0,133.0,304.0,47.0,17.0,8.0,371.0,77.0,109.0,185.0,15.0,133.0,45.0,79.0,58.0,70.0,35.0,42.0,47.0
2020-11-15,49.0,49.0,61.0,21.0,6.0,124.0,7.0,1.0,117.0,442,47.0,146.0,16.0,74.0,112.0,222.0,33.0,16.0,5.0,289.0,75.0,73.0,225.0,12.0,94.0,25.0,62.0,33.0,57.0,15.0,45.0,38.0
2020-11-16,81.0,81.0,75.0,31.0,5.0,188.0,6.0,5.0,192.0,459,133.0,244.0,34.0,101.0,184.0,278.0,68.0,13.0,7.0,270.0,76.0,81.0,134.0,13.0,111.0,33.0,126.0,40.0,86.0,33.0,46.0,34.0
2020-11-17,280.0,280.0,195.0,85.0,12.0,390.0,30.0,16.0,388.0,2521,391.0,770.0,68.0,169.0,357.0,781.0,185.0,56.0,20.0,602.0,126.0,241.0,328.0,31.0,284.0,118.0,292.0,138.0,225.0,71.0,143.0,87.0
2020-11-18,244.0,244.0,235.0,92.0,22.0,382.0,35.0,16.0,310.0,2174,324.0,684.0,64.0,128.0,379.0,718.0,145.0,52.0,17.0,515.0,111.0,186.0,348.0,44.0,270.0,99.0,254.0,114.0,222.0,68.0,92.0,115.0
2020-11-19,216.0,216.0,222.0,91.0,4.0,312.0,24.0,12.0,303.0,2004,285.0,727.0,49.0,125.0,340.0,613.0,145.0,50.0,17.0,564.0,101.0,220.0,296.0,21.0,276.0,96.0,262.0,123.0,169.0,40.0,103.0,103.0
2020-11-20,192.0,192.0,212.0,72.0,19.0,325.0,14.0,13.0,336.0,2158,299.0,744.0,62.0,135.0,281.0,701.0,102.0,38.0,13.0,579.0,74.0,166.0,364.0,44.0,254.0,105.0,280.0,131.0,172.0,44.0,85.0,120.0
2020-11-21,45.0,45.0,129.0,39.0,2.0,179.0,15.0,1.0,148.0,1245,71.0,300.0,31.0,61.0,155.0,342.0,56.0,21.0,5.0,291.0,69.0,113.0,211.0,14.0,111.0,45.0,111.0,91.0,82.0,22.0,41.0,79.0
2020-11-22,59.0,59.0,107.0,30.0,6.0,118.0,6.0,5.0,93.0,472,77.0,187.0,22.0,84.0,133.0,270.0,50.0,6.0,19.0,185.0,52.0,71.0,202.0,13.0,72.0,20.0,92.0,60.0,73.0,22.0,33.0,61.0
2020-11-23,285.0,285.0,348.0,102.0,25.0,309.0,26.0,15.0,239.0,2878,369.0,838.0,113.0,188.0,448.0,878.0,139.0,70.0,24.0,547.0,118.0,217.0,490.0,57.0,252.0,90.0,403.0,140.0,172.0,31.0,151.0,160.0
2020-11-24,238.0,238.0,318.0,102.0,12.0,342.0,23.0,7.0,255.0,2998,351.0,940.0,87.0,156.0,357.0,879.0,179.0,57.0,33.0,493.0,108.0,228.0,439.0,55.0,331.0,106.0,351.0,144.0,173.0,30.0,114.0,104.0
2020-11-25,193.0,193.0,328.0,87.0,27.0,314.0,20.0,6.0,225.0,2768,232.0,809.0,63.0,184.0,413.0,848.0,151.0,55.0,18.0,527.0,106.0,215.0,389.0,54.0,264.0,64.0,355.0,186.0,147.0,26.0,97.0,132.0
2020-11-26,168.0,168.0,319.0,96.0,22.0,295.0,24.0,11.0,225.0,2849,301.0,870.0,66.0,187.0,385.0,832.0,158.0,58.0,20.0,533.0,95.0,210.0,432.0,50.0,237.0,78.0,319.0,128.0,140.0,25.0,119.0,113.0
2020-11-27,145.0,145.0,277.0,75.0,13.0,324.0,21.0,9.0,170.0,3117,286.0,845.0,111.0,161.0,332.0,908.0,144.0,35.0,21.0,494.0,74.0,233.0,377.0,63.0,229.0,89.0,284.0,162.0,161.0,37.0,124.0,66.0
2020-11-28,46.0,46.0,121.0,46.0,3.0,129.0,14.0,4.0,91.0,1669,42.0,351.0,26.0,66.0,199.0,455.0,72.0,29.0,12.0,316.0,80.0,160.0,244.0,16.0,136.0,36.0,127.0,90.0,80.0,22.0,53.0,53.0
2020-11-29,55.0,55.0,113.0,32.0,1.0,123.0,15.0,4.0,76.0,608,77.0,244.0,24.0,67.0,121.0,300.0,49.0,31.0,8.0,160.0,30.0,73.0,229.0,15.0,77.0,30.0,104.0,98.0,65.0,16.0,49.0,35.0
2020-11-30,226.0,226.0,337.0,115.0,19.0,290.0,24.0,15.0,178.0,3781,268.0,792.0,78.0,178.0,399.0,1006.0,177.0,79.0,22.0,540.0,164.0,242.0,415.0,56.0,253.0,98.0,340.0,187.0,154.0,48.0,165.0,95.0
2020-12-01,203.0,203.0,397.0,124.0,15.0,342.0,22.0,21.0,172.0,4083,247.0,952.0,83.0,156.0,421.0,1109.0,191.0,89.0,21.0,500.0,136.0,270.0,406.0,64.0,255.0,103.0,386.0,174.0,132.0,46.0,94.0,102.0
2020-12-02,158.0,158.0,304.0,108.0,17.0,280.0,26.0,17.0,127.0,4402,233.0,837.0,70.0,182.0,432.0,1151.0,193.0,65.0,29.0,423.0,156.0,284.0,449.0,59.0,216.0,76.0,373.0,199.0,129.0,39.0,110.0,114.0
2020-12-03,137.0,137.0,292.0,90.0,14.0,325.0,26.0,19.0,115.0,4460,198.0,813.0,70.0,206.0,378.0,1186.0,136.0,70.0,29.0,412.0,145.0,262.0,416.0,59.0,207.0,80.0,335.0,192.0,148.0,32.0,78.0,110.0
2020-12-04,115.0,115.0,267.0,100.0,19.0,299.0,16.0,23.0,101.0,4654,169.0,713.0,54.0,174.0,319.0,1250.0,147.0,42.0,16.0,376.0,130.0,249.0,352.0,43.0,198.0,95.0,305.0,165.0,125.0,40.0,91.0,78.0
2020-12-05,40.0,40.0,163.0,46.0,6.0,120.0,16.0,7.0,60.0,2812,20.0,265.0,48.0,84.0,150.0,633.0,48.0,28.0,12.0,226.0,90.0,174.0,263.0,21.0,107.0,26.0,187.0,103.0,55.0,32.0,39.0,41.0
2020-12-06,47.0,47.0,114.0,22.0,2.0,87.0,11.0,4.0,43.0,787,27.0,204.0,39.0,110.0,134.0,390.0,51.0,20.0,11.0,125.0,54.0,84.0,228.0,19.0,69.0,13.0,180.0,94.0,53.0,12.0,44.0,42.0
2020-12-07,148.0,148.0,355.0,111.0,18.0,270.0,25.0,21.0,107.0,5355,190.0,871.0,110.0,195.0,397.0,1593.0,189.0,68.0,25.0,507.0,164.0,284.0,394.0,59.0,189.0,96.0,473.0,256.0,157.0,89.0,119.0,88.0
2020-12-08,136.0,136.0,379.0,119.0,12.0,331.0,22.0,22.0,135.0,5094,193.0,918.0,87.0,215.0,357.0,1601.0,176.0,98.0,14.0,605.0,129.0,241.0,407.0,44.0,270.0,79.0,388.0,291.0,169.0,49.0,129.0,100.0
2020-12-09,114.0,114.0,332.0,100.0,21.0,277.0,25.0,21.0,134.0,5081,150.0,862.0,80.0,194.0,381.0,1428.0,147.0,85.0,27.0,584.0,150.0,318.0,385.0,47.0,192.0,64.0,436.0,323.0,142.0,47.0,113.0,87.0
2020-12-10,101.0,101.0,322.0,140.0,5.0,302.0,21.0,27.0,104.0,5314,146.0,931.0,94.0,223.0,351.0,1414.0,171.0,95.0,20.0,582.0,124.0,267.0,443.0,36.0,184.0,80.0,340.0,279.0,165.0,67.0,135.0,83.0
2020-12-11,95.0,95.0,318.0,116.0,27.0,248.0,17.0,26.0,76.0,5173,144.0,687.0,82.0,178.0,364.0,1439.0,174.0,67.0,23.0,614.0,190.0,292.0,519.0,70.0,219.0,95.0,385.0,258.0,175.0,64.0,102.0,100.0
2020-12-12,26.0,26.0,159.0,75.0,9.0,148.0,16.0,4.0,60.0,2925,32.0,351.0,56.0,122.0,234.0,831.0,74.0,30.0,11.0,377.0,113.0,189.0,218.0,23.0,95.0,38.0,213.0,173.0,99.0,34.0,60.0,48.0
2020-12-13,27.0,27.0,142.0,27.0,3.0,92.0,16.0,15.0,41.0,715,30.0,212.0,52.0,102.0,143.0,395.0,51.0,22.0,8.0,264.0,34.0,106.0,214.0,22.0,69.0,30.0,138.0,174.0,87.0,25.0,49.0,50.0
2020-12-14,118.0,118.0,361.0,153.0,36.0,329.0,24.0,34.0,102.0,5455,183.0,993.0,149.0,239.0,447.0,1726.0,233.0,86.0,32.0,726.0,185.0,314.0,471.0,68.0,250.0,118.0,455.0,278.0,219.0,108.0,172.0,174.0
2020-12-15,117.0,117.0,351.0,152.0,18.0,337.0,8.0,20.0,100.0,5492,170.0,879.0,112.0,248.0,372.0,1714.0,237.0,86.0,28.0,697.0,169.0,325.0,385.0,82.0,273.0,101.0,453.0,273.0,240.0,109.0,167.0,136.0
2020-12-16,94.0,94.0,333.0,129.0,31.0,337.0,30.0,29.0,122.0,5220,144.0,750.0,103.0,197.0,438.0,1629.0,198.0,74.0,14.0,625.0,171.0,385.0,442.0,56.0,210.0,96.0,418.0,293.0,239.0,104.0,165.0,120.0
2020-12-17,105.0,105.0,314.0,138.0,16.0,345.0,24.0,30.0,104.0,5200,141.0,692.0,115.0,210.0,408.0,1526.0,195.0,78.0,18.0,552.0,184.0,306.0,407.0,60.0,226.0,70.0,389.0,262.0,192.0,75.0,129.0,96.0
2020-12-18,100.0,100.0,240.0,120.0,24.0,239.0,16.0,22.0,81.0,5631,132.0,634.0,93.0,212.0,333.0,1515.0,174.0,85.0,28.0,474.0,165.0,324.0,332.0,53.0,194.0,90.0,360.0,262.0,221.0,102.0,113.0,90.0
2020-12-19,32.0,32.0,123.0,67.0,2.0,151.0,18.0,13.0,43.0,2982,20.0,307.0,23.0,97.0,155.0,698.0,76.0,40.0,11.0,283.0,144.0,220.0,174.0,28.0,102.0,44.0,242.0,161.0,119.0,49.0,63.0,46.0
2020-12-20,29.0,29.0,142.0,26.0,6.0,128.0,15.0,10.0,61.0,823,20.0,293.0,32.0,112.0,189.0,431.0,65.0,40.0,11.0,232.0,73.0,166.0,161.0,24.0,86.0,32.0,165.0,151.0,83.0,47.0,54.0,31.0
2020-12-21,132.0,132.0,407.0,134.0,21.0,305.0,30.0,34.0,72.0,5581,138.0,817.0,107.0,224.0,500.0,1687.0,253.0,109.0,32.0,709.0,230.0,436.0,434.0,83.0,292.0,120.0,475.0,310.0,267.0,117.0,179.0,100.0
2020-12-22,114.0,114.0,318.0,141.0,9.0,351.0,27.0,26.0,107.0,5426,151.0,833.0,90.0,206.0,399.0,1684.0,228.0,121.0,20.0,690.0,203.0,394.0,333.0,82.0,237.0,90.0,438.0,322.0,260.0,109.0,160.0,117.0
2020-12-23,81.0,81.0,255.0,126.0,28.0,310.0,29.0,28.0,103.0,5243,121.0,647.0,90.0,174.0,353.0,1569.0,183.0,121.0,20.0,564.0,251.0,351.0,481.0,45.0,251.0,78.0,388.0,301.0,223.0,96.0,154.0,70.0
2020-12-24,47.0,47.0,174.0,107.0,21.0,211.0,28.0,16.0,59.0,4534,63.0,436.0,85.0,153.0,333.0,1395.0,152.0,76.0,21.0,489.0,175.0,343.0,305.0,40.0,149.0,68.0,225.0,269.0,164.0,71.0,107.0,81.0
2020-12-25,12.0,12.0,93.0,17.0,5.0,55.0,12.0,5.0,41.0,615,8.0,156.0,20.0,84.0,167.0,438.0,79.0,31.0,11.0,186.0,58.0,114.0,174.0,15.0,41.0,8.0,100.0,25.0,49.0,31.0,42.0,30.0
2020-12-26,36.0,36.0,142.0,92.0,11.0,147.0,26.0,19.0,60.0,1970,24.0,303.0,44.0,93.0,240.0,602.0,75.0,61.0,18.0,347.0,197.0,237.0,192.0,57.0,111.0,35.0,276.0,187.0,117.0,65.0,70.0,45.0
2020-12-27,40.0,40.0,135.0,43.0,3.0,150.0,24.0,12.0,33.0,1053,23.0,292.0,31.0,115.0,253.0,504.0,90.0,69.0,19.0,287.0,83.0,198.0,213.0,35.0,105.0,41.0,205.0,49.0,98.0,37.0,76.0,42.0
2020-12-28,127.0,127.0,372.0,185.0,32.0,328.0,38.0,17.0,100.0,6136,142.0,899.0,197.0,229.0,577.0,1955.0,332.0,180.0,47.0,808.0,279.0,488.0,545.0,63.0,220.0,108.0,563.0,370.0,245.0,125.0,261.0,108.0
2020-12-29,124.0,124.0,327.0,211.0,13.0,358.0,41.0,24.0,93.0,6219,174.0,887.0,152.0,230.0,552.0,1821.0,304.0,202.0,36.0,829.0,250.0,459.0,517.0,84.0,267.0,127.0,505.0,348.0,308.0,139.0,232.0,107.0
2020-12-30,103.0,103.0,237.0,214.0,18.0,315.0,31.0,28.0,75.0,5657,133.0,831.0,116.0,253.0,507.0,1700.0,293.0,243.0,37.0,747.0,262.0,484.0,418.0,90.0,245.0,107.0,484.0,282.0,267.0,134.0,193.0,98.0
2020-12-31,57.0,57.0,193.0,149.0,16.0,275.0,36.0,18.0,49.0,4926,83.0,601.0,114.0,175.0,374.0,1363.0,242.0,170.0,29.0,716.0,182.0,350.0,347.0,59.0,178.0,81.0,342.0,248.0,216.0,119.0,162.0,111.0
2021-01-01,27.0,27.0,118.0,35.0,6.0,76.0,19.0,10.0,52.0,715,9.0,187.0,40.0,111.0,203.0,487.0,89.0,54.0,17.0,171.0,54.0,177.0,205.0,24.0,81.0,32.0,132.0,37.0,90.0,42.0,60.0,36.0
2021-01-02,54.0,54.0,126.0,119.0,5.0,182.0,16.0,19.0,56.0,1897,22.0,306.0,46.0,128.0,319.0,634.0,146.0,217.0,26.0,540.0,246.0,341.0,236.0,49.0,158.0,85.0,251.0,232.0,137.0,96.0,131.0,71.0
2021-01-03,41.0,41.0,132.0,49.0,5.0,176.0,50.0,17.0,53.0,1145,17.0,304.0,60.0,157.0,290.0,561.0,118.0,224.0,25.0,408.0,110.0,236.0,241.0,50.0,128.0,55.0,193.0,63.0,105.0,66.0,119.0,45.0
2021-01-04,131.0,131.0,372.0,211.0,40.0,432.0,38.0,35.0,123.0,6835,164.0,884.0,183.0,344.0,709.0,1970.0,339.0,235.0,79.0,1189.0,350.0,567.0,652.0,100.0,327.0,157.0,527.0,389.0,346.0,173.0,331.0,137.0
2021-01-05,142.0,142.0,392.0,277.0,29.0,400.0,41.0,41.0,113.0,6754,180.0,1069.0,188.0,328.0,753.0,1951.0,393.0,243.0,59.0,1169.0,347.0,598.0,479.0,144.0,390.0,156.0,515.0,394.0,313.0,201.0,335.0,183.0
2021-01-06,134.0,134.0,332.0,267.0,32.0,402.0,43.0,45.0,132.0,6679,150.0,1085.0,188.0,286.0,857.0,1913.0,373.0,286.0,57.0,929.0,341.0,659.0,628.0,106.0,393.0,169.0,391.0,345.0,392.0,153.0,314.0,147.0
2021-01-07,156.0,156.0,345.0,271.0,22.0,487.0,69.0,58.0,135.0,6818,181.0,958.0,187.0,397.0,770.0,1983.0,298.0,303.0,59.0,1052.0,332.0,572.0,666.0,119.0,385.0,177.0,402.0,367.0,391.0,164.0,279.0,148.0
2021-01-08,149.0,149.0,295.0,256.0,40.0,445.0,73.0,49.0,113.0,6738,150.0,989.0,203.0,309.0,923.0,1914.0,282.0,323.0,69.0,1023.0,321.0,681.0,608.0,116.0,445.0,185.0,358.0,387.0,397.0,138.0,299.0,150.0
2021-01-09,59.0,59.0,119.0,109.0,10.0,163.0,38.0,23.0,56.0,3943,28.0,425.0,100.0,187.0,384.0,819.0,109.0,261.0,51.0,523.0,245.0,478.0,289.0,59.0,243.0,102.0,190.0,212.0,194.0,109.0,166.0,69.0
2021-01-10,45.0,45.0,104.0,62.0,6.0,130.0,43.0,26.0,47.0,1353,31.0,386.0,87.0,152.0,354.0,576.0,89.0,76.0,41.0,337.0,121.0,346.0,237.0,43.0,178.0,61.0,176.0,62.0,152.0,53.0,181.0,56.0
2021-01-11,237.0,237.0,370.0,254.0,31.0,368.0,77.0,69.0,121.0,7464,166.0,1263.0,358.0,336.0,1092.0,2271.0,344.0,374.0,97.0,1003.0,390.0,694.0,694.0,112.0,505.0,215.0,495.0,456.0,320.0,217.0,337.0,118.0
2021-01-12,187.0,187.0,290.0,250.0,24.0,452.0,60.0,55.0,131.0,6933,221.0,1227.0,323.0,304.0,841.0,2065.0,404.0,307.0,92.0,1000.0,263.0,732.0,660.0,174.0,437.0,211.0,329.0,346.0,395.0,178.0,318.0,136.0
2021-01-13,156.0,156.0,291.0,216.0,44.0,368.0,63.0,46.0,125.0,6878,149.0,1168.0,233.0,333.0,882.0,2124.0,362.0,255.0,97.0,879.0,296.0,611.0,635.0,113.0,442.0,192.0,313.0,323.0,358.0,163.0,283.0,103.0
2021-01-14,139.0,139.0,260.0,226.0,29.0,378.0,48.0,42.0,92.0,6636,165.0,1221.0,256.0,323.0,702.0,2095.0,279.0,418.0,88.0,961.0,250.0,631.0,665.0,95.0,433.0,163.0,328.0,326.0,319.0,163.0,354.0,117.0
2021-01-15,164.0,164.0,250.0,183.0,31.0,398.0,52.0,42.0,90.0,6337,129.0,1174.0,247.0,259.0,753.0,1940.0,247.0,382.0,72.0,1005.0,297.0,585.0,518.0,97.0,428.0,201.0,271.0,312.0,303.0,156.0,321.0,146.0
2021-01-16,48.0,48.0,91.0,111.0,11.0,146.0,41.0,15.0,60.0,3748,34.0,441.0,93.0,149.0,336.0,848.0,121.0,300.0,63.0,498.0,191.0,443.0,317.0,41.0,270.0,100.0,184.0,175.0,185.0,80.0,200.0,45.0
2021-01-17,51.0,51.0,82.0,68.0,9.0,170.0,32.0,29.0,44.0,1145,26.0,315.0,87.0,119.0,313.0,622.0,137.0,62.0,44.0,357.0,98.0,264.0,262.0,39.0,226.0,76.0,151.0,44.0,120.0,65.0,175.0,54.0
2021-01-18,210.0,210.0,313.0,233.0,29.0,422.0,62.0,52.0,161.0,6656,145.0,1125.0,298.0,269.0,860.0,2197.0,360.0,387.0,86.0,1092.0,280.0,697.0,822.0,91.0,523.0,223.0,471.0,443.0,375.0,186.0,352.0,97.0
2021-01-19,226.0,226.0,210.0,265.0,29.0,460.0,74.0,34.0,132.0,6468,158.0,1101.0,312.0,269.0,759.0,2132.0,327.0,423.0,108.0,1138.0,356.0,646.0,674.0,115.0,564.0,184.0,299.0,355.0,380.0,154.0,353.0,153.0
2021-01-20,192.0,192.0,211.0,231.0,33.0,382.0,88.0,42.0,122.0,5774,137.0,1026.0,293.0,257.0,755.0,2012.0,298.0,547.0,112.0,908.0,261.0,534.0,657.0,100.0,566.0,186.0,286.0,314.0,325.0,184.0,313.0,174.0
2021-01-21,187.0,187.0,218.0,219.0,29.0,403.0,74.0,35.0,116.0,5567,131.0,1009.0,265.0,261.0,694.0,1984.0,274.0,450.0,111.0,859.0,248.0,574.0,661.0,119.0,510.0,188.0,319.0,328.0,313.0,141.0,332.0,127.0
2021-01-22,161.0,161.0,205.0,260.0,37.0,368.0,67.0,35.0,95.0,5592,127.0,848.0,202.0,263.0,604.0,1900.0,270.0,466.0,97.0,916.0,229.0,566.0,634.0,129.0,486.0,205.0,279.0,350.0,350.0,137.0,336.0,126.0
2021-01-23,70.0,70.0,86.0,115.0,16.0,140.0,28.0,10.0,56.0,3111,33.0,437.0,88.0,126.0,306.0,859.0,122.0,467.0,59.0,453.0,138.0,390.0,282.0,110.0,261.0,80.0,167.0,239.0,158.0,77.0,180.0,66.0
2021-01-24,53.0,53.0,66.0,53.0,12.0,123.0,37.0,16.0,40.0,1090,26.0,292.0,77.0,161.0,293.0,486.0,110.0,52.0,36.0,284.0,114.0,269.0,199.0,37.0,171.0,82.0,92.0,74.0,116.0,62.0,137.0,58.0
2021-01-25,207.0,207.0,188.0,284.0,43.0,371.0,61.0,44.0,140.0,5867,159.0,993.0,315.0,289.0,772.0,2089.0,345.0,712.0,101.0,953.0,274.0,582.0,637.0,129.0,572.0,212.0,334.0,417.0,357.0,122.0,331.0,142.0
2021-01-26,163.0,163.0,240.0,245.0,33.0,434.0,41.0,50.0,117.0,5888,144.0,952.0,224.0,232.0,647.0,1803.0,294.0,591.0,91.0,921.0,273.0,571.0,636.0,119.0,561.0,184.0,209.0,306.0,315.0,120.0,319.0,148.0
2021-01-27,124.0,124.0,175.0,211.0,34.0,321.0,64.0,45.0,108.0,5078,114.0,735.0,232.0,277.0,616.0,1674.0,208.0,490.0,98.0,773.0,251.0,518.0,558.0,87.0,485.0,178.0,212.0,271.0,256.0,146.0,262.0,148.0
2021-01-28,132.0,132.0,181.0,188.0,23.0,354.0,53.0,46.0,102.0,4679,107.0,848.0,257.0,188.0,529.0,1528.0,229.0,486.0,79.0,742.0,226.0,443.0,533.0,118.0,408.0,151.0,203.0,245.0,271.0,124.0,248.0,152.0
2021-01-29,102.0,102.0,119.0,166.0,48.0,283.0,61.0,56.0,68.0,4291,89.0,780.0,227.0,198.0,462.0,1426.0,174.0,396.0,45.0,558.0,175.0,431.0,382.0,110.0,396.0,140.0,229.0,217.0,187.0,95.0,235.0,112.0
2021-01-30,33.0,33.0,59.0,64.0,7.0,115.0,23.0,31.0,52.0,2410,11.0,344.0,75.0,119.0,205.0,685.0,83.0,440.0,40.0,382.0,139.0,331.0,226.0,63.0,205.0,72.0,113.0,128.0,108.0,54.0,108.0,36.0
2021-01-31,33.0,33.0,50.0,42.0,11.0,78.0,15.0,26.0,39.0,805,29.0,300.0,89.0,108.0,177.0,454.0,76.0,38.0,28.0,188.0,82.0,218.0,201.0,26.0,110.0,58.0,78.0,48.0,87.0,42.0,110.0,35.0
2021-02-01,55.0,55.0,60.0,62.0,7.0,96.0,31.0,24.0,44.0,1162,11.0,368.0,76.0,81.0,258.0,436.0,110.0,44.0,23.0,244.0,138.0,245.0,180.0,37.0,187.0,50.0,111.0,173.0,103.0,68.0,130.0,44.0
2021-02-02,142.0,142.0,168.0,237.0,26.0,284.0,65.0,35.0,119.0,4520,156.0,826.0,264.0,172.0,442.0,1579.0,208.0,520.0,42.0,558.0,218.0,443.0,432.0,96.0,397.0,135.0,256.0,237.0,187.0,124.0,259.0,163.0
2021-02-03,109.0,109.0,141.0,214.0,28.0,221.0,53.0,36.0,96.0,3950,115.0,759.0,166.0,154.0,477.0,1270.0,180.0,435.0,61.0,508.0,218.0,427.0,448.0,77.0,338.0,137.0,204.0,253.0,203.0,113.0,220.0,118.0
2021-02-04,99.0,99.0,124.0,186.0,17.0,217.0,46.0,10.0,80.0,3685,86.0,740.0,228.0,134.0,349.0,1132.0,154.0,447.0,39.0,487.0,203.0,371.0,415.0,75.0,299.0,114.0,176.0,217.0,162.0,123.0,191.0,91.0
2021-02-05,96.0,96.0,102.0,159.0,17.0,218.0,59.0,25.0,82.0,3549,69.0,776.0,175.0,122.0,303.0,1055.0,131.0,426.0,40.0,407.0,203.0,361.0,367.0,73.0,233.0,115.0,186.0,218.0,163.0,130.0,152.0,73.0
2021-02-06,31.0,31.0,42.0,70.0,4.0,59.0,28.0,8.0,46.0,1936,17.0,354.0,69.0,78.0,147.0,526.0,83.0,269.0,29.0,224.0,143.0,253.0,212.0,23.0,146.0,60.0,86.0,118.0,63.0,58.0,88.0,35.0
2021-02-07,35.0,35.0,46.0,44.0,2.0,48.0,19.0,8.0,34.0,548,19.0,272.0,43.0,71.0,131.0,329.0,42.0,44.0,20.0,116.0,63.0,152.0,133.0,17.0,81.0,56.0,47.0,23.0,73.0,72.0,87.0,55.0
2021-02-08,115.0,115.0,146.0,191.0,25.0,249.0,61.0,22.0,119.0,4000,123.0,760.0,178.0,154.0,350.0,1303.0,137.0,416.0,41.0,514.0,231.0,450.0,386.0,68.0,332.0,174.0,164.0,242.0,181.0,99.0,205.0,126.0
2021-02-09,88.0,88.0,100.0,148.0,15.0,210.0,50.0,28.0,91.0,3125,89.0,652.0,135.0,120.0,316.0,1066.0,115.0,181.0,42.0,426.0,175.0,322.0,366.0,62.0,207.0,119.0,154.0,228.0,162.0,81.0,206.0,117.0
2021-02-10,81.0,81.0,92.0,96.0,27.0,158.0,34.0,26.0,75.0,3000,90.0,511.0,127.0,90.0,304.0,989.0,90.0,238.0,37.0,388.0,216.0,303.0,290.0,43.0,176.0,98.0,185.0,199.0,125.0,71.0,147.0,120.0
2021-02-11,89.0,89.0,106.0,126.0,12.0,150.0,27.0,32.0,87.0,2683,62.0,448.0,151.0,109.0,302.0,919.0,91.0,105.0,28.0,282.0,163.0,350.0,280.0,41.0,193.0,110.0,141.0,184.0,143.0,72.0,151.0,98.0
2021-02-12,54.0,54.0,85.0,82.0,19.0,126.0,25.0,26.0,84.0,2955,49.0,459.0,117.0,80.0,278.0,928.0,88.0,79.0,34.0,279.0,170.0,309.0,265.0,31.0,175.0,127.0,109.0,149.0,124.0,95.0,144.0,95.0
2021-02-13,18.0,18.0,32.0,48.0,4.0,43.0,25.0,10.0,34.0,1730,21.0,181.0,32.0,62.0,90.0,424.0,54.0,56.0,19.0,104.0,113.0,167.0,142.0,39.0,120.0,43.0,67.0,71.0,40.0,33.0,84.0,50.0
2021-02-14,21.0,21.0,33.0,32.0,7.0,34.0,15.0,5.0,25.0,518,24.0,154.0,40.0,54.0,95.0,237.0,46.0,33.0,13.0,63.0,57.0,159.0,115.0,20.0,82.0,43.0,37.0,32.0,26.0,36.0,61.0,42.0
2021-02-15,93.0,93.0,97.0,104.0,16.0,89.0,38.0,15.0,62.0,2995,81.0,484.0,139.0,92.0,341.0,1062.0,97.0,242.0,25.0,169.0,189.0,370.0,354.0,65.0,166.0,136.0,126.0,199.0,44.0,72.0,154.0,111.0
2021-02-16,75.0,75.0,61.0,86.0,10.0,138.0,27.0,20.0,112.0,2831,43.0,426.0,133.0,84.0,247.0,1017.0,88.0,287.0,24.0,219.0,172.0,301.0,308.0,68.0,139.0,119.0,109.0,170.0,72.0,59.0,144.0,87.0
2021-02-17,73.0,73.0,50.0,100.0,13.0,104.0,26.0,16.0,88.0,2504,70.0,408.0,97.0,108.0,244.0,876.0,88.0,186.0,27.0,217.0,165.0,259.0,316.0,48.0,158.0,88.0,104.0,155.0,76.0,56.0,135.0,108.0
2021-02-18,84.0,84.0,57.0,114.0,20.0,106.0,24.0,28.0,88.0,2438,52.0,452.0,97.0,92.0,244.0,907.0,94.0,105.0,26.0,194.0,147.0,283.0,320.0,42.0,168.0,96.0,117.0,138.0,73.0,41.0,134.0,112.0
2021-02-19,62.0,62.0,48.0,75.0,14.0,141.0,29.0,15.0,94.0,2444,44.0,426.0,89.0,83.0,210.0,844.0,75.0,207.0,31.0,222.0,140.0,270.0,305.0,54.0,152.0,82.0,106.0,147.0,72.0,53.0,107.0,96.0
2021-02-20,28.0,28.0,32.0,36.0,12.0,48.0,13.0,7.0,45.0,1375,12.0,155.0,40.0,48.0,75.0,391.0,48.0,34.0,11.0,110.0,109.0,183.0,187.0,30.0,71.0,32.0,40.0,65.0,40.0,26.0,54.0,44.0
2021-02-21,20.0,20.0,23.0,12.0,9.0,38.0,13.0,7.0,39.0,495,25.0,115.0,36.0,45.0,77.0,258.0,39.0,34.0,6.0,94.0,60.0,148.0,119.0,18.0,58.0,37.0,45.0,35.0,31.0,20.0,43.0,34.0
2021-02-22,98.0,98.0,80.0,124.0,31.0,122.0,39.0,20.0,158.0,3099,92.0,505.0,130.0,107.0,283.0,1061.0,101.0,215.0,26.0,276.0,217.0,331.0,354.0,65.0,168.0,109.0,127.0,205.0,101.0,72.0,148.0,122.0
2021-02-23,74.0,74.0,61.0,105.0,12.0,116.0,18.0,16.0,97.0,2761,64.0,351.0,100.0,110.0,270.0,883.0,83.0,191.0,33.0,267.0,160.0,344.0,398.0,41.0,157.0,91.0,92.0,141.0,93.0,45.0,125.0,139.0
2021-02-24,80.0,80.0,72.0,79.0,22.0,105.0,27.0,19.0,80.0,2461,56.0,322.0,97.0,104.0,258.0,830.0,71.0,210.0,32.0,234.0,219.0,262.0,315.0,28.0,148.0,78.0,89.0,143.0,108.0,46.0,106.0,102.0
2021-02-25,70.0,70.0,64.0,86.0,14.0,98.0,19.0,13.0,112.0,2438,45.0,368.0,101.0,98.0,226.0,778.0,76.0,204.0,36.0,241.0,153.0,301.0,345.0,41.0,148.0,85.0,78.0,155.0,92.0,52.0,100.0,90.0
2021-02-26,70.0,70.0,64.0,67.0,21.0,99.0,26.0,15.0,114.0,2573,49.0,355.0,100.0,86.0,194.0,828.0,84.0,216.0,18.0,211.0,205.0,295.0,289.0,38.0,128.0,87.0,82.0,117.0,83.0,60.0,107.0,146.0
2021-02-27,15.0,15.0,24.0,33.0,4.0,36.0,12.0,3.0,37.0,1540,12.0,170.0,37.0,51.0,66.0,342.0,54.0,57.0,10.0,94.0,102.0,203.0,161.0,16.0,87.0,41.0,44.0,61.0,38.0,22.0,60.0,53.0
2021-02-28,16.0,16.0,24.0,23.0,8.0,34.0,9.0,4.0,42.0,541,12.0,111.0,41.0,54.0,78.0,283.0,48.0,56.0,7.0,65.0,53.0,147.0,150.0,22.0,35.0,29.0,40.0,21.0,32.0,18.0,56.0,43.0
2021-03-01,95.0,95.0,79.0,92.0,25.0,111.0,17.0,24.0,148.0,3016,82.0,392.0,126.0,125.0,268.0,1109.0,83.0,353.0,25.0,252.0,233.0,358.0,436.0,55.0,214.0,91.0,102.0,214.0,108.0,55.0,154.0,140.0
2021-03-02,76.0,76.0,77.0,70.0,19.0,91.0,17.0,17.0,83.0,2647,60.0,306.0,117.0,101.0,185.0,869.0,93.0,158.0,24.0,206.0,199.0,257.0,297.0,44.0,175.0,76.0,104.0,136.0,100.0,53.0,94.0,126.0
2021-03-03,63.0,63.0,69.0,62.0,19.0,103.0,22.0,28.0,122.0,2503,54.0,264.0,108.0,97.0,199.0,843.0,73.0,109.0,12.0,186.0,149.0,278.0,318.0,33.0,148.0,72.0,91.0,154.0,95.0,51.0,99.0,110.0
2021-03-04,67.0,67.0,68.0,84.0,22.0,91.0,18.0,14.0,96.0,2353,60.0,243.0,104.0,72.0,168.0,713.0,80.0,229.0,16.0,180.0,148.0,280.0,308.0,42.0,123.0,67.0,106.0,143.0,79.0,41.0,113.0,125.0
2021-03-05,54.0,54.0,61.0,60.0,31.0,75.0,12.0,18.0,103.0,2232,42.0,278.0,94.0,88.0,151.0,743.0,81.0,144.0,25.0,176.0,118.0,230.0,296.0,34.0,115.0,79.0,116.0,177.0,69.0,48.0,110.0,97.0
2021-03-06,18.0,18.0,20.0,28.0,8.0,35.0,13.0,4.0,52.0,1278,17.0,122.0,45.0,42.0,53.0,290.0,29.0,61.0,12.0,89.0,90.0,163.0,122.0,19.0,100.0,48.0,66.0,61.0,47.0,24.0,53.0,38.0
2021-03-07,19.0,19.0,24.0,19.0,6.0,27.0,10.0,10.0,38.0,506,17.0,81.0,40.0,45.0,64.0,248.0,34.0,74.0,9.0,64.0,66.0,117.0,124.0,14.0,47.0,35.0,54.0,26.0,31.0,11.0,52.0,40.0
2021-03-08,89.0,89.0,67.0,82.0,29.0,77.0,28.0,24.0,153.0,2483,78.0,287.0,123.0,98.0,178.0,874.0,90.0,293.0,24.0,192.0,155.0,297.0,334.0,37.0,151.0,97.0,111.0,173.0,110.0,56.0,120.0,106.0
2021-03-09,45.0,45.0,58.0,65.0,18.0,71.0,24.0,15.0,117.0,2126,58.0,208.0,103.0,64.0,156.0,765.0,70.0,246.0,19.0,165.0,179.0,260.0,286.0,31.0,106.0,74.0,139.0,155.0,80.0,28.0,96.0,94.0
2021-03-10,66.0,66.0,42.0,51.0,18.0,74.0,15.0,44.0,124.0,1786,49.0,231.0,70.0,77.0,128.0,660.0,59.0,221.0,22.0,157.0,149.0,218.0,332.0,39.0,127.0,80.0,127.0,155.0,82.0,49.0,99.0,106.0
2021-03-11,64.0,64.0,50.0,68.0,14.0,47.0,10.0,24.0,108.0,1887,38.0,247.0,82.0,74.0,127.0,651.0,47.0,170.0,20.0,183.0,148.0,236.0,273.0,34.0,93.0,69.0,103.0,136.0,60.0,69.0,104.0,97.0
2021-03-12,51.0,51.0,27.0,54.0,13.0,54.0,19.0,15.0,91.0,1914,61.0,225.0,86.0,64.0,119.0,645.0,65.0,204.0,18.0,139.0,98.0,261.0,233.0,40.0,124.0,55.0,122.0,131.0,84.0,60.0,76.0,90.0
2021-03-13,10.0,10.0,11.0,27.0,9.0,20.0,7.0,10.0,54.0,1055,8.0,122.0,37.0,32.0,53.0,272.0,24.0,46.0,10.0,57.0,52.0,170.0,137.0,24.0,87.0,39.0,51.0,66.0,32.0,41.0,51.0,42.0
2021-03-14,11.0,11.0,10.0,21.0,3.0,16.0,10.0,10.0,43.0,458,9.0,58.0,26.0,19.0,39.0,162.0,23.0,40.0,15.0,46.0,44.0,105.0,111.0,17.0,36.0,22.0,41.0,26.0,25.0,30.0,45.0,28.0
2021-03-15,18.0,18.0,17.0,17.0,8.0,23.0,14.0,8.0,46.0,553,24.0,114.0,43.0,43.0,54.0,184.0,47.0,71.0,4.0,69.0,90.0,138.0,122.0,35.0,71.0,44.0,43.0,49.0,36.0,41.0,69.0,33.0
2021-03-16,98.0,98.0,49.0,101.0,22.0,58.0,23.0,22.0,148.0,2407,86.0,326.0,83.0,88.0,186.0,882.0,82.0,166.0,23.0,191.0,112.0,267.0,283.0,62.0,124.0,96.0,148.0,168.0,91.0,86.0,123.0,112.0
2021-03-17,45.0,45.0,33.0,66.0,27.0,64.0,16.0,14.0,116.0,1965,65.0,223.0,95.0,68.0,120.0,675.0,73.0,128.0,18.0,134.0,104.0,213.0,235.0,35.0,117.0,85.0,93.0,126.0,68.0,42.0,100.0,108.0
2021-03-18,46.0,46.0,47.0,72.0,11.0,43.0,16.0,20.0,123.0,1848,59.0,212.0,91.0,72.0,124.0,614.0,72.0,126.0,14.0,101.0,118.0,235.0,199.0,42.0,95.0,81.0,94.0,143.0,60.0,46.0,65.0,94.0
2021-03-19,45.0,45.0,20.0,103.0,12.0,35.0,22.0,19.0,123.0,1626,47.0,199.0,85.0,83.0,131.0,601.0,77.0,127.0,13.0,95.0,156.0,209.0,210.0,37.0,96.0,79.0,93.0,128.0,67.0,49.0,74.0,85.0
2021-03-20,74.0,74.0,18.0,32.0,3.0,16.0,8.0,3.0,68.0,963,8.0,81.0,28.0,28.0,50.0,221.0,28.0,51.0,14.0,51.0,80.0,144.0,110.0,30.0,40.0,35.0,52.0,46.0,34.0,24.0,39.0,43.0
2021-03-21,15.0,15.0,11.0,24.0,7.0,11.0,6.0,12.0,56.0,362,16.0,67.0,36.0,28.0,42.0,193.0,27.0,33.0,5.0,27.0,36.0,125.0,94.0,22.0,33.0,29.0,56.0,28.0,15.0,27.0,48.0,38.0
2021-03-22,48.0,48.0,75.0,108.0,13.0,69.0,11.0,14.0,205.0,1991,62.0,305.0,89.0,91.0,150.0,752.0,72.0,156.0,19.0,112.0,94.0,243.0,249.0,63.0,116.0,104.0,121.0,189.0,73.0,83.0,115.0,97.0
2021-03-23,47.0,47.0,54.0,117.0,17.0,82.0,10.0,20.0,170.0,1851,49.0,220.0,89.0,64.0,106.0,651.0,73.0,107.0,10.0,103.0,116.0,205.0,223.0,55.0,87.0,75.0,109.0,131.0,59.0,73.0,109.0,81.0
2021-03-24,33.0,33.0,51.0,75.0,24.0,39.0,12.0,11.0,179.0,1552,55.0,199.0,93.0,70.0,101.0,630.0,82.0,104.0,17.0,71.0,91.0,187.0,177.0,45.0,91.0,79.0,122.0,129.0,63.0,61.0,100.0,81.0
2021-03-25,46.0,46.0,56.0,99.0,21.0,39.0,12.0,13.0,197.0,1539,43.0,243.0,69.0,67.0,111.0,603.0,67.0,80.0,8.0,92.0,113.0,174.0,198.0,35.0,81.0,68.0,106.0,105.0,58.0,61.0,83.0,86.0
2021-03-26,34.0,34.0,40.0,81.0,10.0,70.0,6.0,18.0,175.0,1404,34.0,219.0,58.0,52.0,88.0,521.0,54.0,94.0,5.0,107.0,75.0,182.0,152.0,50.0,84.0,74.0,121.0,128.0,56.0,31.0,60.0,73.0
2021-03-27,66.0,66.0,14.0,55.0,12.0,16.0,8.0,10.0,65.0,921,14.0,61.0,23.0,19.0,50.0,213.0,41.0,40.0,4.0,38.0,65.0,123.0,79.0,28.0,50.0,29.0,40.0,49.0,19.0,13.0,40.0,24.0
2021-03-28,14.0,14.0,9.0,18.0,3.0,24.0,11.0,4.0,47.0,341,17.0,83.0,31.0,26.0,45.0,135.0,23.0,32.0,5.0,31.0,34.0,92.0,53.0,21.0,38.0,26.0,35.0,21.0,23.0,14.0,27.0,27.0
2021-03-29,63.0,63.0,61.0,75.0,33.0,58.0,18.0,17.0,232.0,1671,53.0,233.0,91.0,85.0,135.0,712.0,78.0,121.0,15.0,144.0,116.0,214.0,186.0,39.0,121.0,105.0,139.0,161.0,70.0,40.0,68.0,90.0
2021-03-30,48.0,48.0,42.0,80.0,22.0,55.0,9.0,19.0,198.0,1565,47.0,120.0,91.0,62.0,102.0,566.0,82.0,121.0,13.0,101.0,87.0,190.0,110.0,48.0,85.0,63.0,103.0,163.0,62.0,30.0,65.0,76.0
2021-03-31,41.0,41.0,48.0,74.0,11.0,37.0,5.0,22.0,183.0,1425,25.0,105.0,77.0,51.0,96.0,480.0,89.0,66.0,6.0,100.0,82.0,144.0,179.0,46.0,96.0,80.0,96.0,110.0,58.0,28.0,74.0,72.0
2021-04-01,18.0,18.0,31.0,66.0,9.0,18.0,8.0,12.0,83.0,602,23.0,85.0,49.0,44.0,50.0,183.0,25.0,36.0,10.0,53.0,64.0,128.0,105.0,30.0,59.0,30.0,35.0,58.0,21.0,18.0,41.0,71.0
2021-04-02,10.0,10.0,20.0,30.0,7.0,16.0,9.0,3.0,84.0,458,7.0,67.0,58.0,28.0,52.0,169.0,40.0,51.0,10.0,37.0,37.0,99.0,66.0,26.0,52.0,28.0,52.0,39.0,32.0,42.0,32.0,31.0
2021-04-03,16.0,16.0,11.0,41.0,8.0,16.0,4.0,2.0,123.0,341,16.0,79.0,29.0,25.0,54.0,158.0,22.0,25.0,5.0,47.0,59.0,98.0,78.0,30.0,50.0,30.0,39.0,62.0,38.0,18.0,40.0,41.0
2021-04-04,15.0,15.0,14.0,26.0,11.0,18.0,4.0,6.0,101.0,295,9.0,64.0,25.0,33.0,59.0,144.0,29.0,24.0,10.0,22.0,35.0,98.0,73.0,35.0,26.0,31.0,50.0,62.0,29.0,15.0,28.0,26.0
2021-04-05,70.0,70.0,64.0,120.0,10.0,71.0,17.0,25.0,325.0,1641,92.0,190.0,106.0,94.0,133.0,706.0,121.0,112.0,23.0,130.0,100.0,205.0,241.0,70.0,113.0,96.0,136.0,192.0,86.0,55.0,78.0,104.0
2021-04-06,51.0,51.0,34.0,87.0,12.0,37.0,11.0,19.0,312.0,1430,65.0,130.0,89.0,76.0,149.0,537.0,91.0,90.0,26.0,104.0,86.0,159.0,217.0,61.0,113.0,85.0,95.0,140.0,77.0,55.0,80.0,103.0
2021-04-07,43.0,43.0,43.0,90.0,22.0,37.0,26.0,36.0,301.0,1385,60.0,146.0,60.0,80.0,107.0,453.0,91.0,94.0,19.0,101.0,73.0,166.0,176.0,57.0,118.0,88.0,111.0,134.0,75.0,41.0,81.0,66.0
2021-04-08,33.0,33.0,44.0,70.0,10.0,31.0,17.0,30.0,276.0,1281,58.0,109.0,88.0,55.0,114.0,488.0,72.0,95.0,24.0,116.0,65.0,173.0,161.0,60.0,101.0,72.0,125.0,152.0,56.0,40.0,84.0,96.0
2021-04-09,55.0,55.0,42.0,67.0,12.0,43.0,14.0,25.0,235.0,1302,48.0,108.0,103.0,55.0,117.0,538.0,59.0,59.0,18.0,75.0,52.0,166.0,138.0,68.0,94.0,65.0,112.0,130.0,80.0,20.0,66.0,56.0
2021-04-10,19.0,19.0,19.0,49.0,3.0,10.0,11.0,12.0,90.0,829,25.0,54.0,31.0,48.0,62.0,230.0,38.0,31.0,13.0,35.0,38.0,104.0,84.0,46.0,87.0,41.0,57.0,46.0,29.0,12.0,26.0,30.0
2021-04-11,28.0,28.0,6.0,14.0,7.0,13.0,7.0,7.0,79.0,242,11.0,41.0,24.0,30.0,48.0,146.0,29.0,24.0,12.0,26.0,19.0,77.0,49.0,31.0,33.0,28.0,24.0,38.0,29.0,15.0,30.0,21.0
2021-04-12,61.0,61.0,53.0,103.0,19.0,75.0,19.0,20.0,312.0,1455,57.0,172.0,111.0,70.0,128.0,655.0,90.0,143.0,19.0,121.0,97.0,185.0,166.0,81.0,114.0,87.0,147.0,198.0,86.0,38.0,75.0,87.0
2021-04-13,33.0,33.0,43.0,72.0,15.0,48.0,18.0,18.0,308.0,1299,60.0,112.0,105.0,77.0,97.0,571.0,65.0,61.0,18.0,107.0,71.0,150.0,144.0,61.0,109.0,67.0,106.0,108.0,79.0,34.0,69.0,91.0
2021-04-14,42.0,42.0,44.0,89.0,9.0,31.0,20.0,11.0,277.0,1191,33.0,100.0,76.0,83.0,99.0,445.0,60.0,94.0,18.0,78.0,67.0,146.0,105.0,83.0,82.0,53.0,75.0,174.0,68.0,36.0,64.0,70.0
2021-04-15,44.0,44.0,36.0,73.0,14.0,36.0,25.0,22.0,225.0,1205,59.0,83.0,79.0,52.0,91.0,435.0,64.0,72.0,15.0,91.0,66.0,147.0,117.0,72.0,94.0,39.0,103.0,127.0,81.0,23.0,71.0,77.0
2021-04-16,33.0,33.0,35.0,50.0,13.0,62.0,20.0,16.0,229.0,1008,36.0,56.0,76.0,75.0,88.0,369.0,46.0,103.0,17.0,78.0,51.0,115.0,111.0,67.0,80.0,41.0,82.0,111.0,75.0,35.0,49.0,67.0
2021-04-17,6.0,6.0,7.0,42.0,2.0,21.0,14.0,8.0,76.0,613,15.0,28.0,18.0,36.0,39.0,163.0,26.0,25.0,7.0,37.0,38.0,85.0,44.0,59.0,36.0,22.0,47.0,50.0,22.0,8.0,52.0,26.0
2021-04-18,9.0,9.0,14.0,25.0,3.0,15.0,11.0,8.0,60.0,224,12.0,25.0,34.0,25.0,36.0,113.0,30.0,24.0,6.0,16.0,20.0,65.0,45.0,57.0,24.0,24.0,40.0,30.0,26.0,4.0,26.0,35.0
2021-04-19,47.0,47.0,69.0,90.0,49.0,39.0,16.0,25.0,290.0,1209,56.0,115.0,75.0,78.0,116.0,474.0,71.0,125.0,28.0,82.0,68.0,144.0,143.0,95.0,89.0,72.0,99.0,223.0,95.0,39.0,89.0,85.0
2021-04-20,23.0,23.0,45.0,62.0,6.0,34.0,10.0,10.0,287.0,1089,45.0,84.0,74.0,54.0,103.0,456.0,62.0,108.0,16.0,82.0,38.0,123.0,138.0,85.0,67.0,57.0,80.0,131.0,81.0,32.0,68.0,79.0
2021-04-21,27.0,27.0,27.0,71.0,14.0,30.0,20.0,16.0,259.0,1092,33.0,97.0,59.0,61.0,85.0,396.0,56.0,84.0,11.0,60.0,48.0,132.0,138.0,103.0,85.0,55.0,123.0,175.0,89.0,34.0,59.0,72.0
2021-04-22,34.0,34.0,47.0,63.0,20.0,32.0,13.0,21.0,195.0,912,54.0,87.0,79.0,44.0,76.0,368.0,62.0,112.0,20.0,72.0,56.0,114.0,101.0,72.0,82.0,69.0,81.0,139.0,77.0,24.0,68.0,64.0
2021-04-23,29.0,29.0,41.0,65.0,14.0,29.0,12.0,21.0,198.0,876,32.0,81.0,70.0,45.0,80.0,316.0,52.0,107.0,17.0,102.0,55.0,104.0,110.0,80.0,77.0,51.0,90.0,145.0,56.0,27.0,86.0,81.0
2021-04-24,15.0,15.0,20.0,30.0,6.0,12.0,24.0,9.0,89.0,576,9.0,49.0,31.0,18.0,36.0,174.0,24.0,24.0,7.0,41.0,30.0,67.0,51.0,62.0,48.0,34.0,41.0,79.0,38.0,21.0,34.0,27.0
2021-04-25,19.0,19.0,23.0,26.0,7.0,10.0,21.0,3.0,85.0,184,13.0,35.0,18.0,19.0,30.0,101.0,17.0,26.0,4.0,24.0,24.0,56.0,44.0,44.0,19.0,20.0,39.0,52.0,33.0,5.0,31.0,25.0
2021-04-26,33.0,33.0,70.0,63.0,13.0,36.0,16.0,30.0,298.0,1015,44.0,135.0,81.0,52.0,120.0,476.0,69.0,138.0,21.0,87.0,76.0,127.0,131.0,107.0,79.0,75.0,117.0,171.0,97.0,25.0,64.0,79.0
2021-04-27,33.0,33.0,37.0,70.0,22.0,33.0,26.0,25.0,211.0,981,44.0,88.0,65.0,39.0,83.0,333.0,57.0,147.0,12.0,87.0,50.0,100.0,93.0,122.0,60.0,49.0,87.0,186.0,101.0,25.0,64.0,84.0
2021-04-28,37.0,37.0,39.0,68.0,35.0,34.0,21.0,16.0,185.0,895,26.0,80.0,71.0,38.0,87.0,329.0,59.0,117.0,20.0,73.0,65.0,98.0,94.0,103.0,71.0,44.0,56.0,135.0,80.0,24.0,48.0,101.0
2021-04-29,29.0,29.0,37.0,71.0,30.0,41.0,18.0,12.0,167.0,801,37.0,67.0,74.0,38.0,74.0,350.0,72.0,108.0,15.0,72.0,41.0,88.0,72.0,103.0,60.0,42.0,58.0,121.0,89.0,16.0,43.0,89.0
2021-04-30,23.0,23.0,36.0,51.0,33.0,36.0,24.0,17.0,134.0,758,19.0,47.0,56.0,34.0,54.0,218.0,41.0,132.0,27.0,61.0,58.0,102.0,83.0,113.0,41.0,31.0,60.0,149.0,85.0,13.0,50.0,78.0
2021-05-01,4.0,4.0,12.0,25.0,4.0,14.0,9.0,5.0,70.0,227,8.0,25.0,33.0,13.0,20.0,88.0,22.0,18.0,10.0,23.0,31.0,43.0,13.0,59.0,29.0,10.0,32.0,48.0,32.0,3.0,23.0,30.0
2021-05-02,8.0,8.0,17.0,24.0,9.0,9.0,14.0,5.0,53.0,191,10.0,29.0,21.0,12.0,24.0,75.0,20.0,21.0,15.0,27.0,17.0,40.0,21.0,62.0,25.0,16.0,35.0,46.0,33.0,13.0,15.0,27.0
2021-05-03,28.0,28.0,65.0,72.0,42.0,42.0,24.0,22.0,191.0,812,38.0,67.0,84.0,38.0,100.0,290.0,53.0,114.0,19.0,99.0,51.0,129.0,129.0,141.0,54.0,61.0,78.0,224.0,135.0,23.0,71.0,94.0
2021-05-04,21.0,21.0,46.0,59.0,17.0,41.0,24.0,16.0,178.0,626,33.0,52.0,84.0,24.0,75.0,272.0,61.0,116.0,20.0,89.0,35.0,97.0,89.0,139.0,69.0,46.0,81.0,172.0,120.0,13.0,58.0,91.0
2021-05-05,19.0,19.0,46.0,54.0,14.0,29.0,35.0,21.0,148.0,682,18.0,47.0,72.0,23.0,90.0,227.0,58.0,75.0,17.0,89.0,84.0,79.0,54.0,123.0,57.0,45.0,51.0,79.0,101.0,16.0,45.0,53.0
2021-05-06,35.0,35.0,46.0,63.0,30.0,37.0,28.0,23.0,153.0,606,33.0,90.0,95.0,36.0,86.0,209.0,52.0,97.0,24.0,75.0,53.0,75.0,61.0,114.0,75.0,27.0,67.0,181.0,110.0,14.0,55.0,93.0
2021-05-07,19.0,19.0,66.0,61.0,17.0,27.0,18.0,13.0,113.0,623,28.0,52.0,55.0,32.0,55.0,241.0,56.0,99.0,18.0,97.0,50.0,42.0,47.0,119.0,69.0,34.0,61.0,132.0,103.0,10.0,41.0,67.0
2021-05-08,18.0,18.0,24.0,28.0,8.0,23.0,19.0,3.0,48.0,384,5.0,19.0,33.0,11.0,32.0,66.0,26.0,14.0,5.0,46.0,39.0,54.0,19.0,74.0,38.0,22.0,40.0,59.0,46.0,5.0,31.0,16.0
2021-05-09,11.0,11.0,20.0,24.0,1.0,8.0,17.0,4.0,38.0,91,2.0,27.0,20.0,10.0,30.0,66.0,3.0,16.0,3.0,27.0,15.0,35.0,21.0,71.0,20.0,10.0,30.0,46.0,40.0,3.0,33.0,28.0
2021-05-10,10.0,10.0,44.0,44.0,16.0,19.0,23.0,7.0,97.0,362,11.0,30.0,61.0,9.0,41.0,134.0,31.0,48.0,13.0,57.0,33.0,37.0,37.0,94.0,57.0,28.0,44.0,127.0,101.0,11.0,37.0,44.0
2021-05-11,35.0,35.0,111.0,78.0,21.0,40.0,27.0,25.0,174.0,693,45.0,54.0,91.0,22.0,94.0,334.0,63.0,77.0,16.0,95.0,44.0,66.0,77.0,148.0,58.0,69.0,90.0,163.0,163.0,14.0,64.0,110.0
2021-05-12,17.0,17.0,60.0,53.0,23.0,28.0,29.0,16.0,136.0,620,24.0,50.0,76.0,20.0,63.0,230.0,41.0,72.0,10.0,85.0,40.0,56.0,48.0,177.0,52.0,44.0,83.0,165.0,123.0,5.0,78.0,79.0
2021-05-13,23.0,23.0,66.0,48.0,29.0,34.0,34.0,19.0,106.0,511,35.0,52.0,39.0,13.0,51.0,224.0,38.0,58.0,8.0,78.0,26.0,62.0,40.0,173.0,59.0,40.0,55.0,160.0,113.0,15.0,53.0,85.0
2021-05-14,25.0,25.0,57.0,75.0,16.0,19.0,21.0,17.0,85.0,613,24.0,44.0,44.0,13.0,49.0,255.0,33.0,54.0,20.0,94.0,29.0,60.0,58.0,156.0,52.0,35.0,68.0,153.0,125.0,9.0,63.0,83.0
2021-05-15,4.0,4.0,10.0,23.0,18.0,11.0,12.0,7.0,38.0,309,7.0,32.0,17.0,5.0,21.0,139.0,19.0,8.0,8.0,53.0,28.0,33.0,12.0,76.0,31.0,25.0,36.0,58.0,64.0,15.0,39.0,49.0
2021-05-16,6.0,6.0,16.0,16.0,14.0,6.0,12.0,6.0,39.0,117,5.0,13.0,12.0,17.0,17.0,87.0,20.0,9.0,3.0,19.0,10.0,20.0,7.0,69.0,17.0,21.0,40.0,31.0,42.0,4.0,34.0,37.0
2021-05-17,20.0,20.0,64.0,69.0,33.0,34.0,21.0,22.0,133.0,615,41.0,68.0,39.0,17.0,71.0,250.0,52.0,45.0,22.0,126.0,44.0,63.0,40.0,179.0,73.0,58.0,82.0,205.0,179.0,19.0,69.0,110.0
2021-05-18,13.0,13.0,61.0,77.0,30.0,27.0,18.0,25.0,96.0,613,28.0,39.0,45.0,19.0,55.0,210.0,34.0,25.0,26.0,84.0,47.0,72.0,32.0,160.0,48.0,54.0,90.0,157.0,141.0,15.0,82.0,126.0
2021-05-19,13.0,13.0,44.0,71.0,44.0,24.0,21.0,12.0,98.0,532,26.0,61.0,61.0,16.0,65.0,223.0,20.0,28.0,24.0,89.0,47.0,51.0,33.0,171.0,36.0,65.0,75.0,211.0,109.0,12.0,79.0,102.0
2021-05-20,16.0,16.0,53.0,72.0,36.0,28.0,34.0,11.0,92.0,562,17.0,37.0,48.0,21.0,35.0,241.0,32.0,27.0,14.0,94.0,34.0,53.0,25.0,145.0,31.0,72.0,58.0,176.0,116.0,17.0,87.0,109.0
2021-05-21,15.0,15.0,46.0,110.0,32.0,26.0,17.0,19.0,71.0,594,25.0,29.0,54.0,24.0,52.0,206.0,24.0,24.0,15.0,123.0,28.0,42.0,32.0,156.0,49.0,45.0,53.0,151.0,111.0,15.0,66.0,109.0
2021-05-22,2.0,2.0,17.0,42.0,13.0,4.0,16.0,6.0,22.0,301,2.0,34.0,6.0,8.0,19.0,138.0,12.0,4.0,11.0,29.0,18.0,35.0,18.0,94.0,20.0,17.0,37.0,82.0,62.0,6.0,27.0,34.0
2021-05-23,5.0,5.0,14.0,32.0,20.0,6.0,14.0,11.0,11.0,120,2.0,18.0,13.0,16.0,25.0,52.0,14.0,8.0,6.0,26.0,15.0,19.0,11.0,70.0,10.0,21.0,26.0,48.0,64.0,19.0,23.0,48.0
2021-05-24,16.0,16.0,65.0,131.0,29.0,41.0,17.0,25.0,91.0,638,25.0,47.0,57.0,29.0,73.0,262.0,33.0,32.0,21.0,144.0,43.0,48.0,35.0,198.0,58.0,71.0,115.0,214.0,147.0,14.0,93.0,121.0
2021-05-25,11.0,11.0,44.0,103.0,34.0,28.0,16.0,14.0,65.0,673,29.0,30.0,48.0,24.0,67.0,237.0,16.0,25.0,12.0,132.0,42.0,58.0,42.0,168.0,40.0,80.0,93.0,184.0,148.0,11.0,81.0,144.0
2021-05-26,13.0,13.0,40.0,134.0,26.0,32.0,12.0,17.0,77.0,665,22.0,36.0,45.0,20.0,44.0,201.0,19.0,32.0,13.0,72.0,53.0,41.0,38.0,170.0,46.0,68.0,83.0,185.0,142.0,11.0,100.0,159.0
2021-05-27,12.0,12.0,50.0,87.0,32.0,29.0,23.0,34.0,68.0,552,34.0,37.0,45.0,35.0,60.0,225.0,26.0,16.0,9.0,123.0,24.0,46.0,41.0,164.0,42.0,44.0,93.0,158.0,157.0,15.0,78.0,188.0
2021-05-28,11.0,11.0,48.0,122.0,26.0,24.0,14.0,18.0,38.0,645,20.0,18.0,30.0,23.0,42.0,204.0,24.0,27.0,8.0,104.0,39.0,40.0,19.0,141.0,53.0,76.0,75.0,202.0,128.0,14.0,74.0,186.0
2021-05-29,5.0,5.0,21.0,44.0,13.0,11.0,22.0,14.0,19.0,285,4.0,11.0,5.0,10.0,14.0,75.0,14.0,5.0,6.0,41.0,24.0,30.0,9.0,101.0,21.0,20.0,40.0,108.0,59.0,5.0,35.0,63.0
2021-05-30,4.0,4.0,14.0,56.0,14.0,7.0,19.0,6.0,24.0,114,16.0,10.0,6.0,8.0,23.0,84.0,15.0,10.0,14.0,33.0,14.0,18.0,7.0,86.0,16.0,19.0,26.0,101.0,46.0,3.0,43.0,73.0
2021-05-31,9.0,9.0,87.0,153.0,41.0,18.0,23.0,33.0,62.0,639,23.0,43.0,37.0,29.0,66.0,229.0,15.0,20.0,19.0,121.0,28.0,44.0,34.0,220.0,53.0,85.0,101.0,294.0,180.0,9.0,117.0,233.0
2021-06-01,10.0,10.0,54.0,152.0,43.0,29.0,17.0,11.0,53.0,678,19.0,29.0,33.0,22.0,47.0,201.0,22.0,21.0,12.0,98.0,23.0,37.0,21.0,206.0,53.0,67.0,113.0,205.0,184.0,10.0,100.0,226.0
2021-06-02,9.0,9.0,59.0,166.0,53.0,28.0,29.0,30.0,59.0,687,17.0,41.0,27.0,10.0,67.0,171.0,14.0,8.0,17.0,88.0,20.0,47.0,15.0,187.0,42.0,64.0,95.0,252.0,173.0,7.0,99.0,216.0
2021-06-03,12.0,12.0,35.0,130.0,27.0,20.0,9.0,24.0,57.0,610,12.0,41.0,18.0,14.0,69.0,151.0,15.0,15.0,11.0,108.0,30.0,31.0,24.0,185.0,33.0,72.0,108.0,261.0,179.0,9.0,97.0,235.0
2021-06-04,9.0,9.0,42.0,168.0,32.0,27.0,16.0,29.0,49.0,637,9.0,27.0,16.0,24.0,46.0,166.0,15.0,17.0,14.0,134.0,23.0,44.0,21.0,186.0,47.0,67.0,113.0,227.0,169.0,12.0,131.0,242.0
2021-06-05,8.0,8.0,21.0,80.0,20.0,13.0,8.0,13.0,25.0,316,5.0,18.0,16.0,18.0,13.0,88.0,6.0,6.0,7.0,55.0,15.0,21.0,5.0,123.0,20.0,30.0,58.0,141.0,81.0,1.0,44.0,70.0
2021-06-06,3.0,3.0,9.0,50.0,10.0,8.0,10.0,9.0,9.0,110,6.0,12.0,15.0,16.0,27.0,62.0,4.0,7.0,1.0,37.0,20.0,15.0,7.0,94.0,16.0,15.0,24.0,63.0,71.0,1.0,50.0,61.0
2021-06-07,11.0,11.0,53.0,249.0,42.0,36.0,20.0,37.0,55.0,843,28.0,30.0,29.0,21.0,63.0,223.0,19.0,11.0,21.0,160.0,60.0,36.0,29.0,197.0,50.0,135.0,146.0,371.0,217.0,5.0,139.0,334.0
2021-06-08,13.0,13.0,42.0,252.0,45.0,37.0,11.0,41.0,50.0,894,17.0,50.0,30.0,23.0,46.0,239.0,15.0,11.0,19.0,127.0,45.0,44.0,29.0,246.0,46.0,104.0,151.0,334.0,204.0,9.0,111.0,291.0
2021-06-09,5.0,5.0,33.0,247.0,59.0,35.0,19.0,20.0,56.0,896,46.0,42.0,21.0,18.0,42.0,242.0,15.0,11.0,20.0,102.0,27.0,32.0,9.0,205.0,37.0,84.0,130.0,282.0,242.0,2.0,124.0,278.0
2021-06-10,21.0,21.0,22.0,290.0,42.0,33.0,13.0,24.0,50.0,794,18.0,38.0,23.0,17.0,49.0,232.0,17.0,11.0,13.0,130.0,39.0,24.0,17.0,217.0,30.0,99.0,160.0,238.0,224.0,3.0,113.0,292.0
2021-06-11,5.0,5.0,54.0,263.0,47.0,22.0,14.0,36.0,34.0,798,53.0,33.0,25.0,20.0,51.0,220.0,18.0,14.0,28.0,119.0,23.0,42.0,13.0,163.0,49.0,102.0,150.0,280.0,231.0,4.0,102.0,266.0
2021-06-12,0.0,0.0,10.0,146.0,25.0,8.0,15.0,22.0,14.0,452,8.0,18.0,14.0,7.0,29.0,137.0,8.0,6.0,8.0,37.0,23.0,25.0,4.0,117.0,16.0,55.0,61.0,196.0,92.0,3.0,66.0,84.0
2021-06-13,1.0,1.0,17.0,135.0,28.0,8.0,3.0,20.0,18.0,150,3.0,16.0,9.0,8.0,18.0,60.0,5.0,5.0,5.0,26.0,15.0,22.0,8.0,79.0,14.0,33.0,44.0,134.0,75.0,0.0,58.0,73.0
2021-06-14,11.0,11.0,68.0,402.0,81.0,33.0,7.0,51.0,54.0,959,25.0,49.0,25.0,25.0,74.0,304.0,8.0,19.0,26.0,135.0,62.0,32.0,22.0,189.0,43.0,161.0,204.0,382.0,271.0,6.0,146.0,328.0
2021-06-15,10.0,10.0,53.0,394.0,58.0,33.0,11.0,34.0,47.0,965,18.0,27.0,18.0,13.0,43.0,257.0,11.0,22.0,28.0,122.0,27.0,28.0,22.0,183.0,46.0,146.0,181.0,337.0,307.0,13.0,117.0,293.0
2021-06-16,4.0,4.0,67.0,461.0,88.0,36.0,19.0,31.0,26.0,1007,22.0,39.0,23.0,27.0,35.0,246.0,15.0,13.0,14.0,135.0,41.0,41.0,21.0,226.0,36.0,146.0,163.0,337.0,226.0,2.0,123.0,259.0
2021-06-17,8.0,8.0,51.0,406.0,76.0,33.0,19.0,40.0,22.0,1061,18.0,22.0,25.0,17.0,48.0,286.0,20.0,12.0,19.0,119.0,40.0,38.0,19.0,168.0,59.0,127.0,188.0,343.0,268.0,3.0,135.0,273.0
2021-06-18,5.0,5.0,27.0,398.0,60.0,35.0,9.0,42.0,31.0,1093,12.0,29.0,15.0,22.0,69.0,276.0,13.0,11.0,28.0,104.0,35.0,31.0,16.0,228.0,41.0,152.0,176.0,302.0,286.0,1.0,140.0,281.0
2021-06-19,1.0,1.0,8.0,185.0,30.0,12.0,6.0,25.0,12.0,617,2.0,7.0,6.0,12.0,18.0,108.0,7.0,1.0,12.0,59.0,52.0,23.0,12.0,139.0,25.0,70.0,84.0,242.0,115.0,2.0,72.0,97.0
2021-06-20,4.0,4.0,19.0,109.0,37.0,14.0,3.0,17.0,8.0,218,2.0,6.0,7.0,6.0,38.0,68.0,5.0,5.0,2.0,40.0,16.0,19.0,10.0,134.0,16.0,42.0,58.0,107.0,108.0,2.0,63.0,87.0
2021-06-21,10.0,10.0,69.0,484.0,94.0,36.0,17.0,47.0,39.0,1339,24.0,45.0,40.0,20.0,90.0,430.0,28.0,24.0,32.0,177.0,33.0,42.0,16.0,246.0,71.0,208.0,285.0,406.0,336.0,11.0,231.0,371.0
2021-06-22,12.0,12.0,55.0,409.0,88.0,25.0,14.0,47.0,33.0,1498,19.0,44.0,30.0,26.0,75.0,389.0,13.0,7.0,19.0,122.0,62.0,43.0,29.0,309.0,59.0,209.0,212.0,384.0,330.0,2.0,209.0,391.0
2021-06-23,7.0,7.0,48.0,399.0,99.0,27.0,29.0,48.0,27.0,1536,27.0,45.0,32.0,18.0,88.0,434.0,26.0,7.0,18.0,173.0,93.0,36.0,31.0,288.0,46.0,180.0,245.0,368.0,348.0,10.0,226.0,368.0
2021-06-24,8.0,8.0,45.0,369.0,111.0,29.0,23.0,51.0,41.0,1621,23.0,35.0,37.0,40.0,90.0,411.0,22.0,12.0,22.0,159.0,84.0,43.0,17.0,307.0,54.0,220.0,238.0,369.0,290.0,7.0,231.0,323.0
2021-06-25,6.0,6.0,51.0,430.0,90.0,29.0,18.0,40.0,31.0,1542,11.0,20.0,43.0,41.0,113.0,451.0,16.0,8.0,29.0,147.0,95.0,38.0,26.0,286.0,63.0,196.0,204.0,394.0,261.0,5.0,233.0,304.0
2021-06-26,2.0,2.0,18.0,233.0,37.0,12.0,6.0,15.0,12.0,1000,5.0,8.0,16.0,12.0,45.0,226.0,11.0,9.0,10.0,67.0,51.0,29.0,20.0,154.0,26.0,80.0,104.0,186.0,133.0,3.0,108.0,105.0
2021-06-27,2.0,2.0,20.0,94.0,34.0,8.0,7.0,28.0,5.0,404,5.0,7.0,24.0,14.0,40.0,96.0,17.0,5.0,9.0,48.0,37.0,21.0,11.0,151.0,9.0,77.0,97.0,142.0,101.0,3.0,93.0,96.0
2021-06-28,13.0,13.0,73.0,569.0,131.0,36.0,21.0,56.0,41.0,1996,29.0,75.0,68.0,40.0,160.0,555.0,43.0,17.0,40.0,238.0,125.0,48.0,34.0,341.0,50.0,293.0,285.0,465.0,358.0,4.0,344.0,404.0
2021-06-29,19.0,19.0,53.0,438.0,88.0,40.0,30.0,51.0,36.0,1940,29.0,55.0,68.0,42.0,142.0,586.0,33.0,24.0,61.0,212.0,102.0,40.0,28.0,290.0,69.0,287.0,282.0,436.0,303.0,8.0,312.0,313.0
2021-06-30,16.0,16.0,58.0,386.0,85.0,51.0,31.0,47.0,43.0,1951,32.0,44.0,70.0,42.0,142.0,580.0,34.0,19.0,40.0,215.0,108.0,39.0,61.0,284.0,53.0,296.0,219.0,366.0,294.0,10.0,311.0,327.0
2021-07-01,10.0,10.0,46.0,342.0,89.0,28.0,21.0,35.0,35.0,2236,24.0,62.0,74.0,35.0,165.0,604.0,33.0,26.0,46.0,255.0,124.0,63.0,63.0,263.0,64.0,322.0,252.0,354.0,264.0,7.0,320.0,258.0
2021-07-02,7.0,7.0,50.0,355.0,68.0,35.0,20.0,45.0,54.0,2330,30.0,65.0,89.0,47.0,129.0,733.0,42.0,11.0,63.0,233.0,152.0,47.0,60.0,328.0,59.0,331.0,214.0,334.0,268.0,12.0,311.0,246.0
2021-07-03,2.0,2.0,16.0,185.0,42.0,19.0,5.0,20.0,14.0,1385,7.0,37.0,36.0,26.0,71.0,275.0,30.0,7.0,37.0,131.0,77.0,31.0,16.0,202.0,29.0,143.0,115.0,125.0,125.0,2.0,164.0,86.0
2021-07-04,5.0,5.0,16.0,135.0,34.0,6.0,10.0,12.0,17.0,548,7.0,24.0,72.0,23.0,79.0,184.0,15.0,8.0,22.0,78.0,86.0,29.0,26.0,166.0,22.0,144.0,67.0,113.0,90.0,4.0,146.0,68.0
2021-07-05,15.0,15.0,70.0,426.0,119.0,64.0,41.0,53.0,62.0,3059,50.0,94.0,234.0,101.0,316.0,951.0,53.0,32.0,85.0,359.0,187.0,95.0,115.0,337.0,68.0,472.0,263.0,392.0,329.0,5.0,474.0,351.0
2021-07-06,17.0,17.0,67.0,440.0,113.0,58.0,41.0,52.0,53.0,3186,45.0,151.0,219.0,81.0,351.0,974.0,53.0,27.0,104.0,326.0,189.0,61.0,108.0,343.0,74.0,499.0,266.0,312.0,281.0,9.0,476.0,311.0
2021-07-07,13.0,13.0,68.0,413.0,130.0,59.0,42.0,64.0,96.0,3526,48.0,164.0,289.0,111.0,362.0,1050.0,65.0,51.0,106.0,364.0,168.0,89.0,107.0,388.0,87.0,536.0,247.0,345.0,279.0,13.0,477.0,324.0
2021-07-08,20.0,20.0,41.0,348.0,73.0,68.0,44.0,50.0,85.0,3559,50.0,114.0,330.0,107.0,373.0,1093.0,80.0,63.0,118.0,360.0,172.0,122.0,115.0,402.0,90.0,600.0,225.0,320.0,248.0,16.0,499.0,285.0
2021-07-09,19.0,19.0,54.0,369.0,78.0,107.0,36.0,61.0,72.0,3470,50.0,145.0,316.0,108.0,423.0,1211.0,64.0,97.0,115.0,412.0,195.0,126.0,93.0,339.0,78.0,684.0,300.0,352.0,265.0,22.0,537.0,287.0
2021-07-10,4.0,4.0,23.0,195.0,38.0,45.0,24.0,36.0,30.0,2105,6.0,83.0,227.0,51.0,146.0,361.0,32.0,11.0,55.0,170.0,159.0,87.0,24.0,233.0,45.0,336.0,150.0,154.0,125.0,11.0,257.0,90.0
2021-07-11,5.0,5.0,15.0,113.0,31.0,18.0,20.0,33.0,23.0,957,7.0,76.0,147.0,56.0,176.0,251.0,46.0,21.0,55.0,95.0,137.0,61.0,46.0,170.0,34.0,261.0,139.0,90.0,112.0,6.0,240.0,78.0
2021-07-12,33.0,33.0,56.0,465.0,121.0,138.0,77.0,83.0,116.0,4422,94.0,224.0,497.0,152.0,646.0,1622.0,184.0,129.0,137.0,619.0,275.0,144.0,158.0,402.0,151.0,821.0,376.0,389.0,323.0,44.0,644.0,363.0
2021-07-13,48.0,48.0,66.0,411.0,92.0,121.0,99.0,114.0,120.0,4739,85.0,291.0,480.0,187.0,682.0,1616.0,161.0,85.0,159.0,568.0,279.0,139.0,161.0,420.0,162.0,766.0,361.0,387.0,292.0,21.0,585.0,317.0
2021-07-14,40.0,40.0,61.0,297.0,119.0,133.0,101.0,92.0,92.0,4685,113.0,229.0,474.0,152.0,708.0,1556.0,139.0,83.0,246.0,667.0,319.0,173.0,178.0,399.0,133.0,775.0,400.0,371.0,269.0,43.0,552.0,281.0
2021-07-15,33.0,33.0,72.0,300.0,108.0,141.0,110.0,104.0,95.0,4178,95.0,227.0,589.0,185.0,756.0,1532.0,152.0,98.0,243.0,652.0,279.0,154.0,187.0,440.0,199.0,691.0,348.0,377.0,271.0,38.0,550.0,294.0
2021-07-16,56.0,56.0,92.0,279.0,94.0,135.0,113.0,111.0,84.0,4290,133.0,223.0,586.0,185.0,725.0,1810.0,200.0,142.0,260.0,647.0,358.0,140.0,202.0,394.0,185.0,717.0,370.0,381.0,263.0,37.0,585.0,254.0
2021-07-17,14.0,14.0,26.0,137.0,26.0,59.0,54.0,59.0,38.0,2509,29.0,193.0,245.0,115.0,317.0,553.0,68.0,26.0,103.0,270.0,238.0,116.0,67.0,267.0,80.0,340.0,184.0,186.0,121.0,16.0,341.0,89.0
2021-07-18,9.0,9.0,15.0,133.0,34.0,46.0,72.0,52.0,37.0,1039,39.0,149.0,278.0,93.0,259.0,370.0,61.0,22.0,113.0,221.0,190.0,83.0,72.0,192.0,54.0,263.0,139.0,132.0,91.0,15.0,295.0,88.0
2021-07-19,75.0,75.0,89.0,369.0,116.0,213.0,154.0,118.0,134.0,5342,125.0,294.0,871.0,266.0,1085.0,2197.0,214.0,197.0,406.0,869.0,481.0,238.0,250.0,439.0,283.0,782.0,449.0,476.0,349.0,48.0,794.0,345.0
2021-07-20,72.0,72.0,91.0,308.0,106.0,199.0,186.0,145.0,140.0,5485,153.0,272.0,889.0,240.0,1205.0,2225.0,226.0,205.0,412.0,844.0,451.0,239.0,257.0,502.0,254.0,797.0,381.0,379.0,317.0,61.0,838.0,309.0
2021-07-21,65.0,65.0,75.0,290.0,102.0,184.0,211.0,149.0,140.0,5151,148.0,399.0,853.0,246.0,1159.0,2196.0,220.0,222.0,392.0,829.0,456.0,242.0,246.0,459.0,353.0,716.0,372.0,473.0,261.0,82.0,856.0,269.0
2021-07-22,65.0,65.0,93.0,278.0,119.0,186.0,210.0,124.0,125.0,5480,142.0,295.0,959.0,265.0,1139.0,2402.0,289.0,277.0,457.0,929.0,500.0,257.0,284.0,427.0,369.0,801.0,406.0,509.0,262.0,62.0,766.0,245.0
2021-07-23,62.0,62.0,97.0,274.0,103.0,203.0,240.0,204.0,150.0,4754,172.0,341.0,684.0,276.0,1072.0,2302.0,245.0,259.0,534.0,937.0,488.0,275.0,303.0,448.0,390.0,781.0,355.0,452.0,251.0,56.0,913.0,267.0
2021-07-24,14.0,14.0,42.0,109.0,54.0,93.0,132.0,94.0,52.0,2901,54.0,245.0,245.0,156.0,491.0,704.0,104.0,37.0,216.0,391.0,300.0,212.0,66.0,287.0,183.0,285.0,193.0,269.0,129.0,38.0,505.0,74.0
2021-07-25,11.0,11.0,37.0,85.0,43.0,52.0,97.0,54.0,28.0,1371,42.0,170.0,417.0,163.0,429.0,579.0,112.0,44.0,214.0,299.0,225.0,179.0,66.0,233.0,91.0,309.0,172.0,169.0,124.0,29.0,434.0,80.0
2021-07-26,120.0,120.0,119.0,347.0,148.0,274.0,298.0,196.0,146.0,5943,230.0,552.0,857.0,366.0,1521.0,2831.0,393.0,388.0,558.0,1210.0,574.0,374.0,385.0,497.0,546.0,889.0,554.0,595.0,353.0,69.0,972.0,328.0
2021-07-27,122.0,122.0,110.0,288.0,138.0,275.0,332.0,191.0,160.0,5557,234.0,465.0,876.0,362.0,1476.0,2727.0,352.0,333.0,563.0,1364.0,645.0,368.0,344.0,509.0,529.0,810.0,494.0,598.0,394.0,98.0,999.0,279.0
2021-07-28,93.0,93.0,115.0,284.0,151.0,323.0,356.0,165.0,127.0,5281,249.0,337.0,813.0,347.0,1424.0,2368.0,316.0,350.0,449.0,1188.0,580.0,324.0,380.0,496.0,572.0,637.0,526.0,642.0,406.0,100.0,907.0,226.0
2021-07-29,101.0,101.0,115.0,265.0,154.0,283.0,381.0,197.0,156.0,5742,293.0,361.0,972.0,314.0,1384.0,2608.0,362.0,339.0,406.0,1112.0,538.0,399.0,353.0,491.0,515.0,588.0,536.0,647.0,319.0,125.0,921.0,213.0
2021-07-30,93.0,93.0,116.0,258.0,121.0,328.0,359.0,190.0,101.0,4966,226.0,388.0,881.0,324.0,1287.0,2382.0,357.0,393.0,344.0,1251.0,516.0,395.0,338.0,445.0,562.0,634.0,439.0,605.0,337.0,113.0,950.0,253.0
2021-07-31,14.0,14.0,29.0,94.0,59.0,152.0,153.0,104.0,34.0,2950,54.0,171.0,365.0,187.0,421.0,833.0,151.0,56.0,183.0,481.0,301.0,253.0,117.0,313.0,319.0,262.0,243.0,284.0,135.0,28.0,476.0,98.0
2021-08-01,43.0,43.0,32.0,62.0,51.0,92.0,188.0,88.0,58.0,1392,59.0,173.0,403.0,162.0,398.0,652.0,212.0,54.0,178.0,439.0,280.0,225.0,133.0,246.0,179.0,283.0,197.0,267.0,156.0,59.0,456.0,60.0
2021-08-02,168.0,168.0,137.0,272.0,199.0,368.0,335.0,202.0,132.0,5616,376.0,550.0,880.0,406.0,1452.0,2798.0,364.0,219.0,542.0,1651.0,607.0,504.0,430.0,496.0,771.0,589.0,522.0,813.0,528.0,120.0,1056.0,337.0
2021-08-03,151.0,151.0,126.0,239.0,161.0,363.0,361.0,208.0,136.0,5477,320.0,497.0,983.0,369.0,1356.0,2624.0,456.0,122.0,609.0,1507.0,588.0,486.0,477.0,572.0,781.0,546.0,536.0,825.0,506.0,122.0,1015.0,264.0
2021-08-04,146.0,146.0,141.0,185.0,146.0,322.0,360.0,211.0,119.0,5027,302.0,540.0,736.0,422.0,1359.0,2489.0,508.0,171.0,498.0,1518.0,526.0,528.0,450.0,455.0,729.0,480.0,466.0,825.0,481.0,130.0,1029.0,257.0
2021-08-05,87.0,87.0,136.0,183.0,179.0,339.0,416.0,175.0,132.0,5112,260.0,479.0,921.0,409.0,1261.0,2407.0,450.0,145.0,509.0,1637.0,671.0,607.0,414.0,535.0,739.0,449.0,452.0,800.0,508.0,127.0,989.0,239.0
2021-08-06,103.0,103.0,149.0,214.0,158.0,327.0,395.0,187.0,136.0,4726,424.0,508.0,853.0,427.0,1111.0,2376.0,453.0,207.0,449.0,1514.0,499.0,556.0,438.0,440.0,799.0,419.0,465.0,764.0,531.0,142.0,1038.0,253.0
2021-08-07,41.0,41.0,44.0,74.0,87.0,199.0,168.0,105.0,56.0,2927,67.0,241.0,239.0,175.0,412.0,749.0,163.0,57.0,167.0,563.0,331.0,337.0,159.0,321.0,481.0,267.0,243.0,410.0,216.0,93.0,562.0,87.0
2021-08-08,30.0,30.0,44.0,41.0,66.0,150.0,223.0,91.0,28.0,1400,46.0,220.0,419.0,173.0,448.0,571.0,167.0,60.0,229.0,472.0,246.0,291.0,142.0,230.0,238.0,182.0,216.0,296.0,189.0,65.0,458.0,71.0
2021-08-09,157.0,157.0,185.0,224.0,226.0,437.0,419.0,216.0,183.0,5308,391.0,653.0,873.0,499.0,1565.0,2620.0,526.0,287.0,606.0,1957.0,644.0,688.0,621.0,544.0,939.0,520.0,484.0,1158.0,681.0,177.0,1189.0,349.0
2021-08-10,135.0,135.0,157.0,165.0,223.0,473.0,462.0,202.0,137.0,5397,377.0,694.0,738.0,483.0,1396.0,2603.0,531.0,254.0,488.0,1918.0,619.0,649.0,541.0,472.0,892.0,420.0,507.0,1132.0,703.0,161.0,1134.0,314.0
2021-08-11,114.0,114.0,157.0,161.0,212.0,418.0,464.0,196.0,117.0,5096,331.0,651.0,691.0,423.0,1333.0,2292.0,489.0,254.0,503.0,1691.0,534.0,692.0,560.0,439.0,961.0,361.0,494.0,1166.0,627.0,157.0,1025.0,296.0
2021-08-12,128.0,128.0,204.0,132.0,182.0,393.0,451.0,177.0,103.0,4672,346.0,736.0,651.0,521.0,1389.0,2212.0,517.0,231.0,441.0,1610.0,509.0,655.0,559.0,387.0,867.0,323.0,510.0,1180.0,504.0,184.0,1017.0,293.0
2021-08-13,123.0,123.0,163.0,162.0,260.0,371.0,405.0,198.0,79.0,4494,348.0,657.0,613.0,398.0,1161.0,2190.0,498.0,186.0,388.0,1743.0,499.0,734.0,468.0,420.0,951.0,312.0,438.0,1060.0,592.0,166.0,1082.0,293.0
2021-08-14,30.0,30.0,52.0,80.0,90.0,173.0,179.0,93.0,25.0,2218,62.0,310.0,274.0,192.0,405.0,683.0,163.0,62.0,177.0,536.0,331.0,449.0,172.0,229.0,517.0,124.0,204.0,555.0,265.0,93.0,589.0,111.0
2021-08-15,22.0,22.0,48.0,34.0,110.0,126.0,245.0,68.0,26.0,1019,70.0,209.0,209.0,240.0,379.0,464.0,186.0,87.0,171.0,430.0,182.0,380.0,110.0,174.0,283.0,103.0,184.0,384.0,200.0,92.0,412.0,68.0
2021-08-16,166.0,166.0,254.0,209.0,293.0,461.0,484.0,215.0,120.0,4488,336.0,924.0,687.0,544.0,1451.0,2464.0,523.0,247.0,450.0,1924.0,560.0,692.0,613.0,476.0,945.0,336.0,521.0,1409.0,724.0,191.0,1065.0,399.0
2021-08-17,178.0,178.0,188.0,155.0,256.0,459.0,443.0,222.0,100.0,4161,307.0,756.0,562.0,466.0,1122.0,2106.0,487.0,198.0,387.0,1756.0,515.0,793.0,567.0,361.0,951.0,296.0,545.0,1226.0,633.0,162.0,1044.0,374.0
2021-08-18,149.0,149.0,203.0,171.0,313.0,360.0,435.0,179.0,89.0,4019,306.0,701.0,476.0,447.0,1176.0,1791.0,475.0,261.0,296.0,1693.0,504.0,753.0,573.0,344.0,895.0,264.0,447.0,1219.0,652.0,204.0,1026.0,331.0
2021-08-19,142.0,142.0,197.0,127.0,209.0,381.0,407.0,184.0,91.0,3744,214.0,745.0,484.0,455.0,1027.0,1848.0,444.0,191.0,300.0,1433.0,542.0,731.0,562.0,215.0,805.0,253.0,421.0,1038.0,537.0,201.0,834.0,136.0
2021-08-20,129.0,129.0,175.0,118.0,176.0,352.0,393.0,154.0,93.0,3536,227.0,692.0,437.0,378.0,893.0,1630.0,434.0,133.0,274.0,1418.0,494.0,670.0,519.0,267.0,772.0,249.0,428.0,908.0,586.0,192.0,819.0,342.0
2021-08-21,34.0,34.0,55.0,58.0,74.0,191.0,177.0,93.0,52.0,1571,49.0,256.0,170.0,141.0,358.0,520.0,169.0,77.0,114.0,451.0,264.0,284.0,153.0,201.0,331.0,137.0,208.0,533.0,229.0,95.0,446.0,122.0
2021-08-22,26.0,26.0,66.0,40.0,104.0,130.0,212.0,63.0,28.0,832,47.0,243.0,117.0,157.0,333.0,411.0,117.0,73.0,128.0,343.0,257.0,251.0,109.0,174.0,182.0,90.0,159.0,401.0,192.0,81.0,415.0,93.0
2021-08-23,209.0,209.0,268.0,175.0,290.0,368.0,400.0,208.0,107.0,3577,244.0,840.0,460.0,443.0,1235.0,1984.0,466.0,255.0,306.0,1624.0,519.0,729.0,602.0,335.0,809.0,294.0,557.0,1492.0,683.0,175.0,999.0,414.0
2021-08-24,126.0,126.0,193.0,115.0,243.0,328.0,397.0,169.0,102.0,3595,213.0,771.0,381.0,385.0,1055.0,1625.0,416.0,200.0,274.0,1445.0,547.0,663.0,545.0,301.0,655.0,240.0,450.0,1206.0,616.0,191.0,804.0,359.0
2021-08-25,142.0,142.0,214.0,127.0,225.0,401.0,358.0,131.0,96.0,3194,198.0,722.0,357.0,359.0,994.0,1429.0,389.0,199.0,223.0,1274.0,390.0,648.0,486.0,300.0,657.0,205.0,449.0,1027.0,662.0,160.0,777.0,360.0
2021-08-26,118.0,118.0,178.0,140.0,180.0,318.0,347.0,121.0,85.0,3100,173.0,707.0,373.0,298.0,950.0,1392.0,366.0,174.0,232.0,1248.0,332.0,658.0,502.0,205.0,558.0,189.0,363.0,1073.0,515.0,182.0,732.0,339.0
2021-08-27,133.0,133.0,139.0,97.0,157.0,298.0,300.0,122.0,61.0,3182,211.0,676.0,201.0,295.0,859.0,1369.0,326.0,177.0,243.0,1190.0,331.0,617.0,471.0,199.0,571.0,196.0,395.0,1054.0,514.0,138.0,723.0,321.0
2021-08-28,23.0,23.0,61.0,36.0,90.0,132.0,122.0,62.0,27.0,1687,24.0,268.0,110.0,137.0,316.0,511.0,125.0,92.0,81.0,384.0,216.0,316.0,138.0,118.0,315.0,118.0,140.0,460.0,238.0,96.0,443.0,128.0
2021-08-29,31.0,31.0,34.0,31.0,64.0,99.0,138.0,54.0,22.0,735,31.0,316.0,109.0,141.0,245.0,321.0,114.0,55.0,60.0,310.0,144.0,262.0,122.0,127.0,152.0,50.0,119.0,250.0,191.0,50.0,326.0,80.0
2021-08-30,186.0,186.0,193.0,150.0,234.0,399.0,317.0,138.0,111.0,3129,221.0,997.0,243.0,348.0,1071.0,1473.0,375.0,190.0,236.0,1451.0,420.0,570.0,528.0,238.0,591.0,119.0,458.0,1280.0,614.0,160.0,795.0,377.0
2021-08-31,116.0,116.0,127.0,92.0,214.0,371.0,275.0,130.0,88.0,2575,195.0,827.0,235.0,329.0,989.0,1281.0,345.0,140.0,198.0,1167.0,433.0,615.0,477.0,227.0,521.0,170.0,342.0,1197.0,572.0,169.0,680.0,405.0
2021-09-01,97.0,97.0,137.0,90.0,191.0,376.0,313.0,122.0,82.0,2484,191.0,719.0,296.0,285.0,878.0,1171.0,297.0,166.0,211.0,1053.0,401.0,551.0,453.0,200.0,486.0,161.0,371.0,1105.0,582.0,140.0,662.0,375.0
2021-09-02,148.0,148.0,145.0,93.0,173.0,364.0,250.0,105.0,103.0,2475,180.0,743.0,250.0,272.0,916.0,1091.0,318.0,158.0,159.0,834.0,362.0,524.0,420.0,162.0,435.0,154.0,358.0,957.0,504.0,163.0,671.0,326.0
2021-09-03,124.0,124.0,134.0,56.0,102.0,348.0,259.0,111.0,78.0,2489,155.0,626.0,243.0,245.0,812.0,1065.0,271.0,149.0,172.0,796.0,339.0,581.0,406.0,166.0,410.0,160.0,345.0,950.0,524.0,143.0,646.0,344.0
2021-09-04,35.0,35.0,51.0,34.0,65.0,158.0,137.0,61.0,36.0,1392,53.0,280.0,87.0,112.0,298.0,495.0,118.0,87.0,84.0,249.0,212.0,266.0,147.0,90.0,238.0,73.0,92.0,529.0,222.0,90.0,417.0,112.0
2021-09-05,20.0,20.0,49.0,21.0,62.0,123.0,127.0,44.0,21.0,681,44.0,217.0,76.0,101.0,273.0,290.0,114.0,97.0,57.0,199.0,123.0,191.0,119.0,78.0,86.0,44.0,88.0,199.0,182.0,65.0,306.0,78.0
2021-09-06,106.0,106.0,172.0,87.0,185.0,360.0,266.0,141.0,110.0,2591,190.0,917.0,261.0,309.0,1130.0,1451.0,358.0,230.0,183.0,973.0,397.0,665.0,504.0,191.0,495.0,163.0,337.0,1159.0,608.0,187.0,709.0,438.0
2021-09-07,112.0,112.0,147.0,81.0,161.0,378.0,234.0,134.0,87.0,2094,158.0,713.0,199.0,229.0,926.0,1393.0,307.0,182.0,179.0,891.0,346.0,577.0,358.0,149.0,374.0,165.0,294.0,971.0,498.0,149.0,588.0,304.0
2021-09-08,89.0,89.0,152.0,70.0,134.0,295.0,244.0,89.0,90.0,1813,140.0,643.0,153.0,179.0,838.0,1177.0,310.0,205.0,122.0,791.0,280.0,525.0,364.0,157.0,380.0,137.0,281.0,910.0,499.0,148.0,551.0,345.0
2021-09-09,93.0,93.0,140.0,64.0,134.0,243.0,205.0,99.0,75.0,2053,156.0,666.0,161.0,207.0,829.0,1337.0,249.0,163.0,123.0,696.0,298.0,570.0,362.0,120.0,340.0,147.0,279.0,793.0,426.0,119.0,568.0,349.0
2021-09-10,111.0,111.0,112.0,45.0,92.0,249.0,213.0,105.0,73.0,2044,123.0,695.0,183.0,157.0,874.0,1422.0,257.0,190.0,104.0,665.0,274.0,470.0,269.0,140.0,372.0,102.0,281.0,817.0,409.0,119.0,486.0,334.0
2021-09-11,30.0,30.0,50.0,25.0,42.0,97.0,105.0,52.0,19.0,1104,25.0,367.0,89.0,78.0,238.0,498.0,108.0,113.0,60.0,230.0,198.0,251.0,128.0,67.0,174.0,67.0,114.0,295.0,159.0,59.0,272.0,94.0
2021-09-12,19.0,19.0,47.0,29.0,32.0,81.0,155.0,37.0,20.0,534,25.0,259.0,67.0,85.0,283.0,368.0,100.0,97.0,63.0,183.0,104.0,169.0,99.0,60.0,99.0,36.0,88.0,123.0,139.0,41.0,170.0,92.0
2021-09-13,146.0,146.0,206.0,83.0,118.0,303.0,201.0,135.0,137.0,2088,145.0,906.0,145.0,258.0,997.0,1530.0,310.0,296.0,170.0,845.0,336.0,516.0,348.0,173.0,416.0,171.0,315.0,991.0,452.0,136.0,462.0,435.0
2021-09-14,115.0,115.0,124.0,85.0,69.0,222.0,225.0,130.0,84.0,1976,137.0,839.0,146.0,208.0,779.0,1325.0,248.0,179.0,121.0,697.0,294.0,453.0,289.0,134.0,350.0,128.0,313.0,787.0,367.0,101.0,371.0,367.0
2021-09-15,42.0,42.0,74.0,66.0,49.0,151.0,137.0,70.0,82.0,1563,56.0,587.0,105.0,130.0,392.0,745.0,153.0,136.0,75.0,322.0,204.0,279.0,203.0,79.0,226.0,66.0,207.0,709.0,295.0,54.0,295.0,140.0
2021-09-16,28.0,28.0,45.0,25.0,48.0,91.0,97.0,32.0,35.0,323,24.0,283.0,58.0,95.0,285.0,286.0,103.0,65.0,64.0,175.0,191.0,249.0,95.0,56.0,126.0,52.0,82.0,248.0,161.0,39.0,232.0,121.0
2021-09-17,122.0,122.0,180.0,55.0,98.0,233.0,236.0,87.0,97.0,2009,146.0,695.0,102.0,161.0,849.0,1516.0,234.0,125.0,115.0,712.0,273.0,421.0,286.0,145.0,318.0,137.0,290.0,741.0,402.0,103.0,407.0,420.0
2021-09-18,27.0,27.0,62.0,24.0,33.0,96.0,78.0,30.0,24.0,1053,26.0,336.0,50.0,98.0,238.0,494.0,113.0,56.0,52.0,173.0,170.0,212.0,106.0,61.0,125.0,43.0,78.0,270.0,167.0,49.0,224.0,140.0
2021-09-19,28.0,28.0,59.0,17.0,44.0,54.0,95.0,24.0,20.0,417,27.0,252.0,35.0,80.0,198.0,329.0,75.0,78.0,42.0,163.0,121.0,188.0,70.0,49.0,81.0,31.0,59.0,144.0,109.0,34.0,220.0,77.0
2021-09-20,130.0,130.0,280.0,58.0,126.0,263.0,222.0,115.0,114.0,2129,143.0,844.0,110.0,189.0,948.0,1566.0,238.0,131.0,141.0,648.0,319.0,458.0,352.0,127.0,314.0,124.0,285.0,963.0,433.0,104.0,420.0,432.0
2021-09-21,108.0,108.0,203.0,34.0,83.0,232.0,177.0,107.0,85.0,1781,93.0,853.0,45.0,158.0,704.0,1338.0,176.0,121.0,98.0,554.0,200.0,425.0,287.0,121.0,248.0,128.0,247.0,678.0,314.0,112.0,316.0,359.0
2021-09-22,84.0,84.0,202.0,48.0,81.0,192.0,174.0,81.0,105.0,1815,90.0,863.0,65.0,160.0,612.0,1110.0,236.0,98.0,90.0,362.0,211.0,432.0,241.0,111.0,307.0,96.0,272.0,702.0,353.0,90.0,283.0,347.0
2021-09-23,100.0,100.0,232.0,40.0,72.0,161.0,159.0,69.0,101.0,1504,77.0,820.0,80.0,119.0,474.0,1124.0,171.0,109.0,81.0,422.0,203.0,378.0,237.0,83.0,233.0,104.0,186.0,551.0,233.0,76.0,312.0,297.0
2021-09-24,88.0,88.0,217.0,56.0,86.0,185.0,145.0,75.0,112.0,1754,97.0,694.0,67.0,116.0,440.0,1092.0,147.0,96.0,79.0,410.0,172.0,386.0,192.0,85.0,202.0,91.0,213.0,614.0,260.0,66.0,240.0,294.0
2021-09-25,27.0,27.0,55.0,23.0,26.0,91.0,83.0,26.0,19.0,967,38.0,278.0,24.0,70.0,141.0,338.0,73.0,50.0,31.0,136.0,135.0,185.0,75.0,46.0,108.0,48.0,72.0,238.0,117.0,35.0,142.0,83.0
2021-09-26,22.0,22.0,47.0,9.0,29.0,94.0,50.0,22.0,26.0,415,16.0,318.0,25.0,68.0,152.0,275.0,45.0,55.0,37.0,107.0,66.0,183.0,44.0,30.0,64.0,43.0,71.0,107.0,101.0,31.0,134.0,47.0
2021-09-27,139.0,139.0,289.0,64.0,76.0,235.0,142.0,96.0,156.0,1605,99.0,1035.0,79.0,144.0,541.0,1139.0,198.0,128.0,98.0,566.0,189.0,372.0,250.0,95.0,309.0,120.0,200.0,773.0,331.0,83.0,366.0,324.0
2021-09-28,117.0,117.0,238.0,43.0,72.0,212.0,85.0,69.0,98.0,1187,82.0,763.0,67.0,130.0,384.0,913.0,152.0,103.0,63.0,461.0,177.0,326.0,207.0,94.0,204.0,98.0,146.0,540.0,209.0,76.0,226.0,281.0
2021-09-29,95.0,95.0,224.0,56.0,64.0,231.0,75.0,53.0,115.0,1096,62.0,770.0,43.0,104.0,341.0,784.0,134.0,113.0,70.0,383.0,146.0,282.0,216.0,83.0,180.0,71.0,165.0,537.0,237.0,61.0,252.0,256.0
2021-09-30,74.0,74.0,224.0,38.0,71.0,178.0,79.0,71.0,97.0,928,69.0,734.0,43.0,91.0,304.0,653.0,91.0,68.0,66.0,361.0,146.0,255.0,150.0,75.0,157.0,95.0,162.0,480.0,201.0,55.0,227.0,198.0
2021-10-01,64.0,64.0,195.0,27.0,58.0,186.0,91.0,40.0,79.0,1076,42.0,592.0,39.0,82.0,277.0,679.0,85.0,86.0,63.0,348.0,130.0,224.0,145.0,66.0,178.0,65.0,149.0,427.0,181.0,55.0,208.0,168.0
2021-10-02,20.0,20.0,66.0,14.0,22.0,82.0,36.0,17.0,26.0,558,13.0,312.0,33.0,34.0,123.0,273.0,60.0,37.0,27.0,122.0,82.0,134.0,62.0,32.0,80.0,36.0,59.0,204.0,73.0,18.0,116.0,29.0
2021-10-03,32.0,32.0,58.0,22.0,24.0,63.0,61.0,15.0,34.0,291,10.0,210.0,31.0,40.0,107.0,222.0,54.0,52.0,22.0,102.0,89.0,100.0,43.0,22.0,35.0,22.0,51.0,84.0,59.0,16.0,112.0,43.0
2021-10-04,143.0,143.0,294.0,33.0,74.0,225.0,118.0,56.0,168.0,1134,93.0,797.0,63.0,102.0,336.0,896.0,103.0,127.0,69.0,424.0,203.0,239.0,232.0,72.0,194.0,93.0,184.0,583.0,215.0,50.0,252.0,214.0
2021-10-05,119.0,119.0,243.0,34.0,57.0,200.0,86.0,45.0,153.0,977,77.0,676.0,44.0,66.0,307.0,731.0,96.0,63.0,56.0,369.0,138.0,283.0,197.0,60.0,177.0,101.0,168.0,418.0,171.0,53.0,155.0,206.0
2021-10-06,108.0,108.0,287.0,29.0,59.0,181.0,100.0,39.0,103.0,938,55.0,669.0,56.0,66.0,227.0,678.0,98.0,95.0,58.0,285.0,114.0,211.0,168.0,63.0,161.0,87.0,172.0,411.0,170.0,44.0,151.0,161.0
2021-10-07,103.0,103.0,284.0,23.0,51.0,167.0,70.0,40.0,133.0,834,58.0,582.0,38.0,66.0,214.0,584.0,74.0,67.0,58.0,322.0,80.0,182.0,152.0,69.0,133.0,65.0,159.0,290.0,147.0,55.0,176.0,158.0
2021-10-08,91.0,91.0,280.0,27.0,53.0,168.0,65.0,22.0,103.0,804,84.0,431.0,36.0,63.0,203.0,621.0,86.0,66.0,43.0,270.0,110.0,163.0,124.0,62.0,168.0,74.0,165.0,319.0,158.0,27.0,138.0,160.0
2021-10-09,29.0,29.0,94.0,18.0,11.0,116.0,22.0,14.0,45.0,394,18.0,220.0,23.0,35.0,99.0,266.0,32.0,32.0,25.0,108.0,75.0,109.0,49.0,37.0,86.0,32.0,55.0,156.0,61.0,21.0,93.0,31.0
2021-10-10,43.0,43.0,88.0,5.0,15.0,84.0,39.0,12.0,26.0,262,15.0,192.0,24.0,39.0,95.0,186.0,42.0,62.0,22.0,83.0,89.0,97.0,45.0,34.0,48.0,30.0,40.0,76.0,80.0,16.0,88.0,39.0
2021-10-11,115.0,115.0,355.0,35.0,47.0,178.0,70.0,46.0,134.0,907,87.0,698.0,43.0,77.0,274.0,900.0,89.0,110.0,54.0,403.0,130.0,164.0,188.0,68.0,210.0,79.0,222.0,453.0,197.0,41.0,165.0,160.0
2021-10-12,102.0,102.0,301.0,22.0,45.0,180.0,53.0,37.0,62.0,775,63.0,705.0,40.0,56.0,205.0,649.0,70.0,62.0,47.0,324.0,91.0,154.0,157.0,45.0,175.0,62.0,141.0,313.0,149.0,32.0,104.0,139.0
2021-10-13,104.0,104.0,261.0,27.0,41.0,146.0,44.0,41.0,117.0,676,52.0,576.0,36.0,49.0,166.0,498.0,56.0,78.0,35.0,308.0,96.0,148.0,146.0,57.0,138.0,38.0,160.0,335.0,140.0,17.0,108.0,138.0
2021-10-14,58.0,58.0,293.0,24.0,40.0,175.0,42.0,46.0,140.0,658,52.0,598.0,24.0,66.0,182.0,546.0,50.0,76.0,47.0,296.0,107.0,131.0,149.0,60.0,140.0,47.0,134.0,258.0,133.0,22.0,125.0,125.0
2021-10-15,41.0,41.0,289.0,21.0,34.0,141.0,25.0,22.0,150.0,787,36.0,523.0,35.0,34.0,153.0,532.0,62.0,60.0,30.0,232.0,94.0,136.0,123.0,35.0,139.0,52.0,124.0,308.0,169.0,23.0,111.0,121.0
2021-10-16,14.0,14.0,120.0,11.0,12.0,59.0,17.0,11.0,36.0,307,11.0,266.0,15.0,23.0,75.0,184.0,27.0,37.0,27.0,72.0,55.0,55.0,25.0,34.0,61.0,26.0,50.0,83.0,65.0,7.0,52.0,23.0
2021-10-17,12.0,12.0,99.0,11.0,24.0,58.0,20.0,7.0,32.0,142,10.0,159.0,25.0,18.0,73.0,116.0,19.0,35.0,17.0,80.0,40.0,64.0,27.0,38.0,36.0,36.0,43.0,51.0,30.0,9.0,51.0,19.0
2021-10-18,77.0,77.0,455.0,24.0,45.0,213.0,30.0,45.0,181.0,801,73.0,525.0,50.0,54.0,201.0,688.0,56.0,91.0,41.0,326.0,123.0,175.0,136.0,70.0,146.0,71.0,161.0,252.0,114.0,27.0,110.0,170.0
2021-10-19,69.0,69.0,399.0,24.0,27.0,184.0,41.0,29.0,145.0,680,52.0,403.0,55.0,55.0,132.0,537.0,44.0,42.0,29.0,279.0,104.0,113.0,96.0,49.0,144.0,51.0,144.0,224.0,92.0,22.0,108.0,131.0
2021-10-20,82.0,82.0,420.0,34.0,18.0,156.0,26.0,23.0,144.0,589,34.0,473.0,22.0,29.0,139.0,491.0,49.0,49.0,30.0,266.0,125.0,113.0,124.0,37.0,106.0,55.0,110.0,191.0,116.0,13.0,85.0,96.0
2021-10-21,53.0,53.0,429.0,22.0,32.0,151.0,35.0,18.0,120.0,559,41.0,429.0,52.0,45.0,174.0,461.0,44.0,44.0,31.0,266.0,82.0,78.0,109.0,33.0,125.0,50.0,142.0,207.0,84.0,17.0,79.0,76.0
2021-10-22,53.0,53.0,420.0,21.0,25.0,134.0,28.0,17.0,160.0,639,36.0,421.0,33.0,43.0,158.0,463.0,34.0,37.0,20.0,209.0,62.0,97.0,120.0,36.0,106.0,46.0,139.0,129.0,91.0,15.0,52.0,105.0
2021-10-23,27.0,27.0,137.0,11.0,11.0,76.0,28.0,12.0,40.0,324,4.0,210.0,12.0,14.0,46.0,150.0,21.0,31.0,12.0,60.0,39.0,66.0,35.0,32.0,55.0,21.0,52.0,45.0,39.0,8.0,50.0,29.0
2021-10-24,25.0,25.0,109.0,8.0,12.0,47.0,23.0,3.0,37.0,124,9.0,151.0,10.0,17.0,55.0,132.0,15.0,17.0,13.0,54.0,51.0,45.0,28.0,22.0,40.0,27.0,44.0,53.0,39.0,13.0,49.0,16.0
2021-10-25,92.0,92.0,579.0,32.0,32.0,220.0,41.0,26.0,191.0,651,72.0,508.0,32.0,55.0,171.0,709.0,31.0,61.0,36.0,283.0,95.0,107.0,143.0,48.0,122.0,60.0,205.0,214.0,136.0,29.0,97.0,124.0
2021-10-26,58.0,58.0,489.0,20.0,26.0,148.0,26.0,18.0,147.0,580,48.0,454.0,52.0,49.0,153.0,530.0,37.0,34.0,31.0,225.0,83.0,78.0,86.0,28.0,112.0,54.0,180.0,135.0,83.0,18.0,85.0,116.0
2021-10-27,46.0,46.0,457.0,14.0,29.0,180.0,23.0,10.0,139.0,484,52.0,407.0,41.0,67.0,118.0,492.0,28.0,24.0,32.0,211.0,62.0,78.0,79.0,49.0,79.0,52.0,125.0,168.0,93.0,14.0,75.0,89.0
2021-10-28,65.0,65.0,464.0,13.0,19.0,128.0,18.0,13.0,149.0,487,36.0,433.0,61.0,47.0,141.0,375.0,31.0,38.0,18.0,206.0,58.0,69.0,105.0,20.0,90.0,52.0,132.0,114.0,90.0,19.0,52.0,96.0
2021-10-29,37.0,37.0,418.0,16.0,32.0,132.0,25.0,11.0,114.0,594,26.0,321.0,44.0,47.0,103.0,429.0,17.0,58.0,17.0,170.0,45.0,62.0,68.0,26.0,80.0,59.0,146.0,140.0,75.0,14.0,46.0,90.0
2021-10-30,11.0,11.0,145.0,16.0,7.0,54.0,15.0,4.0,67.0,184,9.0,135.0,15.0,16.0,34.0,149.0,18.0,24.0,11.0,53.0,28.0,32.0,19.0,7.0,39.0,10.0,42.0,41.0,32.0,6.0,37.0,21.0
2021-10-31,6.0,6.0,114.0,3.0,7.0,42.0,5.0,4.0,31.0,91,13.0,164.0,21.0,19.0,43.0,74.0,13.0,17.0,4.0,48.0,18.0,35.0,20.0,6.0,26.0,17.0,44.0,17.0,17.0,8.0,16.0,20.0
2021-11-01,44.0,44.0,589.0,18.0,7.0,198.0,10.0,11.0,90.0,423,50.0,358.0,24.0,55.0,131.0,347.0,33.0,36.0,32.0,190.0,55.0,36.0,96.0,19.0,107.0,39.0,163.0,57.0,69.0,8.0,53.0,99.0
2021-11-02,28.0,28.0,516.0,13.0,9.0,168.0,15.0,5.0,86.0,194,39.0,270.0,14.0,38.0,89.0,245.0,21.0,19.0,17.0,203.0,30.0,48.0,71.0,10.0,59.0,35.0,99.0,24.0,64.0,3.0,36.0,79.0
2021-11-03,53.0,53.0,523.0,16.0,9.0,200.0,21.0,14.0,186.0,595,62.0,362.0,46.0,35.0,115.0,464.0,30.0,19.0,26.0,159.0,49.0,64.0,95.0,27.0,80.0,30.0,160.0,159.0,87.0,6.0,62.0,99.0
2021-11-04,47.0,47.0,504.0,10.0,17.0,148.0,15.0,10.0,185.0,567,33.0,355.0,36.0,40.0,91.0,397.0,24.0,30.0,8.0,143.0,73.0,55.0,96.0,17.0,98.0,39.0,165.0,89.0,76.0,8.0,43.0,75.0
2021-11-05,47.0,47.0,497.0,19.0,12.0,159.0,9.0,6.0,175.0,501,47.0,250.0,28.0,24.0,91.0,369.0,24.0,26.0,11.0,119.0,54.0,41.0,77.0,18.0,82.0,51.0,169.0,105.0,66.0,16.0,41.0,79.0
2021-11-06,11.0,11.0,142.0,9.0,5.0,62.0,6.0,5.0,60.0,318,5.0,124.0,14.0,15.0,35.0,121.0,17.0,14.0,9.0,44.0,43.0,27.0,38.0,13.0,51.0,20.0,71.0,31.0,36.0,6.0,16.0,29.0
2021-11-07,9.0,9.0,132.0,9.0,4.0,47.0,5.0,1.0,40.0,109,11.0,120.0,19.0,18.0,24.0,96.0,9.0,10.0,8.0,57.0,28.0,33.0,21.0,21.0,37.0,18.0,55.0,21.0,25.0,4.0,23.0,12.0
2021-11-08,84.0,84.0,600.0,25.0,16.0,216.0,7.0,12.0,234.0,529,47.0,367.0,40.0,23.0,123.0,493.0,30.0,25.0,26.0,215.0,71.0,52.0,133.0,18.0,112.0,60.0,257.0,99.0,104.0,14.0,66.0,81.0
2021-11-09,60.0,60.0,512.0,33.0,9.0,220.0,8.0,15.0,192.0,456,51.0,325.0,35.0,30.0,84.0,454.0,23.0,22.0,12.0,166.0,66.0,51.0,100.0,20.0,109.0,51.0,185.0,60.0,72.0,15.0,39.0,80.0
2021-11-10,64.0,64.0,475.0,36.0,8.0,171.0,10.0,5.0,176.0,500,33.0,251.0,37.0,25.0,92.0,425.0,13.0,9.0,12.0,179.0,62.0,45.0,97.0,11.0,99.0,39.0,210.0,70.0,70.0,19.0,29.0,55.0
2021-11-11,58.0,58.0,390.0,48.0,9.0,164.0,12.0,9.0,163.0,545,48.0,301.0,18.0,28.0,74.0,392.0,30.0,31.0,8.0,178.0,55.0,43.0,111.0,8.0,84.0,49.0,222.0,60.0,65.0,5.0,38.0,54.0
2021-11-12,70.0,70.0,392.0,29.0,10.0,139.0,6.0,5.0,153.0,489,41.0,287.0,24.0,27.0,63.0,357.0,20.0,45.0,19.0,163.0,56.0,41.0,88.0,11.0,96.0,26.0,211.0,60.0,59.0,9.0,42.0,53.0
2021-11-13,8.0,8.0,125.0,24.0,3.0,76.0,10.0,4.0,49.0,228,10.0,150.0,7.0,18.0,27.0,89.0,9.0,12.0,13.0,42.0,27.0,23.0,23.0,5.0,58.0,23.0,86.0,13.0,19.0,3.0,16.0,16.0
2021-11-14,6.0,6.0,84.0,32.0,2.0,46.0,3.0,2.0,57.0,121,14.0,96.0,5.0,13.0,11.0,79.0,8.0,26.0,8.0,40.0,22.0,27.0,16.0,4.0,14.0,6.0,67.0,10.0,10.0,7.0,17.0,10.0
2021-11-15,15.0,15.0,191.0,41.0,3.0,113.0,6.0,2.0,59.0,151,19.0,162.0,10.0,14.0,31.0,69.0,11.0,19.0,4.0,73.0,44.0,27.0,20.0,4.0,49.0,14.0,119.0,29.0,32.0,3.0,16.0,26.0
2021-11-16,83.0,83.0,558.0,65.0,11.0,229.0,7.0,15.0,275.0,492,77.0,341.0,31.0,22.0,101.0,469.0,24.0,12.0,17.0,188.0,71.0,44.0,81.0,16.0,90.0,53.0,297.0,51.0,59.0,5.0,44.0,82.0
2021-11-17,37.0,37.0,548.0,59.0,2.0,209.0,8.0,10.0,270.0,517,61.0,328.0,12.0,26.0,77.0,418.0,14.0,15.0,5.0,161.0,41.0,34.0,70.0,12.0,100.0,52.0,272.0,49.0,74.0,7.0,36.0,58.0
2021-11-18,37.0,37.0,450.0,45.0,10.0,195.0,2.0,9.0,212.0,473,40.0,311.0,15.0,20.0,81.0,350.0,15.0,18.0,17.0,146.0,50.0,38.0,78.0,11.0,90.0,40.0,289.0,25.0,56.0,5.0,47.0,46.0
2021-11-19,45.0,45.0,442.0,38.0,5.0,166.0,0.0,1.0,171.0,506,51.0,256.0,18.0,12.0,67.0,329.0,13.0,17.0,6.0,135.0,50.0,25.0,64.0,10.0,67.0,37.0,232.0,39.0,49.0,12.0,31.0,52.0
2021-11-20,14.0,14.0,157.0,29.0,4.0,89.0,2.0,1.0,60.0,244,9.0,143.0,7.0,8.0,21.0,102.0,6.0,17.0,8.0,41.0,32.0,20.0,23.0,9.0,39.0,8.0,134.0,12.0,20.0,5.0,13.0,12.0
2021-11-21,9.0,9.0,130.0,12.0,7.0,72.0,1.0,3.0,55.0,146,10.0,100.0,6.0,14.0,26.0,79.0,10.0,4.0,14.0,27.0,17.0,23.0,15.0,5.0,41.0,13.0,90.0,9.0,16.0,0.0,16.0,7.0
2021-11-22,101.0,101.0,559.0,63.0,8.0,247.0,7.0,9.0,310.0,509,79.0,379.0,23.0,19.0,100.0,351.0,22.0,29.0,21.0,159.0,65.0,427.0,78.0,12.0,115.0,60.0,397.0,48.0,52.0,16.0,43.0,54.0
2021-11-23,72.0,72.0,523.0,59.0,9.0,206.0,8.0,8.0,259.0,399,66.0,324.0,24.0,31.0,75.0,396.0,20.0,16.0,10.0,134.0,27.0,199.0,63.0,9.0,92.0,39.0,271.0,22.0,47.0,7.0,35.0,42.0
2021-11-24,80.0,80.0,502.0,53.0,7.0,207.0,8.0,4.0,232.0,366,44.0,251.0,19.0,15.0,101.0,316.0,15.0,7.0,9.0,135.0,41.0,144.0,68.0,7.0,84.0,53.0,278.0,29.0,52.0,6.0,22.0,58.0
2021-11-25,75.0,75.0,433.0,51.0,5.0,165.0,3.0,5.0,249.0,532,42.0,219.0,18.0,15.0,77.0,367.0,16.0,17.0,8.0,125.0,48.0,107.0,43.0,8.0,91.0,40.0,237.0,19.0,43.0,8.0,29.0,30.0
2021-11-26,71.0,71.0,393.0,58.0,4.0,144.0,3.0,2.0,240.0,361,50.0,245.0,13.0,12.0,71.0,339.0,22.0,23.0,7.0,123.0,44.0,25.0,38.0,13.0,76.0,40.0,224.0,31.0,39.0,5.0,23.0,35.0
2021-11-27,13.0,13.0,133.0,28.0,3.0,80.0,5.0,0.0,84.0,213,12.0,139.0,3.0,8.0,22.0,84.0,10.0,11.0,5.0,23.0,24.0,12.0,17.0,8.0,51.0,15.0,90.0,12.0,19.0,3.0,12.0,10.0
2021-11-28,15.0,15.0,140.0,20.0,3.0,73.0,3.0,1.0,73.0,111,16.0,83.0,8.0,7.0,38.0,74.0,11.0,17.0,5.0,34.0,15.0,22.0,27.0,5.0,35.0,20.0,107.0,5.0,19.0,4.0,4.0,5.0
2021-11-29,59.0,59.0,633.0,72.0,8.0,209.0,2.0,7.0,393.0,462,94.0,369.0,24.0,13.0,95.0,436.0,23.0,19.0,9.0,148.0,48.0,25.0,54.0,10.0,98.0,48.0,345.0,36.0,66.0,8.0,27.0,43.0
2021-11-30,52.0,52.0,554.0,64.0,2.0,211.0,4.0,4.0,349.0,378,50.0,300.0,11.0,27.0,80.0,239.0,11.0,7.0,9.0,134.0,46.0,23.0,63.0,3.0,92.0,36.0,280.0,37.0,50.0,3.0,24.0,31.0
2021-12-01,68.0,68.0,472.0,42.0,4.0,194.0,2.0,3.0,299.0,338,52.0,273.0,16.0,12.0,103.0,339.0,6.0,9.0,16.0,119.0,53.0,22.0,49.0,16.0,63.0,49.0,248.0,25.0,42.0,5.0,34.0,40.0
2021-12-02,61.0,61.0,472.0,41.0,3.0,208.0,3.0,6.0,350.0,481,49.0,231.0,12.0,12.0,86.0,342.0,11.0,16.0,14.0,127.0,40.0,21.0,41.0,12.0,89.0,41.0,258.0,20.0,51.0,5.0,15.0,24.0
2021-12-03,62.0,62.0,390.0,47.0,5.0,154.0,7.0,2.0,277.0,350,43.0,247.0,23.0,22.0,66.0,256.0,14.0,18.0,21.0,123.0,24.0,23.0,25.0,14.0,78.0,44.0,261.0,26.0,50.0,9.0,38.0,29.0
2021-12-04,12.0,12.0,142.0,15.0,0.0,68.0,2.0,3.0,63.0,147,8.0,129.0,7.0,6.0,24.0,77.0,10.0,3.0,9.0,52.0,33.0,9.0,16.0,19.0,44.0,14.0,80.0,7.0,22.0,10.0,17.0,6.0
2021-12-05,15.0,15.0,125.0,8.0,1.0,54.0,2.0,3.0,58.0,134,14.0,87.0,7.0,12.0,22.0,45.0,6.0,6.0,3.0,41.0,16.0,8.0,6.0,8.0,32.0,17.0,99.0,5.0,17.0,8.0,10.0,5.0
2021-12-06,80.0,80.0,653.0,42.0,3.0,235.0,8.0,6.0,378.0,399,65.0,308.0,17.0,22.0,116.0,360.0,14.0,20.0,12.0,140.0,49.0,32.0,51.0,16.0,137.0,45.0,304.0,30.0,95.0,14.0,26.0,42.0
2021-12-07,74.0,74.0,594.0,40.0,2.0,183.0,3.0,9.0,278.0,378,61.0,290.0,11.0,15.0,99.0,316.0,10.0,16.0,12.0,101.0,24.0,26.0,50.0,13.0,96.0,32.0,297.0,32.0,87.0,19.0,28.0,30.0
2021-12-08,73.0,73.0,540.0,45.0,5.0,174.0,5.0,2.0,285.0,296,52.0,238.0,9.0,10.0,118.0,301.0,10.0,7.0,19.0,96.0,23.0,22.0,36.0,6.0,100.0,26.0,265.0,17.0,67.0,13.0,24.0,26.0
2021-12-09,62.0,62.0,459.0,51.0,2.0,148.0,6.0,10.0,223.0,269,33.0,254.0,15.0,12.0,118.0,351.0,11.0,17.0,11.0,128.0,27.0,24.0,41.0,13.0,94.0,30.0,230.0,14.0,56.0,8.0,35.0,18.0
2021-12-10,70.0,70.0,453.0,51.0,1.0,152.0,4.0,5.0,272.0,428,25.0,229.0,22.0,18.0,87.0,287.0,15.0,19.0,13.0,72.0,19.0,23.0,33.0,19.0,82.0,47.0,205.0,6.0,36.0,7.0,38.0,24.0
2021-12-11,14.0,14.0,104.0,20.0,4.0,56.0,1.0,2.0,65.0,141,9.0,104.0,9.0,4.0,30.0,88.0,5.0,10.0,5.0,24.0,10.0,14.0,6.0,3.0,50.0,9.0,81.0,4.0,13.0,3.0,25.0,4.0
2021-12-12,11.0,11.0,118.0,21.0,1.0,63.0,5.0,0.0,79.0,113,12.0,90.0,7.0,10.0,42.0,79.0,3.0,8.0,4.0,30.0,12.0,8.0,5.0,25.0,27.0,16.0,79.0,5.0,12.0,2.0,8.0,3.0
2021-12-13,106.0,106.0,526.0,74.0,2.0,172.0,2.0,5.0,310.0,359,48.0,284.0,20.0,18.0,121.0,442.0,12.0,24.0,14.0,127.0,18.0,29.0,31.0,27.0,88.0,45.0,269.0,14.0,50.0,4.0,32.0,12.0
2021-12-14,69.0,69.0,398.0,86.0,5.0,164.0,3.0,4.0,317.0,379,43.0,273.0,17.0,10.0,68.0,281.0,11.0,22.0,24.0,108.0,26.0,24.0,31.0,10.0,66.0,37.0,208.0,8.0,40.0,6.0,23.0,24.0
2021-12-15,64.0,64.0,399.0,88.0,1.0,144.0,9.0,4.0,325.0,426,46.0,248.0,15.0,11.0,72.0,281.0,8.0,13.0,14.0,95.0,29.0,26.0,36.0,22.0,108.0,36.0,186.0,6.0,37.0,3.0,31.0,21.0
2021-12-16,84.0,84.0,327.0,94.0,5.0,143.0,2.0,7.0,261.0,435,45.0,256.0,11.0,9.0,109.0,255.0,5.0,18.0,19.0,92.0,9.0,22.0,44.0,40.0,89.0,40.0,201.0,11.0,53.0,8.0,29.0,19.0
2021-12-17,55.0,55.0,328.0,70.0,0.0,162.0,4.0,5.0,230.0,429,44.0,202.0,9.0,16.0,102.0,251.0,9.0,11.0,20.0,89.0,18.0,20.0,30.0,31.0,74.0,51.0,151.0,14.0,31.0,5.0,22.0,17.0
2021-12-18,16.0,16.0,97.0,88.0,2.0,62.0,2.0,1.0,85.0,246,11.0,92.0,8.0,13.0,23.0,63.0,4.0,4.0,13.0,40.0,8.0,23.0,9.0,35.0,59.0,15.0,80.0,5.0,12.0,6.0,15.0,7.0
2021-12-19,18.0,18.0,89.0,70.0,5.0,57.0,4.0,1.0,71.0,192,9.0,130.0,2.0,11.0,28.0,37.0,2.0,8.0,10.0,30.0,6.0,9.0,7.0,40.0,30.0,19.0,49.0,9.0,17.0,2.0,5.0,6.0
2021-12-20,117.0,117.0,432.0,206.0,4.0,185.0,4.0,9.0,327.0,666,49.0,377.0,26.0,27.0,120.0,362.0,11.0,21.0,27.0,132.0,21.0,41.0,70.0,31.0,115.0,48.0,194.0,25.0,58.0,5.0,46.0,32.0
2021-12-21,90.0,90.0,364.0,278.0,4.0,165.0,8.0,4.0,281.0,729,46.0,262.0,16.0,21.0,113.0,365.0,10.0,25.0,12.0,96.0,19.0,49.0,74.0,91.0,109.0,46.0,181.0,30.0,49.0,13.0,31.0,36.0
2021-12-22,73.0,73.0,335.0,285.0,9.0,180.0,9.0,7.0,266.0,990,38.0,255.0,28.0,8.0,124.0,393.0,12.0,19.0,11.0,123.0,40.0,38.0,39.0,96.0,132.0,52.0,131.0,44.0,59.0,6.0,45.0,29.0
2021-12-23,71.0,71.0,292.0,348.0,6.0,141.0,6.0,5.0,265.0,1063,34.0,311.0,18.0,25.0,120.0,326.0,11.0,25.0,11.0,136.0,40.0,58.0,62.0,114.0,145.0,49.0,165.0,37.0,77.0,11.0,75.0,49.0
2021-12-24,68.0,68.0,177.0,348.0,1.0,116.0,5.0,0.0,206.0,892,28.0,217.0,15.0,30.0,86.0,266.0,11.0,22.0,10.0,126.0,33.0,27.0,38.0,108.0,120.0,56.0,120.0,24.0,58.0,4.0,22.0,43.0
2021-12-25,14.0,14.0,60.0,183.0,2.0,44.0,1.0,0.0,55.0,200,12.0,49.0,2.0,17.0,32.0,48.0,11.0,5.0,4.0,47.0,13.0,24.0,28.0,82.0,22.0,17.0,48.0,5.0,41.0,2.0,12.0,11.0
2021-12-26,33.0,33.0,83.0,187.0,9.0,87.0,9.0,3.0,94.0,504,17.0,147.0,32.0,30.0,75.0,78.0,6.0,7.0,3.0,82.0,29.0,22.0,12.0,182.0,91.0,38.0,63.0,4.0,38.0,5.0,11.0,17.0
2021-12-27,231.0,231.0,495.0,728.0,23.0,249.0,25.0,10.0,444.0,2126,84.0,544.0,50.0,66.0,244.0,703.0,38.0,68.0,41.0,372.0,66.0,74.0,105.0,366.0,255.0,79.0,211.0,94.0,157.0,13.0,65.0,151.0
2021-12-28,164.0,164.0,461.0,776.0,22.0,292.0,15.0,13.0,537.0,2729,85.0,644.0,52.0,93.0,260.0,873.0,44.0,41.0,44.0,488.0,62.0,81.0,120.0,505.0,357.0,110.0,230.0,115.0,194.0,22.0,55.0,221.0
2021-12-29,163.0,163.0,510.0,1065.0,26.0,379.0,20.0,19.0,696.0,3201,97.0,545.0,57.0,135.0,284.0,1019.0,45.0,87.0,49.0,597.0,91.0,101.0,176.0,557.0,409.0,152.0,278.0,114.0,275.0,20.0,68.0,271.0
2021-12-30,161.0,161.0,504.0,1005.0,26.0,414.0,36.0,24.0,675.0,3602,134.0,592.0,56.0,123.0,358.0,1002.0,42.0,111.0,66.0,633.0,87.0,114.0,194.0,668.0,563.0,216.0,288.0,143.0,377.0,25.0,79.0,294.0
