NOM_REGION,CLAVE_REGION,NOM_MUN,CVEGEO,POBTOT,POB_HOM,POR_HOM,POB_MUJ,POR_MUJ,POB_EDAD_0_14,POR_EDAD_0_14,POB_EDAD_15_64,POR_EDAD_15_64,POB_EDAD_65+,POR_EDAD_65+,SUPERFICIE,DENSIDAD,POB_RURAL,POB_ETNIA,POB_MIGRANTE,POBREZA_ING,POBREZA_ING_EXTR,POBREZA_MULTI,MARGINACION_1,VULNERABILIDAD_SOCIAL,PRIORIDAD_SOCIAL,REZAGO_SOCIAL_1,IMN_num,REZAGO_SOCIAL_NUM,longitud,latitud,Hospitalizados,Muertes,Positivos,TASA_HospitalizadoS,TASA_Muertes,TASA_Positivos
AGUASCALIENTES,1,AGUASCALIENTES,1001,948990,486917,51.30897059,462073,48.69102941,240583,25.35147894,639532,67.39080496,67941,7.159295672,116635.9236,8.136344024,7.523683074,0.426769513,None,23.68225786,1.97408095,None,Muy bajo,None,None,Muy bajo,0.944508383,-1.31532,-102.2960467,21.87982278,0,0,0,0,0,0
AGUASCALIENTES,1,ASIENTOS,1002,51536,26275,50.98377833,25261,49.01622167,16266,31.56240298,31919,61.93534617,3331,6.46344303,54337.42656,0.948443886,78.22104936,0.083436821,None,40.13188119,4.142805744,None,Muy bajo,None,None,Muy bajo,0.885432776,-0.857301,-102.089275,22.23831694,0,0,0,0,0,0
AGUASCALIENTES,1,CALVILLO,1003,58250,29687,50.96480687,28563,49.03519313,16720,28.70386266,35854,61.55193133,5641,9.684120172,92335.7832,0.630849688,51.30128755,0.296995708,None,45.75594383,4.498972894,None,Muy bajo,None,None,Muy bajo,0.8934528,-0.918554,-102.7187506,21.84690722,0,0,0,0,0,0
AGUASCALIENTES,1,COSIO,1004,17000,8708,51.22352941,8292,48.77647059,5183,30.48823529,10699,62.93529412,1118,6.576470588,12838.35455,1.32415723,65.47058824,0.088235294,None,37.03918208,3.377118121,None,Muy bajo,None,None,Muy bajo,0.894326224,-1.004023,-102.3000442,22.36640861,0,0,0,0,0,0
AGUASCALIENTES,1,JESUS MARIA,1005,129929,65710,50.57377491,64219,49.42622509,38303,29.47994674,84949,65.38109275,6538,5.031979004,49989.51026,2.599125283,37.16414349,0.304012191,None,26.34183564,3.285400541,None,Muy bajo,None,None,Muy bajo,0.92404206,-1.173361,-102.3434164,21.96127278,0,0,0,0,0,0
AGUASCALIENTES,1,PABELLON DE ARTEAGA,1006,47646,24269,50.93607018,23377,49.06392982,14140,29.6772027,30491,63.9948789,2977,6.248163539,19573.59466,2.434197746,32.76455526,0.239264576,None,28.91802014,2.875126633,None,Muy bajo,None,None,Muy bajo,0.917982275,-1.168755,-102.2765417,22.14920167,0,0,0,0,0,0
AGUASCALIENTES,1,RINCON DE ROMOS,1007,57369,29268,51.01709983,28101,48.98290017,17703,30.85812895,35926,62.62267078,3579,6.238560895,37229.51617,1.540954756,44.28524116,0.712928585,None,40.5114188,5.563268412,None,Muy bajo,None,None,Muy bajo,0.902666645,-1.065487,-102.3230686,22.22923306,0,0,0,0,0,0
AGUASCALIENTES,1,SAN JOSE DE GRACIA,1008,9552,5020,52.55443886,4532,47.44556114,3033,31.75251256,5838,61.11809045,681,7.129396985,85779.05749,0.111355852,41.30025126,0.314070352,None,45.77092249,2.322039943,None,Muy bajo,None,None,Muy bajo,0.900801066,-0.956906,-102.4156336,22.15021639,0,0,0,0,0,0
AGUASCALIENTES,1,TEPEZALA,1009,22485,11371,50.57149211,11114,49.42850789,6858,30.50033356,14007,62.29486324,1566,6.964643095,22966.10123,0.97905168,76.76228597,0.155659328,None,37.64747244,3.149761021,None,Muy bajo,None,None,Muy bajo,0.886344786,-0.900102,-102.1669714,22.22422778,0,0,0,0,0,0
AGUASCALIENTES,1,EL LLANO,1010,20853,10407,49.90648828,10446,50.09351172,6249,29.96691124,13211,63.35299477,1392,6.675298518,50405.09876,0.413708147,69.75495133,0.095909461,None,40.61210535,4.811901771,None,Muy bajo,None,None,Muy bajo,0.885585027,-0.829259,-101.9653072,21.91886917,0,0,0,0,0,0
AGUASCALIENTES,1,SAN FRANCISCO DE LOS ROMO,1011,61997,31292,50.47341,30705,49.52659,20157,32.51286353,39408,63.56436602,2306,3.719534816,13777.01769,4.500030514,41.1197316,0.432278981,None,37.79044059,5.934460015,None,Muy bajo,None,None,Muy bajo,0.916844364,-1.075474,-102.2726783,22.07239306,0,0,0,0,0,0
BAJA CALIFRONIA,2,ENSENADA,2001,443807,222500,50.13440527,221307,49.86559473,103674,23.3601543,304500,68.61090519,35220,7.935882039,5298226.979,0.083765192,13.5700879,5.369676458,None,22.29843917,2.063813517,None,Muy bajo,None,None,Muy bajo,0.909487006,-0.970463,-116.5951339,31.80894389,0,0,0,0,0,0
BAJA CALIFRONIA,2,MEXICALI,2002,1049792,520544,49.58544169,529248,50.41455831,234367,22.32508916,734081,69.92632826,80587,7.676473054,1574297.446,0.666832054,11.39454292,0.919896513,None,20.21900643,1.084031092,None,Muy bajo,None,None,Muy bajo,0.929886282,-1.240347,-115.4755789,32.64117583,0,0,0,0,0,0
BAJA CALIFRONIA,2,TECATE,2003,108440,51310,47.31648838,57130,52.68351162,25657,23.66008853,74969,69.13408336,7576,6.9863519,272286.0283,0.398257673,20.40483217,1.47178163,None,21.10669427,1.207056876,None,Muy bajo,None,None,Muy bajo,0.91430735,-1.024642,-116.6265503,32.57267889,0,0,0,0,0,0
BAJA CALIFRONIA,2,TIJUANA,2004,1922523,953783,49.61100595,968740,50.38899405,449147,23.3623733,1359876,70.7339262,107406,5.586721199,125246.9463,15.34985927,1.704114853,1.498551643,None,23.70236267,1.855935146,None,Muy bajo,None,None,Muy bajo,0.926054585,-1.149643,-117.0189133,32.53246083,0,0,0,0,0,0
BAJA CALIFRONIA,2,PLAYAS DE ROSARITO,2005,126890,62504,49.2584128,64386,50.7415872,29326,23.11135629,87401,68.87934431,9530,7.510442115,50599.33798,2.50774032,15.75537867,2.250768382,None,31.23257588,2.161235906,None,Muy bajo,None,None,Muy bajo,0.912762472,-0.956101,-117.0544589,32.36368417,0,0,0,0,0,0
BAJA CALIFRONIA,2,SAN QUINTIN,2006,117568,57790,49.15453185,59778,50.84546815,36132,30.73285248,76391,64.97601388,4961,4.219685629,35191.9,3.340768756,54.39830566,30.50404872,None,34.90374178,3.793049525,None,Medio,None,None,Medio,0.83615465,0.349481,-115.9390614,30.55648528,0,0,0,0,0,0
BAJA CALIFORNIA SUR,3,COMONDU,3001,73021,36217,49.59806083,36804,50.40193917,17812,24.39298284,48719,66.71916298,6449,8.831705948,1715026.08,0.042577195,19.63955574,2.188411553,None,34.949686,4.27665416,None,Muy bajo,None,None,Muy bajo,0.912330378,-0.811338,-111.6733394,25.03463556,0,0,0,0,0,0
BAJA CALIFORNIA SUR,3,MULEGE,3002,64022,30951,48.34431914,33071,51.65568086,16999,26.55181032,42453,66.31001843,4460,6.966355315,3067014.633,0.020874371,39.31773453,9.854425041,None,24.11032719,3.161426317,None,Muy bajo,None,None,Bajo,0.90025359,-0.568869,-112.2682747,27.33686833,0,0,0,0,0,0
BAJA CALIFORNIA SUR,3,LA PAZ,3003,292241,146438,50.10864321,145803,49.89135679,64197,21.96714356,203031,69.47382469,24109,8.249698023,1523950.86,0.19176537,9.818608614,2.206055961,None,20.60725351,1.886306801,None,Muy bajo,None,None,Muy bajo,0.937218644,-1.101218,-110.30659,24.148745,0,0,0,0,0,0
BAJA CALIFORNIA SUR,3,LOS CABOS,3008,351111,170167,48.46530015,180944,51.53469985,93513,26.6334578,242624,69.10179402,12209,3.477247936,370993.7553,0.946406766,3.455317549,4.151393719,None,31.69997751,4.774386992,None,Muy bajo,None,None,Muy bajo,0.919719741,-0.758723,-109.6947492,23.06159139,0,0,0,0,0,0
BAJA CALIFORNIA SUR,3,LORETO,3009,18052,8795,48.72036339,9257,51.27963661,4532,25.1052515,12212,67.64901396,1286,7.123864392,458071.5652,0.039408689,9.644360736,2.609129182,None,34.07996447,2.93913944,None,Muy bajo,None,None,Muy bajo,0.92102857,-0.890728,-111.3433333,26.01277778,0,0,0,0,0,0
CAMPECHE,4,CALKINI,4001,59232,30062,50.75297137,29170,49.24702863,15423,26.03829011,38406,64.83995138,5311,8.966437061,207355.0037,0.285655031,28.34447596,76.12776877,None,62.84214474,17.78239495,None,Bajo,None,None,Bajo,0.867193799,-0.427612,-90.05073944,20.37122611,0,0,0,0,0,0
CAMPECHE,4,CAMPECHE,4002,294077,152522,51.86464769,141555,48.13535231,67071,22.80729197,201182,68.41133445,25297,8.60216882,322214.1045,0.912675752,9.925291675,11.7894293,None,32.52943282,4.701023686,None,Muy bajo,None,None,Muy bajo,0.918231766,-1.14464,-90.53964917,19.84481417,0,0,0,0,0,0
CAMPECHE,4,CARMEN,4003,248845,125802,50.55436115,123043,49.44563885,60958,24.49637324,169105,67.95595652,15332,6.161265045,657055.7525,0.378727374,14.85945066,3.196367217,None,35.36471266,7.625059784,None,Muy bajo,None,None,Muy bajo,0.909688152,-0.922415,-91.83645,18.63778944,0,0,0,0,0,0
CAMPECHE,4,CHAMPOTON,4004,78170,39140,50.07035947,39030,49.92964053,22355,28.59792759,49988,63.94780606,5779,7.392861712,681914.5344,0.114633134,54.20365869,21.21018293,None,57.17333003,12.11261745,None,Bajo,None,None,Bajo,0.858602187,-0.446059,-90.72389111,19.35621861,0,0,0,0,0,0
CAMPECHE,4,HECELCHAKAN,4005,31917,16204,50.76918257,15713,49.23081743,8551,26.7913651,20759,65.04057399,2607,8.168060908,126545.959,0.252216667,34.12288122,64.63640066,None,66.68112693,16.59872843,None,Bajo,None,None,Bajo,0.871965333,-0.453318,-90.13451722,20.17696611,0,0,0,0,0,0
CAMPECHE,4,HOPELCHEN,4006,42140,20812,49.3877551,21328,50.6122449,13067,31.00854295,25858,61.36212625,3155,7.486948268,773400.5089,0.054486646,80.90175605,62.84527765,None,74.85239887,21.72097893,None,Medio,None,None,Bajo,0.839342921,0.036244,-89.84504361,19.74554806,0,0,0,0,0,0
CAMPECHE,4,PALIZADA,4007,8683,4260,49.06138431,4423,50.93861569,2442,28.1239203,5379,61.94863526,862,9.927444432,216468.4023,0.04011209,100,2.499136243,None,59.86468886,13.71755909,None,Medio,None,None,Bajo,0.826152902,-0.31218,-92.09090167,18.25359833,0,0,0,0,0,0
CAMPECHE,4,TENABO,4008,11452,5655,49.38002096,5797,50.61997904,3120,27.24414949,7406,64.66992665,926,8.085923856,105068.6995,0.108995353,23.61159623,41.53859588,None,53.86312068,10.60076543,None,Bajo,None,None,Bajo,0.864073445,-0.34409,-90.22576333,20.03967694,0,0,0,0,0,0
CAMPECHE,4,ESCARCEGA,4009,59923,30455,50.8235569,29468,49.1764431,18061,30.14034678,37749,62.99584467,4090,6.825425963,476683.1558,0.125708239,47.64113946,12.04545834,None,68.05553818,17.83370989,None,Bajo,None,None,Bajo,0.859505638,-0.379536,-90.73200083,18.60431472,0,0,0,0,0,0
CAMPECHE,4,CALAKMUL,4010,31714,15613,49.2306237,16101,50.7693763,11278,35.56158164,18621,58.71539383,1804,5.688339535,1394456.964,0.022742903,81.93542284,38.94179227,None,82.97042741,30.26283839,None,Alto,None,None,Medio,0.794038186,0.317074,-89.39727556,18.50537083,0,0,0,0,0,0
CAMPECHE,4,CANDELARIA,4011,46913,23239,49.53637584,23674,50.46362416,15039,32.05721229,28478,60.70385607,3314,7.064140004,565545.9165,0.082951708,76.29441733,12.06488607,None,80.44920189,30.9649245,None,Alto,None,None,Medio,0.790977942,0.414902,-91.04629361,18.18345056,0,0,0,0,0,0
CAMPECHE,4,SEYBAPLAYA,4012,15297,7660,50.07517814,7637,49.92482186,3753,24.5342224,10182,66.56207099,1361,8.89716938,289.9,52.7664712,37.7982611,8.21076028,None,None,None,None,Bajo,None,None,Bajo,0.874976911,-0.699509,-90.68830111,19.63919694,0,0,0,0,0,0
COAHUILA,5,ABASOLO,5001,1022,487,47.65166341,535,52.34833659,208,20.35225049,643,62.91585127,171,16.73189824,73795.65456,0.013849054,100,0.293542074,None,10.97482377,0.636455186,None,Muy bajo,None,None,Muy bajo,0.905383044,-1.282192,-101.4263889,27.18194444,0,0,0,0,0,0
COAHUILA,5,ACUÑA,5002,163058,81115,49.74610261,81943,50.25389739,45621,27.97838806,109827,67.35456095,7387,4.530289836,1145257.61,0.142376701,1.737418587,0.702204124,None,23.44589656,1.506953876,None,Muy bajo,None,None,Muy bajo,0.915742224,-1.186766,-100.9782583,29.33000556,0,0,0,0,0,0
COAHUILA,5,ALLENDE,5003,23056,11610,50.35565579,11446,49.64434421,6310,27.36814712,14933,64.76839001,1813,7.863462873,25062.53149,0.919938994,7.286606523,0.117106176,None,24.79554425,1.397582039,None,Muy bajo,None,None,Muy bajo,0.936288145,-1.221814,-100.8541667,28.34722222,0,0,0,0,0,0
COAHUILA,5,ARTEAGA,5004,29578,14623,49.43877206,14955,50.56122794,8074,27.29731557,19186,64.86577862,2308,7.803096896,161915.3127,0.182675743,47.48123605,0.459801204,None,29.01452898,3.187421063,None,Muy bajo,None,None,Muy bajo,0.908903713,-1.049694,-100.8496225,25.45062056,0,0,0,0,0,0
COAHUILA,5,CANDELA,5005,1643,800,48.69141814,843,51.30858186,457,27.81497261,975,59.34266586,211,12.84236153,210281.6512,0.00781333,100,0,None,33.39053628,4.611356467,None,Bajo,None,None,Bajo,0.875621416,-0.706085,-100.6638889,26.84027778,0,0,0,0,0,0
COAHUILA,5,CASTAÑOS,5006,29128,14532,49.89014007,14596,50.10985993,8028,27.56110959,18857,64.73839605,2243,7.70049437,331609.165,0.087838344,6.227684702,0.102993683,None,33.74885378,4.219433813,None,Muy bajo,None,None,Muy bajo,0.928721827,-1.165801,-101.4305556,26.78527778,0,0,0,0,0,0
COAHUILA,5,CUATRO CIENEGAS,5007,12715,6350,49.94101455,6365,50.05898545,3676,28.91073535,7819,61.49429807,1218,9.579237122,1058864.956,0.012008141,18.24616595,0.259535981,None,33.00322033,6.45591079,None,Muy bajo,None,None,Muy bajo,0.895993619,-0.773303,-102.0671011,26.98686361,0,0,0,0,0,0
COAHUILA,5,ESCOBEDO,5008,3047,1518,49.81949458,1529,50.18050542,860,28.2244831,1874,61.50311782,313,10.27239908,101816.3453,0.029926433,100,0.032819166,None,29.06682259,3.827597728,None,Bajo,None,None,Muy bajo,0.883826561,-0.964528,-101.4125,27.23472222,0,0,0,0,0,0
COAHUILA,5,FRANCISCO I. MADERO,5009,59035,29818,50.50902007,29217,49.49097993,16808,28.47124587,37902,64.20259168,4319,7.315998984,278611.3599,0.21189014,44.60235454,0.208350978,None,31.77256806,3.470609847,None,Muy bajo,None,None,Muy bajo,0.905453911,-1.02787,-103.2730556,25.775,0,0,0,0,0,0
COAHUILA,5,FRONTERA,5010,82409,41200,49.99453943,41209,50.00546057,22111,26.83080731,54231,65.80713272,6019,7.303813904,45409.12488,1.814811455,8.696865634,0.152895922,None,22.25022707,1.738830958,None,Muy bajo,None,None,Muy bajo,0.940836062,-1.300759,-101.4494444,26.92611111,0,0,0,0,0,0
COAHUILA,5,GENERAL CEPEDA,5011,11898,5807,48.8065221,6091,51.1934779,3341,28.08034964,7207,60.57320558,1323,11.11951589,261530.3415,0.045493765,53.4795764,0.025214322,None,37.06473409,3.096957665,None,Muy bajo,None,None,Muy bajo,0.894435388,-0.91883,-101.4792917,25.3799075,0,0,0,0,0,0
COAHUILA,5,GUERRERO,5012,1643,760,46.25684723,883,53.74315277,413,25.13694461,1038,63.17711503,192,11.68594035,291285.2506,0.005640519,100,1.034692635,None,23.83111111,3.067936508,None,Bajo,None,None,Muy bajo,0.871681977,-0.736287,-100.3787256,28.30841833,0,0,0,0,0,0
COAHUILA,5,HIDALGO,5013,1735,839,48.3573487,896,51.6426513,590,34.00576369,1016,58.55907781,126,7.262247839,112320.802,0.015446827,100,0,None,24.1453879,5.847281613,None,Bajo,None,None,Muy bajo,0.878003362,-0.89738,-99.876055,27.79168056,0,0,0,0,0,0
COAHUILA,5,JIMENEZ,5014,9502,4645,48.88444538,4857,51.11555462,2609,27.45737739,6093,64.12334245,800,8.419280152,219673.8016,0.043255044,100,0.063144601,None,24.07012094,3.756684789,None,Bajo,None,None,Muy bajo,0.8675372,-0.72267,-100.6742275,29.07030833,0,0,0,0,0,0
COAHUILA,5,JUAREZ,5015,1584,798,50.37878788,786,49.62121212,433,27.33585859,995,62.81565657,156,9.848484848,244403.7962,0.006481078,100,0,None,29.37865973,1.849707222,None,Muy bajo,None,None,Muy bajo,0.887482982,-1.009518,-100.7271197,27.60650639,0,0,0,0,0,0
COAHUILA,5,LAMADRID,5016,1764,836,47.39229025,928,52.60770975,412,23.35600907,1111,62.98185941,241,13.66213152,66870.09112,0.026379506,100,0.170068027,None,16.45734597,0.821090047,None,Muy bajo,None,None,Muy bajo,0.897648284,-1.095539,-101.7935992,27.04849361,0,0,0,0,0,0
COAHUILA,5,MATAMOROS,5017,118337,59645,50.40266358,58692,49.59733642,32049,27.08282279,77421,65.42416996,8774,7.414418145,79827.10135,1.482416347,41.71307368,0.138587255,None,27.90753861,2.369490638,None,Muy bajo,None,None,Muy bajo,0.911024099,-1.039603,-103.2303836,25.52813611,0,0,0,0,0,0
COAHUILA,5,MONCLOVA,5018,237951,119893,50.38558359,118058,49.61441641,60186,25.29344277,157411,66.1526953,20161,8.472752794,124217.0866,1.915606029,0.32863909,0.221894424,None,22.8084837,2.411734742,None,Muy bajo,None,None,Muy bajo,0.946982992,-1.355182,-101.4172244,26.90124222,0,0,0,0,0,0
COAHUILA,5,MORELOS,5019,7928,3993,50.36579213,3935,49.63420787,2147,27.08123108,5088,64.17759839,693,8.741170535,63666.04762,0.124524771,15.23713421,0.050454087,None,22.94335938,2.108203125,None,Muy bajo,None,None,Muy bajo,0.93117595,-1.278062,-100.8866314,28.41010444,0,0,0,0,0,0
COAHUILA,5,MUZQUIZ,5020,71627,35771,49.94066483,35856,50.05933517,19489,27.20901336,44899,62.68446256,6429,8.975665601,825830.0937,0.086733337,10.18470688,0.350426515,None,28.9692517,2.074417663,None,Muy bajo,None,None,Muy bajo,0.922369715,-1.098356,-101.5165178,27.87754972,0,0,0,0,0,0
COAHUILA,5,NADADORES,5021,6539,3296,50.40526074,3243,49.59473926,1593,24.36152317,4336,66.30983331,610,9.328643523,71173.75764,0.09187375,100,0.275271448,None,16.78891395,0.650016113,None,Muy bajo,None,None,Muy bajo,0.904328374,-1.16147,-101.5920233,27.02903056,0,0,0,0,0,0
COAHUILA,5,NAVA,5022,33129,16530,49.89586163,16599,50.10413837,9544,28.8085967,21594,65.18156298,1964,5.928340729,90485.43276,0.366125231,2.764949138,0.178091702,None,24.40787473,1.499862025,None,Muy bajo,None,None,Muy bajo,0.9231608,-1.227345,-100.7675536,28.42187472,0,0,0,0,0,0
COAHUILA,5,OCAMPO,5023,9642,4650,48.22650902,4992,51.77349098,2785,28.88404895,6008,62.31072392,849,8.805227131,2589698.466,0.003723213,100,0.082970338,None,34.15234885,4.518703784,None,Bajo,None,None,Bajo,0.863226128,-0.43041,-102.3974047,27.311215,0,0,0,0,0,0
COAHUILA,5,PARRAS,5024,44472,21938,49.32991545,22534,50.67008455,11762,26.44810218,28556,64.21118906,4103,9.226029861,1051778.11,0.042282683,21.75301313,0.220363375,None,30.00355334,3.205371506,None,Muy bajo,None,None,Muy bajo,0.907380801,-1.026923,-102.1841689,25.43738056,0,0,0,0,0,0
COAHUILA,5,PIEDRAS NEGRAS,5025,176327,87616,49.68949735,88711,50.31050265,47189,26.76220885,118048,66.9483403,10817,6.134624873,47308.40108,3.727181557,1.342959388,0.36806615,None,22.55408901,1.665804262,None,Muy bajo,None,None,Muy bajo,0.928128866,-1.295353,-100.5284414,28.70809306,0,0,0,0,0,0
COAHUILA,5,PROGRESO,5026,3239,1605,49.55233097,1634,50.44766903,837,25.84130905,2008,61.99444273,349,10.77493053,286830.4768,0.011292384,100,0,None,27.73269537,2.179904306,None,Bajo,None,None,Muy bajo,0.884144999,-0.842305,-100.9872333,27.42897778,0,0,0,0,0,0
COAHUILA,5,RAMOS ARIZPE,5027,122243,59521,48.69072258,62722,51.30927742,34157,27.94188624,83352,68.18549937,4644,3.798990535,669250.2752,0.18265663,6.734945968,0.730512177,None,16.80567768,1.429617803,None,Muy bajo,None,None,Muy bajo,0.942100305,-1.257305,-100.9507819,25.54323361,0,0,0,0,0,0
COAHUILA,5,SABINAS,5028,64811,32574,50.25998673,32237,49.74001327,16685,25.74408665,42616,65.75427011,5462,8.427581738,196632.9286,0.329604001,8.663652775,0.313218435,None,20.64001811,1.266071084,None,Muy bajo,None,None,Muy bajo,0.935619884,-1.270138,-101.1199892,27.84888833,0,0,0,0,0,0
COAHUILA,5,SACRAMENTO,5029,2471,1229,49.7369486,1242,50.2630514,653,26.42654796,1604,64.91299069,214,8.660461352,28722.83101,0.086029124,100,0,None,16.63130435,1.958695652,None,Muy bajo,None,None,Muy bajo,0.899482248,-1.164213,-101.7250358,27.00443861,0,0,0,0,0,0
COAHUILA,5,SALTILLO,5030,879958,442166,50.24853459,437792,49.75146541,229165,26.04272022,590090,67.05888236,57919,6.582018687,556230.5163,1.582002379,1.764516034,0.513319954,None,17.63466007,1.553056392,None,Muy bajo,None,None,Muy bajo,0.951064784,-1.383355,-100.9997211,25.42166472,0,0,0,0,0,0
COAHUILA,5,SAN BUENAVENTURA,5031,24759,12484,50.42206874,12275,49.57793126,6301,25.44933156,16154,65.24496143,2277,9.196655762,640945.7554,0.038628854,5.436406963,0.141362737,None,23.10848161,1.936826478,None,Muy bajo,None,None,Muy bajo,0.938911614,-1.294073,-101.5500286,27.06025722,0,0,0,0,0,0
COAHUILA,5,SAN JUAN DE SABINAS,5032,42260,21338,50.4921912,20922,49.5078088,10207,24.15286323,27223,64.41788926,4823,11.41268339,79866.96712,0.529129896,7.576904875,0.113582584,None,22.41357898,1.309788451,None,Muy bajo,None,None,Muy bajo,0.935726936,-1.250474,-101.3032933,27.92939028,0,0,0,0,0,0
COAHUILA,5,SAN PEDRO,5033,101041,51092,50.56561198,49949,49.43438802,28607,28.31226928,63648,62.99225067,8762,8.671727319,708024.8257,0.142708273,43.13001653,0.347383735,None,41.38239374,7.08900575,None,Muy bajo,None,None,Muy bajo,0.893470895,-0.947149,-102.9831569,25.75777778,0,0,0,0,0,0
COAHUILA,5,SIERRA MOJADA,5034,6744,3217,47.70166074,3527,52.29833926,2011,29.81909846,4333,64.24970344,400,5.931198102,787353.7949,0.0085654,100,0.415183867,None,25.50420301,1.866613799,None,Muy bajo,None,None,Muy bajo,0.906704469,-1.040244,-103.7014567,27.28687694,0,0,0,0,0,0
COAHUILA,5,TORREON,5035,720848,369095,51.20288882,351753,48.79711118,177805,24.66608772,483827,67.11914301,57889,8.030680532,126984.4253,5.676664664,4.252630236,0.272734335,None,25.99876746,2.705272956,None,Muy bajo,None,None,Muy bajo,0.944032764,-1.334731,-103.4530606,25.54175333,0,0,0,0,0,0
COAHUILA,5,VIESCA,5036,20305,10075,49.61832061,10230,50.38167939,5713,28.13592711,12708,62.58557006,1843,9.076582123,435768.4066,0.046595852,100,0.098497907,None,43.25314708,6.85849762,None,Bajo,None,None,Bajo,0.859012917,-0.594478,-102.8063503,25.34360528,0,0,0,0,0,0
COAHUILA,5,VILLA UNION,5037,6188,3058,49.41822883,3130,50.58177117,1759,28.42598578,3876,62.63736264,553,8.936651584,184608.0353,0.033519668,12.03943116,0.048480931,None,26.58951175,2.525069867,None,Muy bajo,None,None,Muy bajo,0.913487205,-1.09659,-100.725155,28.22049778,0,0,0,0,0,0
COAHUILA,5,ZARAGOZA,5038,13135,6578,50.07993909,6557,49.92006091,3685,28.05481538,8238,62.7179292,1212,9.227255424,791984.93,0.016584912,15.11229539,0.152264941,None,32.78480981,2.265661207,None,Muy bajo,None,None,Muy bajo,0.904570136,-0.907766,-100.9176217,28.48704306,0,0,0,0,0,0
COLIMA,6,ARMERIA,6001,27626,13686,49.54028813,13940,50.45971187,7151,25.88503584,17625,63.79859553,2829,10.24035329,40633.26076,0.679886366,44.37124448,0.738434808,None,38.42671262,4.137637385,None,Bajo,None,None,Bajo,0.883238264,-0.489055,-103.9649972,18.93707278,0,0,0,0,0,0
COLIMA,6,COLIMA,6002,157048,80893,51.50845601,76155,48.49154399,33125,21.09227752,105685,67.29471244,17714,11.27935408,74224.51921,2.115850688,6.42033009,0.805486221,None,24.96142634,2.226493296,None,Muy bajo,None,None,Muy bajo,0.935933424,-1.157756,-103.7281189,19.24292222,0,0,0,0,0,0
COLIMA,6,COMALA,6003,21661,10768,49.711463,10893,50.288537,4969,22.93984581,14256,65.814136,2341,10.80744195,31253.93109,0.693064816,55.45450349,0.517058308,None,46.38506684,7.916416663,None,Muy bajo,None,None,Muy bajo,0.895085308,-0.719713,-103.7588011,19.32319861,0,0,0,0,0,0
COLIMA,6,COQUIMATLAN,6004,20837,10353,49.68565532,10484,50.31434468,5067,24.31732015,13666,65.58525699,2090,10.03023468,52423.78064,0.397472287,28.53097855,1.348562653,None,44.04072665,6.087239649,None,Muy bajo,None,None,Bajo,0.894500998,-0.646125,-103.8109169,19.20141,0,0,0,0,0,0
COLIMA,6,CUAUHTEMOC,6005,31267,15538,49.69456616,15729,50.30543384,7083,22.65327662,20637,66.00249464,3483,11.13954009,40996.04143,0.762683394,37.0678351,5.648127419,None,29.07812775,1.851138317,None,Muy bajo,None,None,Muy bajo,0.910862472,-0.884068,-103.6018606,19.32877444,0,0,0,0,0,0
COLIMA,6,IXTLAHUACAN,6006,5623,2736,48.65730037,2887,51.34269963,1271,22.60359239,3684,65.51662813,668,11.87977948,37501.46968,0.14994079,100,0.87142095,None,41.78393051,6.363916033,None,Bajo,None,None,Bajo,0.861677179,-0.421713,-103.7385933,19.00118361,0,0,0,0,0,0
COLIMA,6,MANZANILLO,6007,191031,95914,50.20860489,95117,49.79139511,46527,24.35573284,131002,68.57630437,12994,6.802037366,134683.8921,1.418365604,11.26204647,1.125995257,None,24.7426871,1.63476906,None,Muy bajo,None,None,Muy bajo,0.935676082,-1.087651,-104.3163806,19.05320583,0,0,0,0,0,0
COLIMA,6,MINATITLAN,6008,10231,4997,48.84175545,5234,51.15824455,2795,27.31893266,6480,63.33691721,835,8.161470042,41254.10032,0.247999591,40.62164011,0.518033428,None,27.99685006,3.120734042,None,Muy bajo,None,None,Bajo,0.898499289,-0.623937,-104.0496369,19.38611,0,0,0,0,0,0
COLIMA,6,TECOMAN,6009,116305,58476,50.27814797,57829,49.72185203,31268,26.88448476,76039,65.37896049,8838,7.598985426,91862.90644,1.266071416,11.40621641,2.592321912,None,37.88905983,5.537271723,None,Muy bajo,None,None,Bajo,0.895600702,-0.48853,-103.8737889,18.91060417,0,0,0,0,0,0
COLIMA,6,VILLA DE ALVAREZ,6010,149762,77408,51.68734392,72354,48.31265608,33907,22.64058974,105436,70.40237176,9970,6.657229471,28641.43283,5.228858517,1.5130674,0.583592634,None,19.42196088,0.966212647,None,Muy bajo,None,None,Muy bajo,0.947535148,-1.32786,-103.7367586,19.26477639,0,0,0,0,0,0
CHIAPAS,7,ACACOYAGUA,7001,17994,8997,50,8997,50,6112,33.96687785,10572,58.75291764,1310,7.280204513,25022.39137,0.71911592,55.02945426,0.778037123,None,76.99915969,21.60325499,None,Medio,None,None,Bajo,0.834459613,0.082204,-92.67461722,15.34096528,0,0,0,0,0,0
CHIAPAS,7,ACALA,7002,21187,10773,50.84721763,10414,49.15278237,6404,30.22608203,13153,62.08052107,1630,7.693396894,48294.12123,0.438707641,29.1971492,11.37961958,None,77.5214052,28.10707161,None,Medio,None,None,Bajo,0.834618692,-0.03197,-92.80750833,16.55167361,0,0,0,0,0,0
CHIAPAS,7,ACAPETAHUA,7003,26899,13714,50.98330793,13185,49.01669207,7977,29.65537752,16522,61.42235771,2397,8.911111937,54541.30808,0.493185825,76.77608833,0.260232722,None,57.94309704,11.75650836,None,Alto,None,None,Bajo,0.816595628,0.039884,-92.68913194,15.28283778,0,0,0,0,0,0
CHIAPAS,7,ALTAMIRANO,7004,36160,18128,50.13274336,18032,49.86725664,12608,34.86725664,21086,58.3130531,1563,4.322455752,95818.4762,0.377380245,70.63606195,77.29811947,None,94.63617143,44.6326716,None,Alto,None,None,Alto,0.77954919,1.42085,-92.03859361,16.73592028,0,0,0,0,0,0
CHIAPAS,7,AMATAN,7005,24512,12184,49.70626632,12328,50.29373368,8828,36.01501305,14415,58.80793081,1269,5.177056136,31606.19313,0.775544207,100,39.30319843,None,90.44397805,38.19576685,None,Alto,None,None,Alto,0.763503171,1.256774,-92.81912306,17.37284833,0,0,0,0,0,0
CHIAPAS,7,AMATENoneGO DE LA FRONTERA,7006,31735,16307,51.38490625,15428,48.61509375,10600,33.40160706,18756,59.10193792,2376,7.487001733,25354.18649,1.251667058,100,4.433590673,None,80.30813547,20.22047364,None,Alto,None,None,Medio,0.817842866,0.229509,-92.11515778,15.43501056,0,0,0,0,0,0
CHIAPAS,7,AMATENoneGO DEL VALLE,7007,11283,5910,52.37968625,5373,47.62031375,3989,35.3540725,6718,59.54090224,576,5.105025259,15267.7655,0.739007945,47.53168484,82.09696003,None,94.27370959,42.92257546,None,Muy alto,None,None,Muy alto,0.720013283,2.321146,-92.43549056,16.52850139,0,0,0,0,0,0
CHIAPAS,7,ANGEL ALBINO CORZO,7008,31947,16042,50.21441763,15905,49.78558237,10662,33.37402573,19357,60.59097881,1928,6.034995461,58568.18778,0.545466766,62.82906063,6.423138323,None,84.96172532,29.31984927,None,Alto,None,None,Medio,0.807158322,0.517613,-92.72507972,15.87264444,0,0,0,0,0,0
CHIAPAS,7,ARRIAGA,7009,41135,21181,51.49143066,19954,48.50856934,10562,25.67643126,26233,63.77294275,4340,10.55062599,81137.24808,0.506980468,38.33475143,1.251975204,None,62.09969159,15.07099227,None,Medio,None,None,Bajo,0.85463643,-0.429847,-93.89947333,16.236065,0,0,0,0,0,0
CHIAPAS,7,BEJUCAL DE OCAMPO,7010,7365,3713,50.41412084,3652,49.58587916,2582,35.05770536,4236,57.51527495,547,7.427019688,7938.487346,0.927758612,100,0.964019009,None,93.87566462,28.78759373,None,Alto,None,None,Medio,0.779417715,0.684595,-92.15840694,15.45539306,0,0,0,0,0,0
CHIAPAS,7,BELLA VISTA,7011,20157,10155,50.37952076,10002,49.62047924,6786,33.66572407,11768,58.38170363,1603,7.952572307,21539.45922,0.935817366,100,2.088604455,None,82.61813827,19.614181,None,Alto,None,None,Medio,0.806571452,0.610934,-92.24484583,15.5829975,0,0,0,0,0,0
CHIAPAS,7,BERRIOZABAL,7012,64632,32718,50.62198292,31914,49.37801708,20377,31.5277262,40864,63.22564674,3388,5.241985394,35273.31021,1.832320233,32.79180592,7.240995173,None,61.64163774,21.06053378,None,Medio,None,None,Bajo,0.834585209,0.045575,-93.27327139,16.80032083,0,0,0,0,0,0
CHIAPAS,7,BOCHIL,7013,37263,19055,51.13651612,18208,48.86348388,13125,35.22260688,20022,53.73158361,1500,4.025440786,36586.90546,1.01847914,61.89249389,53.35319217,None,78.27507511,34.65335986,None,Alto,None,None,Medio,0.814599428,0.682808,-92.89021889,16.99638333,0,0,0,0,0,0
CHIAPAS,7,EL BOSQUE,7014,24273,12562,51.75297656,11711,48.24702344,9452,38.94038644,13889,57.21995633,932,3.839657232,15943.31468,1.522456308,75.96918387,97.65583158,None,96.26514008,47.60073813,None,Alto,None,None,Alto,0.784409323,1.301126,-92.72140889,17.06221028,0,0,0,0,0,0
CHIAPAS,7,CACAHOATAN,7015,50112,25685,51.25518838,24427,48.74481162,15538,31.00654534,30585,61.03328544,3989,7.960169221,17522.03656,2.859941527,61.86941252,6.906529374,None,76.63407169,29.62603162,None,Medio,None,None,Bajo,0.854569693,-0.222215,-92.16811028,14.98978861,0,0,0,0,0,0
CHIAPAS,7,CATAZAJA,7016,17619,8737,49.5885124,8882,50.4114876,4577,25.97763778,11073,62.84692661,1969,11.17543561,62911.06792,0.280062008,100,4.523525739,None,67.40609998,19.69185204,None,Alto,None,None,Bajo,0.816281381,-0.066618,-92.01636611,17.72832139,0,0,0,0,0,0
CHIAPAS,7,CINTALAPA,7017,88106,44429,50.42675868,43677,49.57324132,25876,29.36916896,55144,62.58824598,7033,7.982430254,244691.2205,0.360070132,44.15703811,9.342156039,None,71.95149135,18.33328489,None,Medio,None,None,Bajo,0.842118781,-0.137743,-93.72042806,16.69868222,0,0,0,0,0,0
CHIAPAS,7,COAPILLA,7018,9900,5027,50.77777778,4873,49.22222222,3363,33.96969697,5848,59.07070707,689,6.95959596,15522.85513,0.637769271,100,20.65656566,None,82.90222177,25.71792772,None,Alto,None,None,Medio,0.818399445,0.381097,-93.15902194,17.13079139,0,0,0,0,0,0
CHIAPAS,7,COMITAN DE DOMINGUEZ,7019,166178,86738,52.1958382,79440,47.8041618,46496,27.97963629,108466,65.2709745,11105,6.682593364,98250.06768,1.69137797,31.7123807,7.251260696,None,68.77165237,18.63890867,None,Bajo,None,None,Bajo,0.860727478,-0.280019,-92.135835,16.25246056,0,0,0,0,0,0
CHIAPAS,7,LA CONCORDIA,7020,49920,24787,49.65344551,25133,50.34655449,15678,31.40625,30667,61.43229167,3565,7.141426282,258788.904,0.192898533,83.19511218,10.51883013,None,76.23593869,23.32319122,None,Alto,None,None,Medio,0.788336921,0.526642,-92.68793389,16.11671583,0,0,0,0,0,0
CHIAPAS,7,COPAINALA,7021,22192,11346,51.12653208,10846,48.87346792,6676,30.08291276,13587,61.22476568,1929,8.692321557,34417.5249,0.644787795,67.89383562,17.25847152,None,74.78055577,19.05094808,None,Medio,None,None,Bajo,0.832703604,0.080833,-93.21055556,17.09361111,0,0,0,0,0,0
CHIAPAS,7,CHALCHIHUITAN,7022,21915,11042,50.38558065,10873,49.61441935,9964,45.4665754,11381,51.93246635,566,2.582705909,18562.24277,1.180622421,100,99.85854438,None,98.86916794,76.44330611,None,Muy alto,None,None,Muy alto,0.592004157,4.260517,-92.61839528,16.96340472,0,0,0,0,0,0
CHIAPAS,7,CHAMULA,7023,101967,55019,53.95765297,46948,46.04234703,40999,40.20810654,56336,55.24924731,4630,4.540684731,34549.68734,2.951314696,100,99.62733041,None,96.31732611,52.30870225,None,Muy alto,None,None,Muy alto,0.725429602,2.564559,-92.68916667,16.7875,0,0,0,0,0,0
CHIAPAS,7,CHANAL,7024,13678,6944,50.76765609,6734,49.23234391,6617,48.3769557,6496,47.49232344,564,4.123409855,40808.42076,0.335175921,30.30413803,99.5101623,None,99.11079418,67.96344393,None,Muy alto,None,None,Muy alto,0.727152629,2.4473,-92.25994222,16.66006194,0,0,0,0,0,0
CHIAPAS,7,CHAPULTENoneGO,7025,7472,3737,50.0133833,3735,49.9866167,2441,32.66862955,4471,59.83672377,560,7.494646681,18153.90071,0.411591983,100,94.35224839,None,86.1167145,28.81495148,None,Alto,None,None,Medio,0.806488672,0.734063,-93.13007833,17.34040056,0,0,0,0,0,0
CHIAPAS,7,CHENALHO,7026,47371,24177,51.03755462,23194,48.96244538,19416,40.98710181,26453,55.84218193,1499,3.164383272,25184.58274,1.880952346,100,99.26748433,None,98.62595321,69.42148582,None,Muy alto,None,None,Muy alto,0.711359739,2.877015,-92.62614806,16.89427694,0,0,0,0,0,0
CHIAPAS,7,CHIAPA DE CORZO,7027,112075,56909,50.77760428,55166,49.22239572,31734,28.31496766,72958,65.09747937,6999,6.244925273,83353.90009,1.344568159,42.96408655,6.451929511,None,60.4733134,17.3701221,None,Bajo,None,None,Bajo,0.861804275,-0.452716,-93.01595917,16.70795806,0,0,0,0,0,0
CHIAPAS,7,CHIAPILLA,7028,6156,3050,49.54515919,3106,50.45484081,1656,26.9005848,4012,65.17218973,488,7.927225471,5159.154522,1.193218767,100,5.961663418,None,82.60746737,20.56930448,None,Alto,None,None,Bajo,0.809004946,0.050131,-92.720025,16.57049306,0,0,0,0,0,0
CHIAPAS,7,CHICOASEN,7029,5402,2701,50,2701,50,1657,30.67382451,3339,61.81044058,406,7.515734913,11555.37875,0.467487922,100,12.86560533,None,77.65978608,26.16982548,None,Medio,None,None,Bajo,0.836344022,-0.172642,-93.105235,16.967255,0,0,0,0,0,0
CHIAPAS,7,CHICOMUSELO,7030,36785,18646,50.68913959,18139,49.31086041,12102,32.8992796,22189,60.32078293,2494,6.779937475,100339.594,0.366605031,80.74486883,1.310316705,None,81.56444153,26.26541757,None,Alto,None,None,Medio,0.793659998,0.527657,-92.28328722,15.74493611,0,0,0,0,0,0
CHIAPAS,7,CHILON,7031,137262,69945,50.95729335,67317,49.04270665,56745,41.34064781,75546,55.0378109,4944,3.601870875,168201.7997,0.816055478,88.59188996,97.5135143,None,96.88628718,53.19216107,None,Muy alto,None,None,Muy alto,0.708642494,2.16834,-92.27152833,17.10549139,0,0,0,0,0,0
CHIAPAS,7,ESCUINTLA,7032,30896,15682,50.7573796,15214,49.2426204,9876,31.96530295,18452,59.72294148,2568,8.311755567,42066.13345,0.734462559,65.61367167,1.084282755,None,70.47173064,20.09796869,None,Alto,None,None,Medio,0.823360968,0.151513,-92.65855833,15.31926944,0,0,0,0,0,0
CHIAPAS,7,FRANCISCO LEON,7033,7245,3572,49.30296756,3673,50.69703244,2529,34.9068323,4328,59.73775017,388,5.355417529,21025.19534,0.344586573,100,83.67149758,None,86.51494642,32.47391427,None,Alto,None,None,Medio,0.782524185,0.786109,0,0,0,0,0,0,0,0
CHIAPAS,7,FRONTERA COMALAPA,7034,80897,41738,51.59400225,39159,48.40599775,25351,31.33737963,50211,62.06781463,5295,6.545360149,76849.85652,1.052662993,73.14239094,3.336341273,None,77.5531791,26.7843331,None,Medio,None,None,Bajo,0.834770524,-0.088252,-92.14105,15.66016389,0,0,0,0,0,0
CHIAPAS,7,FRONTERA HIDALGO,7035,14556,7380,50.70074196,7176,49.29925804,4535,31.15553724,9002,61.84391316,1019,7.000549602,9499.205682,1.532338649,100,0.480901347,None,69.13047149,19.52847518,None,Alto,None,None,Bajo,0.819460433,0.05739,-92.17598333,14.7778375,0,0,0,0,0,0
CHIAPAS,7,LA GRANDEZA,7036,7701,3936,51.11024542,3765,48.88975458,2826,36.69653292,4318,56.07064018,557,7.232826906,4909.633615,1.568548817,100,1.97376964,None,88.42992126,12.27375328,None,Alto,None,None,Medio,0.815186166,0.281259,-92.22588,15.51013028,0,0,0,0,0,0
CHIAPAS,7,HUEHUETAN,7037,36333,18622,51.25368123,17711,48.74631877,10613,29.21035973,22823,62.81617263,2873,7.907411995,30645.28753,1.185598274,57.9005312,0.569729998,None,56.17714469,13.40880549,None,Alto,None,None,Medio,0.822869708,0.181587,-92.38418083,15.01851972,0,0,0,0,0,0
CHIAPAS,7,HUIXTAN,7038,22975,11711,50.97279652,11264,49.02720348,8497,36.98367791,12992,56.5484222,1483,6.45484222,31173.48681,0.737004498,100,97.56256801,None,96.64754944,49.28807389,None,Muy alto,None,None,Muy alto,0.7599367,1.87954,-92.45459694,16.71215056,0,0,0,0,0,0
CHIAPAS,7,HUITIUPAN,7039,27893,13898,49.82612125,13995,50.17387875,10274,36.83361417,16128,57.82095866,1491,5.345427168,33942.38271,0.821774954,100,73.60986627,None,94.13732509,58.00152551,None,Alto,None,None,Alto,0.766034949,1.389175,-92.68593194,17.17323167,0,0,0,0,0,0
CHIAPAS,7,HUIXTLA,7040,53242,27163,51.01799331,26079,48.98200669,15202,28.55264641,33771,63.42924759,4263,8.006836708,40011.07796,1.330681469,39.69234815,0.929717141,None,56.98201398,12.2901733,None,Medio,None,None,Bajo,0.853213804,-0.219837,-92.46581778,15.13828861,0,0,0,0,0,0
CHIAPAS,7,LA INDEPENDENCIA,7041,46409,23832,51.35210843,22577,48.64789157,14172,30.53718029,29209,62.93822319,3024,6.515977504,51688.46996,0.897859814,75.52198927,7.089142192,None,91.59648613,34.28177772,None,Alto,None,None,Medio,0.81877858,0.77228,-92.02384111,16.25415167,0,0,0,0,0,0
CHIAPAS,7,IXHUATAN,7042,11377,5838,51.31405467,5539,48.68594533,4167,36.6265272,6526,57.36134306,684,6.012129735,9443.409266,1.204755579,100,49.67917729,None,84.79304035,23.19195943,None,Medio,None,None,Medio,0.829087466,0.394224,-93.00838194,17.29327083,0,0,0,0,0,0
CHIAPAS,7,IXTACOMITAN,7043,10961,5542,50.56108019,5419,49.43891981,3517,32.08648846,6685,60.98896086,759,6.92455068,12528.65085,0.874874728,51.56463826,32.91670468,None,65.6715478,16.15715611,None,Medio,None,None,Bajo,0.837202593,0.043094,-93.0965725,17.430795,0,0,0,0,0,0
CHIAPAS,7,IXTAPA,7044,28999,14713,50.73623228,14286,49.26376772,9559,32.96320563,17866,61.609021,1574,5.427773371,27980.27502,1.036408684,77.65095348,28.2354564,None,87.00561227,40.92242235,None,Alto,None,None,Medio,0.808809864,0.65865,-92.90590278,16.80352528,0,0,0,0,0,0
CHIAPAS,7,IXTAPANGAJOYA,7045,6284,3162,50.31826862,3122,49.68173138,1939,30.85614258,3928,62.50795672,412,6.556333546,10725.66089,0.585884643,100,18.26861871,None,71.90661861,20.7475426,None,Alto,None,None,Medio,0.799482334,0.573689,-93.00166583,17.49753889,0,0,0,0,0,0
CHIAPAS,7,JIQUIPILAS,7046,41063,20693,50.3932981,20370,49.6067019,11519,28.05201763,24971,60.81143609,4573,11.13654628,130627.6095,0.314351615,71.76046563,8.866863113,None,64.61882868,19.4395724,None,Medio,None,None,Bajo,0.836672777,-0.117168,-93.65047528,16.66772139,0,0,0,0,0,0
CHIAPAS,7,JITOTOL,7047,24966,12539,50.22430505,12427,49.77569495,9594,38.42826244,13230,52.99206921,993,3.977409277,23594.93935,1.058108251,77.64960346,76.28775134,None,94.56841231,51.33478641,None,Alto,None,None,Medio,0.822376247,0.698862,-92.86233611,17.0679675,0,0,0,0,0,0
CHIAPAS,7,JUAREZ,7048,21807,11035,50.60301738,10772,49.39698262,6271,28.7568212,13582,62.28275324,1954,8.960425551,74227.59429,0.293785623,64.19039758,6.777640207,None,54.63612007,11.09609287,None,Medio,None,None,Bajo,0.841120191,-0.328909,-93.19333083,17.60815111,0,0,0,0,0,0
CHIAPAS,7,LARRAINZAR,7049,31259,16055,51.36120797,15204,48.63879203,14143,45.24456956,16071,51.41239323,1040,3.327041812,14911.69872,2.096273576,100,99.40177229,None,95.73100269,39.00207745,None,Alto,None,None,Alto,0.790900092,1.255667,-92.71325833,16.88444611,0,0,0,0,0,0
CHIAPAS,7,LA LIBERTAD,7050,5232,2625,50.17201835,2607,49.82798165,1331,25.43960245,3287,62.82492355,614,11.73547401,45643.59911,0.114627245,100,4.892966361,None,42.77037466,8.150444187,None,Medio,None,None,Bajo,0.825096237,-0.189003,-91.71906222,17.69013639,0,0,0,0,0,0
CHIAPAS,7,MAPASTEPEC,7051,46130,23349,50.61565142,22781,49.38434858,13893,30.11706048,28370,61.50010839,3863,8.374159983,122880.9665,0.375403948,58.2245827,0.906134836,None,70.8447672,20.56654942,None,Medio,None,None,Bajo,0.83121785,-0.060241,-92.89160583,15.44113417,0,0,0,0,0,0
CHIAPAS,7,LAS MARGARITAS,7052,141027,72136,51.15048891,68891,48.84951109,47722,33.83891028,83534,59.23262921,7216,5.116750693,302861.2186,0.465648922,82.75082076,55.90631581,None,94.07990563,41.04662761,None,Alto,None,None,Alto,0.769305993,1.599144,-91.98156833,16.31594722,0,0,0,0,0,0
CHIAPAS,7,MAZAPA DE MADERO,7053,7901,4006,50.70244273,3895,49.29755727,2729,34.53993165,4414,55.86634603,758,9.593722314,11030.73696,0.716271273,100,10.50499937,None,82.57220286,17.38727578,None,Alto,None,None,Medio,0.822800995,0.329235,-92.18773472,15.38796583,0,0,0,0,0,0
CHIAPAS,7,MAZATAN,7054,28250,14233,50.38230088,14017,49.61769912,8155,28.86725664,17628,62.4,2467,8.732743363,38590.561,0.732044294,72.48141593,0.612389381,None,56.29343077,13.14054103,None,Alto,None,None,Bajo,0.820213961,0.060171,-92.44947083,14.86302528,0,0,0,0,0,0
CHIAPAS,7,METAPA,7055,5876,3120,53.09734513,2756,46.90265487,1672,28.45473111,3627,61.72566372,505,8.594281824,2296.449653,2.558732342,100,1.208304969,None,59.9931236,18.81141482,None,Medio,None,None,Bajo,0.841136688,-0.310815,-92.19094472,14.83731417,0,0,0,0,0,0
CHIAPAS,7,MITONTIC,7056,13755,7022,51.05052708,6733,48.94947292,6302,45.81606688,7079,51.46492185,374,2.719011269,3662.183927,3.755955538,100,98.63322428,None,98.39112066,49.26652831,None,Muy alto,None,None,Muy alto,0.713575824,2.865647,-92.62965139,16.86447083,0,0,0,0,0,0
CHIAPAS,7,MOTOZINTLA,7057,76398,38973,51.01311553,37425,48.98688447,26304,34.43022069,44886,58.75284693,5202,6.809078772,58973.26769,1.29546832,63.59197885,3.789366214,None,71.16803994,12.01790621,None,Medio,None,None,Medio,0.829975035,0.277526,-92.24774444,15.36316722,0,0,0,0,0,0
CHIAPAS,7,NICOLAS RUIZ,7058,4765,2325,48.79328437,2440,51.20671563,1634,34.29171039,2897,60.79748164,234,4.910807975,2965.070267,1.607044546,100,1.615949633,None,96.64882729,46.6,None,Alto,None,None,Medio,0.806195396,0.284701,-92.58534722,16.43707306,0,0,0,0,0,0
CHIAPAS,7,OCOSINGO,7059,234661,118892,50.665428,115769,49.334572,89669,38.21214433,133941,57.078509,8862,3.776511649,959677.1203,0.244520782,69.75637196,84.54195627,None,92.49991232,46.33383989,None,Muy alto,None,None,Alto,0.736960795,1.739935,-92.09582667,16.90803833,0,0,0,0,0,0
CHIAPAS,7,OCOTEPEC,7060,14088,7209,51.17120954,6879,48.82879046,6006,42.63202726,7313,51.90942646,769,5.458546281,6120.184139,2.301891525,62.16638274,99.04883589,None,91.98476574,46.74655073,None,Alto,None,None,Alto,0.764114711,1.645398,-93.16440528,17.22502917,0,0,0,0,0,0
CHIAPAS,7,OCOZOCOAUTLA DE ESPINOSA,7061,97397,49327,50.64529708,48070,49.35470292,31247,32.08209698,60270,61.88075608,5866,6.022772775,203861.1072,0.477761557,55.59719499,21.4031233,None,72.54861228,23.94523584,None,Medio,None,None,Medio,0.826612121,0.170683,-93.3756525,16.76146194,0,0,0,0,0,0
CHIAPAS,7,OSTUACAN,7062,18469,9281,50.25177324,9188,49.74822676,6274,33.97043695,10936,59.21273485,1259,6.816828199,56097.68639,0.329229264,100,10.00054145,None,58.29360575,14.2538587,None,Alto,None,None,Medio,0.808750452,0.136178,-93.33713639,17.40559111,0,0,0,0,0,0
CHIAPAS,7,OSUMACINTA,7063,3983,2004,50.31383379,1979,49.68616621,1241,31.15741903,2474,62.11398443,263,6.603063018,9250.84769,0.430555138,100,14.58699473,None,69.24357343,21.09442606,None,Medio,None,None,Bajo,0.854396455,-0.326817,-93.09133722,16.93546694,0,0,0,0,0,0
CHIAPAS,7,OXCHUC,7064,54932,27418,49.91261924,27514,50.08738076,23466,42.71826986,29144,53.05468579,2322,4.227044346,41760.82943,1.31539533,81.14760067,98.40166023,None,98.07805076,62.44654576,None,Muy alto,None,None,Muy alto,0.639404486,3.378717,-92.33491667,16.78611944,0,0,0,0,0,0
CHIAPAS,7,PALENQUE,7065,132265,67189,50.79877519,65076,49.20122481,43195,32.6579216,81583,61.6814728,7156,5.410350433,288815.5515,0.457956642,60.83846823,53.67708766,None,69.87507843,21.71408341,None,Medio,None,None,Bajo,0.824804146,0.086753,-91.98103333,17.50913333,0,0,0,0,0,0
CHIAPAS,7,PANTELHO,7066,26391,13441,50.93024137,12950,49.06975863,11096,42.04463643,14364,54.42764579,918,3.478458565,19285.54614,1.368434153,67.30324732,96.55564397,None,97.78136564,63.80855373,None,Muy alto,None,None,Muy alto,0.712365831,2.491271,-92.46957972,17.00665861,0,0,0,0,0,0
CHIAPAS,7,PANTEPEC,7067,12266,6212,50.64405674,6054,49.35594326,4319,35.21115278,7212,58.79667373,735,5.992173488,10579.59969,1.159401146,100,62.87298223,None,88.76438751,34.87846694,None,Alto,None,None,Alto,0.778616786,1.13541,-93.04954583,17.18809194,0,0,0,0,0,0
CHIAPAS,7,PICHUCALCO,7068,31919,16267,50.96337605,15652,49.03662395,8986,28.15251104,20382,63.85538394,2536,7.945111062,59155.3785,0.539579,52.24161158,4.658667251,None,60.95345889,13.02153902,None,Medio,None,None,Bajo,0.843511971,-0.221975,-93.1177675,17.50855083,0,0,0,0,0,0
CHIAPAS,7,PIJIJIAPAN,7069,51193,26082,50.94837185,25111,49.05162815,14518,28.359346,31756,62.03191843,4915,9.600922001,176034.5511,0.290812228,64.41114996,1.619362022,None,68.26159483,17.78652207,None,Alto,None,None,Bajo,0.817629703,-0.048161,-93.20931694,15.69167361,0,0,0,0,0,0
CHIAPAS,7,EL PORVENIR,7070,12263,6159,50.22425181,6104,49.77574819,4408,35.9455272,6923,56.45437495,891,7.265758787,8338.152057,1.470709567,100,6.646008318,None,94.63257551,14.12636685,None,Medio,None,None,Medio,0.829674435,0.527706,-92.27964028,15.45636722,0,0,0,0,0,0
CHIAPAS,7,VILLA COMALTITLAN,7071,30297,14719,48.58236789,15578,51.41763211,9048,29.864343,18712,61.76189062,2535,8.367165066,44992.81037,0.673374251,72.86199954,1.102419381,None,55.44597319,13.70299038,None,Alto,None,None,Bajo,0.816928763,0.083613,-92.57602417,15.2119375,0,0,0,0,0,0
CHIAPAS,7,PUEBLO NUEVO SOLISTAHUACAN,7072,29636,15204,51.30246997,14432,48.69753003,11406,38.4869753,16911,57.06235659,1287,4.342691321,24769.04582,1.196493406,56.79241463,41.89499258,None,92.09495426,43.47697886,None,Alto,None,None,Alto,0.789113009,1.119394,-92.89732222,17.15756806,0,0,0,0,0,0
CHIAPAS,7,RAYON,7073,10866,5518,50.78225658,5348,49.21774342,3815,35.10951592,6458,59.43309405,593,5.457390024,6775.530536,1.603712055,36.86729247,57.15994846,None,85.32018805,30.10781901,None,Alto,None,None,Medio,0.806018537,0.768871,-93.01121722,17.20050333,0,0,0,0,0,0
CHIAPAS,7,REFORMA,7074,44829,22921,51.12984898,21908,48.87015102,13995,31.2186308,28058,62.58894912,2771,6.181266591,43434.58552,1.032103782,35.26957996,1.385264003,None,56.78384892,14.67415383,None,Bajo,None,None,Muy bajo,0.88132352,-0.724109,-93.14710806,17.86581194,0,0,0,0,0,0
CHIAPAS,7,LAS ROSAS,7075,28829,14695,50.9729786,14134,49.0270214,8976,31.13531513,17957,62.28797392,1896,6.576710951,23585.73691,1.22230652,26.483749,13.43092025,None,89.61965739,38.13233457,None,Alto,None,None,Alto,0.783861407,1.054037,-92.36958056,16.36413194,0,0,0,0,0,0
CHIAPAS,7,SABANILLA,7076,29889,14968,50.07862424,14921,49.92137576,10611,35.50135501,17680,59.15219646,1598,5.346448526,25011.64572,1.195003333,100,86.83127572,None,93.39878146,32.85769217,None,Alto,None,None,Alto,0.766271813,1.364996,-92.55172,17.28348417,0,0,0,0,0,0
CHIAPAS,7,SALTO DE AGUA,7077,64251,32405,50.43501268,31846,49.56498732,21730,33.82048528,38691,60.218518,3830,5.960996716,122852.4932,0.522993049,90.37991627,86.82355138,None,86.37316987,31.21330666,None,Muy alto,None,None,Alto,0.753064483,1.24697,-92.33342194,17.55702083,0,0,0,0,0,0
CHIAPAS,7,SAN CRISTOBAL DE LAS CASAS,7078,215874,113582,52.61495131,102292,47.38504869,61981,28.71165587,143178,66.32480058,10562,4.892668872,39541.64167,5.459409141,14.99254195,48.11371448,None,66.11517019,24.9915443,None,Bajo,None,None,Bajo,0.874265573,-0.122718,-92.63756389,16.73702222,0,0,0,0,0,0
CHIAPAS,7,SAN FERNoneDO,7079,41793,20921,50.05862226,20872,49.94137774,12560,30.05287967,26636,63.73316106,2589,6.194817314,35847.68427,1.165849367,71.60529275,4.759170196,None,62.20214482,14.45193544,None,Medio,None,None,Bajo,0.833769309,0.002227,-93.20628472,16.87171194,0,0,0,0,0,0
CHIAPAS,7,SILTEPEC,7080,25937,12911,49.77830898,13026,50.22169102,9457,36.46142576,14798,57.05362995,1682,6.484944288,88315.21972,0.293686638,100,0.987006978,None,91.89259568,13.9924113,None,Alto,None,None,Medio,0.796247685,0.555407,-92.32286,15.557185,0,0,0,0,0,0
CHIAPAS,7,SIMOJOVEL,7081,52935,27047,51.09473883,25888,48.90526117,21661,40.91999622,29201,55.16388023,2029,3.833002739,31436.47233,1.683872142,72.38500047,85.30272976,None,95.35798686,60.85893505,None,Muy alto,None,None,Alto,0.762553956,1.507437,-92.71520833,17.14082611,0,0,0,0,0,0
CHIAPAS,7,SITALA,7082,15518,7894,50.86995747,7624,49.13004253,6474,41.71929372,8510,54.83954118,534,3.441165099,10558.4788,1.469719293,100,97.50612192,None,97.1730002,69.59644189,None,Muy alto,None,None,Muy alto,0.562171125,4.173845,-92.30774278,17.02505083,0,0,0,0,0,0
CHIAPAS,7,SOCOLTENoneGO,7083,19092,9679,50.69662686,9413,49.30337314,5702,29.86591242,12009,62.90069139,1381,7.233396187,63628.35686,0.300054896,72.53299811,11.8531322,None,73.86714923,19.21221204,None,Alto,None,None,Medio,0.811725032,0.317392,-92.35031583,16.24294944,0,0,0,0,0,0
CHIAPAS,7,SOLOSUCHIAPA,7084,8561,4217,49.25826422,4344,50.74173578,2917,34.0731223,5040,58.87162715,604,7.055250555,15639.19,0.547406867,100,32.32099054,None,75.53613026,22.27989066,None,Alto,None,None,Medio,0.819862162,0.369846,-93.03117944,17.42865556,0,0,0,0,0,0
CHIAPAS,7,SOYALO,7085,10890,5425,49.81634527,5465,50.18365473,3595,33.01193756,6615,60.74380165,680,6.24426079,9629.207773,1.13093416,100,43.54453627,None,90.43138351,34.83453753,None,Alto,None,None,Medio,0.821411466,0.422559,-92.92529,16.8909925,0,0,0,0,0,0
CHIAPAS,7,SUCHIAPA,7086,25627,12871,50.22437273,12756,49.77562727,7620,29.73426464,16322,63.69063878,1682,6.563390174,28488.90058,0.899543313,23.63132634,1.443789753,None,70.93508223,23.08856943,None,Medio,None,None,Bajo,0.848429031,-0.281148,-93.10479389,16.62195806,0,0,0,0,0,0
CHIAPAS,7,SUCHIATE,7087,41672,21191,50.85189096,20481,49.14810904,13396,32.14628528,25821,61.9624688,2453,5.886446535,23806.89574,1.750417209,45.812536,0.614321367,None,62.74603437,15.4445031,None,Alto,None,None,Medio,0.802618525,0.603534,-92.15094222,14.67945222,0,0,0,0,0,0
CHIAPAS,7,SUNUAPA,7088,2308,1133,49.09012132,1175,50.90987868,754,32.66897747,1382,59.87868284,172,7.452339688,7833.830307,0.294619606,100,2.556325823,None,66.30823117,16.382662,None,Alto,None,None,Medio,0.810235337,0.224661,-93.24316944,17.48937778,0,0,0,0,0,0
CHIAPAS,7,TAPACHULA,7089,353706,182096,51.48230451,171610,48.51769549,97458,27.5533918,227836,64.41394831,25575,7.23058133,98954.60862,3.574426749,31.92708068,2.407649291,None,58.4942052,17.10022338,None,Bajo,None,None,Bajo,0.869235402,-0.404519,-92.26432,14.91107139,0,0,0,0,0,0
CHIAPAS,7,TAPALAPA,7090,4547,2338,51.4185177,2209,48.5814823,1600,35.18803607,2551,56.10292501,396,8.709038927,6616.693167,0.687201278,100,96.1952936,None,78.79900295,27.14933152,None,Alto,None,None,Medio,0.811888585,0.610062,-93.10460472,17.19004806,0,0,0,0,0,0
CHIAPAS,7,TAPILULA,7091,13592,7030,51.72160094,6562,48.27839906,4302,31.65097116,8388,61.71277222,902,6.636256622,4263.335759,3.188113901,38.0444379,17.92966451,None,73.11605536,16.14372342,None,Bajo,None,None,Bajo,0.855438475,-0.065293,-93.01625833,17.24840278,0,0,0,0,0,0
CHIAPAS,7,TECPATAN,7092,21426,10762,50.22869411,10664,49.77130589,6668,31.12106786,13005,60.69728367,1752,8.176981238,101516.854,0.21105855,100,28.88079903,None,83.23490731,30.78546472,None,Alto,None,None,Medio,0.793093075,0.322362,-93.31146778,17.13699528,0,0,0,0,0,0
CHIAPAS,7,TENEJAPA,7093,48162,24854,51.60499979,23308,48.39500021,19937,41.39570616,26210,54.42049749,2015,4.183796354,19294.76127,2.496117953,100,99.44146838,None,97.07979987,47.81466922,None,Alto,None,None,Alto,0.780274004,1.683409,-92.50649167,16.81901667,0,0,0,0,0,0
CHIAPAS,7,TEOPISCA,7094,49499,25555,51.6273056,23944,48.3726944,17908,36.17850866,29220,59.03149559,2371,4.789995757,28453.99853,1.739614907,59.50625265,53.26572254,None,91.57822771,37.09448782,None,Alto,None,None,Alto,0.783005521,1.262836,-92.47259722,16.54151389,0,0,0,0,0,0
CHIAPAS,7,TILA,7096,83505,41804,50.06167295,41701,49.93832705,25527,30.56942698,41867,50.13711754,4339,5.196096042,80161.23724,1.041712963,79.61080175,84.80809532,None,98.07058408,56.03028761,None,Muy alto,None,None,Alto,0.756944524,1.745,-92.42586472,17.30063472,0,0,0,0,0,0
CHIAPAS,7,TONALA,7097,91913,46632,50.73493412,45281,49.26506588,25307,27.53364595,58493,63.63952868,8104,8.817033499,164132.3553,0.559993183,51.17774417,0.914995702,None,60.939418,16.97958155,None,Bajo,None,None,Bajo,0.862357823,-0.546402,-93.75178333,16.09135556,0,0,0,0,0,0
CHIAPAS,7,TOTOLAPA,7098,7211,3571,49.52156428,3640,50.47843572,2374,32.92192484,4420,61.29524338,417,5.782831785,16917.4082,0.426247326,100,11.32991263,None,94.1385408,40.98092453,None,Alto,None,None,Medio,0.776546482,0.721426,-92.68037611,16.5447325,0,0,0,0,0,0
CHIAPAS,7,LA TRINITARIA,7099,83111,42999,51.73683387,40112,48.26316613,25510,30.6938913,51183,61.58390586,6414,7.717389997,161185.1519,0.515624417,86.69851163,14.33985874,None,87.75737143,31.10734974,None,Alto,None,None,Medio,0.810848591,0.473267,-92.05046944,16.11905944,0,0,0,0,0,0
CHIAPAS,7,TUMBALA,7100,38025,19518,51.32938856,18507,48.67061144,13701,36.03155819,22024,57.91978961,2300,6.048652202,40248.76715,0.944749434,100,98.86390533,None,95.83275401,48.07935829,None,Muy alto,None,None,Alto,0.74344672,1.674061,-92.31598778,17.27846333,0,0,0,0,0,0
CHIAPAS,7,TUXTLA GUTIERREZ,7101,604147,316623,52.4082715,287524,47.5917285,145953,24.15852433,413489,68.44178652,42523,7.038518771,33585.32801,17.98842041,1.597458897,4.44676544,None,46.17149267,9.770912141,None,Muy bajo,None,None,Muy bajo,0.913615545,-1.071436,-93.11519167,16.75397222,0,0,0,0,0,0
CHIAPAS,7,TUXTLA CHICO,7102,41024,21247,51.79163417,19777,48.20836583,11741,28.61983229,25926,63.19715289,3353,8.173264431,16733.17914,2.451656058,81.32312793,0.558209828,None,64.58171244,19.53398501,None,Alto,None,None,Bajo,0.818867693,0.047119,-92.16896972,14.94018972,0,0,0,0,0,0
CHIAPAS,7,TUZANTAN,7103,30302,15402,50.82832816,14900,49.17167184,9477,31.27516336,18441,60.85736915,2384,7.867467494,17601.61407,1.721546665,100,1.534552175,None,68.77144222,21.63684806,None,Alto,None,None,Bajo,0.822988983,0.025636,-92.42162056,15.14606333,0,0,0,0,0,0
CHIAPAS,7,TZIMOL,7104,16560,8442,50.97826087,8118,49.02173913,4597,27.75966184,10581,63.89492754,1382,8.345410628,36016.48986,0.459789393,61.10507246,2.596618357,None,80.97384623,20.92794527,None,Medio,None,None,Medio,0.8287046,0.179531,-92.18793667,16.18423139,0,0,0,0,0,0
CHIAPAS,7,UNION JUAREZ,7105,16008,8161,50.98075962,7847,49.01924038,4661,29.11669165,9744,60.86956522,1599,9.988755622,5858.877402,2.732264033,100,3.023488256,None,69.98519563,17.36467256,None,Medio,None,None,Bajo,0.842476018,-0.140053,-92.08195778,15.06070722,0,0,0,0,0,0
CHIAPAS,7,VENUSTIANO CARRANZA,7106,67292,33793,50.21845093,33499,49.78154907,19917,29.59787196,42499,63.15609582,4810,7.147952208,136634.3286,0.492497022,64.16067289,29.98870594,None,85.31687162,43.96916242,None,Alto,None,None,Medio,0.796297634,0.543004,-92.56513528,16.33961722,0,0,0,0,0,0
CHIAPAS,7,VILLA CORZO,7107,65643,33298,50.72589614,32345,49.27410386,20129,30.66435111,40601,61.85122557,4899,7.463095837,277032.3515,0.236950665,54.07278765,10.09246987,None,81.7317111,34.19680047,None,Alto,None,None,Medio,0.801029111,0.226467,-93.26768361,16.18475111,0,0,0,0,0,0
CHIAPAS,7,VILLAFLORES,7108,109536,55728,50.87642419,53808,49.12357581,31123,28.41348963,69626,63.56449021,8763,8.000109553,191004.1721,0.573474384,58.37350278,3.645376862,None,69.52024013,20.96926679,None,Medio,None,None,Bajo,0.84101355,-0.249881,-93.2677075,16.23548583,0,0,0,0,0,0
CHIAPAS,7,YAJALON,7109,40285,20695,51.37147822,19590,48.62852178,13861,34.40734765,24130,59.89822515,2282,5.664639444,20950.74449,1.922843363,53.01973439,80.06205784,None,90.4017161,40.58173847,None,Alto,None,None,Alto,0.770109267,1.289378,-92.33394417,17.17391,0,0,0,0,0,0
CHIAPAS,7,SAN LUCAS,7110,7526,3734,49.61466915,3792,50.38533085,2682,35.63646027,4408,58.57028966,436,5.793250066,9435.41422,0.797633238,100,21.27292054,None,87.77453474,37.60972018,None,Alto,None,None,Medio,0.789134356,0.673939,-92.71934222,16.61163667,0,0,0,0,0,0
CHIAPAS,7,ZINACANTAN,7111,45373,24258,53.46351354,21115,46.53648646,16480,36.32116016,26803,59.0725762,2089,4.604059683,19518.59256,2.324604085,64.68163886,99.31016243,None,96.84854076,53.85967913,None,Muy alto,None,None,Muy alto,0.734736676,2.288732,-92.72358056,16.76011889,0,0,0,0,0,0
CHIAPAS,7,SAN JUAN CANCUC,7112,37948,19431,51.20427954,18517,48.79572046,17018,44.84557816,19720,51.965848,1206,3.178033098,17341.15721,2.188319934,77.66153684,99.87087594,None,99.25684721,65.64181134,None,Muy alto,None,None,Muy alto,0.690691152,2.950748,-92.3719525,16.89224333,0,0,0,0,0,0
CHIAPAS,7,ALDAMA,7113,8480,4440,52.35849057,4040,47.64150943,3758,44.31603774,4472,52.73584906,250,2.948113208,2686.798376,3.156172817,100,99.94103774,None,98.94824488,58.97639871,None,Alto,None,None,Alto,0.77415115,1.686595,-92.68819194,16.91781778,0,0,0,0,0,0
CHIAPAS,7,BENEMERITO DE LAS AMERICAS,7114,23603,11789,49.94704063,11814,50.05295937,8857,37.5248909,13698,58.03499555,1015,4.300300809,108851.5253,0.216836649,57.52234885,37.31729017,None,75.8467797,23.14615895,None,Alto,None,None,Medio,0.805155251,0.410454,-90.65330194,16.51582806,0,0,0,0,0,0
CHIAPAS,7,MARAVILLA TENEJAPA,7115,14714,7382,50.16990621,7332,49.83009379,5884,39.989126,8213,55.81758869,617,4.193285307,54566.58384,0.269652211,100,55.26709256,None,95.36347741,51.10679815,None,Muy alto,None,None,Alto,0.762133662,1.64563,-91.29510361,16.14039667,0,0,0,0,0,0
CHIAPAS,7,MARQUES DE COMILLAS,7116,12892,6394,49.59664908,6498,50.40335092,4903,38.03133726,7428,57.6171269,561,4.351535836,91354.71292,0.141120251,100,54.93329196,None,77.16332085,22.99001721,None,Alto,None,None,Medio,0.768637701,0.85034,-90.76528333,16.33313333,0,0,0,0,0,0
CHIAPAS,7,MONTECRISTO DE GUERRERO,7117,8412,4197,49.89300999,4215,50.10699001,3069,36.48359486,4902,58.27389444,441,5.242510699,19939.90006,0.421867711,100,2.686638136,None,92.53149277,21.09955779,None,Alto,None,None,Medio,0.797238484,0.635521,-92.61926,15.6939175,0,0,0,0,0,0
CHIAPAS,7,SAN ANDRES DURAZNAL,7118,6047,3119,51.57929552,2928,48.42070448,2535,41.92161402,3261,53.92756739,251,4.150818588,3838.56537,1.575328128,100,98.36282454,None,98.51975988,61.27997332,None,Alto,None,None,Alto,0.772279769,1.694751,-92.8049875,17.1319975,0,0,0,0,0,0
CHIAPAS,7,SANTIAGO EL PINAR,7119,4959,2508,50.57471264,2451,49.42528736,2174,43.83948377,2645,53.3373664,140,2.823149829,1656.99931,2.992759243,100,100,None,97.29269789,59.92350174,None,Muy alto,None,None,Muy alto,0.751578624,1.868427,-92.71459583,16.94143806,0,0,0,0,0,0
CHIAPAS,7,CAPITAN LUIS ANGEL VIDAL,7120,4315,2041,47.30011587,2274,52.69988413,1514,35.08690614,2584,59.88412514,217,5.028968714,225.4,19.14374445,100,0.648899189,None,92.10867515,19.38118812,None,Alto,None,None,Alto,0.783528007,1.136283,-92.6290975,15.60112778,0,0,0,0,0,0
CHIAPAS,7,RINCON CHAMULA SAN PEDRO,7121,8718,4691,53.80821289,4027,46.19178711,3618,41.50034412,4724,54.18674008,376,4.312915806,77.93,111.8696266,22.78045423,93.61091994,None,97.8847219,56.64101085,None,Alto,None,None,Alto,0.780777734,1.696329,-92.93757028,17.20947083,0,0,0,0,0,0
CHIAPAS,7,EL PARRAL,7122,15587,7996,51.29915956,7591,48.70084044,4437,28.46602938,9734,62.44947713,1412,9.058831077,369.9,42.13841579,23.33996279,4.95284532,None,77.60254826,23.05712468,None,Medio,None,None,Bajo,0.837743471,-0.126434,-93.00671111,16.36622778,0,0,0,0,0,0
CHIAPAS,7,EMILIANO ZAPATA,7123,10783,5412,50.19011407,5371,49.80988593,2983,27.66391542,6898,63.97106557,902,8.365019011,179.14,60.19314503,51.40498934,24.65918576,None,72.20353382,25.80775631,None,Medio,None,None,Bajo,0.833070568,-0.071234,-92.89672444,16.53917167,0,0,0,0,0,0
CHIAPAS,7,MEZCALAPA,7124,23847,12148,50.94141821,11699,49.05858179,8173,34.27265484,14106,59.1520946,1552,6.508156162,847.31,28.14436275,66.58699207,33.82396109,None,79.70409469,28.16797325,None,Alto,None,None,Medio,0.803257676,0.341719,-93.60477333,17.1892225,0,0,0,0,0,0
CHIAPAS,7,HONDURAS DE LA SIERRA,7125,11650,5753,49.38197425,5897,50.61802575,4192,35.98283262,6813,58.4806867,645,5.536480687,200,58.25,100,0.343347639,None,None,None,None,Alto,None,None,Medio,0.783168283,0.825837,-92.4760575,15.58966333,0,0,0,0,0,0
CHIHUAHUA,8,AHUMADA,8001,14635,7258,49.59344038,7377,50.40655962,4689,32.03963102,9015,61.59890673,927,6.334130509,1697530.632,0.008621347,28.18585583,0.847283908,None,37.88438559,1.943733661,None,Muy bajo,None,None,Muy bajo,0.906308441,-0.819982,-106.5124153,30.61773389,0,0,0,0,0,0
CHIHUAHUA,8,ALDAMA,8002,26047,13205,50.69681729,12842,49.30318271,6863,26.34852382,17057,65.48546858,2125,8.158329174,920246.3981,0.028304376,13.35662456,1.650861903,None,25.38231279,1.068429738,None,Muy bajo,None,None,Muy bajo,0.933549682,-1.174008,-105.9112925,28.83838056,0,0,0,0,0,0
CHIHUAHUA,8,ALLENDE,8003,8487,4231,49.85271592,4256,50.14728408,1944,22.90562036,5322,62.70767055,1221,14.38670908,211812.5053,0.040068456,100,3.063508896,None,21.26999521,1.249401341,None,Muy bajo,None,None,Muy bajo,0.895672043,-0.982017,-105.3950767,26.93942583,0,0,0,0,0,0
CHIHUAHUA,8,AQUILES SERDAN,8004,24344,10850,44.56950378,13494,55.43049622,6373,26.17893526,17219,70.73200789,667,2.739894841,49382.79106,0.492965251,17.67170555,2.025139665,None,30.07261585,1.246153042,None,Muy bajo,None,None,Muy bajo,0.935418591,-1.168073,-105.8874739,28.59450333,0,0,0,0,0,0
CHIHUAHUA,8,ASCENSION,8005,26093,12862,49.29291381,13231,50.70708619,7929,30.38746024,16304,62.48419116,1774,6.798758288,1296091.255,0.02013207,19.10474074,3.276740888,None,43.50938597,6.126664099,None,Muy bajo,None,None,Bajo,0.894167381,-0.676733,-107.9959494,31.09217611,0,0,0,0,0,0
CHIHUAHUA,8,BACHINIVA,8006,5807,2865,49.33700706,2942,50.66299294,1377,23.71276046,3547,61.08145342,882,15.18856552,95003.0529,0.061124352,100,5.286722921,None,12.19282196,0.899542576,None,Bajo,None,None,Bajo,0.88453071,-0.592165,-107.2543622,28.76473167,0,0,0,0,0,0
CHIHUAHUA,8,BALLEZA,8007,16440,8298,50.47445255,8142,49.52554745,5552,33.77128954,9559,58.14476886,1329,8.083941606,532898.8691,0.030850131,100,57.06812652,None,64.33934272,33.48200313,None,Muy alto,None,None,Muy alto,0.579480199,3.329732,-106.3469233,26.9541075,0,0,0,0,0,0
CHIHUAHUA,8,BATOPILAS DE MANUEL GOMEZ MORIN,8008,11270,5673,50.33717835,5597,49.66282165,4353,38.62466726,6168,54.72937001,748,6.637089618,212138.666,0.053125629,100,67.69299024,None,92.21131832,64.84721196,None,Muy alto,None,None,Muy alto,0.335198107,6.827093,-107.73971,27.02665222,0,0,0,0,0,0
CHIHUAHUA,8,BOCOYNA,8009,23351,12373,52.98702411,10978,47.01297589,6859,29.37347437,14599,62.51980643,1890,8.093871783,269153.1411,0.086757301,54.00196994,16.78728962,None,56.50515322,12.21538457,None,Alto,None,None,Medio,0.799315558,0.922968,-107.5892525,27.84074278,0,0,0,0,0,0
CHIHUAHUA,8,BUENAVENTURA,8010,25146,12637,50.25451364,12509,49.74548636,7328,29.14181182,15734,62.57058777,2071,8.23590233,792943.9427,0.031712204,41.21927941,5.416368408,None,46.80255982,6.603595309,None,Muy bajo,None,None,Muy bajo,0.903085725,-0.807769,-107.4713142,29.84340861,0,0,0,0,0,0
CHIHUAHUA,8,CAMARGO,8011,49499,25052,50.61112346,24447,49.38887654,12240,24.72777228,32560,65.77910665,4672,9.438574517,1368236.412,0.036177228,15.11141639,2.547526213,None,27.18514656,1.630396069,None,Muy bajo,None,None,Muy bajo,0.926523889,-1.148985,-105.1716203,27.6949625,0,0,0,0,0,0
CHIHUAHUA,8,CARICHI,8012,8113,4117,50.74571675,3996,49.25428325,2668,32.88549242,4559,56.1937631,886,10.92074448,257686.8028,0.031483956,100,53.77788734,None,55.31908185,25.39752806,None,Muy alto,None,None,Muy alto,0.567027249,3.492768,-107.0568103,27.91653194,0,0,0,0,0,0
CHIHUAHUA,8,CASAS GRANDES,8013,11815,5790,49.00550148,6025,50.99449852,3258,27.57511638,7342,62.14134575,1205,10.1988997,376538.9169,0.031377899,39.61912823,3.639441388,None,32.70154376,3.647422795,None,Muy bajo,None,None,Muy bajo,0.897982398,-0.850455,-107.9488053,30.37570361,0,0,0,0,0,0
CHIHUAHUA,8,CORONADO,8014,2034,975,47.93510324,1059,52.06489676,483,23.74631268,1207,59.34119961,334,16.42084562,187499.4544,0.010848032,100,0.884955752,None,23.47222222,0.758080808,None,Bajo,None,None,Muy bajo,0.88505323,-0.871124,-105.1583119,26.737615,0,0,0,0,0,0
CHIHUAHUA,8,COYAME DEL SOTOL,8015,1230,597,48.53658537,633,51.46341463,267,21.70731707,746,60.6504065,192,15.6097561,1166271.29,0.001054643,100,1.869918699,None,24.06128703,1.048008172,None,Bajo,None,None,Bajo,0.875526511,-0.458541,-105.0943575,29.46204278,0,0,0,0,0,0
CHIHUAHUA,8,LA CRUZ,8016,3704,1823,49.21706263,1881,50.78293737,902,24.35205184,2346,63.33693305,456,12.31101512,104763.9342,0.035355679,100,2.186825054,None,15.21159179,0.768164171,None,Muy bajo,None,None,Muy bajo,0.895747118,-1.00446,-105.1963889,27.86388889,0,0,0,0,0,0
CHIHUAHUA,8,CUAUHTEMOC,8017,180638,92221,51.0529346,88417,48.9470654,47319,26.19548489,119369,66.08188753,13615,7.537173795,359859.3385,0.501968355,19.29605066,2.579191532,None,24.71993521,1.239896707,None,Muy bajo,None,None,Muy bajo,0.93568138,-1.090677,-106.8660444,28.40631167,0,0,0,0,0,0
CHIHUAHUA,8,CUSIHUIRIACHI,8018,5099,2439,47.83290841,2660,52.16709159,1214,23.80858992,3203,62.81623848,682,13.3751716,160135.8256,0.031841719,100,7.648558541,None,28.43519073,2.551827442,None,Bajo,None,None,Bajo,0.869677609,-0.317614,-106.8366667,28.24111111,0,0,0,0,0,0
CHIHUAHUA,8,CHIHUAHUA,8019,937674,480434,51.23678379,457240,48.76321621,209881,22.38315235,648462,69.15644456,77343,8.248389099,836764.8732,1.120594363,1.270377551,1.833792981,None,15.6764975,0.874303244,None,Muy bajo,None,None,Muy bajo,0.957118882,-1.386087,-106.0763067,28.63679389,0,0,0,0,0,0
CHIHUAHUA,8,CHINIPAS,8020,6222,3066,49.27675988,3156,50.72324012,1869,30.03857281,3753,60.31822565,586,9.418193507,197753.2634,0.03146345,100,15.84699454,None,52.32371372,13.00082454,None,Muy alto,None,None,Muy alto,0.735577294,1.901284,-108.5362292,27.39281028,0,0,0,0,0,0
CHIHUAHUA,8,DELICIAS,8021,150506,76679,50.94747053,73827,49.05252947,37504,24.9186079,100033,66.46445989,12923,8.58636865,53072.21554,2.835871811,10.31786108,0.94215513,None,21.81470773,1.371094446,None,Muy bajo,None,None,Muy bajo,0.936759518,-1.27883,-105.4710467,28.19294806,0,0,0,0,0,0
CHIHUAHUA,8,DR. BELISARIO DOMINGUEZ,8022,2456,1212,49.3485342,1244,50.6514658,414,16.85667752,1381,56.22964169,661,26.91368078,102809.1904,0.023888915,100,6.392508143,None,38.14545455,3.695137421,None,Bajo,None,None,Bajo,0.864162534,-0.383432,-106.4770303,28.15466667,0,0,0,0,0,0
CHIHUAHUA,8,GALEANA,8023,6656,3357,50.43569712,3299,49.56430288,2340,35.15625,3908,58.71394231,401,6.024639423,173412.5784,0.038382452,100,8.022836538,None,32.30152144,2.491931766,None,Bajo,None,None,Bajo,0.877962897,-0.604243,-107.6167442,30.11294944,0,0,0,0,0,0
CHIHUAHUA,8,SANTA ISABEL,8024,3791,1927,50.83091533,1864,49.16908467,774,20.41677658,2412,63.62437352,605,15.95884991,66690.70559,0.056844503,100,2.453178581,None,20.94474836,0.471553611,None,Muy bajo,None,None,Muy bajo,0.904059213,-0.855143,-106.3680544,28.34334583,0,0,0,0,0,0
CHIHUAHUA,8,GOMEZ FARIAS,8025,7023,3558,50.66211021,3465,49.33788979,1680,23.92140111,4252,60.5439271,1091,15.53467179,85282.75934,0.082349587,100,0.74042432,None,31.78231094,2.101704794,None,Muy bajo,None,None,Muy bajo,0.893352716,-0.922168,-107.738655,29.35701917,0,0,0,0,0,0
CHIHUAHUA,8,GRAN MORELOS,8026,2448,1197,48.89705882,1251,51.10294118,443,18.09640523,1436,58.66013072,569,23.24346405,48349.49109,0.05063135,100,3.717320261,None,23.19312394,1.7975382,None,Bajo,None,None,Muy bajo,0.879738969,-0.72976,-106.5101233,28.24782444,0,0,0,0,0,0
CHIHUAHUA,8,GUACHOCHI,8027,50180,25882,51.57831806,24298,48.42168194,16768,33.41570347,30256,60.29493822,3152,6.281387007,692418.3343,0.07247064,65.30490235,64.44798725,None,63.73797074,22.81954806,None,Muy alto,None,None,Muy alto,0.634523072,2.944131,-107.0693617,26.8191525,0,0,0,0,0,0
CHIHUAHUA,8,GUADALUPE,8028,4237,2104,49.65777673,2133,50.34222327,1086,25.63134293,2737,64.59759264,414,9.771064432,602640.6585,0.007030724,100,0.09440642,None,19.71414218,0.491082643,None,Bajo,None,None,Muy bajo,0.880708516,-0.918094,-106.1017536,31.39010694,0,0,0,0,0,0
CHIHUAHUA,8,GUADALUPE Y CALVO,8029,50514,25336,50.15639229,25178,49.84360771,18731,37.08080928,28974,57.3583561,2809,5.56083462,953464.5698,0.05297942,87.46486123,42.90097795,None,75.83819713,25.58098523,None,Muy alto,None,None,Muy alto,0.616129116,3.264541,-106.9643694,26.09451583,0,0,0,0,0,0
CHIHUAHUA,8,GUAZAPARES,8030,8196,4091,49.91459248,4105,50.08540752,2919,35.61493411,4600,56.12493899,677,8.260126891,181127.8245,0.045249812,100,30.99072718,None,66.63391064,24.56777108,None,Muy alto,None,None,Muy alto,0.719720035,1.85595,-108.2799558,27.27638167,0,0,0,0,0,0
CHIHUAHUA,8,GUERRERO,8031,35473,17771,50.09725707,17702,49.90274293,9184,25.89011361,22183,62.53488569,4097,11.5496293,570837.566,0.062142021,54.21024441,4.496377527,None,42.44004004,6.768121071,None,Bajo,None,None,Bajo,0.876297581,-0.386209,-107.4869236,28.5481925,0,0,0,0,0,0
CHIHUAHUA,8,HIDALGO DEL PARRAL,8032,116662,60415,51.78635717,56247,48.21364283,29150,24.98671375,76738,65.77805969,10669,9.145222952,191018.8136,0.610735654,2.41638237,1.799214826,None,31.17166104,2.266711412,None,Muy bajo,None,None,Muy bajo,0.936189729,-1.239709,-105.6671433,26.92208778,0,0,0,0,0,0
CHIHUAHUA,8,HUEJOTITAN,8033,824,413,50.12135922,411,49.87864078,203,24.63592233,468,56.7961165,153,18.56796117,84682.71988,0.009730439,100,3.883495146,None,37.22721598,1.987515606,None,Bajo,None,None,Bajo,0.878900539,-0.505817,-106.1794564,27.05467,0,0,0,0,0,0
CHIHUAHUA,8,IGNACIO ZARAGOZA,8034,5196,2591,49.86528099,2605,50.13471901,1106,21.28560431,3177,61.14318707,913,17.57120862,286323.1618,0.018147327,100,0.500384911,None,27.54615233,0.789214722,None,Muy bajo,None,None,Muy bajo,0.886866995,-0.809208,-107.7641947,29.64321222,0,0,0,0,0,0
CHIHUAHUA,8,JANOS,8035,11005,5245,47.66015448,5760,52.33984552,3433,31.1949114,6709,60.96319855,844,7.669241254,745511.5378,0.014761676,100,5.661063153,None,35.11689985,2.67012852,None,Bajo,None,None,Bajo,0.873595228,-0.302702,-108.1898497,30.8872575,0,0,0,0,0,0
CHIHUAHUA,8,JIMENEZ,8036,40859,20671,50.59105705,20188,49.40894295,11302,27.66098044,25991,63.61144424,3557,8.705548349,1069522.545,0.038203028,14.12663061,1.764605105,None,38.0255905,2.419339605,None,Muy bajo,None,None,Muy bajo,0.921362129,-1.103903,-104.9229767,27.13054917,0,0,0,0,0,0
CHIHUAHUA,8,JUAREZ,8037,1512450,755473,49.95027935,756977,50.04972065,380302,25.14476512,1042232,68.91017885,85438,5.648980132,357651.511,4.22883716,0.720618863,1.214651724,None,23.70436547,2.163680221,None,Muy bajo,None,None,Muy bajo,0.924917721,-1.266366,-106.4850186,31.74646528,0,0,0,0,0,0
CHIHUAHUA,8,JULIMES,8038,4980,2463,49.45783133,2517,50.54216867,1231,24.7188755,3114,62.53012048,629,12.63052209,410629.8751,0.01212771,100,0.983935743,None,21.63962109,0.656713344,None,Muy bajo,None,None,Muy bajo,0.894121327,-0.815055,-105.4305556,28.42305556,0,0,0,0,0,0
CHIHUAHUA,8,LOPEZ,8039,4122,2005,48.6414362,2117,51.3585638,1027,24.91508976,2498,60.60164968,597,14.48326055,133794.0079,0.030808555,100,2.838427948,None,21.03922568,1.308711156,None,Muy bajo,None,None,Muy bajo,0.886724024,-0.833833,-105.0330556,27.0025,0,0,0,0,0,0
CHIHUAHUA,8,MADERA,8040,25144,12738,50.66019726,12406,49.33980274,6710,26.68628699,15490,61.60515431,2793,11.10801782,873212.8128,0.028794813,41.31800827,2.418071906,None,42.68486181,4.911552547,None,Muy bajo,None,None,Bajo,0.897374954,-0.631036,-108.1413889,29.19,0,0,0,0,0,0
CHIHUAHUA,8,MAGUARICHI,8041,1302,681,52.30414747,621,47.69585253,387,29.7235023,775,59.52380952,140,10.75268817,100112.6959,0.013005344,100,22.04301075,None,75.85886127,26.77626303,None,Muy alto,None,None,Muy alto,0.687195296,3.294234,-107.9939558,27.85930278,0,0,0,0,0,0
CHIHUAHUA,8,MANUEL BENAVIDES,8042,1178,552,46.85908319,626,53.14091681,199,16.89303905,785,66.63837012,194,16.46859083,501329.6496,0.002349751,100,0.424448217,None,22.50909091,1.020909091,None,Bajo,None,None,Bajo,0.859689685,-0.275021,-103.9078158,29.10738639,0,0,0,0,0,0
CHIHUAHUA,8,MATACHI,8043,2742,1328,48.4318016,1414,51.5681984,607,22.13712619,1687,61.52443472,448,16.3384391,72536.02463,0.037801906,100,1.458789205,None,29.09046547,1.849474475,None,Bajo,None,None,Bajo,0.882665057,-0.65573,-107.7546481,28.84322833,0,0,0,0,0,0
CHIHUAHUA,8,MATAMOROS,8044,4314,2151,49.86091794,2163,50.13908206,1069,24.77978674,2662,61.70607325,583,13.51414001,117287.2942,0.036781478,100,1.692165044,None,29.02371159,1.278490201,None,Bajo,None,None,Muy bajo,0.885199462,-0.855228,-105.58333,26.76387694,0,0,0,0,0,0
CHIHUAHUA,8,MEOQUI,8045,44853,22472,50.10144249,22381,49.89855751,11709,26.10527724,28945,64.53303012,4132,9.212315787,42752.29444,1.049136674,26.47314561,1.788063229,None,30.83112278,2.773308691,None,Muy bajo,None,None,Muy bajo,0.916499016,-1.021442,-105.4802911,28.26779667,0,0,0,0,0,0
CHIHUAHUA,8,MORELOS,8046,7266,3601,49.55959262,3665,50.44040738,2627,36.15469309,4135,56.90889072,504,6.936416185,216532.6867,0.033556135,100,45.41701073,None,77.26250896,35.65103943,None,Muy alto,None,None,Muy alto,0.619448768,3.410274,-107.6772478,26.67052667,0,0,0,0,0,0
CHIHUAHUA,8,MORIS,8047,4447,2113,47.51517877,2334,52.48482123,1329,29.88531594,2655,59.70317068,437,9.826849562,179911.749,0.024717674,100,4.744771756,None,61.49896528,12.43458266,None,Medio,None,None,Medio,0.8275154,0.484097,-108.5232375,28.14838417,0,0,0,0,0,0
CHIHUAHUA,8,NAMIQUIPA,8048,22712,11322,49.8502994,11390,50.1497006,5700,25.09686509,13802,60.7696372,3201,14.09387108,485638.2433,0.046767322,100,1.756780557,None,17.56351032,0.960545205,None,Muy bajo,None,None,Muy bajo,0.898151413,-0.863307,-107.4088717,29.25076,0,0,0,0,0,0
CHIHUAHUA,8,NONOAVA,8049,2757,1380,50.05440696,1377,49.94559304,746,27.05839681,1666,60.42800145,345,12.51360174,198827.8533,0.013866266,100,18.78853827,None,42.91211226,10.75073855,None,Alto,None,None,Medio,0.768986625,0.506444,-106.7353322,27.47205417,0,0,0,0,0,0
CHIHUAHUA,8,NUEVO CASAS GRANDES,8050,65753,33614,51.12162183,32139,48.87837817,17150,26.08246012,43021,65.42819339,5568,8.46805469,261308.6759,0.251629609,5.649932322,1.329216918,None,29.15167629,2.142809052,None,Muy bajo,None,None,Muy bajo,0.935031847,-1.238021,-107.9121031,30.41398556,0,0,0,0,0,0
CHIHUAHUA,8,OCAMPO,8051,8127,4017,49.42783315,4110,50.57216685,2728,33.56712194,4833,59.46843854,566,6.964439523,178780.7671,0.04545791,100,2.325581395,None,40.25403072,6.894502983,None,Medio,None,None,Medio,0.839885321,0.24412,-108.3667406,28.19383444,0,0,0,0,0,0
CHIHUAHUA,8,OJINAGA,8052,24534,12341,50.30162224,12193,49.69837776,6262,25.52376294,15764,64.25368876,2493,10.16140866,678065.6956,0.036182335,10.05950925,0.652156191,None,29.03893981,0.913958071,None,Muy bajo,None,None,Muy bajo,0.917474949,-1.041172,-104.4156647,29.56450056,0,0,0,0,0,0
CHIHUAHUA,8,PRAXEDIS G. GUERRERO,8053,5111,2512,49.14889454,2599,50.85110546,1314,25.70925455,3194,62.49266288,592,11.5828605,37300.65547,0.137021721,100,0.234787713,None,13.76695865,0.571195763,None,Bajo,None,None,Muy bajo,0.878493467,-0.733587,-106.0053947,31.37206778,0,0,0,0,0,0
CHIHUAHUA,8,RIVA PALACIO,8054,7695,3802,49.40870695,3893,50.59129305,2281,29.64262508,4741,61.611436,673,8.745938921,225770.676,0.034083257,100,1.702404159,None,9.873939555,0.207847296,None,Muy bajo,None,None,Bajo,0.898736807,-0.362099,-106.5026322,28.54600778,0,0,0,0,0,0
CHIHUAHUA,8,ROSALES,8055,16776,8361,49.83905579,8415,50.16094421,3965,23.6349547,11018,65.67715784,1777,10.59251311,191866.5178,0.087435787,65.03338102,2.098235575,None,26.84882922,1.389508341,None,Muy bajo,None,None,Muy bajo,0.903505152,-1.012485,-105.5544444,28.18694444,0,0,0,0,0,0
CHIHUAHUA,8,ROSARIO,8056,2079,997,47.95574796,1082,52.04425204,413,19.86531987,1312,63.10726311,354,17.02741703,116433.9221,0.017855621,100,2.260702261,None,33.08451392,2.075720567,None,Bajo,None,None,Bajo,0.86234261,-0.465483,-106.2954981,27.31964083,0,0,0,0,0,0
CHIHUAHUA,8,SAN FRANCISCO DE BORJA,8057,2197,1045,47.56486117,1152,52.43513883,449,20.43695949,1307,59.49021393,441,20.07282658,131281.2859,0.016735059,100,11.24260355,None,28.93345918,3.267579047,None,Medio,None,None,Bajo,0.842535587,-0.130073,-106.6849164,27.90182111,0,0,0,0,0,0
CHIHUAHUA,8,SAN FRANCISCO DE CONCHOS,8058,2696,1295,48.03412463,1401,51.96587537,581,21.5504451,1714,63.57566766,401,14.87388724,87336.55243,0.030869091,100,1.59495549,None,13.32518151,0.487963317,None,Muy bajo,None,None,Muy bajo,0.900716613,-0.899751,-105.3346414,27.58855194,0,0,0,0,0,0
CHIHUAHUA,8,SAN FRANCISCO DEL ORO,8059,5004,2520,50.35971223,2484,49.64028777,1308,26.13908873,3110,62.15027978,584,11.67066347,47631.9858,0.105055456,100,1.458832934,None,24.51013653,1.634050476,None,Muy bajo,None,None,Muy bajo,0.907821255,-1.010303,-105.8500803,26.85899444,0,0,0,0,0,0
CHIHUAHUA,8,SANTA BARBARA,8060,11582,5765,49.77551373,5817,50.22448627,3073,26.53255051,7277,62.83025384,1191,10.28319807,34290.23356,0.337763812,20.83405284,1.657744776,None,26.84630538,1.382247927,None,Muy bajo,None,None,Muy bajo,0.924946924,-1.05935,-105.8180997,26.8021,0,0,0,0,0,0
CHIHUAHUA,8,SATEVO,8061,3414,1609,47.1294669,1805,52.8705331,654,19.15641476,2086,61.10134739,674,19.74223784,353732.5945,0.009651358,100,3.485647335,None,32.72536688,1.787660976,None,Bajo,None,None,Bajo,0.88203921,-0.541415,-106.1072042,27.95603361,0,0,0,0,0,0
CHIHUAHUA,8,SAUCILLO,8062,29862,15034,50.34491997,14828,49.65508003,7466,25.00167437,19135,64.07809256,3261,10.92023307,302505.6432,0.098715514,63.81689103,0.843881857,None,20.64102956,1.060503934,None,Muy bajo,None,None,Muy bajo,0.912429731,-1.096387,-105.2880322,28.03267444,0,0,0,0,0,0
CHIHUAHUA,8,TEMOSACHIC,8063,5320,2654,49.88721805,2666,50.11278195,1317,24.7556391,3212,60.37593985,791,14.86842105,426333.9423,0.012478481,100,9.266917293,None,31.87739464,4.42831216,None,Medio,None,None,Medio,0.844140268,0.194904,-107.8298394,28.95275833,0,0,0,0,0,0
CHIHUAHUA,8,EL TULE,8064,1448,722,49.86187845,726,50.13812155,323,22.30662983,879,60.70441989,246,16.98895028,46634.17294,0.031050191,100,4.76519337,None,38.18825195,5.336871904,None,Bajo,None,None,Bajo,0.861384483,-0.339039,-106.2662533,27.0536125,0,0,0,0,0,0
CHIHUAHUA,8,URIQUE,8065,17043,8685,50.95933814,8358,49.04066186,5861,34.38948542,9834,57.70110896,1348,7.909405621,327943.2059,0.051969364,100,56.94419996,None,59.38934549,24.9935809,None,Muy alto,None,None,Muy alto,0.576004413,3.89139,-107.9143047,27.21271472,0,0,0,0,0,0
CHIHUAHUA,8,URUACHI,8066,6512,3224,49.50859951,3288,50.49140049,1993,30.60503686,3903,59.93550369,616,9.459459459,264511.3319,0.024618983,100,25.72174447,None,79.27927364,38.59940513,None,Muy alto,None,None,Muy alto,0.65201117,3.175966,-108.215195,27.86792417,0,0,0,0,0,0
CHIHUAHUA,8,VALLE DE ZARAGOZA,8067,4775,2356,49.34031414,2419,50.65968586,1137,23.81151832,2835,59.37172775,803,16.81675393,293613.2506,0.01626289,100,1.968586387,None,31.22186904,1.569400297,None,Bajo,None,None,Bajo,0.87732805,-0.686369,-105.8109942,27.45713167,0,0,0,0,0,0
CIUDAD DE MEXICO,9,AZCAPOTZALCO,9002,432205,227255,52.58037274,204950,47.41962726,70366,16.28070013,306611,70.94110434,54863,12.69374487,3332.309118,129.7013526,0,1.67998982,None,24.18607668,2.466962457,None,Muy bajo,None,None,Muy bajo,0.949506019,-1.391197,-99.18436056,19.48410278,3246,1575,20857,751.0324962,364.4104071,4825.719277
CIUDAD DE MEXICO,9,COYOACAN,9003,614447,325337,52.9479353,289110,47.0520647,91327,14.86328357,432544,70.39565658,90448,14.72022811,5362.231449,114.5879296,0,2.498018544,None,27.07709984,2.948965666,None,Muy bajo,None,None,Muy bajo,0.953248361,-1.451144,-99.16214556,19.35021389,3374,1587,23541,549.1116402,258.2810234,3831.249888
CIUDAD DE MEXICO,9,CUAJIMALPA DE MORELOS,9004,217686,113537,52.1563169,104149,47.8436831,45307,20.81300589,155503,71.43454333,16760,7.699163015,7107.111878,30.62931944,2.274376855,1.847615373,None,32.47906063,4.453946894,None,Muy bajo,None,None,Muy bajo,0.946440134,-1.278397,-99.29979222,19.35735028,791,376,8404,363.3674191,172.7258528,3860.606562
CIUDAD DE MEXICO,9,GUSTAVO A. MADERO,9005,1173351,609477,51.9432804,563874,48.0567196,212345,18.09731274,819397,69.83392011,141375,12.04882426,8737.830651,134.284017,0,2.815440563,None,33.77546649,3.686919205,None,Muy bajo,None,None,Muy bajo,0.940959006,-1.30486,-99.11347083,19.48294528,6967,3757,43420,593.7694688,320.1940425,3700.512464
CIUDAD DE MEXICO,9,IZTACALCO,9006,404695,212343,52.46988473,192352,47.53011527,69312,17.12697216,286131,70.702875,49074,12.12616909,2296.278403,176.2395185,0,2.485822657,None,25.20202038,2.614429699,None,Muy bajo,None,None,Muy bajo,0.946441445,-1.386912,-99.09761278,19.39590139,2921,1562,15809,721.7781292,385.9696809,3906.398646
CIUDAD DE MEXICO,9,IZTAPALAPA,9007,1835486,947835,51.6394568,887651,48.3605432,366835,19.98571496,1293944,70.49598853,174312,9.496776331,11252.80647,163.1136201,0,3.97910962,None,43.88730674,6.559349103,None,Muy bajo,None,None,Muy bajo,0.932384744,-1.244697,-99.0926225,19.35900389,9018,4766,54869,491.3140171,259.6587498,2989.344511
CIUDAD DE MEXICO,9,LA MAGDALENA CONTRERAS,9008,247622,129335,52.23081956,118287,47.76918044,47378,19.13319495,174135,70.32291153,26066,10.52652834,6307.476684,39.25848836,0.482186559,2.744505739,None,42.50217099,6.712631012,None,Muy bajo,None,None,Muy bajo,0.93455805,-1.26263,-99.24151556,19.30489806,946,509,12663,382.0339065,205.5552415,5113.842873
CIUDAD DE MEXICO,9,MILPA ALTA,9009,152685,78314,51.29122049,74371,48.70877951,36311,23.78164194,105619,69.17444412,10741,7.034744736,29672.88679,5.145606529,24.41235223,8.515571274,None,54.68756386,9.149365103,None,Muy bajo,None,None,Muy bajo,0.896945481,-0.849953,-99.02337194,19.19124944,444,209,7863,290.7947736,136.8831254,5149.818253
CIUDAD DE MEXICO,9,ALVARO OBREGON,9010,759137,398130,52.44507908,361007,47.55492092,136052,17.92192977,538449,70.92909448,83813,11.04056317,9535.832694,79.60888413,0.017651623,2.429205796,None,37.69131992,5.641196007,None,Muy bajo,None,None,Muy bajo,0.947143054,-1.321042,-99.19541333,19.39080611,3856,1945,40930,507.9452062,256.2119881,5391.648675
CIUDAD DE MEXICO,9,TLAHUAC,9011,392313,202123,51.52085197,190190,48.47914803,84051,21.42447485,278514,70.99280422,29603,7.545760655,8538.328497,45.94728349,3.81353664,3.360581984,None,42.40951008,5.113200369,None,Muy bajo,None,None,Muy bajo,0.928948577,-1.182614,-99.00484611,19.27056639,1428,669,19689,363.9950754,170.5271046,5018.696806
CIUDAD DE MEXICO,9,TLALPAN,9012,699928,365051,52.15550742,334877,47.84449258,129152,18.45218365,496189,70.89143455,74056,10.58051685,31285.26731,22.37244749,3.08946063,4.111565761,None,39.69687566,7.084318278,None,Muy bajo,None,None,Muy bajo,0.932756683,-1.266801,-99.16712611,19.288275,2968,1227,35834,424.0436159,175.3037455,5119.669452
CIUDAD DE MEXICO,9,XOCHIMILCO,9013,442178,226726,51.27482598,215452,48.72517402,89049,20.13872241,312227,70.61115659,40693,9.202854959,11350.42987,38.95693864,2.871468051,5.84515738,None,48.1913875,9.303678835,None,Muy bajo,None,None,Muy bajo,0.916923817,-1.084835,-99.10491333,19.26346194,1893,834,20627,428.1081374,188.611826,4664.863471
CIUDAD DE MEXICO,9,BENITO JUAREZ,9014,434153,232032,53.44475335,202121,46.55524665,51243,11.8029819,321279,74.00133133,61593,14.1869341,2654.892317,163.5294197,0,1.290789192,None,7.883825908,0.312266248,None,Muy bajo,None,None,Muy bajo,0.977052459,-1.550066,-99.15785333,19.37199222,1870,849,13775,430.723731,195.5531806,3172.844596
CIUDAD DE MEXICO,9,CUAUHTEMOC,9015,545884,284933,52.19662053,260951,47.80337947,83469,15.29061119,398058,72.91988774,64291,11.77741059,3233.524504,168.8201216,0,3.38185402,None,20.89254683,2.450753168,None,Muy bajo,None,None,Muy bajo,0.960319482,-1.407415,-99.15188361,19.44164667,3210,1631,20794,588.0370189,298.7814261,3809.234196
CIUDAD DE MEXICO,9,MIGUEL HIDALGO,9016,414470,219003,52.83928873,195467,47.16071127,62495,15.07829276,295866,71.38417738,50183,12.10775207,4612.185292,89.86412595,0,1.476343282,None,13.46864758,0.934248996,None,Muy bajo,None,None,Muy bajo,0.958642827,-1.424851,-99.19075444,19.40726889,2168,905,15006,523.0776655,218.3511472,3620.527421
CIUDAD DE MEXICO,9,VENUSTIANO CARRANZA,9017,443704,233586,52.64455583,210118,47.35544417,78081,17.59754251,310974,70.08591313,54234,12.22301354,3366.605073,131.7956785,0,2.286434199,None,29.98970182,2.90797206,None,Muy bajo,None,None,Muy bajo,0.94553874,-1.361456,-99.11370111,19.41926194,2637,1378,19390,594.315129,310.5674053,4370.030471
DURANGO,10,CANATLAN,10001,31454,15803,50.24162269,15651,49.75837731,8369,26.60710879,19742,62.76467222,3328,10.5805303,345501.0691,0.091038792,62.03026642,0.403764227,None,43.22086914,2.047902403,None,Muy bajo,None,None,Muy bajo,0.887781229,-0.885814,-104.7783736,24.52726333,0,0,0,0,0,0
DURANGO,10,CANELAS,10002,4321,2111,48.85443184,2210,51.14556816,1436,33.23304791,2571,59.50011571,314,7.26683638,88348.54159,0.048908561,100,0.069428373,None,67.41557514,11.12693498,None,Alto,None,None,Medio,0.795490905,0.676833,-106.5456331,25.12297083,0,0,0,0,0,0
DURANGO,10,CONETO DE COMONFORT,10003,4084,2020,49.46131244,2064,50.53868756,1255,30.72967679,2421,59.28011753,397,9.7208619,106351.8271,0.038400845,100,0.220372184,None,64.88600252,5.946532156,None,Bajo,None,None,Bajo,0.867465639,-0.585558,-104.7689169,24.97912472,0,0,0,0,0,0
DURANGO,10,CUENCAME,10004,34955,17440,49.89271921,17515,50.10728079,10084,28.84851953,21610,61.82234301,3195,9.140323273,529350.6293,0.066033737,66.85738807,0.194535832,None,35.62900213,2.408785059,None,Muy bajo,None,None,Muy bajo,0.892253646,-0.907548,-103.6984619,24.87093944,0,0,0,0,0,0
DURANGO,10,DURANGO,10005,688697,353285,51.29759531,335412,48.70240469,181469,26.34961384,454946,66.058949,50310,7.30509934,918510.0658,0.749797989,10.54585689,1.186733789,None,32.10468543,1.995597238,None,Muy bajo,None,None,Muy bajo,0.933112354,-1.252476,-104.6701944,24.02398806,0,0,0,0,0,0
DURANGO,10,GENERAL SIMON BOLIVAR,10006,10038,5057,50.37856147,4981,49.62143853,3024,30.12552301,5883,58.60729229,1127,11.22733612,216651.5581,0.046332462,100,0,None,40.15250856,2.586877263,None,Medio,None,None,Bajo,0.850918017,-0.510272,-103.2259753,24.68907389,0,0,0,0,0,0
DURANGO,10,GOMEZ PALACIO,10007,372750,188213,50.49309188,184537,49.50690812,101901,27.33762575,244327,65.54714956,25962,6.96498994,83446.44727,4.466936726,19.04976526,0.188061704,None,28.87129472,1.940702668,None,Muy bajo,None,None,Muy bajo,0.928133297,-1.198614,-103.4964169,25.57010722,0,0,0,0,0,0
DURANGO,10,GUADALUPE VICTORIA,10008,36695,18635,50.78348549,18060,49.21651451,9659,26.32238725,23673,64.51287641,3311,9.02302766,130310.3464,0.28159698,49.05027933,0.258890857,None,45.86707446,3.396127647,None,Muy bajo,None,None,Muy bajo,0.906557564,-1.081443,-104.12366,24.44643333,0,0,0,0,0,0
DURANGO,10,GUANACEVI,10009,9869,4716,47.78599655,5153,52.21400345,2907,29.45587192,6003,60.82683149,959,9.717296585,543594.3518,0.018155082,100,2.705441281,None,53.21506607,10.32660493,None,Medio,None,None,Medio,0.829850119,0.417251,-105.9544319,25.93166194,0,0,0,0,0,0
DURANGO,10,HIDALGO,10010,3843,1907,49.62269061,1936,50.37730939,969,25.21467603,2258,58.75618007,616,16.0291439,464789.1955,0.008268264,100,0.364298725,None,39.96924737,2.318046938,None,Muy bajo,None,None,Muy bajo,0.887454433,-0.910842,-104.9134786,26.25144528,0,0,0,0,0,0
DURANGO,10,INDE,10011,4748,2374,50,2374,50,1228,25.86352148,2718,57.24515586,799,16.82813816,248151.9679,0.019133437,100,1.832350463,None,44.95907435,3.050353546,None,Bajo,None,None,Bajo,0.870715153,-0.677768,-105.2237911,25.91202111,0,0,0,0,0,0
DURANGO,10,LERDO,10012,163313,82457,50.49016306,80856,49.50983694,43978,26.92865847,107289,65.69532125,11837,7.248045165,212678.8898,0.767885332,31.25838115,0.220435605,None,29.5091275,1.756171838,None,Muy bajo,None,None,Muy bajo,0.920786907,-1.120294,-103.5248494,25.53655167,0,0,0,0,0,0
DURANGO,10,MAPIMI,10013,26932,13462,49.98514778,13470,50.01485222,8708,32.33328383,16108,59.80989158,2079,7.719441557,766206.4105,0.035149797,37.78404872,0.345314124,None,36.43595396,2.01048135,None,Muy bajo,None,None,Muy bajo,0.888611135,-0.749637,-103.8481936,25.83332361,0,0,0,0,0,0
DURANGO,10,MEZQUITAL,10014,48583,24725,50.89228743,23858,49.10771257,21390,44.02774633,25085,51.63328736,2057,4.233991314,828342.3006,0.058650874,100,84.92476792,None,91.09808476,65.49372595,None,Muy alto,None,None,Muy alto,0.441932827,5.1575,-104.3967439,23.47353028,0,0,0,0,0,0
DURANGO,10,NAZAS,10015,12894,6369,49.39506747,6525,50.60493253,3710,28.77307275,7607,58.99643245,1575,12.21498371,236361.9672,0.054551924,100,0.255932992,None,47.8186944,2.183578763,None,Bajo,None,None,Muy bajo,0.874873927,-0.806273,-104.1138031,25.22777667,0,0,0,0,0,0
DURANGO,10,NOMBRE DE DIOS,10016,19060,9552,50.11542497,9508,49.88457503,5337,28.00104932,11642,61.08079748,2081,10.9181532,117301.7459,0.162486925,68.76705142,0.104931794,None,42.38460661,2.353606843,None,Muy bajo,None,None,Muy bajo,0.890750676,-0.855361,-104.244705,23.84821083,0,0,0,0,0,0
DURANGO,10,OCAMPO,10017,8003,3911,48.86917406,4092,51.13082594,1930,24.11595652,4801,59.99000375,1272,15.89403974,361388.0232,0.022145172,100,2.736473822,None,46.30731006,3.707728521,None,Bajo,None,None,Bajo,0.87000686,-0.706336,-105.5064389,26.44156194,0,0,0,0,0,0
DURANGO,10,EL ORO,10018,10384,5201,50.0866718,5183,49.9133282,2591,24.951849,6302,60.68952234,1491,14.35862866,349598.7859,0.02970262,38.92526965,0.991910632,None,37.07763586,1.830077059,None,Muy bajo,None,None,Muy bajo,0.907212393,-0.93605,-105.3648656,25.94932389,0,0,0,0,0,0
DURANGO,10,OTAEZ,10019,4924,2332,47.35987002,2592,52.64012998,1643,33.36718115,2928,59.46385053,353,7.168968318,169203.0643,0.029101128,100,0,None,79.98342881,20.26984452,None,Alto,None,None,Medio,0.792103333,0.79194,-105.9940575,24.69868917,0,0,0,0,0,0
DURANGO,10,PANUCO DE CORONADO,10020,12656,6353,50.19753477,6303,49.80246523,3237,25.57680152,7898,62.40518331,1484,11.72566372,101531.7276,0.124650691,58.47029077,0.102718078,None,50.59027992,3.512843241,None,Muy bajo,None,None,Muy bajo,0.897911926,-1.040475,-104.3192644,24.40102444,0,0,0,0,0,0
DURANGO,10,PEÑON BLANCO,10021,11118,5506,49.52329556,5612,50.47670444,3234,29.08796546,6679,60.07375427,1193,10.73034718,166609.7439,0.066730791,46.83396294,0.071955388,None,52.99238624,3.39453801,None,Muy bajo,None,None,Muy bajo,0.888229259,-0.760538,-104.0342667,24.79250861,0,0,0,0,0,0
DURANGO,10,POANAS,10022,25623,13004,50.75127815,12619,49.24872185,6978,27.23334504,16071,62.72099286,2555,9.971509972,111528.9763,0.229742986,55.08332358,0.167817976,None,50.08332029,2.887853349,None,Muy bajo,None,None,Muy bajo,0.898171892,-0.910067,-104.0441361,23.97509222,0,0,0,0,0,0
DURANGO,10,PUEBLO NUEVO,10023,51269,25887,50.49250034,25382,49.50749966,17778,34.67592502,30766,60.00897228,2707,5.279993758,686904.1588,0.074637778,47.96465701,8.197936375,None,54.95390298,7.666800751,None,Alto,None,None,Medio,0.807207621,0.392051,-105.3601919,23.77815056,0,0,0,0,0,0
DURANGO,10,RODEO,10024,12818,6314,49.25885474,6504,50.74114526,3777,29.46637541,7557,58.95615541,1484,11.57746918,141853.772,0.090360657,60.3760337,0.015603058,None,46.62561479,2.495050217,None,Muy bajo,None,None,Muy bajo,0.891204897,-0.979057,-104.5604444,25.18071861,0,0,0,0,0,0
DURANGO,10,SAN BERNARDO,10025,2837,1308,46.10504054,1529,53.89495946,628,22.13605922,1633,57.56080367,576,20.30313712,228699.3378,0.012404933,100,2.220655622,None,44.08039287,3.57366315,None,Bajo,None,None,Bajo,0.861752823,-0.316012,-105.5232567,26.00078722,0,0,0,0,0,0
DURANGO,10,SAN DIMAS,10026,17333,8462,48.82016962,8871,51.17983038,5628,32.46985519,10545,60.83770842,1157,6.675128368,542452.4924,0.031953029,66.43973923,0.190388277,None,61.21065106,5.044293708,None,Bajo,None,None,Medio,0.860378481,0.13648,-105.931245,24.10218167,0,0,0,0,0,0
DURANGO,10,SAN JUAN DE GUADALUPE,10027,5251,2630,50.08569796,2621,49.91430204,1464,27.88040373,3098,58.99828604,677,12.89278233,238440.0553,0.022022307,100,0,None,59.43466512,8.563790774,None,Alto,None,None,Bajo,0.817497475,-0.272207,-102.7820547,24.63085278,0,0,0,0,0,0
DURANGO,10,SAN JUAN DEL RIO,10028,12013,6092,50.71172896,5921,49.28827104,3528,29.36818447,7090,59.01939565,1381,11.49587946,138490.4039,0.086742472,100,0.224756514,None,53.95416155,2.108609771,None,Muy bajo,None,None,Muy bajo,0.885565947,-0.864927,-104.4592256,24.778255,0,0,0,0,0,0
DURANGO,10,SAN LUIS DEL CORDERO,10029,2103,1037,49.3105088,1066,50.6894912,595,28.29291488,1234,58.67807893,274,13.02900618,59879.55891,0.035120499,100,0,None,53.54857704,3.295387635,None,Bajo,None,None,Muy bajo,0.874151652,-0.774887,-104.2777861,25.41764861,0,0,0,0,0,0
DURANGO,10,SAN PEDRO DEL GALLO,10030,1633,782,47.88732394,851,52.11267606,405,24.80097979,993,60.80832823,235,14.39069198,177975.8364,0.009175403,100,0,None,50.17394054,1.873497786,None,Bajo,None,None,Muy bajo,0.872674375,-0.759272,-104.2928342,25.56586389,0,0,0,0,0,0
DURANGO,10,SANTA CLARA,10031,6727,3373,50.14122194,3354,49.85877806,1951,29.00252713,3920,58.27263267,856,12.7248402,97484.90209,0.069005557,100,0.05946187,None,59.7116426,4.930956679,None,Bajo,None,None,Muy bajo,0.873524747,-0.924022,-103.3572222,24.47544389,0,0,0,0,0,0
DURANGO,10,SANTIAGO PAPASQUIARO,10032,49207,24260,49.30192859,24947,50.69807141,14074,28.60162172,30918,62.83252383,4206,8.547564371,633732.9187,0.077646274,38.90503384,0.841343711,None,42.87640643,2.332303622,None,Bajo,None,None,Bajo,0.883149359,-0.670823,-105.420945,25.03907972,0,0,0,0,0,0
DURANGO,10,SUCHIL,10033,6917,3524,50.94694232,3393,49.05305768,2042,29.52146884,4089,59.11522336,782,11.30547925,145236.263,0.047625847,100,11.39222206,None,61.46419681,13.0789281,None,Medio,None,None,Bajo,0.838652678,-0.388368,-103.9218697,23.62216306,0,0,0,0,0,0
DURANGO,10,TAMAZULA,10034,26300,12794,48.64638783,13506,51.35361217,9195,34.96197719,15435,58.68821293,1666,6.33460076,574131.1701,0.045808347,100,0.737642586,None,74.42285207,13.72181866,None,Muy alto,None,None,Alto,0.737372906,1.421833,-106.9666017,24.97031611,0,0,0,0,0,0
DURANGO,10,TEPEHUANES,10035,11378,5629,49.47266655,5749,50.52733345,3048,26.78853929,6832,60.04570223,1498,13.16575848,600988.6175,0.018932139,51.74898928,1.889611531,None,58.91963579,5.732603734,None,Medio,None,None,Bajo,0.84860931,0.035067,-105.7230019,25.34320861,0,0,0,0,0,0
DURANGO,10,TLAHUALILO,10036,21143,10606,50.16317457,10537,49.83682543,6227,29.45182803,12894,60.98472308,1994,9.431017358,470137.19,0.044971979,56.95502057,0.122972142,None,32.29187505,2.009412827,None,Muy bajo,None,None,Muy bajo,0.893742144,-0.901634,-103.4392358,26.10738583,0,0,0,0,0,0
DURANGO,10,TOPIA,10037,9320,4561,48.93776824,4759,51.06223176,3068,32.91845494,5601,60.09656652,651,6.984978541,161139.2001,0.057838192,100,0.429184549,None,75.27747945,17.19232877,None,Alto,None,None,Medio,0.811465494,0.392295,-106.5711958,25.2090225,0,0,0,0,0,0
DURANGO,10,VICENTE GUERRERO,10038,23476,11996,51.09899472,11480,48.90100528,6592,28.07974101,14804,63.06014653,2068,8.808996422,36569.5284,0.64195523,23.466519,2.040381666,None,44.73838113,3.902497291,None,Muy bajo,None,None,Muy bajo,0.915557002,-1.177611,-103.9877778,23.73111111,0,0,0,0,0,0
DURANGO,10,NUEVO IDEAL,10039,27981,14096,50.37704156,13885,49.62295844,8867,31.68936064,16658,59.53325471,2435,8.702333726,183247.4465,0.15269517,54.07598013,0.36810693,None,43.58704901,2.691173042,None,Muy bajo,None,None,Muy bajo,0.898201001,-0.803432,-105.0742053,24.88831333,0,0,0,0,0,0
GUANAJUATO,11,ABASOLO,11001,92040,47187,51.26792699,44853,48.73207301,25470,27.67275098,58660,63.7331595,7905,8.588657106,61028.61892,1.508144894,68.48978705,0.166232073,None,47.77690375,5.366408565,None,Bajo,None,None,Bajo,0.869683186,-0.540405,-101.5283606,20.4509,0,0,0,0,0,0
GUANAJUATO,11,ACAMBARO,11002,108697,56489,51.96923558,52208,48.03076442,26332,24.22513961,68964,63.44609327,13366,12.29656752,87140.74816,1.247372811,42.15847723,0.201477502,None,51.9105484,6.87310249,None,Muy bajo,None,None,Muy bajo,0.891933458,-0.842175,-100.7193264,20.03538028,0,0,0,0,0,0
GUANAJUATO,11,SAN MIGUEL DE ALLENDE,11003,174615,91538,52.42275864,83077,47.57724136,47668,27.29891476,112782,64.58895284,14115,8.083497981,154012.1549,1.13377415,58.50757381,0.384273974,None,43.46639243,3.167893752,None,Bajo,None,None,Bajo,0.880032853,-0.607835,-100.7133814,20.90401278,0,0,0,0,0,0
GUANAJUATO,11,APASEO EL ALTO,11004,63392,32842,51.80779909,30550,48.19220091,17503,27.61073953,40836,64.41822312,5049,7.96472741,37088.96411,1.709187666,55.4202423,0.410146391,None,50.74215276,4.733467548,None,Muy bajo,None,None,Bajo,0.888212403,-0.697684,-100.6216264,20.45717139,0,0,0,0,0,0
GUANAJUATO,11,APASEO EL GRANDE,11005,117883,60630,51.43235242,57253,48.56764758,30797,26.1250562,75067,63.67924128,6585,5.586047182,41694.72814,2.827287891,53.61926656,0.558180569,None,41.15597214,4.860095614,None,Muy bajo,None,None,Muy bajo,0.898947792,-0.743184,-100.6882169,20.54528417,0,0,0,0,0,0
GUANAJUATO,11,ATARJEA,11006,5296,2713,51.22734139,2583,48.77265861,1494,28.20996979,3078,58.11933535,724,13.67069486,31114.7985,0.170208398,100,0.320996979,None,68.77724359,14.90484776,None,Alto,None,None,Medio,0.776913779,0.816765,-99.72026722,21.26704028,0,0,0,0,0,0
GUANAJUATO,11,CELAYA,11007,521169,268124,51.44665166,253045,48.55334834,128188,24.59624421,352485,67.63353154,39655,7.608856244,54854.0653,9.501009582,19.43266004,0.500413494,None,40.49699225,5.071034156,None,Muy bajo,None,None,Muy bajo,0.921336755,-1.12077,-100.8135731,20.52152389,0,0,0,0,0,0
GUANAJUATO,11,MANUEL DOBLADO,11008,41240,21463,52.04413191,19777,47.95586809,11814,28.64694471,25244,61.21241513,4179,10.13336566,81289.4187,0.507323101,60.97963143,0.152764306,None,50.15581321,6.161762774,None,Bajo,None,None,Bajo,0.873087272,-0.493599,-101.9527903,20.72751806,0,0,0,0,0,0
GUANAJUATO,11,COMONFORT,11009,82216,43483,52.88873212,38733,47.11126788,23872,29.03571081,52530,63.89267296,5813,7.070399922,48449.27775,1.696949961,53.51391457,0.282183517,None,52.05121485,7.527760348,None,Medio,None,None,Bajo,0.847202183,-0.205953,-100.7612022,20.7200475,0,0,0,0,0,0
GUANAJUATO,11,CORONEO,11010,11083,5813,52.44969774,5270,47.55030226,3103,27.99783452,6869,61.97780384,1111,10.02436163,12286.7143,0.902031229,100,0.469187043,None,52.44290245,5.042043829,None,Bajo,None,None,Bajo,0.86873312,-0.599197,-100.3644444,20.19861111,0,0,0,0,0,0
GUANAJUATO,11,CORTAZAR,11011,97928,50393,51.45923536,47535,48.54076464,24441,24.95813251,65265,66.64590311,8179,8.352054571,33253.92145,2.944855696,29.16122049,0.352299649,None,40.32873812,4.129014871,None,Muy bajo,None,None,Muy bajo,0.90179884,-0.884588,-100.9637289,20.48350639,0,0,0,0,0,0
GUANAJUATO,11,CUERAMARO,11012,30857,15990,51.81968435,14867,48.18031565,8483,27.49133098,19326,62.63084551,3045,9.868101241,25815.55723,1.195287002,50.40023333,0.178241566,None,51.83027132,5.1842971,None,Bajo,None,None,Bajo,0.880015304,-0.63918,-101.6703858,20.62647833,0,0,0,0,0,0
GUANAJUATO,11,DOCTOR MORA,11013,27390,14257,52.05184374,13133,47.94815626,8393,30.64257028,17196,62.78203724,1801,6.575392479,22869.72869,1.197653036,77.3932092,0.295728368,None,39.36610036,2.724390806,None,Bajo,None,None,Bajo,0.869772558,-0.545608,-100.3189494,21.14264,0,0,0,0,0,0
GUANAJUATO,11,DOLORES HIDALGO CUNA DE LA INDEPENDENCIA NACIONAL,11014,163038,86327,52.94900575,76711,47.05099425,50255,30.82410236,101578,62.30326672,11040,6.77142752,164057.9624,0.993782914,58.84333714,0.368012365,None,53.05769289,9.893024595,None,Bajo,None,None,Bajo,0.861420082,-0.432231,-100.9172356,21.15920028,0,0,0,0,0,0
GUANAJUATO,11,GUANAJUATO,11015,194500,100462,51.65141388,94038,48.34858612,48637,25.00616967,132066,67.90025707,13669,7.027763496,100504.2726,1.935241109,32.22365039,0.240616967,None,33.43349832,3.422968209,None,Muy bajo,None,None,Muy bajo,0.916994678,-1.030786,-101.2536214,21.0160975,0,0,0,0,0,0
GUANAJUATO,11,HUANIMARO,11016,21128,11137,52.71204089,9991,47.28795911,5710,27.02574782,13156,62.26808027,2260,10.69670579,12651.87614,1.669949956,72.83226051,0.14199167,None,49.42173105,3.984696826,None,Bajo,None,None,Bajo,0.879416556,-0.671679,-101.4968667,20.36827444,0,0,0,0,0,0
GUANAJUATO,11,IRAPUATO,11017,592953,302183,50.96238656,290770,49.03761344,153347,25.86157756,396057,66.79399548,43422,7.323008738,84386.20348,7.026658097,20.58864699,0.305420497,None,35.50838928,4.154026179,None,Muy bajo,None,None,Muy bajo,0.920114219,-1.038608,-101.3481169,20.67280139,0,0,0,0,0,0
GUANAJUATO,11,JARAL DEL PROGRESO,11018,38782,19935,51.4027126,18847,48.5972874,10117,26.08684441,24953,64.34170491,3711,9.568872157,17401.08979,2.228710987,43.90181012,0.162446496,None,54.97211758,5.91391027,None,Muy bajo,None,None,Muy bajo,0.891515685,-0.843632,-101.063975,20.37651667,0,0,0,0,0,0
GUANAJUATO,11,JERECUARO,11019,49517,25903,52.31132742,23614,47.68867258,13863,27.99644567,30402,61.39709595,5252,10.60645839,87642.30023,0.564989735,83.82171779,0.175697235,None,58.67531803,5.788539967,None,Medio,None,None,Bajo,0.845267176,-0.247495,-100.5105281,20.15003361,0,0,0,0,0,0
GUANAJUATO,11,LEON,11020,1721215,874542,50.80957347,846673,49.19042653,447739,26.01296177,1160943,67.44904036,108370,6.296133836,121043.1206,14.21984985,7.009002362,0.409187696,None,45.88627887,6.512415677,None,Muy bajo,None,None,Muy bajo,0.925100199,-1.054585,-101.6831997,21.12197194,0,0,0,0,0,0
GUANAJUATO,11,MOROLEON,11021,47261,24559,51.96462199,22702,48.03537801,9717,20.56029284,31757,67.19493874,5787,12.24476841,15858.35282,2.980196023,11.32223186,0.071940924,None,46.87723822,2.802929662,None,Muy bajo,None,None,Muy bajo,0.914424131,-0.923447,-101.1892086,20.13187028,0,0,0,0,0,0
GUANAJUATO,11,OCAMPO,11022,26383,12881,48.82310579,13502,51.17689421,7639,28.95425084,16713,63.3476102,2030,7.694348634,101630.5458,0.25959715,72.23969981,0.219838532,None,51.29618715,4.628753961,None,Bajo,None,None,Bajo,0.857613479,-0.364146,-101.4780164,21.64849222,0,0,0,0,0,0
GUANAJUATO,11,PENJAMO,11023,154960,80543,51.97663913,74417,48.02336087,41718,26.92178627,97767,63.09176562,15431,9.958053691,154869.5677,1.000583926,66.24548271,0.158750645,None,51.08097919,6.812431278,None,Bajo,None,None,Bajo,0.865012201,-0.463296,-101.7250439,20.43179472,0,0,0,0,0,0
GUANAJUATO,11,PUEBLO NUEVO,11024,12403,6482,52.26154963,5921,47.73845037,3270,26.36458921,7814,63.00088688,1298,10.46521003,5938.731115,2.088493276,100,0.16125131,None,43.2889357,4.210189384,None,Bajo,None,None,Bajo,0.872670639,-0.701691,-101.3708469,20.52595722,0,0,0,0,0,0
GUANAJUATO,11,PURISIMA DEL RINCON,11025,83842,42508,50.70012643,41334,49.29987357,24761,29.53293099,54183,64.62512822,4642,5.536604566,28811.95888,2.909972222,37.67204981,0.39598292,None,42.85975011,4.223695396,None,Muy bajo,None,None,Muy bajo,0.899940185,-0.718131,-101.8780992,21.02957917,0,0,0,0,0,0
GUANAJUATO,11,ROMITA,11026,65766,33513,50.95794179,32253,49.04205821,19334,29.39816927,41331,62.84554329,5100,7.754766901,43688.9829,1.505322295,62.3559286,0.223519752,None,49.90831788,4.792842836,None,Bajo,None,None,Bajo,0.876921733,-0.57924,-101.5171172,20.871215,0,0,0,0,0,0
GUANAJUATO,11,SALAMANCA,11027,273417,141139,51.62041863,132278,48.37958137,65040,23.78784055,183866,67.2474645,24390,8.920440207,74930.67125,3.648933013,31.89999159,0.204083872,None,37.08410336,3.316382105,None,Muy bajo,None,None,Muy bajo,0.913144413,-1.056396,-101.1999153,20.56868056,0,0,0,0,0,0
GUANAJUATO,11,SALVATIERRA,11028,94126,48679,51.71684763,45447,48.28315237,22221,23.60771732,60146,63.89945392,11698,12.42802201,58839.56195,1.599705995,45.24679685,0.140237554,None,50.96523858,5.060392664,None,Muy bajo,None,None,Muy bajo,0.886960315,-0.73253,-100.88136,20.2161175,0,0,0,0,0,0
GUANAJUATO,11,SAN DIEGO DE LA UNION,11029,41054,21809,53.12271642,19245,46.87728358,12192,29.69747162,25668,62.5225313,3180,7.74589565,100341.8355,0.409141409,80.64500414,0.197301116,None,39.65055113,3.698817961,None,Medio,None,None,Bajo,0.836425063,-0.144878,-100.8733164,21.46638667,0,0,0,0,0,0
GUANAJUATO,11,SAN FELIPE,11030,119793,61706,51.51052232,58087,48.48947768,37895,31.63373486,73204,61.10874592,8583,7.164859382,297796.1484,0.402265109,66.63911915,0.138572371,None,51.90801239,5.754522261,None,Medio,None,None,Bajo,0.845520255,-0.253882,-101.2159447,21.47933583,0,0,0,0,0,0
GUANAJUATO,11,SAN FRANCISCO DEL RINCON,11031,130871,66889,51.11063566,63982,48.88936434,36972,28.25072017,84845,64.8310168,8934,6.826569675,42162.94783,3.103933827,39.04531944,0.463815513,None,47.30350752,4.816499711,None,Muy bajo,None,None,Muy bajo,0.902902641,-0.751296,-101.8585181,21.01868139,0,0,0,0,0,0
GUANAJUATO,11,SAN JOSE ITURBIDE,11032,89558,46139,51.51856897,43419,48.48143103,26788,29.91134237,57664,64.38732442,5074,5.66560218,54324.18669,1.648584276,69.18979879,0.452220907,None,24.24259077,2.148110963,None,Muy bajo,None,None,Muy bajo,0.896317294,-0.930426,-100.3857203,21.00082194,0,0,0,0,0,0
GUANAJUATO,11,SAN LUIS DE LA PAZ,11033,128536,67884,52.81321964,60652,47.18678036,39152,30.45994896,81174,63.15273542,8126,6.321964275,201204.5973,0.638832322,52.15114832,3.328250451,None,51.13272993,6.533374955,None,Bajo,None,None,Bajo,0.862765639,-0.402081,-100.5151256,21.29881611,0,0,0,0,0,0
GUANAJUATO,11,SANTA CATARINA,11034,5723,3030,52.94426,2693,47.05574,1690,29.5299668,3482,60.84221562,551,9.627817578,19287.59741,0.296719175,100,0.681460772,None,47.18093525,5.491007194,None,Medio,None,None,Bajo,0.837162108,-0.003255,-100.0669131,21.1398775,0,0,0,0,0,0
GUANAJUATO,11,SANTA CRUZ DE JUVENTINO ROSAS,11035,82340,43178,52.43866893,39162,47.56133107,23451,28.48068982,52862,64.19965995,6015,7.305076512,42547.70816,1.935239372,38.00097158,0.127520039,None,60.19256536,8.431975032,None,Bajo,None,None,Bajo,0.879614624,-0.594873,-100.9940372,20.64320028,0,0,0,0,0,0
GUANAJUATO,11,SANTIAGO MARAVATIO,11036,6714,3495,52.05540661,3219,47.94459339,1509,22.47542449,4188,62.37712243,1017,15.14745308,8299.250994,0.808988667,100,0.044682752,None,53.94478248,3.646790386,None,Bajo,None,None,Muy bajo,0.872024984,-0.735575,-100.9952256,20.17240694,0,0,0,0,0,0
GUANAJUATO,11,SILAO DE LA VICTORIA,11037,203556,103483,50.83760734,100073,49.16239266,59511,29.23568944,131586,64.64363615,12390,6.086777103,53374.47483,3.813733075,51.3563835,0.241702529,None,43.28348221,4.737734665,None,Muy bajo,None,None,Muy bajo,0.891796796,-0.780484,-101.4262161,20.94445028,0,0,0,0,0,0
GUANAJUATO,11,TARANDACUAO,11038,11304,5810,51.39773531,5494,48.60226469,2836,25.08846426,6997,61.89844303,1467,12.97770701,11992.37732,0.942598761,50.00884643,0.115003539,None,50.80716747,3.976018832,None,Muy bajo,None,None,Muy bajo,0.886880037,-0.746019,-100.5163286,20.00396806,0,0,0,0,0,0
GUANAJUATO,11,TARIMORO,11039,35905,18505,51.5387829,17400,48.4612171,8801,24.51190642,22787,63.46469851,4316,12.02060994,33164.42493,1.082635989,65.39200668,0.158752263,None,49.94789772,3.777608226,None,Bajo,None,None,Bajo,0.87866403,-0.627255,-100.7559419,20.28854056,0,0,0,0,0,0
GUANAJUATO,11,TIERRA BLANCA,11040,20007,10347,51.71689909,9660,48.28310091,6208,31.0291398,12430,62.12825511,1366,6.827610336,40569.55138,0.493153099,100,7.582346179,None,54.04759496,11.83631128,None,Alto,None,None,Medio,0.822859735,0.325468,-100.1591539,21.1000025,0,0,0,0,0,0
GUANAJUATO,11,URIANGATO,11041,61494,31862,51.81318503,29632,48.18681497,13743,22.34852181,41704,67.8179985,6047,9.833479689,11547.68126,5.325224919,15.18522132,0.434188701,None,55.32820722,6.049629689,None,Muy bajo,None,None,Muy bajo,0.903908794,-0.830709,-101.1780511,20.14101167,0,0,0,0,0,0
GUANAJUATO,11,VALLE DE SANTIAGO,11042,150054,77750,51.81468005,72304,48.18531995,38468,25.63610434,97161,64.75068975,14361,9.5705546,81317.78776,1.845278925,51.57543284,0.124621803,None,46.99898151,5.454399592,None,Bajo,None,None,Bajo,0.881438436,-0.676837,-101.1814297,20.39132222,0,0,0,0,0,0
GUANAJUATO,11,VICTORIA,11043,21253,11318,53.25365831,9935,46.74634169,6487,30.52274973,12823,60.33501153,1942,9.137533525,103747.427,0.204853273,100,0.668140968,None,49.6300208,6.60750105,None,Medio,None,None,Bajo,0.829981171,0.091415,-100.2159358,21.21217222,0,0,0,0,0,0
GUANAJUATO,11,VILLAGRAN,11044,65791,33804,51.38088796,31987,48.61911204,18120,27.54176103,43312,65.83271268,4340,6.596646958,12743.35758,5.1627681,39.06613367,0.665744555,None,36.95788945,3.864427784,None,Muy bajo,None,None,Muy bajo,0.904248234,-0.995057,-100.9965028,20.51137167,0,0,0,0,0,0
GUANAJUATO,11,XICHU,11045,11143,5873,52.70573454,5270,47.29426546,3471,31.14960065,6415,57.56977475,1257,11.28062461,90269.06402,0.123442069,100,0.116665171,None,61.37940071,7.236436774,None,Alto,None,None,Medio,0.80639387,0.44792,-100.0596122,21.29860778,0,0,0,0,0,0
GUANAJUATO,11,YURIRIA,11046,68741,35883,52.20028804,32858,47.79971196,17472,25.41714552,42889,62.3921677,8375,12.1834131,66133.1874,1.039432737,54.49586128,0.178932515,None,58.56386031,9.40614021,None,Bajo,None,None,Bajo,0.869762986,-0.50204,-101.1309333,20.21274333,0,0,0,0,0,0
GUERRERO,12,ACAPULCO DE JUAREZ,12001,779566,407772,52.307566,371794,47.692434,187082,23.99822465,509977,65.41806595,73317,9.404848339,172525.2118,4.518562776,13.13435937,3.526962438,None,52.13599126,16.72527462,None,Bajo,None,None,Bajo,0.883718553,-0.580997,-99.88655778,16.86186694,0,0,0,0,0,0
GUERRERO,12,AHUACUOTZINGO,12002,25205,13443,53.33465582,11762,46.66534418,9051,35.90954176,13947,55.33425908,2207,8.756199167,87054.4033,0.289531592,100,28.92283277,None,93.179748,49.58505922,None,Muy alto,None,None,Alto,0.708970155,1.658613,-98.93490778,17.71408889,0,0,0,0,0,0
GUERRERO,12,AJUCHITLAN DEL PROGRESO,12003,37655,19277,51.19373257,18378,48.80626743,11985,31.82844244,21816,57.93652901,3831,10.17394768,199159.2254,0.189069826,82.63975568,0.42756606,None,64.69410219,26.17715944,None,Muy alto,None,None,Medio,0.754746808,0.846409,-100.4960569,18.15955472,0,0,0,0,0,0
GUERRERO,12,ALCOZAUCA DE GUERRERO,12004,21225,11330,53.38044759,9895,46.61955241,8766,41.30035336,10672,50.2803298,1787,8.419316843,47012.10757,0.45147944,100,94.56301531,None,94.77156144,59.59988494,None,Muy alto,None,None,Muy alto,0.69245654,2.072817,-98.38388778,17.46352389,0,0,0,0,0,0
GUERRERO,12,ALPOYECA,12005,7813,4111,52.61743248,3702,47.38256752,2511,32.13874312,4564,58.41546141,738,9.445795469,9382.722427,0.83270075,100,27.65902982,None,70.52988776,18.69577134,None,Medio,None,None,Bajo,0.827161267,-0.133817,-98.51323889,17.67006389,0,0,0,0,0,0
GUERRERO,12,APAXTLA,12006,11112,5709,51.37688985,5403,48.62311015,3400,30.5975522,6324,56.91144708,1387,12.48200144,62561.87633,0.177616156,34.7012239,2.078833693,None,78.23110594,34.28530577,None,Alto,None,None,Medio,0.81814565,0.207002,-99.93231361,18.13007833,0,0,0,0,0,0
GUERRERO,12,ARCELIA,12007,33267,17208,51.7269366,16059,48.2730634,9929,29.84639432,19924,59.89118346,3414,10.26242222,75216.72124,0.442281975,32.26320378,1.722427631,None,63.92804567,19.69986099,None,Medio,None,None,Bajo,0.842365832,-0.18522,-100.2839519,18.315825,0,0,0,0,0,0
GUERRERO,12,ATENoneGO DEL RIO,12008,9147,4735,51.76560621,4412,48.23439379,2723,29.76932328,5332,58.29233629,1092,11.93834044,55676.89164,0.164287189,100,15.6444736,None,73.87734375,20.92176339,None,Alto,None,None,Medio,0.771945069,0.628686,-99.10780306,18.10434306,0,0,0,0,0,0
GUERRERO,12,ATLAMAJALCINGO DEL MONTE,12009,5811,3096,53.27826536,2715,46.72173464,2184,37.58389262,3077,52.95129926,550,9.464808123,14664.01326,0.396276237,100,97.86611599,None,95.30249867,66.48662059,None,Muy alto,None,None,Muy alto,0.665864788,3.055902,-98.60508528,17.31165528,0,0,0,0,0,0
GUERRERO,12,ATLIXTAC,12010,28491,14985,52.59555649,13506,47.40444351,11222,39.38787687,15381,53.9854691,1878,6.591555228,57343.84438,0.496844959,100,73.05113896,None,96.31422362,57.13215278,None,Muy alto,None,None,Muy alto,0.69399285,2.34953,-98.93323222,17.56367917,0,0,0,0,0,0
GUERRERO,12,ATOYAC DE ALVAREZ,12011,60680,31201,51.41891892,29479,48.58108108,16643,27.42748846,37162,61.24258405,6856,11.29861569,145028.4813,0.418400575,63.2976269,3.10151615,None,52.87086426,15.22391878,None,Medio,None,None,Bajo,0.838439376,0.031814,-100.4331294,17.21273889,0,0,0,0,0,0
GUERRERO,12,AYUTLA DE LOS LIBRES,12012,69123,35645,51.56749562,33478,48.43250438,24211,35.0259682,40604,58.74166341,4308,6.232368387,105389.4953,0.655881308,73.63540356,41.63447767,None,75.86384279,28.4021246,None,Muy alto,None,None,Alto,0.719369764,1.604785,-99.09738389,16.96528694,0,0,0,0,0,0
GUERRERO,12,AZOYU,12013,15099,7712,51.07623021,7387,48.92376979,4383,29.02841248,8893,58.89794026,1823,12.07364726,39458.45885,0.382655594,100,15.53745281,None,56.53303162,16.06365071,None,Alto,None,None,Medio,0.780415608,0.514385,-98.60109083,16.73296028,0,0,0,0,0,0
GUERRERO,12,BENITO JUAREZ,12014,15442,7874,50.9908043,7568,49.0091957,3469,22.46470664,9698,62.80274576,2275,14.7325476,23028.37784,0.67056395,51.47001684,1.444113457,None,27.24341616,4.677498171,None,Bajo,None,None,Bajo,0.86743164,-0.436513,-100.4686681,17.13636972,0,0,0,0,0,0
GUERRERO,12,BUENAVISTA DE CUELLAR,12015,12982,6732,51.85641658,6250,48.14358342,3236,24.92682175,8057,62.06285626,1689,13.01032198,30301.30946,0.42843033,44.28439378,1.65613927,None,52.47337615,11.17292032,None,Bajo,None,None,Bajo,0.875643621,-0.613283,-99.40534222,18.45788722,0,0,0,0,0,0
GUERRERO,12,COAHUAYUTLA DE JOSE MARIA IZAZAGA,12016,12408,6149,49.55673759,6259,50.44326241,3798,30.60928433,7210,58.10767247,1400,11.2830432,263818.9683,0.047032251,100,0.032237266,None,66.45772873,22.53565053,None,Muy alto,None,None,Muy alto,0.674797862,1.847462,-101.7346114,18.316395,0,0,0,0,0,0
GUERRERO,12,COCULA,12017,15579,7948,51.01739521,7631,48.98260479,4561,29.27659028,9176,58.89980101,1842,11.8236087,44471.00719,0.350318128,100,0.962834585,None,56.54026853,17.06842907,None,Medio,None,None,Bajo,0.825400136,-0.014041,-99.66119,18.23586639,0,0,0,0,0,0
GUERRERO,12,COPALA,12018,14463,7479,51.71126322,6984,48.28873678,4271,29.53052617,8660,59.87692733,1529,10.57180391,29724.75496,0.486564146,52.71382148,6.457857982,None,66.50034933,21.34688489,None,Alto,None,None,Medio,0.814669784,0.17581,-98.97862361,16.60875917,0,0,0,0,0,0
GUERRERO,12,COPALILLO,12019,15598,8122,52.0707783,7476,47.9292217,5403,34.63905629,9048,58.00743685,1147,7.35350686,73127.11913,0.213299802,49.59610206,85.92768304,None,94.19052256,57.78033106,None,Muy alto,None,None,Muy alto,0.633743184,2.749238,-99.04172444,18.03415139,0,0,0,0,0,0
GUERRERO,12,COPANATOYAC,12020,21648,11618,53.66777531,10030,46.33222469,8394,38.77494457,11692,54.00960828,1562,7.215447154,30669.95915,0.705837262,100,97.03436807,None,95.34244761,61.68858508,None,Muy alto,None,None,Muy alto,0.66174155,2.546531,-98.71346278,17.46184472,0,0,0,0,0,0
GUERRERO,12,COYUCA DE BENITEZ,12021,73056,37541,51.38660753,35515,48.61339247,20083,27.48987078,45353,62.07977442,7587,10.38518397,181312.8112,0.402927954,73.03849102,1.244250986,None,65.54208466,27.26215625,None,Alto,None,None,Medio,0.818313227,0.151475,-100.0893672,17.00900167,0,0,0,0,0,0
GUERRERO,12,COYUCA DE CATALAN,12022,38554,19529,50.65362868,19025,49.34637132,10886,28.23572133,21829,56.61928723,4688,12.1595684,335084.0185,0.115057711,81.12776884,0.287907869,None,63.61114515,25.68284743,None,Alto,None,None,Medio,0.769359617,0.712881,-100.6985658,18.33101944,0,0,0,0,0,0
GUERRERO,12,CUAJINICUILAPA,12023,26627,13443,50.48634844,13184,49.51365156,8520,31.99759642,15432,57.95620986,2643,9.926014947,63235.52367,0.421076611,57.76843054,11.30055958,None,62.60262411,16.35897338,None,Alto,None,None,Medio,0.81028148,0.354782,-98.41674472,16.47198556,0,0,0,0,0,0
GUERRERO,12,CUALAC,12024,7874,4098,52.04470409,3776,47.95529591,2709,34.40436881,4433,56.2992126,668,8.483616967,23901.19569,0.329439585,100,53.82270765,None,82.204617,30.4519937,None,Alto,None,None,Medio,0.784905575,0.665699,-98.66072778,17.74276167,0,0,0,0,0,0
GUERRERO,12,CUAUTEPEC,12025,17024,8755,51.42739662,8269,48.57260338,5649,33.18256579,9744,57.23684211,1620,9.515977444,31490.77653,0.540602738,100,2.713815789,None,76.21199779,32.66898281,None,Muy alto,None,None,Alto,0.741005395,1.069738,-99.00154556,16.74900278,0,0,0,0,0,0
GUERRERO,12,CUETZALA DEL PROGRESO,12026,8272,4180,50.53191489,4092,49.46808511,2258,27.29690522,4759,57.53143133,1255,15.17166344,37222.62182,0.22223045,100,6.890715667,None,79.05395815,33.19943717,None,Muy alto,None,None,Alto,0.717368566,1.24265,-99.83148556,18.13414139,0,0,0,0,0,0
GUERRERO,12,CUTZAMALA DE PINZON,12027,20537,10349,50.39197546,10188,49.60802454,5626,27.39445878,12103,58.93265813,2802,13.64366753,133060.9747,0.154342774,100,0.189901154,None,56.35108004,17.80018081,None,Alto,None,None,Medio,0.791305015,0.209761,-100.5785128,18.46524444,0,0,0,0,0,0
GUERRERO,12,CHILAPA DE ALVAREZ,12028,123722,65981,53.33004639,57741,46.66995361,42563,34.40212735,71373,57.6882042,9785,7.908860187,74966.0191,1.650374416,72.69442783,39.50469601,None,75.24336741,31.44968078,None,Muy alto,None,None,Alto,0.742778051,1.411,-99.17768167,17.59423222,0,0,0,0,0,0
GUERRERO,12,CHILPANCINGO DE LOS BRAVO,12029,283354,148857,52.53393282,134497,47.46606718,77191,27.2418953,187198,66.06506349,18694,6.597401131,218150.8064,1.298890454,11.37517028,6.323891669,None,55.50856287,20.82640339,None,Bajo,None,None,Bajo,0.8840729,-0.579304,-99.50106278,17.55164944,0,0,0,0,0,0
GUERRERO,12,FLORENCIO VILLARREAL,12030,22250,11343,50.97977528,10907,49.02022472,7072,31.78426966,13120,58.96629213,2058,9.249438202,25181.43997,0.883587278,39.59550562,2.934831461,None,54.27080656,15.53463835,None,Alto,None,None,Medio,0.807914518,0.228375,-99.12378722,16.72388056,0,0,0,0,0,0
GUERRERO,12,GENERAL CANUTO A. NERI,12031,6278,3223,51.33800573,3055,48.66199427,1981,31.55463523,3472,55.30423702,825,13.14112775,25924.59333,0.242163876,100,0.446001911,None,83.89945302,30.87226512,None,Muy alto,None,None,Medio,0.75179848,0.782896,-100.0720517,18.41848472,0,0,0,0,0,0
GUERRERO,12,GENERAL HELIODORO CASTILLO,12032,37254,19000,51.00123477,18254,48.99876523,14285,38.34487572,20533,55.11622913,2434,6.533526601,172532.8808,0.215924059,77.33934611,0.657647501,None,94.57061463,57.73759997,None,Muy alto,None,None,Alto,0.715126687,1.6752,-99.97831778,17.78944806,0,0,0,0,0,0
GUERRERO,12,HUAMUXTITLAN,12033,17488,9196,52.58462946,8292,47.41537054,5378,30.75251601,10426,59.61802379,1684,9.629460201,27462.168,0.636803329,55.49519671,24.37671546,None,73.91193247,28.83592237,None,Medio,None,None,Bajo,0.840092512,-0.225142,-98.56528667,17.80217444,0,0,0,0,0,0
GUERRERO,12,HUITZUCO DE LOS FIGUEROA,12034,36593,19084,52.15205094,17509,47.84794906,9901,27.05708742,21762,59.47039051,4772,13.0407455,132433.6826,0.276311881,52.04000765,9.600196759,None,64.20856866,21.22377077,None,Alto,None,None,Medio,0.802292583,0.383238,-99.33430306,18.30598,0,0,0,0,0,0
GUERRERO,12,IGUALA DE LA INDEPENDENCIA,12035,154173,80237,52.04348362,73936,47.95651638,40150,26.0421734,99958,64.83495813,13869,8.995738553,56903.22741,2.709389379,13.82797247,3.916379651,None,54.46520719,21.14927084,None,Bajo,None,None,Bajo,0.873587248,-0.484134,-99.53836833,18.34454917,0,0,0,0,0,0
GUERRERO,12,IGUALAPA,12036,11739,6140,52.30428486,5599,47.69571514,3842,32.7285118,6981,59.46843854,916,7.803049664,19566.87895,0.599942384,100,35.29261436,None,76.06144347,33.80169731,None,Muy alto,None,None,Medio,0.762782733,0.954925,-98.4766175,16.74371333,0,0,0,0,0,0
GUERRERO,12,IXCATEOPAN DE CUAUHTEMOC,12037,6138,3140,51.15672858,2998,48.84327142,1585,25.82274356,3721,60.62235256,832,13.55490388,21142.51412,0.290315521,100,3.616813294,None,73.60527609,23.03080452,None,Alto,None,None,Medio,0.81609185,0.211931,-99.79356944,18.50245222,0,0,0,0,0,0
GUERRERO,12,ZIHUATANEJO DE AZUETA,12038,126001,64564,51.24086317,61437,48.75913683,32724,25.97122245,82805,65.7177324,8620,6.841215546,146456.5623,0.860330176,20.27126769,3.941238562,None,45.86222746,11.21328368,None,Muy bajo,None,None,Bajo,0.888595161,-0.671834,-101.5481756,17.6504575,0,0,0,0,0,0
GUERRERO,12,JUAN R. ESCUDERO,12039,26093,13332,51.09416319,12761,48.90583681,7310,28.01517648,16060,61.54907446,2723,10.43574905,40934.75727,0.637428966,53.00655348,2.870501667,None,74.38435756,31.51048143,None,Medio,None,None,Bajo,0.837921639,-0.07409,-99.52204694,17.16900444,0,0,0,0,0,0
GUERRERO,12,LEONARDO BRAVO,12040,26357,13560,51.44743332,12797,48.55256668,8920,33.84300186,15253,57.87077437,2184,8.286223774,72036.36838,0.36588463,52.63876769,1.062336381,None,87.94279458,35.98819822,None,Alto,None,None,Medio,0.800968429,0.56019,-99.67734056,17.66080194,0,0,0,0,0,0
GUERRERO,12,MALINALTEPEC,12041,29625,15738,53.12405063,13887,46.87594937,11183,37.74852321,16204,54.69704641,2235,7.544303797,47354.04579,0.625606524,100,96.86075949,None,88.49790044,50.0230793,None,Muy alto,None,None,Muy alto,0.709843088,2.079635,-98.6711075,17.24462833,0,0,0,0,0,0
GUERRERO,12,MARTIR DE CUILAPAN,12042,18613,9926,53.32831892,8687,46.67168108,6517,35.01316284,10543,56.64320636,1551,8.332885618,61461.89911,0.302838023,100,47.6441197,None,85.55000206,40.00520454,None,Muy alto,None,None,Alto,0.760719264,1.13742,-99.32934111,17.74192528,0,0,0,0,0,0
GUERRERO,12,METLATONOC,12043,18859,10084,53.47049154,8775,46.52950846,8164,43.28967602,9396,49.82236598,1290,6.840235431,60242.02143,0.313053904,100,98.54181028,None,97.71735917,67.75765041,None,Muy alto,None,None,Muy alto,0.663157785,2.911277,-98.40709944,17.19537222,0,0,0,0,0,0
GUERRERO,12,MOCHITLAN,12044,12402,6378,51.42718916,6024,48.57281084,3497,28.19706499,7603,61.30462829,1302,10.49830672,51288.83221,0.241807026,51.20141913,2.330269311,None,69.05681492,25.54277661,None,Medio,None,None,Medio,0.831201077,0.199186,-99.37129444,17.47235778,0,0,0,0,0,0
GUERRERO,12,OLINALA,12045,28446,14937,52.51001898,13509,47.48998102,9867,34.68677494,16201,56.95352598,2373,8.342121915,70593.9607,0.402952317,75.4939183,53.83533713,None,88.6766736,45.948652,None,Muy alto,None,None,Muy alto,0.686800338,1.810943,-98.74125639,17.77833222,0,0,0,0,0,0
GUERRERO,12,OMETEPEC,12046,68207,35166,51.557758,33041,48.442242,21254,31.16102453,42221,61.90127113,4715,6.912780213,59969.13839,1.13736835,44.00574721,40.24367,None,68.18648621,31.11906135,None,Alto,None,None,Medio,0.78982161,0.6477,-98.40442139,16.68508917,0,0,0,0,0,0
GUERRERO,12,PEDRO ASCENCIO ALQUISIRAS,12047,7076,3724,52.62860373,3352,47.37139627,2347,33.16845676,4000,56.52911249,729,10.30243075,29322.43116,0.241316962,100,0.494629734,None,89.58461318,37.48385245,None,Muy alto,None,None,Muy alto,0.67326938,2.12233,-99.88701778,18.51236417,0,0,0,0,0,0
GUERRERO,12,PETATLAN,12048,44583,22691,50.89608147,21892,49.10391853,12817,28.74862616,27388,61.43148734,4355,9.768297333,196629.5602,0.226736,31.91126663,1.242626113,None,54.97041698,19.01301756,None,Medio,None,None,Bajo,0.85201689,-0.205994,-101.2745519,17.53820667,0,0,0,0,0,0
GUERRERO,12,PILCAYA,12049,12753,6510,51.04681251,6243,48.95318749,3725,29.20881361,7759,60.84058653,1268,9.942758567,16164.94106,0.78892957,51.50944876,0.45479495,None,62.14411427,14.97925536,None,Medio,None,None,Bajo,0.848736937,-0.113681,-99.67617472,18.74758389,0,0,0,0,0,0
GUERRERO,12,PUNGARABATO,12050,38482,19693,51.17457513,18789,48.82542487,10790,28.03908321,24428,63.47902916,3262,8.476690401,12596.85642,3.05488915,32.82573671,0.805571436,None,52.66855083,15.385649,None,Bajo,None,None,Bajo,0.86994052,-0.586999,-100.6682408,18.36227278,0,0,0,0,0,0
GUERRERO,12,QUECHULTENoneGO,12051,36143,18795,52.00177074,17348,47.99822926,12129,33.55836538,20722,57.33337022,3292,9.108264394,84607.74307,0.427183124,80.0403951,22.0595966,None,94.17120018,56.38252542,None,Alto,None,None,Medio,0.772424118,0.924252,-99.24083333,17.40916667,0,0,0,0,0,0
GUERRERO,12,SAN LUIS ACATLAN,12052,46270,23627,51.06332397,22643,48.93667603,16205,35.02269289,26865,58.06137886,3199,6.91376702,110026.9491,0.420533336,79.29111735,65.96931057,None,86.02575976,47.80042119,None,Muy alto,None,None,Muy alto,0.673822275,2.228403,-98.73361278,16.80858306,0,0,0,0,0,0
GUERRERO,12,SAN MARCOS,12053,50124,25550,50.97358551,24574,49.02641449,14955,29.8360067,30028,59.90742957,5134,10.24259836,115726.8864,0.433123205,72.76753651,2.136700982,None,60.48085181,20.51345098,None,Alto,None,None,Medio,0.779051277,0.6156,-99.39004639,16.79734361,0,0,0,0,0,0
GUERRERO,12,SAN MIGUEL TOTOLAPAN,12054,24139,12272,50.83889142,11867,49.16110858,8526,35.32043581,13284,55.03127719,2329,9.648287004,236813.0009,0.101932748,100,0.637971747,None,84.28614801,41.7257432,None,Muy alto,None,None,Muy alto,0.681456163,1.889224,-100.3908211,18.16126667,0,0,0,0,0,0
GUERRERO,12,TAXCO DE ALARCON,12055,105586,55221,52.29954729,50365,47.70045271,26575,25.1690565,68583,64.95463414,10420,9.868732597,64850.62576,1.628141576,45.80815638,4.947625632,None,74.97551304,26.79304994,None,Medio,None,None,Bajo,0.853177484,-0.225229,-99.60459472,18.55738194,0,0,0,0,0,0
GUERRERO,12,TECOANAPA,12056,46063,23475,50.9628118,22588,49.0371882,14378,31.21377244,27531,59.76814363,4151,9.011571109,69889.456,0.659083682,100,2.958990947,None,82.67566939,39.10354354,None,Alto,None,None,Medio,0.763135392,0.800443,-99.26087639,16.98885444,0,0,0,0,0,0
GUERRERO,12,TECPAN DE GALEANA,12057,65237,32836,50.33339976,32401,49.66660024,17244,26.43285252,40567,62.18403667,7416,11.36778209,284606.6931,0.229218081,46.27895213,1.302941582,None,37.81413687,6.999403642,None,Medio,None,None,Bajo,0.835555347,-0.006518,-100.6323778,17.22260861,0,0,0,0,0,0
GUERRERO,12,TELOLOAPAN,12058,53817,28132,52.27344519,25685,47.72655481,16320,30.32499024,31305,58.16935169,6188,11.49822547,100652.1676,0.534682971,53.27127116,2.608841073,None,63.91639524,17.31900906,None,Alto,None,None,Medio,0.811660409,0.209592,-99.86957278,18.37180917,0,0,0,0,0,0
GUERRERO,12,TEPECOACUILCO DE TRUJANO,12059,30806,15966,51.82756606,14840,48.17243394,8467,27.48490554,18367,59.6215023,3971,12.89034604,85115.6675,0.361931016,77.65370382,22.7228462,None,75.07358597,30.87185267,None,Alto,None,None,Medio,0.790095116,0.522841,-99.46669417,18.28698972,0,0,0,0,0,0
GUERRERO,12,TETIPAC,12060,13552,6954,51.31345927,6598,48.68654073,4035,29.77420307,8153,60.16086187,1364,10.06493506,21698.87412,0.624548533,100,0.31729634,None,79.26510296,30.95119473,None,Alto,None,None,Medio,0.80922342,0.352859,-99.64898222,18.64938528,0,0,0,0,0,0
GUERRERO,12,TIXTLA DE GUERRERO,12061,43171,22564,52.26656783,20607,47.73343217,12017,27.83581571,27179,62.95661439,3932,9.107965996,38849.61909,1.111233546,27.63429154,26.77955109,None,57.86040334,22.53005903,None,Alto,None,None,Medio,0.815749704,0.407787,-99.39827139,17.56672417,0,0,0,0,0,0
GUERRERO,12,TLACOACHISTLAHUACA,12062,22781,12170,53.42171108,10611,46.57828892,8647,37.95706949,12478,54.77371494,1656,7.269215574,80447.99292,0.283176735,77.90702779,86.38338967,None,83.11278195,43.17851515,None,Muy alto,None,None,Muy alto,0.672534317,2.291287,-98.30174889,16.80990889,0,0,0,0,0,0
GUERRERO,12,TLACOAPA,12063,10092,5359,53.10146651,4733,46.89853349,3524,34.91874752,5770,57.17399921,798,7.90725327,28024.80235,0.360109587,100,92.13238208,None,92.03539554,49.83387424,None,Muy alto,None,None,Muy alto,0.677012685,2.858437,-98.74821139,17.25994833,0,0,0,0,0,0
GUERRERO,12,TLALCHAPA,12064,11681,5861,50.17549867,5820,49.82450133,3240,27.73735125,6696,57.32385926,1745,14.93878949,47058.55916,0.248222644,100,0.136974574,None,46.58620932,11.07593122,None,Alto,None,None,Bajo,0.821618148,-0.184517,-100.4782533,18.40867444,0,0,0,0,0,0
GUERRERO,12,TLALIXTAQUILLA DE MALDONADO,12065,7602,3902,51.32859774,3700,48.67140226,2454,32.28097869,4287,56.39305446,825,10.85240726,11742.06278,0.647416058,100,29.47908445,None,77.86399788,27.12751856,None,Muy alto,None,None,Medio,0.755205422,0.760751,-98.36986222,17.57448361,0,0,0,0,0,0
GUERRERO,12,TLAPA DE COMONFORT,12066,96125,51104,53.16410923,45021,46.83589077,33018,34.34902471,57427,59.7420026,5622,5.84863459,60889.61625,1.578676397,38.01820546,73.36384915,None,71.77022858,31.35916279,None,Alto,None,None,Medio,0.813541571,0.49729,-98.58213833,17.54694944,0,0,0,0,0,0
GUERRERO,12,TLAPEHUALA,12067,22209,11334,51.03336485,10875,48.96663515,6494,29.24039804,13293,59.8541132,2415,10.87397001,28394.92345,0.782146852,63.79846008,0.031518754,None,68.55242215,27.1322646,None,Alto,None,None,Bajo,0.822630687,-0.028733,-100.5415742,18.23976028,0,0,0,0,0,0
GUERRERO,12,LA UNION DE ISIDORO MONTES DE OCA,12068,26349,12988,49.29219325,13361,50.70780675,7284,27.64431288,16119,61.17499715,2946,11.18068997,175353.901,0.150261841,100,0.455425253,None,43.50344052,10.22313456,None,Alto,None,None,Bajo,0.814288533,-0.002655,-101.8056847,17.98233333,0,0,0,0,0,0
GUERRERO,12,XALPATLAHUAC,12069,11966,6545,54.69664048,5421,45.30335952,4478,37.42269764,6275,52.44024737,1213,10.13705499,22668.89888,0.527859781,100,95.19471837,None,93.2117477,50.00408024,None,Muy alto,None,None,Muy alto,0.668767227,2.0646,-98.60644917,17.47087528,0,0,0,0,0,0
GUERRERO,12,XOCHIHUEHUETLAN,12070,7862,4122,52.42940728,3740,47.57059272,2184,27.77919105,4632,58.91630628,1046,13.30450267,26124.65501,0.300941773,31.04807937,4.680742814,None,74.65086096,19.31791313,None,Alto,None,None,Medio,0.809722276,0.242333,-98.48766139,17.90564028,0,0,0,0,0,0
GUERRERO,12,XOCHISTLAHUACA,12071,29891,15631,52.29333244,14260,47.70666756,9494,31.76206885,18157,60.74403667,2145,7.176073065,45430.38367,0.65795174,100,93.78408217,None,87.48230983,41.33410967,None,Muy alto,None,None,Muy alto,0.704061798,2.343437,-98.24246667,16.79242361,0,0,0,0,0,0
GUERRERO,12,ZAPOTITLAN TABLAS,12072,12004,6175,51.44118627,5829,48.55881373,4445,37.02932356,6806,56.69776741,750,6.247917361,22850.20713,0.525334406,100,96.66777741,None,91.36983751,52.0993568,None,Muy alto,None,None,Muy alto,0.711662651,2.48207,-98.78170889,17.42288722,0,0,0,0,0,0
GUERRERO,12,ZIRANDARO,12073,18031,8952,49.64782874,9079,50.35217126,5054,28.02950474,9895,54.87771061,2083,11.55232655,213881.9489,0.084303515,100,0.155288115,None,71.49511453,24.82063906,None,Alto,None,None,Medio,0.771526225,0.800867,-100.9758561,18.4791325,0,0,0,0,0,0
GUERRERO,12,ZITLALA,12074,21977,11926,54.26582336,10051,45.73417664,7524,34.23579196,12239,55.69003959,2160,9.828457023,30440.39917,0.721968194,72.3483642,63.22974018,None,89.24333671,38.55390575,None,Muy alto,None,None,Alto,0.737767997,1.720882,-99.18524778,17.69034056,0,0,0,0,0,0
GUERRERO,12,EDUARDO NERI,12075,53126,27401,51.57738207,25725,48.42261793,16241,30.57071867,32799,61.73813199,4083,7.685502391,124795.9956,0.425702762,36.75789632,17.89519256,None,65.58709099,24.78396106,None,Medio,None,None,Bajo,0.830986879,0.099217,-99.52593667,17.65319722,0,0,0,0,0,0
GUERRERO,12,ACATEPEC,12076,40197,20657,51.38940717,19540,48.61059283,16399,40.79657686,21998,54.72547703,1800,4.477946115,63152.04164,0.636511488,100,97.76102694,None,96.02782103,61.53829858,None,Muy alto,None,None,Muy alto,0.662813963,3.197062,-98.91033361,17.32521889,0,0,0,0,0,0
GUERRERO,12,MARQUELIA,12077,14280,7253,50.79131653,7027,49.20868347,4301,30.11904762,8644,60.53221289,1335,9.348739496,20933.49566,0.682160315,51.98179272,8.851540616,None,59.71265625,18.58660113,None,Alto,None,None,Medio,0.819109731,0.278664,-98.81785194,16.58331389,0,0,0,0,0,0
GUERRERO,12,COCHOAPA EL GRANDE,12078,21241,11312,53.25549645,9929,46.74450355,9842,46.33491832,9832,46.28783956,1567,7.377242126,62150.30844,0.341768215,100,99.50096511,None,99.44156713,84.23406593,None,Muy alto,None,None,Muy alto,0.504292378,4.998727,-98.45527972,17.19296694,0,0,0,0,0,0
GUERRERO,12,JOSE JOAQUIN DE HERRERA,12079,18381,9590,52.17343997,8791,47.82656003,7169,39.00223056,10231,55.66073663,981,5.337032806,13200.44618,1.392452933,100,97.73679343,None,94.96795439,59.40131725,None,Muy alto,None,None,Muy alto,0.628232484,2.992723,-99.02438778,17.44872611,0,0,0,0,0,0
GUERRERO,12,JUCHITAN,12080,7559,3741,49.49067337,3818,50.50932663,2254,29.8187591,4358,57.65312872,947,12.52811218,25200.93097,0.299949236,100,9.08850377,None,65.72847949,20.5874229,None,Muy alto,None,None,Medio,0.759140365,0.763133,-98.63671361,16.62707056,0,0,0,0,0,0
GUERRERO,12,ILIATENCO,12081,11679,6113,52.34181009,5566,47.65818991,4048,34.66050176,6746,57.76179467,885,7.577703571,24066.47514,0.48528087,100,96.37811456,None,80.23670737,38.66924796,None,Muy alto,None,None,Muy alto,0.733439972,1.820274,-98.68581139,17.04553083,0,0,0,0,0,0
HIDALGO,13,ACATLAN,13001,22268,11563,51.92653135,10705,48.07346865,6502,29.19885037,13919,62.50673612,1847,8.294413508,23978.12399,0.928679825,100,0.911622059,None,39.28588528,4.896572469,None,Medio,None,None,Bajo,0.84347771,-0.301684,-98.43837194,20.14590306,0,0,0,0,0,0
HIDALGO,13,ACAXOCHITLAN,13002,46065,24348,52.85574731,21717,47.14425269,15410,33.45272984,27668,60.06295452,2981,6.471290568,23708.80397,1.942949128,88.90046673,48.99598394,None,80.08612887,28.50512083,None,Alto,None,None,Medio,0.793053215,0.711946,-98.20324417,20.15869333,0,0,0,0,0,0
HIDALGO,13,ACTOPAN,13003,61002,31925,52.33434969,29077,47.66565031,15550,25.49096751,40158,65.8306285,5292,8.675125406,26969.4799,2.261890115,47.09025934,8.491524868,None,48.01740813,3.660028065,None,Muy bajo,None,None,Muy bajo,0.898528813,-0.870466,-98.94290056,20.26908583,0,0,0,0,0,0
HIDALGO,13,AGUA BLANCA DE ITURBIDE,13004,10313,5400,52.36109764,4913,47.63890236,2927,28.38165422,6453,62.57151168,933,9.046834093,11907.74017,0.86607533,100,1.619315427,None,60.00171954,8.297557564,None,Medio,None,None,Bajo,0.836639145,0.026182,-98.35638611,20.34950389,0,0,0,0,0,0
HIDALGO,13,AJACUBA,13005,18872,9764,51.73802459,9108,48.26197541,4561,24.16807969,12425,65.83827893,1886,9.993641373,23722.9494,0.795516598,56.26324714,0.88490886,None,48.06550039,4.523741541,None,Muy bajo,None,None,Bajo,0.8934081,-0.671084,-99.1221325,20.092525,0,0,0,0,0,0
HIDALGO,13,ALFAJAYUCAN,13006,19162,9964,51.99874752,9198,48.00125248,5016,26.17680827,11864,61.9142052,2281,11.90376787,43008.4947,0.44553989,100,37.50652333,None,48.56074693,7.781235123,None,Medio,None,None,Bajo,0.849250505,-0.308831,-99.34958917,20.40997111,0,0,0,0,0,0
HIDALGO,13,ALMOLOYA,13007,12546,6476,51.61804559,6070,48.38195441,3366,26.82926829,8052,64.17981827,1128,8.990913439,27053.37035,0.463749982,55.2207875,0.438386737,None,50.23645022,3.844678379,None,Bajo,None,None,Bajo,0.880926788,-0.552404,-98.40329306,19.70331944,0,0,0,0,0,0
HIDALGO,13,APAN,13008,46681,24393,52.25466464,22288,47.74533536,11525,24.68884557,30831,66.04614297,4323,9.260727062,32012.43517,1.458214589,38.32180116,0.694072535,None,41.36221078,3.626254128,None,Muy bajo,None,None,Muy bajo,0.904244096,-0.931588,-98.45194444,19.71,0,0,0,0,0,0
HIDALGO,13,EL ARENAL,13009,19836,10261,51.72917927,9575,48.27082073,5241,26.42165759,12955,65.31054648,1639,8.262754588,13655.61566,1.452589213,100,3.569267998,None,48.88535895,4.885039204,None,Bajo,None,None,Bajo,0.870713544,-0.62489,-98.91104556,20.22142389,0,0,0,0,0,0
HIDALGO,13,ATITALAQUIA,13010,31525,16044,50.89294211,15481,49.10705789,7463,23.67327518,21550,68.35844568,2512,7.968279144,6199.804746,5.084837554,39.71451229,1.110229976,None,28.96464061,1.358173715,None,Muy bajo,None,None,Muy bajo,0.926831133,-1.045802,-99.22112861,20.05915472,0,0,0,0,0,0
HIDALGO,13,ATLAPEXCO,13011,19812,10301,51.99374117,9511,48.00625883,5235,26.42337977,11938,60.25641026,2630,13.27478296,14136.93661,1.401435159,100,85.13527155,None,65.15503873,18.66642836,None,Medio,None,None,Medio,0.825630736,0.3984,-98.34818667,21.01711389,0,0,0,0,0,0
HIDALGO,13,ATOTONILCO EL GRANDE,13012,30135,15874,52.67629003,14261,47.32370997,8037,26.66998507,19176,63.63364858,2921,9.693047951,45491.95723,0.662424785,72.06902273,1.191305791,None,52.42356572,6.998481922,None,Bajo,None,None,Bajo,0.856847561,-0.342797,-98.66906167,20.28688167,0,0,0,0,0,0
HIDALGO,13,ATOTONILCO DE TULA,13013,62470,32056,51.31423083,30414,48.68576917,17287,27.67248279,42090,67.37634064,3048,4.879141988,12145.62021,5.143417868,47.67248279,3.488074276,None,32.85536833,2.853512269,None,Muy bajo,None,None,Muy bajo,0.924841384,-1.155127,-99.22019083,20.00776667,0,0,0,0,0,0
HIDALGO,13,CALNALI,13014,16150,8406,52.0495356,7744,47.9504644,4186,25.91950464,9515,58.91640867,2449,15.16408669,20915.55055,0.772152756,100,41.98142415,None,66.14788048,13.17876604,None,Medio,None,None,Medio,0.828105312,0.189925,-98.58353222,20.89717778,0,0,0,0,0,0
HIDALGO,13,CARDONAL,13015,19431,10123,52.09716433,9308,47.90283567,5129,26.39596521,12314,63.37296073,1988,10.23107406,58871.46727,0.330058021,100,80.01646853,None,56.498246,9.259265045,None,Bajo,None,None,Bajo,0.857209083,-0.249766,-99.11706889,20.61338861,0,0,0,0,0,0
HIDALGO,13,CUAUTEPEC DE HINOJOSA,13016,60421,31555,52.22521971,28866,47.77478029,16814,27.82807302,38652,63.97113586,4932,8.16272488,38861.9134,1.554761326,66.02174741,1.135366843,None,67.32217639,9.042732086,None,Bajo,None,None,Bajo,0.860900916,-0.435984,-98.30973806,20.03547,0,0,0,0,0,0
HIDALGO,13,CHAPANTONGO,13017,12967,6690,51.59250405,6277,48.40749595,3328,25.66515,8049,62.07295442,1590,12.26189558,27619.92295,0.469479948,100,1.110511298,None,49.26229694,8.377793774,None,Medio,None,None,Bajo,0.837194914,0.013213,-99.41323111,20.28531556,0,0,0,0,0,0
HIDALGO,13,CHAPULHUACAN,13018,22903,11641,50.82740252,11262,49.17259748,6831,29.82578701,13690,59.77382876,2382,10.40038423,22951.91061,0.997868996,100,11.84560975,None,51.36530326,7.125803945,None,Medio,None,None,Bajo,0.832937977,-0.018166,-98.9045875,21.15941778,0,0,0,0,0,0
HIDALGO,13,CHILCUAUTLA,13019,18909,9719,51.3988048,9190,48.6011952,4988,26.37897298,12146,64.23396266,1775,9.387064361,22109.17377,0.855255841,100,63.28203501,None,48.85354886,6.203759205,None,Bajo,None,None,Bajo,0.859060829,-0.313465,-99.23174667,20.33096167,0,0,0,0,0,0
HIDALGO,13,ELOXOCHITLAN,13020,2593,1354,52.21750868,1239,47.78249132,578,22.29078288,1520,58.61935981,495,19.08985731,23749.72334,0.109180219,100,1.735441573,None,52.97648903,4.047021944,None,Medio,None,None,Bajo,0.853313748,-0.311282,-98.80914083,20.7467175,0,0,0,0,0,0
HIDALGO,13,EMILIANO ZAPATA,13021,15175,7837,51.64415157,7338,48.35584843,3752,24.72487644,9947,65.54859967,1475,9.719934102,12222.8229,1.241529892,36.84349259,0.836902801,None,37.80596077,2.614986949,None,Muy bajo,None,None,Muy bajo,0.910588053,-0.997424,-98.54741611,19.65700833,0,0,0,0,0,0
HIDALGO,13,EPAZOYUCAN,13022,16285,8406,51.61805342,7879,48.38194658,3869,23.75805956,10917,67.03715075,1494,9.174086583,14131.52841,1.152387734,100,1.725514277,None,36.81887136,3.254126566,None,Bajo,None,None,Muy bajo,0.88200952,-0.764795,-98.63620917,20.01802167,0,0,0,0,0,0
HIDALGO,13,FRANCISCO I. MADERO,13023,36248,18952,52.28426396,17296,47.71573604,8654,23.87442066,24168,66.67402339,3423,9.443279629,9728.973245,3.725778567,52.05252704,5.032001766,None,48.20622772,4.226750307,None,Muy bajo,None,None,Muy bajo,0.905965963,-0.883003,-99.08889361,20.24518556,0,0,0,0,0,0
HIDALGO,13,HUASCA DE OCAMPO,13024,17607,9288,52.75174646,8319,47.24825354,5119,29.07366388,10860,61.68001363,1628,9.246322485,30054.94225,0.585827111,100,1.453967172,None,51.13082436,9.227567631,None,Bajo,None,None,Bajo,0.855612091,-0.426784,-98.57761472,20.20361111,0,0,0,0,0,0
HIDALGO,13,HUAUTLA,13025,20673,10812,52.30010158,9861,47.69989842,5248,25.38576888,11720,56.69230397,3705,17.92192715,28968.30114,0.713642126,100,90.96889663,None,64.23164376,16.16058587,None,Alto,None,None,Medio,0.794135054,0.78261,-98.28682083,21.03138667,0,0,0,0,0,0
HIDALGO,13,HUAZALINGO,13026,12766,6571,51.47266176,6195,48.52733824,3786,29.65690114,7588,59.4391352,1392,10.90396365,10649.63611,1.198726404,100,91.87686041,None,86.15272431,32.20252893,None,Alto,None,None,Medio,0.820336595,0.520875,-98.50774833,20.9803025,0,0,0,0,0,0
HIDALGO,13,HUEHUETLA,13027,22846,11830,51.78149348,11016,48.21850652,6528,28.57392979,13661,59.79602556,2657,11.63004465,21217.95779,1.076729449,100,67.34220432,None,75.76357064,25.47916061,None,Alto,None,None,Alto,0.764825385,1.252039,-98.07842444,20.46030556,0,0,0,0,0,0
HIDALGO,13,HUEJUTLA DE REYES,13028,126781,65460,51.63234239,61321,48.36765761,37625,29.67715983,77907,61.45005955,11247,8.871203098,39045.09503,3.247040375,65.04917929,72.96755823,None,65.35414445,18.84613143,None,Medio,None,None,Bajo,0.840214229,0.05702,-98.420595,21.13921194,0,0,0,0,0,0
HIDALGO,13,HUICHAPAN,13029,47425,24645,51.96626252,22780,48.03373748,12082,25.47601476,30672,64.6747496,4654,9.813389562,65553.47027,0.723455216,79.22403795,3.654190828,None,42.44190172,3.61416169,None,Bajo,None,None,Bajo,0.877733221,-0.678922,-99.65118056,20.37531306,0,0,0,0,0,0
HIDALGO,13,IXMIQUILPAN,13030,98654,52214,52.9263892,46440,47.0736108,26528,26.88993857,64587,65.468202,7530,7.632736635,48262.51012,2.044112495,61.87888986,61.04263385,None,50.24482163,6.249491297,None,Bajo,None,None,Bajo,0.88529594,-0.665575,-99.21877361,20.48486778,0,0,0,0,0,0
HIDALGO,13,JACALA DE LEDEZMA,13031,12290,6430,52.3189585,5860,47.6810415,3026,24.62164361,7647,62.22131814,1617,13.15703824,43706.69557,0.281192615,100,1.537835639,None,43.68467115,3.839598463,None,Medio,None,None,Bajo,0.84502674,-0.31712,-99.18856889,21.00829639,0,0,0,0,0,0
HIDALGO,13,JALTOCAN,13032,10523,5385,51.17361969,5138,48.82638031,2856,27.14054927,6412,60.93319396,1250,11.8787418,3803.38387,2.76674676,43.75178181,89.55621021,None,75.20979163,19.89465646,None,Medio,None,None,Medio,0.834956878,0.310417,-98.53832389,21.13313194,0,0,0,0,0,0
HIDALGO,13,JUAREZ HIDALGO,13033,2895,1525,52.67702936,1370,47.32297064,701,24.21416235,1718,59.34369603,476,16.44214162,10982.9677,0.263589958,100,3.177892919,None,55.63652357,4.35010556,None,Medio,None,None,Bajo,0.853662662,-0.174996,-98.82886111,20.78371667,0,0,0,0,0,0
HIDALGO,13,LOLOTLA,13034,9474,4897,51.68883259,4577,48.31116741,2741,28.93181338,5537,58.44416297,1196,12.62402364,17563.61939,0.539410459,100,34.25163606,None,77.17025147,20.42129481,None,Alto,None,None,Medio,0.820216799,0.147607,-98.71728889,20.84116444,0,0,0,0,0,0
HIDALGO,13,METEPEC,13035,13078,6893,52.70683591,6185,47.29316409,3843,29.3852271,8251,63.09068665,984,7.524086252,14522.13031,0.90055658,100,2.897996636,None,42.8211501,4.293296736,None,Bajo,None,None,Bajo,0.860037753,-0.534641,-98.32216444,20.23841028,0,0,0,0,0,0
HIDALGO,13,SAN AGUSTIN METZQUITITLAN,13036,9449,4867,51.50809609,4582,48.49190391,2140,22.64789925,6086,64.40893216,1223,12.94316859,24372.19367,0.387695918,100,1.015980527,None,53.04760874,8.252975546,None,Bajo,None,None,Bajo,0.864750304,-0.550105,-98.63862111,20.53260194,0,0,0,0,0,0
HIDALGO,13,METZTITLAN,13037,20962,10888,51.94160863,10074,48.05839137,5074,24.20570556,13180,62.8756798,2708,12.91861464,79036.05305,0.265220734,100,16.19120313,None,51.8886612,7.746425162,None,Medio,None,None,Bajo,0.828507869,-0.02479,-98.76414444,20.5947,0,0,0,0,0,0
HIDALGO,13,MINERAL DEL CHICO,13038,8878,4577,51.55440415,4301,48.44559585,2416,27.21333634,5665,63.80941654,794,8.943455733,19068.53723,0.465583694,100,1.881054292,None,42.84472783,5.59475735,None,Medio,None,None,Bajo,0.843557019,-0.118335,-98.73122889,20.21557056,0,0,0,0,0,0
HIDALGO,13,MINERAL DEL MONTE,13039,14324,7507,52.4085451,6817,47.5914549,3288,22.95448199,9752,68.08154147,1279,8.929070092,5303.103904,2.701059655,22.1655962,0.628316113,None,49.62612416,7.085225983,None,Muy bajo,None,None,Muy bajo,0.897124754,-0.945139,-98.67153,20.14049111,0,0,0,0,0,0
HIDALGO,13,LA MISION,13040,9819,5062,51.55311131,4757,48.44688869,2599,26.46909054,5874,59.82279255,1346,13.70811692,23068.22133,0.425650502,100,1.425807109,None,61.94974771,9.368860056,None,Alto,None,None,Medio,0.783837531,0.550946,-99.12318667,21.09941944,0,0,0,0,0,0
HIDALGO,13,MIXQUIAHUALA DE JUAREZ,13041,47222,24597,52.08800983,22625,47.91199017,11520,24.39540892,31742,67.21866926,3942,8.34780399,13483.51867,3.502201551,41.31337089,3.384015925,None,39.74948639,2.562533375,None,Muy bajo,None,None,Muy bajo,0.907895932,-0.874137,-99.21379806,20.22938,0,0,0,0,0,0
HIDALGO,13,MOLANGO DE ESCAMILLA,13042,11578,5893,50.89825531,5685,49.10174469,3059,26.42079807,6985,60.32993609,1534,13.24926585,19653.65399,0.58910165,100,2.677491795,None,59.71703569,7.371454056,None,Bajo,None,None,Bajo,0.85646874,-0.268152,-98.73081361,20.78649833,0,0,0,0,0,0
HIDALGO,13,NICOLAS FLORES,13043,6265,3229,51.54030327,3036,48.45969673,1751,27.94892259,3710,59.21787709,804,12.83320032,24755.7629,0.253072387,100,82.3782921,None,67.64357413,9.930228731,None,Medio,None,None,Medio,0.839856091,0.180269,-99.15055556,20.76777778,0,0,0,0,0,0
HIDALGO,13,NOPALA DE VILLAGRAN,13044,16948,8711,51.39839509,8237,48.60160491,4068,24.00283219,10618,62.65046023,2260,13.33490677,33872.16295,0.500351868,100,0.725749351,None,43.09249505,4.857896217,None,Medio,None,None,Bajo,0.847183673,-0.241193,-99.64423833,20.25189028,0,0,0,0,0,0
HIDALGO,13,OMITLAN DE JUAREZ,13045,9295,4873,52.4260355,4422,47.5739645,2481,26.69176977,6008,64.63690156,806,8.671328671,7913.822657,1.174527204,100,0.828402367,None,44.74825022,6.189741907,None,Bajo,None,None,Bajo,0.867318046,-0.60085,-98.64863889,20.1695,0,0,0,0,0,0
HIDALGO,13,SAN FELIPE ORIZATLAN,13046,38492,19764,51.34573418,18728,48.65426582,11269,29.27621324,22882,59.44611867,4341,11.27766809,32097.24111,1.199230796,81.71827912,75.29096955,None,68.92332009,17.10925627,None,Medio,None,None,Medio,0.82684453,0.203505,-98.60781528,21.17094361,0,0,0,0,0,0
HIDALGO,13,PACULA,13047,4748,2518,53.03285594,2230,46.96714406,1236,26.03201348,2808,59.14069082,704,14.8272957,38195.59666,0.124307523,100,5.202190396,None,53.87981079,6.706084713,None,Alto,None,None,Medio,0.785121279,0.287127,-99.29609917,21.05082083,0,0,0,0,0,0
HIDALGO,13,PACHUCA DE SOTO,13048,314331,164772,52.41990131,149559,47.58009869,64957,20.6651587,218928,69.64887332,28212,8.975252202,15296.63902,20.54902385,5.24383532,7.990303215,None,28.22382051,2.309857022,None,Muy bajo,None,None,Muy bajo,0.938325204,-1.264186,-98.73700056,20.12235972,0,0,0,0,0,0
HIDALGO,13,PISAFLORES,13049,18723,9614,51.34860866,9109,48.65139134,6653,35.53383539,10257,54.78288736,1813,9.683277253,18633.246,1.004816874,100,2.804037814,None,61.68724983,14.68396272,None,Alto,None,None,Medio,0.823996357,0.170309,-99.00599722,21.19478194,0,0,0,0,0,0
HIDALGO,13,PROGRESO DE OBREGON,13050,23641,12476,52.77272535,11165,47.22727465,5631,23.81878939,15802,66.84150417,2205,9.327016624,9027.221561,2.618856737,25.05393173,4.521805338,None,38.97490233,2.703965412,None,Muy bajo,None,None,Muy bajo,0.914542131,-0.939745,-99.18935889,20.24819528,0,0,0,0,0,0
HIDALGO,13,MINERAL DE LA REFORMA,13051,202749,106490,52.5230704,96259,47.4769296,46226,22.79961923,145508,71.76755496,10578,5.217288371,11166.59057,18.1567506,50.81011497,5.399286803,None,18.72882199,1.208300667,None,Muy bajo,None,None,Muy bajo,0.937831033,-1.362099,-98.69603472,20.07237139,0,0,0,0,0,0
HIDALGO,13,SAN AGUSTIN TLAXIACA,13052,38891,19941,51.27407369,18950,48.72592631,9500,24.42724538,26148,67.23406444,3235,8.318119873,29518.74261,1.317501918,68.30114937,2.162454038,None,43.41001703,5.3490033,None,Muy bajo,None,None,Muy bajo,0.888716363,-0.731581,-98.8867775,20.11566083,0,0,0,0,0,0
HIDALGO,13,SAN BARTOLO TUTOTEPEC,13053,17699,8962,50.63562913,8737,49.36437087,4882,27.58347929,10756,60.77179502,2061,11.64472569,35650.7452,0.496455261,100,51.60743545,None,65.13269752,15.3946787,None,Muy alto,None,None,Alto,0.762444681,1.442699,-98.20205972,20.39914278,0,0,0,0,0,0
HIDALGO,13,SAN SALVADOR,13054,36796,18927,51.43765627,17869,48.56234373,9289,25.2445918,24031,65.30872921,3476,9.446678987,20412.32889,1.802636054,100,38.72160017,None,42.88199516,3.626298696,None,Bajo,None,None,Muy bajo,0.8834498,-0.720619,-99.01560389,20.28456806,0,0,0,0,0,0
HIDALGO,13,SANTIAGO DE ANAYA,13055,18329,9383,51.19209995,8946,48.80790005,4799,26.18255224,11835,64.56980741,1695,9.247640351,25419.02384,0.72107411,100,77.24371215,None,48.99660088,5.789223283,None,Bajo,None,None,Bajo,0.868259129,-0.504788,-98.9639525,20.38258194,0,0,0,0,0,0
HIDALGO,13,SANTIAGO TULANTEPEC DE LUGO GUERRERO,13056,39561,20915,52.86772326,18646,47.13227674,10098,25.52513839,26576,67.17727054,2860,7.229342029,6382.835966,6.198028621,42.99183539,2.664240034,None,39.15425519,2.986989623,None,Muy bajo,None,None,Muy bajo,0.901203015,-0.928801,-98.35700639,20.03919306,0,0,0,0,0,0
HIDALGO,13,SINGUILUCAN,13057,15142,7763,51.2679963,7379,48.7320037,4112,27.15625413,9624,63.55831462,1406,9.285431251,41722.55505,0.362921206,100,0.719852067,None,48.8877086,5.283841162,None,Bajo,None,None,Bajo,0.856904561,-0.456636,-98.51722222,19.9675,0,0,0,0,0,0
HIDALGO,13,TASQUILLO,13058,17441,9295,53.2939625,8146,46.7060375,4306,24.68895132,11217,64.31397282,1913,10.96840777,23804.90102,0.732664252,100,60.52978614,None,51.62754072,7.452927468,None,Bajo,None,None,Bajo,0.858214022,-0.435302,-99.31255611,20.55177222,0,0,0,0,0,0
HIDALGO,13,TECOZAUTLA,13059,38010,19873,52.28360958,18137,47.71639042,10209,26.85872139,24375,64.12786109,3420,8.997632202,52073.8211,0.72992531,82.37042883,17.25072349,None,44.22353662,4.691324606,None,Medio,None,None,Bajo,0.854189777,-0.285522,-99.63492389,20.53387278,0,0,0,0,0,0
HIDALGO,13,TENoneGO DE DORIA,13060,17503,9108,52.03679369,8395,47.96320631,5133,29.32640119,10600,60.56104668,1770,10.11255213,17525.21489,0.998732404,100,40.15311661,None,63.54091474,8.962599124,None,Medio,None,None,Medio,0.834032715,0.203736,-98.22672861,20.33805556,0,0,0,0,0,0
HIDALGO,13,TEPEAPULCO,13061,56245,29305,52.1024091,26940,47.8975909,12392,22.03218064,38015,67.58823006,5820,10.34758645,24127.53368,2.331154139,14.47239755,1.329895991,None,31.5480777,2.448084183,None,Muy bajo,None,None,Muy bajo,0.926614072,-1.190125,-98.55366167,19.78567389,0,0,0,0,0,0
HIDALGO,13,TEPEHUACAN DE GUERRERO,13062,31235,15667,50.15847607,15568,49.84152393,10790,34.5445814,17872,57.21786457,2573,8.237554026,34420.98144,0.907440715,100,55.95325756,None,81.5839365,27.12453516,None,Alto,None,None,Alto,0.765379342,1.069416,-98.84373278,21.01408444,0,0,0,0,0,0
HIDALGO,13,TEPEJI DEL RIO DE OCAMPO,13063,90546,46484,51.33744174,44062,48.66255826,23195,25.61681355,60838,67.19015749,6478,7.154374572,35098.19529,2.579790763,46.97391381,6.08861794,None,32.2680998,3.42264745,None,Muy bajo,None,None,Muy bajo,0.898624148,-0.803785,-99.34181417,19.90521722,0,0,0,0,0,0
HIDALGO,13,TEPETITLAN,13064,10830,5575,51.47737765,5255,48.52262235,2572,23.7488458,7000,64.63527239,1258,11.61588181,14673.7916,0.738050553,100,4.090489381,None,42.04235029,4.038385663,None,Bajo,None,None,Bajo,0.873386566,-0.441794,-99.38033833,20.18694861,0,0,0,0,0,0
HIDALGO,13,TETEPANGO,13065,11768,6028,51.22365738,5740,48.77634262,2901,24.65159755,7930,67.38613188,932,7.919782461,4460.334528,2.638367128,22.28925901,0.747790619,None,53.89124023,4.768650944,None,Muy bajo,None,None,Muy bajo,0.910238506,-0.834356,-99.15612333,20.102655,0,0,0,0,0,0
HIDALGO,13,VILLA DE TEZONTEPEC,13066,13032,6706,51.45794966,6326,48.54205034,3335,25.59085328,8755,67.18078576,942,7.228360958,9009.851998,1.446416656,52.32504604,1.097298956,None,52.61133005,5.559911273,None,Muy bajo,None,None,Muy bajo,0.903759141,-1.036207,-98.81929,19.87986083,0,0,0,0,0,0
HIDALGO,13,TEZONTEPEC DE ALDAMA,13067,55134,28045,50.86697863,27089,49.13302137,14575,26.43559328,36480,66.16606812,4077,7.394711068,16212.08511,3.400796358,55.52653535,1.275075271,None,55.10630245,5.2657949,None,Muy bajo,None,None,Bajo,0.893394183,-0.626687,-99.27268278,20.19276167,0,0,0,0,0,0
HIDALGO,13,TIANGUISTENGO,13068,14340,7322,51.05997211,7018,48.94002789,4185,29.18410042,8417,58.69595537,1738,12.11994421,26339.972,0.544419713,100,44.42119944,None,79.22004085,26.79350773,None,Alto,None,None,Medio,0.785747919,0.825744,-98.63085111,20.7282125,0,0,0,0,0,0
HIDALGO,13,TIZAYUCA,13069,168302,86255,51.25013369,82047,48.74986631,46159,27.42629321,113995,67.7324096,8081,4.801487802,7628.622832,22.06191127,7.286306758,4.405770579,None,35.8925554,3.468386917,None,Muy bajo,None,None,Muy bajo,0.930392712,-1.245231,-98.98158417,19.84108889,0,0,0,0,0,0
HIDALGO,13,TLAHUELILPAN,13070,19067,9763,51.20365029,9304,48.79634971,4816,25.25829968,12806,67.16316148,1439,7.547070855,3129.356611,6.09294573,54.59694761,1.872344889,None,50.15283598,3.652501134,None,Muy bajo,None,None,Muy bajo,0.901757106,-0.851029,-99.23467972,20.13062722,0,0,0,0,0,0
HIDALGO,13,TLAHUILTEPA,13071,9086,4675,51.4527845,4411,48.5472155,2312,25.4457407,5381,59.22298041,1393,15.33127889,52696.04996,0.172422791,100,1.298701299,None,71.16618304,8.393861607,None,Alto,None,None,Medio,0.802708127,0.406312,-98.95020111,20.92391306,0,0,0,0,0,0
HIDALGO,13,TLANALAPA,13072,11113,5747,51.71420858,5366,48.28579142,2483,22.34320166,7513,67.60550706,1117,10.05129128,8236.567188,1.349227141,27.45433276,0.422928102,None,35.30503344,3.223491621,None,Muy bajo,None,None,Muy bajo,0.920098187,-1.115615,-98.60391306,19.81789417,0,0,0,0,0,0
HIDALGO,13,TLANCHINOL,13073,37722,19245,51.0179736,18477,48.9820264,11867,31.45909549,22451,59.51699274,3402,9.01860983,38858.97088,0.970741096,83.78399873,65.06547903,None,85.77903058,33.76124919,None,Medio,None,None,Medio,0.827930184,0.373288,-98.66028444,20.98934556,0,0,0,0,0,0
HIDALGO,13,TLAXCOAPAN,13074,28626,14720,51.42178439,13906,48.57821561,6912,24.14588137,19499,68.11639768,2210,7.720254314,3869.264818,7.398304677,20.77482009,0.946691819,None,54.46455994,5.179755734,None,Muy bajo,None,None,Muy bajo,0.913551079,-0.857315,-99.22159333,20.09161444,0,0,0,0,0,0
HIDALGO,13,TOLCAYUCA,13075,21362,11058,51.76481603,10304,48.23518397,5529,25.88240801,14327,67.06769029,1504,7.040539275,12789.01655,1.670339538,58.02827451,2.466997472,None,41.10903295,3.53302559,None,Muy bajo,None,None,Muy bajo,0.908096423,-1.086146,-98.92176111,19.95659111,0,0,0,0,0,0
HIDALGO,13,TULA DE ALLENDE,13076,115107,59519,51.70754168,55588,48.29245832,26838,23.31569757,78212,67.94721433,9974,8.664981278,33367.35093,3.449689496,40.40153944,1.350048216,None,27.75827652,1.605603598,None,Muy bajo,None,None,Muy bajo,0.914896405,-1.012403,-99.34318889,20.05521972,0,0,0,0,0,0
HIDALGO,13,TULANCINGO DE BRAVO,13077,168369,88602,52.62370151,79767,47.37629849,42768,25.4013506,112647,66.90483403,12867,7.64214315,21581.04443,7.801707677,19.8587626,6.548711461,None,44.51656858,4.385518301,None,Muy bajo,None,None,Muy bajo,0.909288582,-0.938734,-98.36807278,20.080605,0,0,0,0,0,0
HIDALGO,13,XOCHIATIPAN,13078,18260,9417,51.57174151,8843,48.42825849,5632,30.84337349,10590,57.99561884,2038,11.16100767,13423.04318,1.360347259,100,98.46659365,None,88.27435109,36.7026504,None,Muy alto,None,None,Alto,0.762476359,1.49385,-98.28453139,20.83548333,0,0,0,0,0,0
HIDALGO,13,XOCHICOATLAN,13079,7015,3561,50.76265146,3454,49.23734854,1617,23.05060584,4279,60.99786172,1119,15.95153243,17532.02573,0.400124898,100,3.25017819,None,55.60327727,9.672991232,None,Bajo,None,None,Bajo,0.857074143,-0.107903,-98.67972417,20.77685472,0,0,0,0,0,0
HIDALGO,13,YAHUALICA,13080,24674,12614,51.12263922,12060,48.87736078,7373,29.8816568,14611,59.21617897,2686,10.88595282,15299.49224,1.61273326,100,92.25500527,None,79.54324831,26.65777381,None,Alto,None,None,Alto,0.765121419,1.194312,-98.38286722,20.95164889,0,0,0,0,0,0
HIDALGO,13,ZACUALTIPAN DE ANGELES,13081,38155,20018,52.46494562,18137,47.53505438,10354,27.13667933,25037,65.6191849,2763,7.241514874,27040.99021,1.411006021,22.75717468,10.52810903,None,59.42956302,8.975003549,None,Bajo,None,None,Bajo,0.885343764,-0.603229,-98.65362694,20.64518139,0,0,0,0,0,0
HIDALGO,13,ZAPOTLAN DE JUAREZ,13082,21443,11101,51.76980833,10342,48.23019167,5221,24.34827216,14391,67.11281071,1830,8.534253603,10452.13028,2.051543506,24.48351443,3.138553374,None,49.60156916,4.99858465,None,Muy bajo,None,None,Muy bajo,0.90596347,-0.973141,-98.86188278,19.97404722,0,0,0,0,0,0
HIDALGO,13,ZEMPOALA,13083,57906,30000,51.80810279,27906,48.19189721,13943,24.07867924,39589,68.36769937,4366,7.539805892,31764.24434,1.822993155,57.18232998,2.194936621,None,34.29800569,3.607916485,None,Muy bajo,None,None,Muy bajo,0.916185517,-1.179373,-98.66813056,19.91539667,0,0,0,0,0,0
HIDALGO,13,ZIMAPAN,13084,39927,21028,52.66611566,18899,47.33388434,10621,26.60104691,25312,63.39569715,3994,10.00325594,86504.89617,0.461557689,63.10266236,20.76790142,None,40.52307461,3.709853838,None,Bajo,None,None,Bajo,0.875353086,-0.550162,-99.38311306,20.73806889,0,0,0,0,0,0
JALISCO,14,ACATIC,14001,23175,11792,50.8824164,11383,49.1175836,6733,29.05285868,14458,62.38619202,1984,8.560949299,33628.90444,0.68913931,43.7626753,0.172599784,None,30.6719013,2.219330644,None,Muy bajo,None,None,Muy bajo,0.89093865,-0.788597,-102.9052778,20.77944444,0,0,0,0,0,0
JALISCO,14,ACATLAN DE JUAREZ,14002,25250,12006,47.54851485,13244,52.45148515,7487,29.65148515,15866,62.83564356,1893,7.497029703,15275.69049,1.652953103,25.1009901,0.277227723,None,28.34021719,2.103982398,None,Muy bajo,None,None,Muy bajo,0.919771467,-1.116235,-103.5872222,20.42138889,0,0,0,0,0,0
JALISCO,14,AHUALULCO DE MERCADO,14003,23630,11846,50.13118917,11784,49.86881083,6004,25.40837918,15234,64.46889547,2368,10.02115954,27166.784,0.869812194,28.05755396,0.275074058,None,32.84506615,1.981900098,None,Muy bajo,None,None,Muy bajo,0.926438077,-1.192017,-103.975,20.70055556,0,0,0,0,0,0
JALISCO,14,AMACUECA,14004,5743,2967,51.66289396,2776,48.33710604,1611,28.05154101,3488,60.73480759,644,11.2136514,12393.09656,0.463403151,100,0.592025074,None,46.03589466,5.007575758,None,Bajo,None,None,Muy bajo,0.882859681,-0.84086,-103.5961111,20.01055556,0,0,0,0,0,0
JALISCO,14,AMATITAN,14005,16490,8306,50.36992116,8184,49.63007884,4745,28.77501516,10546,63.95391146,1198,7.265009096,17107.2241,0.963920266,26.13705276,0.909642207,None,36.64782083,2.660807805,None,Muy bajo,None,None,Muy bajo,0.91266592,-1.149719,-103.73,20.835,0,0,0,0,0,0
JALISCO,14,AMECA,14006,60386,30822,51.04163217,29564,48.95836783,14856,24.60172888,38559,63.85420462,6970,11.54241049,83225.59755,0.725570038,37.28513232,0.533236181,None,35.37707284,3.913874219,None,Muy bajo,None,None,Muy bajo,0.914228491,-1.089717,-104.0430556,20.54861111,0,0,0,0,0,0
JALISCO,14,SAN JUANITO DE ESCOBEDO,14007,9433,4713,49.96289622,4720,50.03710378,2578,27.32958762,5775,61.22124457,1080,11.44916782,19302.90614,0.488682892,40.68695007,0.24382487,None,40.73495917,2.873334766,None,Muy bajo,None,None,Muy bajo,0.907493707,-1.031135,-104.0009858,20.8004675,0,0,0,0,0,0
JALISCO,14,ARANDAS,14008,80609,41117,51.00795197,39492,48.99204803,21867,27.12724386,52889,65.61178032,5853,7.260975822,94171.73349,0.855978721,26.00329988,0.5049064,None,33.95875887,2.94738493,None,Muy bajo,None,None,Muy bajo,0.907408034,-0.905326,-102.3402778,20.70555556,0,0,0,0,0,0
JALISCO,14,EL ARENAL,14009,21115,10770,51.00639356,10345,48.99360644,6154,29.14515747,13473,63.80771963,1485,7.032914989,11080.40564,1.905616156,41.094009,1.056121241,None,30.9227481,1.923654258,None,Muy bajo,None,None,Muy bajo,0.920628656,-1.139195,-103.6938889,20.77611111,0,0,0,0,0,0
JALISCO,14,ATEMAJAC DE BRIZUELA,14010,7758,3911,50.41247744,3847,49.58752256,2529,32.59860789,4630,59.68032998,599,7.721062129,35315.29517,0.219678187,17.06625419,0.180458881,None,73.20584382,18.93841719,None,Bajo,None,None,Bajo,0.879809716,-0.401685,-103.7245356,20.13944944,0,0,0,0,0,0
JALISCO,14,ATENGO,14011,5599,2766,49.40167887,2833,50.59832113,1524,27.21914628,3300,58.93909627,775,13.84175746,43714.35706,0.12808149,100,0.053580997,None,49.16006724,12.03343295,None,Bajo,None,None,Bajo,0.855721647,-0.561734,-104.2344444,20.27555556,0,0,0,0,0,0
JALISCO,14,ATENGUILLO,14012,4176,2121,50.79022989,2055,49.20977011,973,23.29980843,2578,61.73371648,625,14.9664751,60543.99684,0.068974634,100,0.311302682,None,17.43391521,0.856608479,None,Muy bajo,None,None,Muy bajo,0.900841048,-0.903461,-104.4925,20.41472222,0,0,0,0,0,0
JALISCO,14,ATOTONILCO EL ALTO,14013,64009,32438,50.67724851,31571,49.32275149,17840,27.87108063,40743,63.65198644,5425,8.475370651,50670.816,1.263232074,36.41050477,0.312456061,None,34.38215137,2.984110634,None,Muy bajo,None,None,Muy bajo,0.911213586,-0.886297,-102.5041667,20.55055556,0,0,0,0,0,0
JALISCO,14,ATOYAC,14014,8689,4475,51.50189895,4214,48.49810105,2195,25.2618253,5366,61.75624353,1128,12.98193118,44831.89306,0.193812918,37.97905398,0.529404995,None,44.28442007,4.935033973,None,Bajo,None,None,Bajo,0.881315429,-0.564898,-103.5163889,20.01055556,0,0,0,0,0,0
JALISCO,14,AUTLAN DE NAVARRO,14015,64931,33045,50.89248587,31886,49.10751413,16486,25.39002942,42227,65.03365111,6188,9.530116585,70051.41454,0.926904909,19.88572485,1.934361091,None,31.45191102,3.029965317,None,Muy bajo,None,None,Muy bajo,0.918830347,-1.024138,-104.3652778,19.77138889,0,0,0,0,0,0
JALISCO,14,AYOTLAN,14016,41552,21188,50.99152869,20364,49.00847131,12547,30.19589911,25429,61.19801694,3572,8.596457451,42738.38643,0.972240729,45.32633808,0.154023874,None,52.20996022,7.209075217,None,Bajo,None,None,Bajo,0.885074326,-0.709515,-102.3283333,20.52805556,0,0,0,0,0,0
JALISCO,14,AYUTLA,14017,12880,6466,50.20186335,6414,49.79813665,3523,27.35248447,7703,59.80590062,1654,12.84161491,87698.80774,0.146866307,42.01086957,0.131987578,None,44.14637464,5.782683486,None,Muy bajo,None,None,Muy bajo,0.898063982,-0.888539,-104.3477778,20.12916667,0,0,0,0,0,0
JALISCO,14,LA BARCA,14018,67937,35086,51.64490631,32851,48.35509369,18713,27.54463694,42583,62.68013012,6640,9.773760984,41491.31031,1.637378996,42.91770317,0.228152553,None,41.22257318,4.441597856,None,Muy bajo,None,None,Muy bajo,0.903318648,-0.911828,-102.5419444,20.29027778,0,0,0,0,0,0
JALISCO,14,BOLAÑOS,14019,7043,3541,50.27687065,3502,49.72312935,2805,39.82677836,3845,54.59321312,393,5.580008519,85778.79601,0.082106538,100,59.39230442,None,54.74894578,29.31129518,None,Muy alto,None,None,Muy alto,0.644860161,2.413635,-103.7814997,21.83087,0,0,0,0,0,0
JALISCO,14,CABO CORRIENTES,14020,10940,5296,48.4095064,5644,51.5904936,3111,28.4369287,6595,60.2833638,1234,11.2797075,153015.9159,0.071495831,100,0.438756856,None,44.59519103,7.376246388,None,Bajo,None,None,Bajo,0.860101815,-0.356114,-105.3238889,20.31833333,0,0,0,0,0,0
JALISCO,14,CASIMIRO CASTILLO,14021,20548,10354,50.3893323,10194,49.6106677,5522,26.87366167,12742,62.0109013,2281,11.10083706,51945.06547,0.395571741,43.82421647,0.36986568,None,40.24943571,3.965613755,None,Muy bajo,None,None,Muy bajo,0.900878168,-0.743008,-104.4347222,19.60361111,0,0,0,0,0,0
JALISCO,14,CIHUATLAN,14022,40139,20160,50.2254665,19979,49.7745335,11392,28.38137472,25396,63.27013628,3351,8.348489001,49494.86486,0.810973019,35.86038516,2.458955131,None,45.96172824,4.690534675,None,Muy bajo,None,None,Muy bajo,0.896641834,-0.760205,-104.5629978,19.23834333,0,0,0,0,0,0
JALISCO,14,ZAPOTLAN EL GRANDE,14023,115141,58953,51.20070175,56188,48.79929825,26691,23.18114312,78440,68.12516827,9989,8.6754501,27171.76603,4.237523607,2.749672141,0.89108137,None,26.39791625,2.31019322,None,Muy bajo,None,None,Muy bajo,0.938642045,-1.192947,-103.4641667,19.70861111,0,0,0,0,0,0
JALISCO,14,COCULA,14024,29267,14872,50.81491099,14395,49.18508901,7630,26.07031811,18167,62.07332491,3470,11.85635699,32863.08467,0.890573733,43.45166912,0.314347217,None,38.38480453,2.738319446,None,Muy bajo,None,None,Muy bajo,0.90615734,-0.987616,-103.8241667,20.3675,0,0,0,0,0,0
JALISCO,14,COLOTLAN,14025,19689,10207,51.84112956,9482,48.15887044,4971,25.24760018,12730,64.65539134,1988,10.09700848,64147.13514,0.306934986,23.16014018,3.585758545,None,37.74910582,2.51204292,None,Muy bajo,None,None,Muy bajo,0.914205837,-1.117514,-103.2647222,22.11722222,0,0,0,0,0,0
JALISCO,14,CONCEPCION DE BUENOS AIRES,14026,6334,3136,49.51057783,3198,50.48942217,1618,25.54467951,3980,62.835491,732,11.55667824,26375.48697,0.240147225,19.27691822,0.410483107,None,45.34204121,3.118935583,None,Muy bajo,None,None,Muy bajo,0.908503168,-0.743997,-103.2572222,19.97861111,0,0,0,0,0,0
JALISCO,14,CUAUTITLAN DE GARCIA BARRAGAN,14027,18370,9023,49.11812738,9347,50.88187262,5456,29.7005988,11065,60.2340773,1848,10.05988024,138301.2693,0.132825968,100,2.531301034,None,57.50284811,18.87194918,None,Alto,None,None,Medio,0.777285804,0.699831,-104.3569444,19.44972222,0,0,0,0,0,0
JALISCO,14,CUAUTLA,14028,2166,1109,51.20036934,1057,48.79963066,526,24.2843952,1293,59.69529086,347,16.02031394,41398.32649,0.052320956,100,0.184672207,None,33.9727955,2.162757974,None,Bajo,None,None,Bajo,0.875639529,-0.548397,-104.4075,20.20138889,0,0,0,0,0,0
JALISCO,14,CUQUIO,14029,17820,9165,51.43097643,8655,48.56902357,4785,26.85185185,11003,61.74523008,2032,11.40291807,63730.02103,0.279617043,71.87991021,0.033670034,None,43.38911689,4.519537694,None,Bajo,None,None,Bajo,0.875241856,-0.62226,-103.0238889,20.9275,0,0,0,0,0,0
JALISCO,14,CHAPALA,14030,55196,28381,51.41858106,26815,48.58141894,13428,24.32784984,33253,60.24530763,8496,15.39241974,62520.48975,0.882846571,10.48083194,0.467425176,None,38.52154971,4.471476519,None,Muy bajo,None,None,Muy bajo,0.923983253,-1.15721,-103.1897222,20.29333333,0,0,0,0,0,0
JALISCO,14,CHIMALTITAN,14031,3270,1646,50.33639144,1624,49.66360856,1122,34.31192661,1748,53.45565749,400,12.2324159,64860.64547,0.050415779,100,3.73088685,None,65.80943513,23.79671012,None,Alto,None,None,Medio,0.77685663,0.753031,-103.7807058,21.77886528,0,0,0,0,0,0
JALISCO,14,CHIQUILISTLAN,14032,5983,3008,50.27578138,2975,49.72421862,1916,32.02406819,3490,58.3319405,577,9.643991309,29521.52152,0.202665706,100,0.133712185,None,68.41201717,16.39708155,None,Bajo,None,None,Bajo,0.862821796,-0.478103,-103.8580556,20.08861111,0,0,0,0,0,0
JALISCO,14,DEGOLLADO,14033,21226,10963,51.64892113,10263,48.35107887,6084,28.66296052,12945,60.98652596,2197,10.35051352,42331.0091,0.501429105,45.29350796,0.424008292,None,42.65280118,7.204369075,None,Muy bajo,None,None,Muy bajo,0.892229724,-0.81233,-102.135,20.4475,0,0,0,0,0,0
JALISCO,14,EJUTLA,14034,1981,974,49.16708733,1007,50.83291267,443,22.36244321,1158,58.45532559,380,19.1822312,29557.83857,0.067021139,100,0,None,24.22938689,1.792811839,None,Muy bajo,None,None,Muy bajo,0.886360847,-0.718981,-104.1619444,19.90638889,0,0,0,0,0,0
JALISCO,14,ENCARNACION DE DIAZ,14035,53039,27472,51.79584834,25567,48.20415166,14969,28.22262863,33370,62.9159675,4700,8.861403873,124126.2817,0.42729871,47.52352043,0.12255133,None,37.26611638,2.064716703,None,Muy bajo,None,None,Muy bajo,0.898574492,-0.910991,-102.2330556,21.52444444,0,0,0,0,0,0
JALISCO,14,ETZATLAN,14036,20011,10227,51.10689121,9784,48.89310879,5453,27.25001249,12526,62.59557244,2032,10.15441507,33488.48509,0.597548678,26.55539453,0.06496427,None,37.93388822,2.452912204,None,Muy bajo,None,None,Muy bajo,0.920589535,-1.15281,-104.0783333,20.76722222,0,0,0,0,0,0
JALISCO,14,EL GRULLO,14037,25920,13294,51.28858025,12626,48.71141975,6820,26.3117284,16409,63.30632716,2682,10.34722222,17612.61328,1.471672579,12.27623457,2.091049383,None,39.10373419,4.377428108,None,Muy bajo,None,None,Muy bajo,0.91838809,-1.071568,-104.2155556,19.8075,0,0,0,0,0,0
JALISCO,14,GUACHINoneGO,14038,4199,2045,48.70207192,2154,51.29792808,1043,24.83924744,2500,59.53798523,636,15.14646344,83068.01007,0.050548942,100,0.166706359,None,44.2983631,7.032490079,None,Bajo,None,None,Bajo,0.873487545,-0.711614,-104.3772222,20.57638889,0,0,0,0,0,0
JALISCO,14,GUADALAJARA,14039,1385629,718632,51.86323323,666997,48.13676677,272081,19.63591986,940751,67.89342602,168417,12.15455219,14991.07984,92.43023283,0.000577355,0.554910441,None,24.82158321,1.532031574,None,Muy bajo,None,None,Muy bajo,0.951483751,-1.3417,-103.3422222,20.67638889,0,0,0,0,0,0
JALISCO,14,HOSTOTIPAQUILLO,14040,8732,4364,49.97709574,4368,50.02290426,2520,28.85936784,5291,60.59322034,921,10.54741182,74955.08099,0.116496439,100,0.675675676,None,63.67480916,8.261303582,None,Bajo,None,None,Bajo,0.86323949,-0.626644,-104.0502778,21.05805556,0,0,0,0,0,0
JALISCO,14,HUEJUCAR,14041,5920,3013,50.89527027,2907,49.10472973,1418,23.9527027,3526,59.56081081,976,16.48648649,30602.026,0.193451244,100,0.320945946,None,42.7764969,4.189607708,None,Bajo,None,None,Muy bajo,0.883350632,-0.982872,-103.2116667,22.36222222,0,0,0,0,0,0
JALISCO,14,HUEJUQUILLA EL ALTO,14042,10015,5177,51.69246131,4838,48.30753869,3120,31.15327009,5656,56.47528707,1239,12.37144284,76139.86009,0.131534258,40.59910135,10.19470794,None,50.95664882,8.68974194,None,Medio,None,None,Bajo,0.854760036,-0.29225,-103.8941667,22.62861111,0,0,0,0,0,0
JALISCO,14,LA HUERTA,14043,23258,11632,50.01289879,11626,49.98710121,6490,27.90437699,14220,61.14025282,2548,10.9553702,199823.7321,0.116392581,65.8010147,1.371571072,None,33.11264166,3.793788874,None,Muy bajo,None,None,Bajo,0.888324352,-0.697538,-104.6433333,19.485,0,0,0,0,0,0
JALISCO,14,IXTLAHUACAN DE LOS MEMBRILLOS,14044,67969,34547,50.82758316,33422,49.17241684,20689,30.43887655,43982,64.70891142,3295,4.847798261,19964.98956,3.404409494,39.10900558,1.021053716,None,35.79528062,3.485100203,None,Muy bajo,None,None,Muy bajo,0.911086108,-0.967437,-103.1929661,20.34913611,0,0,0,0,0,0
JALISCO,14,IXTLAHUACAN DEL RIO,14045,20465,10489,51.25335939,9976,48.74664061,5844,28.55607134,12421,60.69386758,2200,10.75006108,82452.53433,0.248203408,66.37185439,0.166137308,None,40.18503046,6.30010081,None,Bajo,None,None,Muy bajo,0.883178489,-0.800359,-103.2391667,20.86416667,0,0,0,0,0,0
JALISCO,14,JALOSTOTITLAN,14046,32678,16666,51.00067324,16012,48.99932676,9244,28.28814493,20494,62.71497644,2940,8.996878634,51609.8695,0.633173467,23.83254789,0.137707326,None,39.93257292,3.176601133,None,Muy bajo,None,None,Muy bajo,0.911490652,-1.0013,-102.4611111,21.16861111,0,0,0,0,0,0
JALISCO,14,JAMAY,14047,24894,12430,49.93171045,12464,50.06828955,6959,27.9545272,15734,63.2039849,2157,8.664738491,16151.13526,1.541315802,25.25508155,0.783321282,None,46.17575086,4.734649351,None,Muy bajo,None,None,Muy bajo,0.903354159,-0.917348,-102.7097169,20.29449972,0,0,0,0,0,0
JALISCO,14,JESUS MARIA,14048,18982,10108,53.25044779,8874,46.74955221,5310,27.97386998,11642,61.33178801,2030,10.69434201,65962.3157,0.28777037,50.28974818,0.400379307,None,39.18729451,5.070409434,None,Bajo,None,None,Bajo,0.878660737,-0.618624,-102.22,20.6075,0,0,0,0,0,0
JALISCO,14,JILOTLAN DE LOS DOLORES,14049,9425,4372,46.3872679,5053,53.6127321,2613,27.72413793,5927,62.88594164,885,9.389920424,146801.5231,0.064202331,100,0.721485411,None,53.26224951,10.24383181,None,Medio,None,None,Bajo,0.841862851,-0.209476,-103.0197222,19.37055556,0,0,0,0,0,0
JALISCO,14,JOCOTEPEC,14050,47105,23876,50.68676361,23229,49.31323639,13827,29.35357181,29069,61.71107101,4189,8.892898843,32181.4885,1.463729684,38.98949156,0.868273007,None,43.97895533,5.72524554,None,Muy bajo,None,None,Muy bajo,0.900659877,-0.809552,-103.4252778,20.28444444,0,0,0,0,0,0
JALISCO,14,JUANACATLAN,14051,30855,15596,50.54610274,15259,49.45389726,9832,31.86517582,19492,63.17290553,1526,4.945713823,13696.82062,2.252712571,14.88899692,0.30140982,None,31.87322664,2.96221228,None,Muy bajo,None,None,Muy bajo,0.930246755,-1.106803,-103.1672222,20.50944444,0,0,0,0,0,0
JALISCO,14,JUCHITLAN,14052,5534,2865,51.77087098,2669,48.22912902,1569,28.35200578,3186,57.57137694,779,14.07661728,24410.52872,0.226705454,100,0.469822913,None,44.80483306,4.798930087,None,Bajo,None,None,Muy bajo,0.880931801,-0.879399,-104.0962492,20.08385556,0,0,0,0,0,0
JALISCO,14,LAGOS DE MORENO,14053,172403,88426,51.29029077,83977,48.70970923,48900,28.36377557,111416,64.62532555,12049,6.988857502,249029.3123,0.692300028,35.2859289,0.174590929,None,37.2125946,4.380950566,None,Muy bajo,None,None,Muy bajo,0.903613806,-0.969389,-101.9291667,21.35638889,0,0,0,0,0,0
JALISCO,14,EL LIMON,14054,5368,2698,50.26080477,2670,49.73919523,1145,21.33010432,3232,60.20864382,991,18.46125186,11345.78544,0.473127227,100,0.09314456,None,23.59942474,0.910834132,None,Muy bajo,None,None,Muy bajo,0.89545369,-0.945314,-104.1522222,19.82444444,0,0,0,0,0,0
JALISCO,14,MAGDALENA,14055,21781,11192,51.38423397,10589,48.61576603,6441,29.57164501,13341,61.25063128,1999,9.177723704,29060.73686,0.749499233,22.53340067,0.284651761,None,40.37527542,2.463608767,None,Muy bajo,None,None,Muy bajo,0.911422437,-1.048355,-103.9761111,20.90638889,0,0,0,0,0,0
JALISCO,14,SANTA MARIA DEL ORO,14056,1815,901,49.64187328,914,50.35812672,405,22.31404959,1145,63.08539945,265,14.60055096,77173.0002,0.023518588,100,0,None,55.3189407,12.07138745,None,Alto,None,None,Medio,0.792964013,0.59893,-102.9083333,19.5875,0,0,0,0,0,0
JALISCO,14,LA MANZANILLA DE LA PAZ,14057,4099,2097,51.15881922,2002,48.84118078,996,24.29860942,2575,62.82020005,528,12.88119053,13303.14616,0.308122601,100,0.317150525,None,35.42758797,3.248597654,None,Muy bajo,None,None,Muy bajo,0.898671511,-0.943604,-103.15,20.00444444,0,0,0,0,0,0
JALISCO,14,MASCOTA,14058,14451,7412,51.29056813,7039,48.70943187,3608,24.9671303,8903,61.6081932,1936,13.39699675,182793.7492,0.079056314,35.83835029,0.498235416,None,38.25947589,2.88915937,None,Muy bajo,None,None,Muy bajo,0.911731658,-1.036579,-104.7822222,20.52555556,0,0,0,0,0,0
JALISCO,14,MAZAMITLA,14059,14043,7283,51.86213772,6760,48.13786228,3945,28.09228797,8823,62.82845546,1272,9.057893612,28694.59132,0.489395365,42.0209357,0.555436872,None,45.55582514,5.180572612,None,Muy bajo,None,None,Muy bajo,0.905442837,-0.919131,-103.0202778,19.91722222,0,0,0,0,0,0
JALISCO,14,MEXTICACAN,14060,5307,2860,53.89108724,2447,46.10891276,1396,26.30488035,3107,58.54531751,804,15.14980215,28433.00363,0.186649292,100,0,None,58.26193698,2.916489465,None,Bajo,None,None,Bajo,0.878379942,-0.687099,-102.7777778,21.26305556,0,0,0,0,0,0
JALISCO,14,MEZQUITIC,14061,22083,11468,51.93134991,10615,48.06865009,9454,42.81121224,11332,51.31549155,1296,5.86876783,332882.1725,0.066338788,100,75.96793914,None,80.08968764,53.15137547,None,Muy alto,None,None,Muy alto,0.490203199,4.606749,-103.7281225,22.39,0,0,0,0,0,0
JALISCO,14,MIXTLAN,14062,3638,1821,50.05497526,1817,49.94502474,905,24.87630566,2215,60.8851017,518,14.23859263,62584.40317,0.058129499,100,0.192413414,None,24.54269819,2.621140473,None,Bajo,None,None,Muy bajo,0.881706991,-0.78814,-104.4088889,20.44055556,0,0,0,0,0,0
JALISCO,14,OCOTLAN,14063,106050,54275,51.1786893,51775,48.8213107,27855,26.26591231,69196,65.2484677,8991,8.478076379,24079.79712,4.404106873,10.44035832,0.31494578,None,28.43806071,3.005151654,None,Muy bajo,None,None,Muy bajo,0.920080691,-1.015214,-102.7680556,20.35138889,0,0,0,0,0,0
JALISCO,14,OJUELOS DE JALISCO,14064,33588,17330,51.59580803,16258,48.40419197,10713,31.89531976,20344,60.56925092,2530,7.532452066,114422.9359,0.293542547,40.87471716,0.178635227,None,47.63523246,6.258279051,None,Bajo,None,None,Bajo,0.876646975,-0.558481,-101.5933333,21.86416667,0,0,0,0,0,0
JALISCO,14,PIHUAMO,14065,11386,5712,50.1668716,5674,49.8331284,2925,25.68944318,6945,60.99595995,1516,13.31459687,87011.6909,0.130855979,41.43685227,0.254698753,None,42.32277531,4.649786524,None,Bajo,None,None,Bajo,0.881955305,-0.54165,-103.3750375,19.25243917,0,0,0,0,0,0
JALISCO,14,PONCITLAN,14066,53659,27279,50.83769731,26380,49.16230269,17605,32.80903483,32105,59.83152873,3890,7.249482845,82840.46246,0.64773902,38.0010809,0.165862204,None,41.22585393,7.037489398,None,Bajo,None,None,Bajo,0.884621075,-0.693105,-102.9241667,20.38138889,0,0,0,0,0,0
JALISCO,14,PUERTO VALLARTA,14067,291839,145652,49.90833987,146187,50.09166013,72070,24.695123,201344,68.99146447,18347,6.286685467,67456.91787,4.326302019,6.287028122,2.373911643,None,35.42889303,3.289156314,None,Muy bajo,None,None,Muy bajo,0.93572403,-1.155159,-105.2272222,20.61361111,0,0,0,0,0,0
JALISCO,14,VILLA PURIFICACION,14068,11303,5608,49.61514642,5695,50.38485358,3159,27.9483323,6594,58.33849421,1550,13.71317349,183569.261,0.06157349,47.22640007,0.716623905,None,45.60079279,6.322018297,None,Bajo,None,None,Bajo,0.877017158,-0.500468,-104.605,19.71916667,0,0,0,0,0,0
JALISCO,14,QUITUPAN,14069,7734,4057,52.45668477,3677,47.54331523,1859,24.03672097,4598,59.4517714,1277,16.51150763,66979.88517,0.115467502,100,0.090509439,None,55.14786832,11.11009174,None,Medio,None,None,Bajo,0.84886216,-0.374447,-102.8721525,19.92765139,0,0,0,0,0,0
JALISCO,14,EL SALTO,14070,232852,111162,47.73933657,121690,52.26066343,65557,28.15393469,157211,67.51541752,9906,4.254204387,9199.349106,25.31179079,8.062632058,1.176283648,None,40.04141819,5.214219687,None,Muy bajo,None,None,Muy bajo,0.918190849,-0.962645,-103.1816667,20.51944444,0,0,0,0,0,0
JALISCO,14,SAN CRISTOBAL DE LA BARRANCA,14071,2924,1459,49.89740082,1465,50.10259918,841,28.7619699,1732,59.23392613,351,12.00410397,51826.2108,0.056419328,100,4.240766074,None,42.92059639,7.426490985,None,Medio,None,None,Bajo,0.851551651,-0.519897,-103.4291667,21.04444444,0,0,0,0,0,0
JALISCO,14,SAN DIEGO DE ALEJANDRIA,14072,7609,3870,50.86082271,3739,49.13917729,2289,30.08279669,4592,60.34958602,728,9.567617295,34855.76321,0.218299624,20.81745302,0.289131292,None,43.12762476,6.203026998,None,Muy bajo,None,None,Muy bajo,0.899601613,-0.793198,-101.9936111,20.99305556,0,0,0,0,0,0
JALISCO,14,SAN JUAN DE LOS LAGOS,14073,72230,36502,50.53578845,35728,49.46421155,20967,29.02810467,46105,63.83081822,5101,7.062162536,83977.13907,0.860115036,25.87705939,0.163367022,None,36.05960667,2.489349115,None,Muy bajo,None,None,Muy bajo,0.912709836,-0.967635,-102.3327778,21.24777778,0,0,0,0,0,0
JALISCO,14,SAN JULIAN,14074,16792,8741,52.05454979,8051,47.94545021,4588,27.32253454,10554,62.85135779,1650,9.82610767,25960.00865,0.646841079,13.5302525,0.136969986,None,34.52235553,2.328478483,None,Muy bajo,None,None,Muy bajo,0.912781092,-0.951708,-102.1808333,21.00972222,0,0,0,0,0,0
JALISCO,14,SAN MARCOS,14075,3791,1898,50.06594566,1893,49.93405434,1028,27.11685571,2279,60.11606436,484,12.76707993,30286.43964,0.12517153,100,0.3692957,None,44.80951041,5.49549803,None,Muy bajo,None,None,Muy bajo,0.889833825,-0.862545,-104.1975,20.79,0,0,0,0,0,0
JALISCO,14,SAN MARTIN DE BOLAÑOS,14076,3095,1585,51.21163166,1510,48.78836834,937,30.27463651,1765,57.02746365,386,12.47172859,68334.4034,0.045291974,100,7.302100162,None,34.88495868,7.266446281,None,Medio,None,None,Bajo,0.835887386,-0.143902,-103.8141989,21.68355639,0,0,0,0,0,0
JALISCO,14,SAN MARTIN HIDALGO,14077,28102,14301,50.8896164,13801,49.1103836,6908,24.58188029,17421,61.99202904,3773,13.42609067,34017.94124,0.826093496,68.50757953,0.199274073,None,38.06353797,4.776884529,None,Muy bajo,None,None,Muy bajo,0.900715123,-1.042209,-103.9286111,20.435,0,0,0,0,0,0
JALISCO,14,SAN MIGUEL EL ALTO,14078,31965,16416,51.35617081,15549,48.64382919,8847,27.67714688,20133,62.98451431,2985,9.338338808,77996.18815,0.409827721,18.89566714,0.32848428,None,38.19533834,4.556479966,None,Muy bajo,None,None,Muy bajo,0.902299253,-0.869247,-102.3980556,21.03055556,0,0,0,0,0,0
JALISCO,14,GOMEZ FARIAS,14079,16431,8353,50.83683282,8078,49.16316718,4517,27.49071876,10545,64.17746942,1368,8.325725762,35104.02231,0.46806602,10.6749437,1.101576289,None,41.02470969,5.347860774,None,Muy bajo,None,None,Muy bajo,0.897710805,-0.782514,-103.4730556,19.79444444,0,0,0,0,0,0
JALISCO,14,SAN SEBASTIAN DEL OESTE,14080,5086,2451,48.19111286,2635,51.80888714,1292,25.40306724,3051,59.98820291,743,14.60872985,110701.5191,0.045943362,100,0.373574518,None,45.98844852,5.516630153,None,Bajo,None,None,Bajo,0.866576849,-0.561166,-104.8516667,20.76083333,0,0,0,0,0,0
JALISCO,14,SANTA MARIA DE LOS ANGELES,14081,3515,1799,51.18065434,1716,48.81934566,843,23.9829303,2067,58.80512091,605,17.21194879,25812.85952,0.136172438,100,0.199146515,None,54.61563326,6.255069057,None,Bajo,None,None,Bajo,0.863021161,-0.63791,-103.2230556,22.17333333,0,0,0,0,0,0
JALISCO,14,SAYULA,14082,37186,19202,51.63771312,17984,48.36228688,9946,26.74662507,23974,64.47049965,3266,8.782875276,21449.75097,1.733633181,1.94696929,0.946592804,None,37.95754788,2.862357518,None,Muy bajo,None,None,Muy bajo,0.919832198,-1.024692,-103.5972222,19.88361111,0,0,0,0,0,0
JALISCO,14,TALA,14083,87690,44173,50.37404493,43517,49.62595507,24164,27.55616376,57324,65.37119398,6171,7.037290455,44805.77133,1.957113948,27.53335614,2.373132626,None,28.28655735,2.332917031,None,Muy bajo,None,None,Muy bajo,0.916936346,-0.983211,-103.7027778,20.6525,0,0,0,0,0,0
JALISCO,14,TALPA DE ALLENDE,14084,14997,7503,50.030006,7494,49.969994,3966,26.44528906,9242,61.62565847,1789,11.92905248,198093.367,0.075706725,32.5731813,0.413416017,None,46.59732662,4.391143602,None,Muy bajo,None,None,Bajo,0.89389632,-0.695555,-104.8180556,20.38138889,0,0,0,0,0,0
JALISCO,14,TAMAZULA DE GORDIANO,14085,38955,19835,50.91772558,19120,49.08227442,9664,24.80811192,24501,62.89564883,4790,12.29623925,135492.0477,0.287507648,50.93569503,0.415864459,None,31.62427275,2.400953641,None,Muy bajo,None,None,Muy bajo,0.900564521,-0.800524,-103.25,19.67638889,0,0,0,0,0,0
JALISCO,14,TAPALPA,14086,21245,10684,50.28947988,10561,49.71052012,6815,32.07813603,13165,61.96752177,1265,5.954342198,61506.1322,0.345412713,71.96987526,1.012002824,None,46.59391446,7.818600844,None,Muy bajo,None,None,Bajo,0.885757323,-0.674082,-103.7541667,19.94555556,0,0,0,0,0,0
JALISCO,14,TECALITLAN,14087,16705,8449,50.57767136,8256,49.42232864,4297,25.72283747,10360,62.01736007,2048,12.25980245,129409.8615,0.129085989,20.72433403,0.191559413,None,39.38112473,3.327844192,None,Muy bajo,None,None,Bajo,0.891770068,-0.594673,-103.3066667,19.46944444,0,0,0,0,0,0
JALISCO,14,TECOLOTLAN,14088,16603,8372,50.42462206,8231,49.57537794,4280,25.77847377,10166,61.22989821,2157,12.99162802,75929.04302,0.218664681,41.76955972,0.277058363,None,37.64007844,2.029564291,None,Muy bajo,None,None,Muy bajo,0.905868415,-0.951887,-104.045,20.20361111,0,0,0,0,0,0
JALISCO,14,TECHALUTA DE MONTENEGRO,14089,4072,2061,50.61394892,2011,49.38605108,1120,27.50491159,2473,60.73182711,479,11.7632613,7865.864169,0.517679928,100,0.515717092,None,44.10726817,5.762656642,None,Bajo,None,None,Muy bajo,0.875886793,-0.782976,-103.5516667,20.07416667,0,0,0,0,0,0
JALISCO,14,TENAMAXTLAN,14090,7302,3728,51.05450561,3574,48.94549439,1760,24.10298548,4478,61.3256642,1064,14.57135031,27944.65016,0.261302251,100,0.561490003,None,42.05292557,3.124982544,None,Muy bajo,None,None,Muy bajo,0.891803716,-1.039056,-104.1602778,20.21861111,0,0,0,0,0,0
JALISCO,14,TEOCALTICHE,14091,39839,20680,51.90893346,19159,48.09106654,11092,27.84206431,24607,61.76610859,4091,10.26883205,92458.44381,0.43088547,38.3016642,0.291171967,None,41.4504124,2.84077032,None,Muy bajo,None,None,Muy bajo,0.894339526,-0.887725,-102.5702778,21.43444444,0,0,0,0,0,0
JALISCO,14,TEOCUITATLAN DE CORONA,14092,11039,5544,50.22194039,5495,49.77805961,2554,23.13615364,6843,61.98931063,1641,14.86547695,33197.47675,0.332525272,100,0.253646164,None,44.88523336,6.956315121,None,Bajo,None,None,Muy bajo,0.87758423,-0.740623,-103.38,20.09333333,0,0,0,0,0,0
JALISCO,14,TEPATITLAN DE MORELOS,14093,150190,76480,50.92216526,73710,49.07783474,40338,26.85797989,98299,65.44976363,11496,7.654304548,138801.9785,1.082045095,20.15247353,0.249017911,None,28.93430091,2.209154878,None,Muy bajo,None,None,Muy bajo,0.925795067,-1.085521,-102.7572222,20.8175,0,0,0,0,0,0
JALISCO,14,TEQUILA,14094,44353,22462,50.64369941,21891,49.35630059,12765,28.78046581,28328,63.86941131,3257,7.343358961,167759.5997,0.264384274,29.84691002,0.340450477,None,40.55315329,6.373993217,None,Muy bajo,None,None,Muy bajo,0.90769287,-0.994939,-103.8356467,20.87943944,0,0,0,0,0,0
JALISCO,14,TEUCHITLAN,14095,9647,4938,51.18689748,4709,48.81310252,2382,24.69161397,6127,63.51197263,1138,11.79641339,21725.18995,0.44404675,100,0.19695242,None,21.22742226,1.142099119,None,Muy bajo,None,None,Muy bajo,0.897259666,-1.027886,-103.8491667,20.68527778,0,0,0,0,0,0
JALISCO,14,TIZAPAN EL ALTO,14096,22758,11579,50.87881185,11179,49.12118815,6495,28.53941471,13862,60.91044907,2373,10.42710256,19245.17907,1.182529917,28.2713771,0.316372265,None,53.32982144,7.944321456,None,Muy bajo,None,None,Bajo,0.892779341,-0.704221,-103.0391667,20.15861111,0,0,0,0,0,0
JALISCO,14,TLAJOMULCO DE ZUÑIGA,14097,727750,367408,50.48546891,360342,49.51453109,215808,29.65413947,485534,66.71714188,26105,3.587083476,66856.03164,10.8853305,11.66746822,1.243833734,None,34.38584367,3.460344116,None,Muy bajo,None,None,Muy bajo,0.938740291,-1.183862,-103.4430556,20.47361111,0,0,0,0,0,0
JALISCO,14,SAN PEDRO TLAQUEPAQUE,14098,687127,348283,50.68684537,338844,49.31315463,175311,25.51362412,464129,67.54631968,43111,6.274094891,11539.26853,59.546842,1.19657647,1.117115177,None,27.35516559,2.611323731,None,Muy bajo,None,None,Muy bajo,0.940982354,-1.190253,-103.3072222,20.63861111,0,0,0,0,0,0
JALISCO,14,TOLIMAN,14099,11219,5654,50.39664854,5565,49.60335146,3370,30.03832784,6727,59.96078082,1122,10.00089135,50949.33601,0.220199141,100,1.426152063,None,46.14033672,9.304049574,None,Medio,None,None,Bajo,0.846905526,-0.305543,-103.9144444,19.6,0,0,0,0,0,0
JALISCO,14,TOMATLAN,14100,36316,17872,49.21246833,18444,50.78753167,10557,29.06983148,22089,60.82443,3628,9.990087014,299346.5892,0.121317567,72.89899769,2.409406322,None,46.24394994,6.577247362,None,Bajo,None,None,Bajo,0.865620175,-0.432989,-105.2452725,19.941525,0,0,0,0,0,0
JALISCO,14,TONALA,14101,569913,288218,50.57228033,281695,49.42771967,152833,26.81690012,383947,67.36940551,28914,5.073405941,15664.1621,36.38324197,3.428418022,0.521834034,None,37.15755581,4.327539252,None,Muy bajo,None,None,Muy bajo,0.933864445,-1.182097,-103.2455556,20.62333333,0,0,0,0,0,0
JALISCO,14,TONAYA,14102,5961,3063,51.38399597,2898,48.61600403,1373,23.03304815,3726,62.50629089,862,14.46066096,29157.88889,0.204438669,100,0.033551418,None,28.85557273,1.644513138,None,Muy bajo,None,None,Muy bajo,0.887965447,-1.012064,-103.9708333,19.78416667,0,0,0,0,0,0
JALISCO,14,TONILA,14103,7565,3796,50.1784534,3769,49.8215466,1848,24.42828817,4793,63.35756775,924,12.21414408,14502.10959,0.521648244,100,1.01784534,None,29.00122867,1.931331058,None,Muy bajo,None,None,Muy bajo,0.886775744,-0.914865,-103.5494444,19.41083333,0,0,0,0,0,0
JALISCO,14,TOTATICHE,14104,4180,2065,49.40191388,2115,50.59808612,1035,24.76076555,2398,57.36842105,747,17.8708134,58109.73928,0.071932864,100,1.220095694,None,37.16075,2.8595,None,Bajo,None,None,Muy bajo,0.871525411,-0.720268,-103.4436111,21.92861111,0,0,0,0,0,0
JALISCO,14,TOTOTLAN,14105,23573,12011,50.95236075,11562,49.04763925,6595,27.97692275,14723,62.45704832,2209,9.370890425,33379.55491,0.706210735,41.42026895,0.114537819,None,41.3914024,4.205715628,None,Muy bajo,None,None,Muy bajo,0.905233705,-0.834486,-102.7892175,20.54361361,0,0,0,0,0,0
JALISCO,14,TUXCACUESCO,14106,5482,2698,49.21561474,2784,50.78438526,1536,28.01897118,3336,60.85370303,609,11.10908428,42721.42754,0.128319682,100,1.331630792,None,36.55501004,6.123409953,None,Bajo,None,None,Bajo,0.85612133,-0.369871,-103.9835869,19.69721972,0,0,0,0,0,0
JALISCO,14,TUXCUECA,14107,6702,3455,51.55177559,3247,48.44822441,2024,30.19994032,3931,58.65413309,747,11.14592659,13142.6314,0.509943541,100,0.208892868,None,47.80099041,6.782265553,None,Bajo,None,None,Muy bajo,0.880188311,-0.821936,-103.1838889,20.15555556,0,0,0,0,0,0
JALISCO,14,TUXPAN,14108,37518,19166,51.08481262,18352,48.91518738,9956,26.53659577,23844,63.55349432,3714,9.899248361,72114.39166,0.520256763,18.78298417,1.268724346,None,37.78961399,4.98276098,None,Muy bajo,None,None,Muy bajo,0.90776803,-0.854231,-103.3722222,19.55444444,0,0,0,0,0,0
JALISCO,14,UNION DE SAN ANTONIO,14109,19069,9746,51.10913,9323,48.89087,5467,28.66956841,11877,62.28433583,1725,9.046095758,72215.27459,0.26405771,54.1821805,0.047197021,None,34.41912502,3.724586336,None,Bajo,None,None,Bajo,0.873146646,-0.600489,-102.0072222,21.12805556,0,0,0,0,0,0
JALISCO,14,UNION DE TULA,14110,13799,7115,51.56170737,6684,48.43829263,3569,25.86419306,8355,60.54786579,1875,13.58794116,43987.75762,0.313700919,30.94427132,0.434814117,None,37.02988081,4.35184239,None,Muy bajo,None,None,Muy bajo,0.915818147,-1.017756,-104.2644444,19.95444444,0,0,0,0,0,0
JALISCO,14,VALLE DE GUADALUPE,14111,6627,3358,50.6714954,3269,49.3285046,1830,27.61430512,4124,62.23027011,673,10.15542478,34908.86494,0.189837166,100,0,None,25.96306685,1.038491507,None,Muy bajo,None,None,Muy bajo,0.89652005,-0.979512,-102.6177669,21.01059806,0,0,0,0,0,0
JALISCO,14,VALLE DE JUAREZ,14112,6151,3161,51.39001788,2990,48.60998212,1543,25.08535198,3758,61.09575679,850,13.81889124,19391.36922,0.317202975,100,0.260120306,None,44.53541597,4.664049449,None,Bajo,None,None,Muy bajo,0.88141055,-0.797788,-102.9402778,19.93361111,0,0,0,0,0,0
JALISCO,14,SAN GABRIEL,14113,16548,8351,50.46531303,8197,49.53468697,4675,28.25114818,10141,61.28233019,1731,10.46047861,74127.61995,0.223236629,69.12617839,0.906453952,None,39.25031679,5.917459957,None,Bajo,None,None,Bajo,0.881073321,-0.656669,-103.7664581,19.74778278,0,0,0,0,0,0
JALISCO,14,VILLA CORONA,14114,19063,9573,50.21769921,9490,49.78230079,5193,27.24125269,11847,62.14656665,2023,10.61218066,31566.40016,0.603901614,55.48969207,0.241305146,None,41.94492913,2.623647637,None,Muy bajo,None,None,Muy bajo,0.899668424,-0.894107,-103.6613889,20.41638889,0,0,0,0,0,0
JALISCO,14,VILLA GUERRERO,14115,5525,2763,50.00904977,2762,49.99095023,1629,29.4841629,3121,56.48868778,775,14.02714932,66644.77254,0.082902226,100,7.384615385,None,49.40901503,9.996846596,None,Medio,None,None,Bajo,0.831791444,-0.1137,-103.5966667,21.98305556,0,0,0,0,0,0
JALISCO,14,VILLA HIDALGO,14116,20088,10418,51.86180804,9670,48.13819196,5822,28.9824771,12587,62.65929908,1678,8.353245719,44849.89009,0.447894074,22.37156511,0.139386699,None,44.87842974,4.825249906,None,Muy bajo,None,None,Muy bajo,0.90207313,-1.053785,-102.5852778,21.67444444,0,0,0,0,0,0
JALISCO,14,CAÑADAS DE OBREGON,14117,4388,2197,50.06836828,2191,49.93163172,1098,25.02278943,2616,59.61713765,674,15.36007293,26934.19586,0.162915575,100,0.410209663,None,32.35176114,2.265220434,None,Bajo,None,None,Bajo,0.874454713,-0.522863,-102.6852778,21.14861111,0,0,0,0,0,0
JALISCO,14,YAHUALICA DE GONZALEZ GALLO,14118,22394,11681,52.1612932,10713,47.8387068,5419,24.19844601,13894,62.04340448,3081,13.7581495,55818.75128,0.401191347,35.26390998,0.107171564,None,39.62539928,3.202850508,None,Muy bajo,None,None,Muy bajo,0.899689119,-0.817356,-102.8872222,21.1825,0,0,0,0,0,0
JALISCO,14,ZACOALCO DE TORRES,14119,30472,15110,49.58650564,15362,50.41349436,8180,26.84431609,19062,62.55578892,3225,10.58348648,47544.92562,0.640909616,33.2337884,0.29207141,None,49.87081762,7.99812155,None,Muy bajo,None,None,Muy bajo,0.898503611,-0.788164,-103.5652778,20.22861111,0,0,0,0,0,0
JALISCO,14,ZAPOPAN,14120,1476491,755899,51.19563885,720592,48.80436115,328031,22.2169319,998273,67.61118083,113576,7.692292063,114632.4192,12.88022193,3.269508585,1.825612212,None,26.59605832,2.731378218,None,Muy bajo,None,None,Muy bajo,0.950939809,-1.272576,-103.3889878,20.72096194,0,0,0,0,0,0
JALISCO,14,ZAPOTILTIC,14121,33713,17086,50.6807463,16627,49.3192537,8521,25.27511642,21920,65.01942871,3262,9.675792721,25067.11171,1.344909633,19.14098419,1.42971554,None,35.14671747,3.379544423,None,Muy bajo,None,None,Muy bajo,0.915797411,-0.952425,-103.4125,19.62555556,0,0,0,0,0,0
JALISCO,14,ZAPOTITLAN DE VADILLO,14122,7466,3692,49.45084383,3774,50.54915617,2138,28.6364854,4474,59.9249933,854,11.4385213,30392.41929,0.245653363,100,0.535762122,None,47.62010105,9.633073877,None,Medio,None,None,Bajo,0.839940614,-0.134613,-103.8127072,19.54814194,0,0,0,0,0,0
JALISCO,14,ZAPOTLAN DEL REY,14123,19279,9780,50.72877224,9499,49.27122776,5359,27.79708491,12145,62.99600602,1775,9.206909072,39681.06876,0.485848809,100,0.093365838,None,38.61163078,5.278520427,None,Bajo,None,None,Muy bajo,0.871801492,-0.768457,-102.9261111,20.46638889,0,0,0,0,0,0
JALISCO,14,ZAPOTLANEJO,14124,64806,32924,50.80393791,31882,49.19606209,18415,28.4155788,41132,63.46943184,5257,8.111903219,71276.98408,0.909213554,48.64055797,0.222201648,None,38.03127938,4.842000002,None,Muy bajo,None,None,Muy bajo,0.89535917,-0.939527,-103.0641667,20.6225,0,0,0,0,0,0
JALISCO,14,SAN IGNACIO CERRO GORDO,14125,18341,9427,51.39850608,8914,48.60149392,5555,30.28733439,11222,61.1853225,1536,8.374679679,22587.07645,0.812013013,42.63671556,0.507060684,None,39.10846679,4.205910244,None,Muy bajo,None,None,Muy bajo,0.900612482,-0.809672,-102.5361111,20.74305556,0,0,0,0,0,0
MEXICO,15,ACAMBAY DE RUIZ CASTAÑEDA,15001,67872,35255,51.94336398,32617,48.05663602,20184,29.73833098,42380,62.44106554,5303,7.813236681,47220.59694,1.437338882,91.17751061,29.04437765,None,65.6881799,17.14768291,None,Medio,None,None,Medio,0.8263836,0.232584,-99.84403194,19.95622861,0,0,0,0,0,0
MEXICO,15,ACOLMAN,15002,171507,85279,49.72333491,86228,50.27666509,40037,23.34423668,121609,70.90614377,9855,5.74612115,8635.343288,19.86105176,5.251680689,3.041275283,None,54.66399222,9.885891577,None,Muy bajo,None,None,Muy bajo,0.91429568,-1.016887,-98.91190556,19.63550889,0,0,0,0,0,0
MEXICO,15,ACULCO,15003,49266,25177,51.1042098,24089,48.8957902,14158,28.73787196,31552,64.04416839,3556,7.217959648,44997.09883,1.094870587,100,13.83712905,None,48.73573279,5.65385337,None,Medio,None,None,Bajo,0.827398677,0.077221,-99.82799056,20.09938611,0,0,0,0,0,0
MEXICO,15,ALMOLOYA DE ALQUISIRAS,15004,15333,8052,52.51418509,7281,47.48581491,4544,29.63542686,9518,62.07526251,1271,8.289310637,17022.76126,0.900735184,100,0.013043762,None,57.33761426,10.04276351,None,Medio,None,None,Bajo,0.84664991,-0.114168,-99.89380028,18.86723278,0,0,0,0,0,0
MEXICO,15,ALMOLOYA DE JUAREZ,15005,174587,87457,50.09364958,87130,49.90635042,49476,28.33887976,116125,66.51411617,8807,5.044476393,47683.99514,3.661333315,61.81216242,1.489228866,None,65.27921372,18.65851103,None,Bajo,None,None,Bajo,0.861549301,-0.175501,-99.75855194,19.36929306,0,0,0,0,0,0
MEXICO,15,ALMOLOYA DEL RIO,15006,12694,6544,51.55191429,6150,48.44808571,3464,27.28848275,8332,65.63730896,898,7.074208287,911.0101602,13.93398291,14.98345675,1.780368678,None,62.24614167,8.531034951,None,Muy bajo,None,None,Muy bajo,0.908116307,-0.810396,-99.48884167,19.15938639,0,0,0,0,0,0
MEXICO,15,AMANALCO,15007,23675,12141,51.28194298,11534,48.71805702,7392,31.22280887,14804,62.53009504,1479,6.247096093,22107.36856,1.070909907,100,15.12143611,None,68.30221973,16.39896326,None,Medio,None,None,Medio,0.838339728,0.252554,-100.0199819,19.25237694,0,0,0,0,0,0
MEXICO,15,AMATEPEC,15008,25244,12997,51.48550151,12247,48.51449849,7280,28.83853589,14667,58.10093488,3297,13.06052923,63379.32484,0.398300235,100,0.039613373,None,62.49591711,16.07927422,None,Medio,None,None,Bajo,0.826206358,0.052734,-100.1860478,18.68349056,0,0,0,0,0,0
MEXICO,15,AMECAMECA,15009,53441,28001,52.39610037,25440,47.60389963,12961,24.25291443,36069,67.49312326,4403,8.238992534,17552.52417,3.044633324,26.72854176,0.626859527,None,59.74487528,8.834277988,None,Muy bajo,None,None,Muy bajo,0.906180058,-0.845984,-98.76981056,19.128685,0,0,0,0,0,0
MEXICO,15,APAXCO,15010,31898,16265,50.99065772,15633,49.00934228,8292,25.99536021,21322,66.84431626,2273,7.125838611,7512.388357,4.246053117,52.43902439,0.968712772,None,52.73764776,6.259464405,None,Muy bajo,None,None,Muy bajo,0.909166242,-1.008782,-99.17416278,19.97532472,0,0,0,0,0,0
MEXICO,15,ATENCO,15011,75489,38437,50.9173522,37052,49.0826478,19676,26.06472466,51574,68.31988767,4237,5.61273828,8706.997985,8.66992276,24.62875386,4.995429798,None,68.29221363,13.1842188,None,Muy bajo,None,None,Muy bajo,0.892338036,-0.806248,-98.9133475,19.55933917,0,0,0,0,0,0
MEXICO,15,ATIZAPAN,15012,12984,6697,51.5788663,6287,48.4211337,3737,28.78157733,8531,65.70394331,716,5.514479359,849.169245,15.29023817,16.25847197,2.818853974,None,62.78775631,9.961331401,None,Muy bajo,None,None,Bajo,0.895382368,-0.674769,-99.48794194,19.17675778,0,0,0,0,0,0
MEXICO,15,ATIZAPAN DE ZARAGOZA,15013,523674,270245,51.60557904,253429,48.39442096,108453,20.71002188,364996,69.6990876,48829,9.324312454,9228.329035,56.74635116,0.116293725,3.293652158,None,38.30744044,3.882709347,None,Muy bajo,None,None,Muy bajo,0.9402125,-1.305154,-99.23504083,19.54317056,0,0,0,0,0,0
MEXICO,15,ATLACOMULCO,15014,109384,57166,52.26175675,52218,47.73824325,31323,28.63581511,71722,65.56900461,6337,5.793351861,25640.60267,4.266046372,64.16386309,28.37892196,None,56.43802447,9.271256492,None,Bajo,None,None,Bajo,0.880934669,-0.494635,-99.87425389,19.80002861,0,0,0,0,0,0
MEXICO,15,ATLAUTLA,15015,31900,16315,51.14420063,15585,48.85579937,8680,27.21003135,20744,65.02821317,2438,7.642633229,16689.91773,1.911333568,37.43573668,0.507836991,None,75.59530237,17.09037945,None,Bajo,None,None,Bajo,0.869238874,-0.3193,-98.78266639,19.03086083,0,0,0,0,0,0
MEXICO,15,AXAPUSCO,15016,29128,14841,50.95097501,14287,49.04902499,7695,26.4178797,19059,65.43188684,2371,8.139934084,28461.99915,1.023399651,80.8500412,1.520873386,None,62.88760255,6.504590982,None,Bajo,None,None,Muy bajo,0.881835762,-0.729046,-98.75833028,19.72445806,0,0,0,0,0,0
MEXICO,15,AYAPANGO,15017,10053,5243,52.15358599,4810,47.84641401,2623,26.09171392,6720,66.8457177,710,7.062568388,5041.674029,1.993980559,100,0.805729633,None,47.78407452,5.17778892,None,Muy bajo,None,None,Muy bajo,0.888584662,-0.964372,-98.80250556,19.12722139,0,0,0,0,0,0
MEXICO,15,CALIMAYA,15018,68489,35101,51.25056578,33388,48.74943422,17757,25.92679116,46674,68.14816978,3878,5.662223131,10243.42808,6.686140564,52.67853232,0.870212735,None,50.65313936,6.542223668,None,Muy bajo,None,None,Muy bajo,0.914244965,-1.049318,-99.61866528,19.163225,0,0,0,0,0,0
MEXICO,15,CAPULHUAC,15019,36921,19143,51.84854148,17778,48.15145852,9702,26.27772812,24703,66.90772189,2516,6.814549985,2146.277024,17.20234601,13.26074592,0.839630563,None,60.02764104,5.796118449,None,Muy bajo,None,None,Muy bajo,0.920541619,-0.985248,-99.46440833,19.19312333,0,0,0,0,0,0
MEXICO,15,COACALCO DE BERRIOZABAL,15020,293444,152337,51.91348264,141107,48.08651736,57241,19.50661796,210275,71.65762462,25878,8.818718393,3480.999925,84.29876654,0.067815324,1.395155464,None,28.61643265,2.469017905,None,Muy bajo,None,None,Muy bajo,0.954351808,-1.463503,-99.10437722,19.62929889,0,0,0,0,0,0
MEXICO,15,COATEPEC HARINAS,15021,38643,20083,51.9706027,18560,48.0293973,12664,32.77178273,23517,60.85707631,2428,6.28315607,28528.4026,1.354544821,82.03038066,0.279481407,None,50.08416534,5.545111254,None,Medio,None,None,Bajo,0.843443358,-0.00986,-99.76851861,18.92571056,0,0,0,0,0,0
MEXICO,15,COCOTITLAN,15022,15107,7757,51.34705766,7350,48.65294234,3716,24.59786854,10236,67.75666909,1151,7.618984577,1470.018009,10.27674485,31.88588072,3.124379427,None,51.3209171,5.055547517,None,Muy bajo,None,None,Muy bajo,0.903830037,-0.956612,-98.86195194,19.23085556,0,0,0,0,0,0
MEXICO,15,COYOTEPEC,15023,40885,20893,51.1018711,19992,48.8981289,11040,27.00256818,27412,67.04659411,2432,5.948391831,3965.22607,10.31088752,8.421181362,3.199217317,None,54.09846524,7.485167732,None,Muy bajo,None,None,Muy bajo,0.915326172,-0.925627,-99.20798028,19.7755075,0,0,0,0,0,0
MEXICO,15,CUAUTITLAN,15024,178847,91181,50.98268352,87666,49.01731648,39023,21.8192086,130676,73.06580485,9111,5.094298479,4060.327107,44.0474364,15.90074197,1.988291668,None,34.1182412,2.956440808,None,Muy bajo,None,None,Muy bajo,0.946614166,-1.418401,-99.17863028,19.66506139,0,0,0,0,0,0
MEXICO,15,CHALCO,15025,400057,206928,51.72462924,193129,48.27537076,105966,26.4877255,273649,68.40250264,20171,5.042031511,22399.09331,17.86041044,7.836883244,4.684332483,None,58.08022864,11.91081459,None,Muy bajo,None,None,Muy bajo,0.90572702,-0.946757,-98.89565472,19.26113167,0,0,0,0,0,0
MEXICO,15,CHAPA DE MOTA,15026,31737,16213,51.08548382,15524,48.91451618,9337,29.41991997,20237,63.76469105,2163,6.815388978,29025.32812,1.093424332,66.20348489,37.37278256,None,66.96040556,12.87644885,None,Medio,None,None,Bajo,0.852580236,-0.03388,-99.525995,19.81346528,0,0,0,0,0,0
MEXICO,15,CHAPULTEPEC,15027,12772,6607,51.73034764,6165,48.26965236,3344,26.18227372,8691,68.04729095,722,5.652990918,1150.466739,11.10158127,44.25305355,1.54243658,None,42.25787572,3.634682494,None,Muy bajo,None,None,Muy bajo,0.91807901,-1.082111,-99.56187278,19.2011625,0,0,0,0,0,0
MEXICO,15,CHIAUTLA,15028,30045,15377,51.17989682,14668,48.82010318,7389,24.59311033,20550,68.39740389,2100,6.989515726,1993.875954,15.06864052,64.02063571,2.576135796,None,60.54917776,9.967856004,None,Muy bajo,None,None,Muy bajo,0.90303665,-1.010488,-98.88134889,19.54865194,0,0,0,0,0,0
MEXICO,15,CHICOLOAPAN,15029,200750,103555,51.58405978,97195,48.41594022,50130,24.97135741,139971,69.72403487,10608,5.284184309,4104.894659,48.90503087,3.595516812,2.940971357,None,55.61919441,9.635682522,None,Muy bajo,None,None,Muy bajo,0.922962811,-1.212614,-98.90201222,19.41676528,0,0,0,0,0,0
MEXICO,15,CHICONCUAC,15030,27692,14144,51.07612307,13548,48.92387693,7078,25.55972844,18804,67.90408782,1810,6.536183735,679.5588611,40.74996529,6.586739853,5.510616785,None,64.19124642,9.03858455,None,Muy bajo,None,None,Muy bajo,0.914901246,-1.041196,-98.89530694,19.55272222,0,0,0,0,0,0
MEXICO,15,CHIMALHUACAN,15031,705193,360622,51.13805724,344571,48.86194276,192175,27.25140493,477452,67.70515306,35424,5.023305677,5409.655279,130.3582139,0.280490589,8.030567518,None,68.86811441,13.05628896,None,Muy bajo,None,None,Muy bajo,0.905098456,-0.897422,-98.94529917,19.4169075,0,0,0,0,0,0
MEXICO,15,DONATO GUERRA,15032,37436,19045,50.87349076,18391,49.12650924,12748,34.05278342,22670,60.55668341,2014,5.379848274,19055.07801,1.964620663,84.25579656,26.50389999,None,77.83313666,25.28793813,None,Alto,None,None,Medio,0.803427272,0.960216,-100.1441614,19.30853333,0,0,0,0,0,0
MEXICO,15,ECATEPEC DE MORELOS,15033,1645352,846803,51.46637315,798549,48.53362685,359605,21.85580958,1141183,69.3579854,143997,8.751744308,15523.12145,105.9936306,0.105083897,3.931073716,None,43.49445537,5.344214388,None,Muy bajo,None,None,Muy bajo,0.931854559,-1.217934,-99.04915861,19.59906944,0,0,0,0,0,0
MEXICO,15,ECATZINGO,15034,10827,5506,50.85434562,5321,49.14565438,3282,30.31310612,6873,63.48018842,672,6.206705459,5292.295119,2.045804279,23.39521566,0.785074351,None,62.39254056,14.1873192,None,Bajo,None,None,Bajo,0.880771445,-0.210484,-98.75259806,18.958715,0,0,0,0,0,0
MEXICO,15,HUEHUETOCA,15035,163244,83228,50.98380339,80016,49.01619661,46062,28.21665727,111404,68.24385582,5736,3.513758545,11895.76363,13.7228685,18.85214771,4.239665776,None,47.58717839,5.146344284,None,Muy bajo,None,None,Muy bajo,0.926304212,-1.186174,-99.20413806,19.83362167,0,0,0,0,0,0
MEXICO,15,HUEYPOXTLA,15036,46757,23649,50.578523,23108,49.421477,12594,26.93500438,30874,66.03075475,3289,7.034240862,23287.45836,2.007818942,37.08749492,0.879012768,None,67.5106454,9.372168763,None,Muy bajo,None,None,Bajo,0.890829742,-0.707284,-99.07837,19.90703944,0,0,0,0,0,0
MEXICO,15,HUIXQUILUCAN,15037,284965,148499,52.11131192,136466,47.88868808,63390,22.24483709,199155,69.88753005,22354,7.844472128,14007.79195,20.34332042,19.22025512,3.480778341,None,51.31816073,6.900370094,None,Muy bajo,None,None,Muy bajo,0.92696507,-1.232901,-99.35169167,19.36018,0,0,0,0,0,0
MEXICO,15,ISIDRO FABELA,15038,11929,6112,51.23648252,5817,48.76351748,3168,26.55712968,8013,67.17243692,748,6.270433398,7923.75721,1.50547268,100,3.260960684,None,37.26413233,4.216033647,None,Bajo,None,None,Bajo,0.881380462,-0.678086,-99.41738,19.55559139,0,0,0,0,0,0
MEXICO,15,IXTAPALUCA,15039,542211,279128,51.47959005,263083,48.52040995,130642,24.09431015,383177,70.66935197,28089,5.180455579,32220.82695,16.82796661,3.849239503,5.111847602,None,54.18176774,8.183392321,None,Muy bajo,None,None,Muy bajo,0.922693298,-1.147348,-98.88424722,19.31310444,0,0,0,0,0,0
MEXICO,15,IXTAPAN DE LA SAL,15040,36911,19235,52.11183658,17676,47.88816342,10553,28.59039311,23555,63.81566471,2802,7.591232966,11462.58771,3.220128032,47.64162445,0.41180136,None,50.2789803,4.629503906,None,Bajo,None,None,Bajo,0.881987901,-0.447412,-99.67582278,18.84460556,0,0,0,0,0,0
MEXICO,15,IXTAPAN DEL ORO,15041,6475,3260,50.34749035,3215,49.65250965,2098,32.4015444,3862,59.64478764,515,7.953667954,9879.689952,0.655384939,100,6.347490347,None,80.9428839,18.53714107,None,Alto,None,None,Medio,0.815056206,0.478251,-100.2642156,19.26226,0,0,0,0,0,0
MEXICO,15,IXTLAHUACA,15042,160139,83364,52.05727524,76775,47.94272476,44555,27.82270403,105038,65.59176715,10538,6.580533162,33344.06383,4.802623964,55.52738558,37.80777949,None,76.37262102,20.14695054,None,Bajo,None,None,Bajo,0.864478335,-0.07735,-99.76926722,19.56981389,0,0,0,0,0,0
MEXICO,15,XALATLACO,15043,30687,15735,51.27578453,14952,48.72421547,8712,28.38987193,20227,65.91390491,1742,5.676670903,10766.67082,2.850184659,44.20764493,2.183334963,None,64.2478305,12.10938614,None,Muy bajo,None,None,Bajo,0.888687682,-0.59134,-99.41373611,19.18438667,0,0,0,0,0,0
MEXICO,15,JALTENCO,15044,28217,14572,51.64262679,13645,48.35737321,6632,23.50356168,19186,67.99447142,2384,8.448807456,465.8984318,60.56470268,0,1.637310841,None,51.73884909,3.688031005,None,Muy bajo,None,None,Muy bajo,0.935406682,-1.210044,-99.09403139,19.75222111,0,0,0,0,0,0
MEXICO,15,JILOTEPEC,15045,87671,44861,51.16971404,42810,48.83028596,22893,26.11239749,58105,66.27619167,6663,7.600004563,56430.86251,1.553600213,79.59302392,1.299175326,None,49.84181285,7.313942846,None,Bajo,None,None,Bajo,0.862511316,-0.375665,-99.53282861,19.95283444,0,0,0,0,0,0
MEXICO,15,JILOTZINGO,15046,19877,10158,51.10429139,9719,48.89570861,5161,25.9646828,13367,67.24857876,1348,6.781707501,11575.43481,1.717170916,100,2.102933038,None,45.80040056,3.090110236,None,Muy bajo,None,None,Muy bajo,0.885938664,-0.853303,-99.397135,19.53891806,0,0,0,0,0,0
MEXICO,15,JIQUIPILCO,15047,76826,40362,52.53690157,36464,47.46309843,23270,30.289225,48366,62.95524952,5190,6.755525473,27363.03234,2.80765666,85.62335668,19.37625283,None,71.4268467,19.59924387,None,Bajo,None,None,Bajo,0.857423625,-0.028475,-99.60859972,19.55759889,0,0,0,0,0,0
MEXICO,15,JOCOTITLAN,15048,69264,36019,52.00248325,33245,47.99751675,18523,26.74260799,45685,65.95778471,5056,7.2996073,27592.59549,2.510238663,51.93462693,9.133171633,None,54.35335374,7.387848991,None,Bajo,None,None,Bajo,0.884160133,-0.48921,-99.7857975,19.71181778,0,0,0,0,0,0
MEXICO,15,JOQUICINGO,15049,15428,7885,51.10837438,7543,48.89162562,4545,29.45942442,9783,63.41068188,1066,6.909515167,4583.217851,3.366193906,67.30619653,1.283380866,None,69.903835,13.10614415,None,Bajo,None,None,Bajo,0.87085287,-0.30796,-99.53181778,19.04922833,0,0,0,0,0,0
MEXICO,15,JUCHITEPEC,15050,27116,13973,51.53046172,13143,48.46953828,7515,27.71426464,17814,65.69553031,1787,6.590205045,13183.54268,2.056806782,6.815164479,0.545803216,None,70.53983626,7.847214479,None,Muy bajo,None,None,Bajo,0.893255336,-0.527987,-98.88091556,19.10191194,0,0,0,0,0,0
MEXICO,15,LERMA,15051,170327,86359,50.7018852,83968,49.2981148,43777,25.70173842,116034,68.12425511,10333,6.066566076,22950.15981,7.421604094,48.38692632,4.142032678,None,34.84636419,4.002170225,None,Muy bajo,None,None,Muy bajo,0.928677516,-1.057189,-99.51181694,19.28537333,0,0,0,0,0,0
MEXICO,15,MALINALCO,15052,28155,14322,50.86840703,13833,49.13159297,7959,28.26851359,17810,63.25697034,2383,8.463860771,20902.76043,1.346951284,68.31468656,0.461729711,None,66.51483247,17.0210077,None,Bajo,None,None,Bajo,0.85554965,-0.158165,-99.49756528,18.95234167,0,0,0,0,0,0
MEXICO,15,MELCHOR OCAMPO,15053,61220,31313,51.14831754,29907,48.85168246,15708,25.65828161,41739,68.17869977,3766,6.15158445,1392.48156,43.96467555,18.62626593,4.645540673,None,53.45708872,6.187099981,None,Muy bajo,None,None,Muy bajo,0.918303521,-1.119372,-99.14345833,19.71041389,0,0,0,0,0,0
MEXICO,15,METEPEC,15054,242307,126310,52.12808545,115997,47.87191455,50257,20.74104339,169627,70.00499367,22219,9.169772231,6717.526588,36.07086579,7.76494282,0.979336131,None,33.24388208,3.065666049,None,Muy bajo,None,None,Muy bajo,0.946510904,-1.355831,-99.60449167,19.25242,0,0,0,0,0,0
MEXICO,15,MEXICALTZINGO,15055,13807,7054,51.0900268,6753,48.9099732,3565,25.82023611,9334,67.60338958,908,6.576374303,1165.715989,11.84422289,21.38770189,1.274715724,None,53.99719608,5.752225212,None,Muy bajo,None,None,Muy bajo,0.921816753,-1.008261,-99.58685389,19.21110944,0,0,0,0,0,0
MEXICO,15,MORELOS,15056,33164,17194,51.8453745,15970,48.1546255,10092,30.43058738,20352,61.36774816,2714,8.183572549,23410.78919,1.416611791,100,33.69316126,None,72.83296973,17.32857892,None,Alto,None,None,Medio,0.809017636,0.657331,-99.66777028,19.78697833,0,0,0,0,0,0
MEXICO,15,NAUCALPAN DE JUAREZ,15057,834434,431939,51.7643097,402495,48.2356903,174053,20.85880968,575783,69.00282107,84358,10.10960723,15699.71231,53.14963635,5.058518708,5.432305012,None,42.60549037,4.860401094,None,Muy bajo,None,None,Muy bajo,0.931862946,-1.22168,-99.23321806,19.47880278,0,0,0,0,0,0
MEXICO,15,NEZAHUALCOYOTL,15058,1077208,557286,51.7342983,519922,48.2657017,216244,20.07448886,746322,69.28299827,114432,10.62301802,6289.962898,171.2582439,0.420717262,2.998770897,None,46.4596329,5.141914898,None,Muy bajo,None,None,Muy bajo,0.930363226,-1.231234,-99.0182,19.40876333,0,0,0,0,0,0
MEXICO,15,NEXTLALPAN,15059,57082,29094,50.96878175,27988,49.03121825,16559,29.00914474,38107,66.75834764,2402,4.2079815,5434.187188,10.50423882,24.46305315,3.897901265,None,54.10221226,6.321718148,None,Muy bajo,None,None,Muy bajo,0.91383788,-1.09511,-99.0803375,19.73986639,0,0,0,0,0,0
MEXICO,15,NICOLAS ROMERO,15060,430601,220827,51.28343873,209774,48.71656127,105196,24.4300408,298811,69.3939401,26523,6.159530517,23107.06321,18.63503796,11.29978797,6.147454372,None,51.39553466,7.994671616,None,Muy bajo,None,None,Muy bajo,0.917651644,-1.055037,-99.31589806,19.625715,0,0,0,0,0,0
MEXICO,15,NOPALTEPEC,15061,10351,5261,50.82600715,5090,49.17399285,2640,25.50478215,6803,65.72311854,908,8.772099314,8206.94307,1.261249154,100,0.656941358,None,60.24494845,2.400704941,None,Muy bajo,None,None,Muy bajo,0.889967326,-0.757059,-98.70954417,19.77879833,0,0,0,0,0,0
MEXICO,15,OCOYOACAC,15062,72103,36882,51.15182447,35221,48.84817553,17807,24.69661457,49324,68.40769455,4970,6.892917077,13795.55431,5.22653881,30.83505541,4.748762187,None,49.15197328,7.542248217,None,Muy bajo,None,None,Muy bajo,0.919115856,-1.054562,-99.45569528,19.26928083,0,0,0,0,0,0
MEXICO,15,OCUILAN,15063,36223,18578,51.28785578,17645,48.71214422,11173,30.8450432,22728,62.74466499,2319,6.402009773,38402.7258,0.943240336,100,10.84117826,None,64.55248114,12.08287398,None,Bajo,None,None,Bajo,0.855253787,-0.239844,-99.41694417,18.97909194,0,0,0,0,0,0
MEXICO,15,EL ORO,15064,36937,19019,51.4903755,17918,48.5096245,10574,28.62712186,23631,63.97650053,2732,7.396377616,14613.49147,2.527595823,83.83734467,27.98819612,None,61.118311,11.7989578,None,Bajo,None,None,Bajo,0.858925011,-0.175375,-100.1306647,19.80214306,0,0,0,0,0,0
MEXICO,15,OTUMBA,15065,36331,18134,49.91329718,18197,50.08670282,9251,25.46310314,24369,67.07494977,2711,7.461947098,14100.84261,2.576512695,57.90371859,0.944097327,None,63.16039271,7.390351222,None,Muy bajo,None,None,Muy bajo,0.892377439,-0.859412,-98.75769417,19.69985361,0,0,0,0,0,0
MEXICO,15,OTZOLOAPAN,15066,4891,2494,50.99161726,2397,49.00838274,1590,32.50868943,2859,58.45430382,442,9.037006747,15625.22304,0.313019532,100,0.102228583,None,64.93336145,8.278785323,None,Medio,None,None,Bajo,0.845913167,-0.329547,-100.2977117,19.11740833,0,0,0,0,0,0
MEXICO,15,OTZOLOTEPEC,15067,88783,45336,51.06382979,43447,48.93617021,24499,27.59424665,59632,67.16601151,4625,5.209330615,11168.11433,7.949685809,65.91915119,14.65257989,None,61.74883795,12.37214438,None,Muy bajo,None,None,Bajo,0.887921574,-0.611617,-99.55858944,19.41620639,0,0,0,0,0,0
MEXICO,15,OZUMBA,15068,30785,16033,52.08055871,14752,47.91944129,8275,26.87997401,20228,65.707325,2277,7.396459315,4715.388296,6.528624594,39.64593146,0.730875426,None,65.88869486,12.64287127,None,Bajo,None,None,Bajo,0.878216649,-0.573797,-98.79538944,19.03917694,0,0,0,0,0,0
MEXICO,15,PAPALOTLA,15069,4862,2524,51.91279309,2338,48.08720691,1176,24.18757713,3327,68.42863019,359,7.383792678,314.2168021,15.47339279,100,1.624845742,None,48.23449612,4.453703704,None,Muy bajo,None,None,Muy bajo,0.90523004,-1.182342,-98.85820917,19.5633775,0,0,0,0,0,0
MEXICO,15,LA PAZ,15070,304088,155886,51.26345005,148202,48.73654995,78613,25.85205598,207136,68.11712399,18271,6.008458078,3725.446552,81.62457728,2.505853569,8.843163821,None,62.65206994,13.6498265,None,Muy bajo,None,None,Muy bajo,0.899404536,-0.886248,-98.97660167,19.35838694,0,0,0,0,0,0
MEXICO,15,POLOTITLAN,15071,14985,7656,51.09109109,7329,48.90890891,4019,26.82015349,9648,64.38438438,1318,8.795462129,12572.92521,1.191846746,100,0.653987321,None,47.09061711,4.068577211,None,Bajo,None,None,Muy bajo,0.877272826,-0.722621,-99.814745,20.22380944,0,0,0,0,0,0
MEXICO,15,RAYON,15072,15972,8223,51.48384673,7749,48.51615327,4240,26.5464563,10743,67.26145755,989,6.192086151,2287.010661,6.983789045,40.27047333,1.014274981,None,48.4765953,2.675651956,None,Muy bajo,None,None,Muy bajo,0.91238895,-0.910729,-99.58173917,19.14801056,0,0,0,0,0,0
MEXICO,15,SAN ANTONIO LA ISLA,15073,31962,16541,51.7520806,15421,48.2479194,8653,27.07277392,21914,68.56266817,1389,4.34578562,2516.890283,12.69900409,6.348163444,1.192040548,None,44.88425485,3.998004486,None,Muy bajo,None,None,Muy bajo,0.935122288,-1.18234,-99.56933583,19.16409944,0,0,0,0,0,0
MEXICO,15,SAN FELIPE DEL PROGRESO,15074,144924,75596,52.16251277,69328,47.83748723,47372,32.68747757,89711,61.90210041,7837,5.407661947,36633.11042,3.956093227,78.82338329,58.96469874,None,75.36297449,26.95607939,None,Alto,None,None,Medio,0.818300479,0.899887,-99.95329444,19.71392417,0,0,0,0,0,0
MEXICO,15,SAN MARTIN DE LAS PIRAMIDES,15075,29182,14914,51.10684669,14268,48.89315331,7068,24.22040984,19889,68.15502707,2218,7.600575697,6948.542738,4.199729512,51.05544514,2.518675896,None,48.59631032,3.673076596,None,Muy bajo,None,None,Muy bajo,0.903681298,-0.949243,-98.83452444,19.70484333,0,0,0,0,0,0
MEXICO,15,SAN MATEO ATENCO,15076,97418,49937,51.26054733,47481,48.73945267,25639,26.31854483,65943,67.69077583,5566,5.713523168,2086.976836,46.67900396,1.029583855,1.160976411,None,53.94542407,9.97110023,None,Muy bajo,None,None,Muy bajo,0.923264436,-1.016994,-99.52972222,19.26416667,0,0,0,0,0,0
MEXICO,15,SAN SIMON DE GUERRERO,15077,6692,3439,51.38971907,3253,48.61028093,2060,30.78302451,4058,60.63956964,574,8.577405858,13016.20592,0.514128314,100,0.537955768,None,61.13679534,11.36029412,None,Medio,None,None,Bajo,0.84329561,-0.16127,-100.0072781,19.02308889,0,0,0,0,0,0
MEXICO,15,SANTO TOMAS,15078,9729,4893,50.29293864,4836,49.70706136,2907,29.87974098,6053,62.21605509,767,7.883646829,10349.79226,0.940018868,100,0.133621133,None,55.04558557,8.225258888,None,Bajo,None,None,Bajo,0.860684966,-0.453717,-100.2597811,19.18297222,0,0,0,0,0,0
MEXICO,15,SOYANIQUILPAN DE JUAREZ,15079,14323,7220,50.40843399,7103,49.59156601,3886,27.1311876,9317,65.04922153,1117,7.798645535,14552.67711,0.984217535,60.16197724,0.509669762,None,50.30568643,5.806557233,None,Bajo,None,None,Bajo,0.872260521,-0.515633,-99.52789611,20.01389111,0,0,0,0,0,0
MEXICO,15,SULTEPEC,15080,24145,12707,52.62787327,11438,47.37212673,7750,32.0977428,14078,58.30606751,2317,9.596189687,56389.21166,0.428184741,100,1.756057155,None,66.11499188,14.6608616,None,Alto,None,None,Medio,0.808594073,0.527459,-99.96642972,18.85854583,0,0,0,0,0,0
MEXICO,15,TECAMAC,15081,547503,281983,51.50346208,265520,48.49653792,131070,23.93959485,387413,70.75997757,28897,5.277961947,15584.92944,35.13028417,2.02537703,2.416607763,None,40.22768586,4.154401261,None,Muy bajo,None,None,Muy bajo,0.941341691,-1.375786,-98.9671425,19.71020722,0,0,0,0,0,0
MEXICO,15,TEJUPILCO,15082,79282,41274,52.05973613,38008,47.94026387,25316,31.93158598,47650,60.10191468,6316,7.966499332,66548.57031,1.191340394,60.94069272,0.254786711,None,59.75288694,13.09583656,None,Medio,None,None,Bajo,0.846085611,-0.219724,-100.1534028,18.90569639,0,0,0,0,0,0
MEXICO,15,TEMAMATLA,15083,14130,7202,50.96956829,6928,49.03043171,3976,28.13871196,9365,66.27742392,778,5.50601557,2908.544228,4.858100442,54.96107573,4.83368719,None,46.55628702,5.97492515,None,Muy bajo,None,None,Muy bajo,0.891940804,-0.767961,-98.86990222,19.20274056,0,0,0,0,0,0
MEXICO,15,TEMASCALAPA,15084,43593,22219,50.9691923,21374,49.0308077,11678,26.78870461,28766,65.98765857,3136,7.193815521,16350.54523,2.666149623,53.3090175,2.172367123,None,61.96823245,9.454829356,None,Muy bajo,None,None,Muy bajo,0.890442078,-0.800272,-98.90083222,19.82785778,0,0,0,0,0,0
MEXICO,15,TEMASCALCINGO,15085,66414,34517,51.97247568,31897,48.02752432,18912,28.47592375,41995,63.23214985,5501,8.282892161,35376.14044,1.877367038,60.46315536,29.99969886,None,67.88363986,20.80316649,None,Bajo,None,None,Bajo,0.856463802,-0.137204,-100.0040806,19.91591139,0,0,0,0,0,0
MEXICO,15,TEMASCALTEPEC,15086,35014,17825,50.90820815,17189,49.09179185,11123,31.76729308,21395,61.10412978,2496,7.128577141,56547.4347,0.619196966,100,10.15308162,None,62.44467378,13.40414501,None,Medio,None,None,Medio,0.828499397,0.205933,-100.0413594,19.04307472,0,0,0,0,0,0
MEXICO,15,TEMOAYA,15087,105766,54234,51.27734811,51532,48.72265189,32162,30.40863794,68341,64.61528279,5247,4.960951535,18699.35205,5.656131812,70.07923151,50.73274965,None,61.97231559,18.13321768,None,Bajo,None,None,Bajo,0.87110176,-0.18131,-99.59490611,19.47001389,0,0,0,0,0,0
MEXICO,15,TENoneCINGO,15088,104677,53450,51.06183784,51227,48.93816216,29697,28.37012906,67918,64.88340323,7029,6.714942155,16388.21739,6.387332893,74.50824919,0.439447061,None,62.7421385,13.39149077,None,Bajo,None,None,Bajo,0.881731077,-0.65363,-99.59384167,18.96183028,0,0,0,0,0,0
MEXICO,15,TENoneGO DEL AIRE,15089,11359,5807,51.12245796,5552,48.87754204,2925,25.75050621,7584,66.76644071,850,7.483053086,3776.288216,3.007980151,43.42811867,1.584646536,None,58.51530259,5.338829836,None,Muy bajo,None,None,Muy bajo,0.902559011,-0.9236,-98.86129556,19.15700333,0,0,0,0,0,0
MEXICO,15,TENoneGO DEL VALLE,15090,90518,46028,50.84955478,44490,49.15044522,25699,28.39103825,59107,65.29861464,5708,6.305928103,20749.0333,4.362516494,29.16105084,1.105857399,None,67.49004751,14.23203188,None,Muy bajo,None,None,Bajo,0.887958405,-0.529853,-99.591575,19.10376083,0,0,0,0,0,0
MEXICO,15,TEOLOYUCAN,15091,65459,33520,51.20762615,31939,48.79237385,17125,26.16141401,43923,67.1000168,4387,6.701905009,3084.317553,21.22317137,10.03376159,1.107563513,None,52.23692823,5.445775131,None,Muy bajo,None,None,Muy bajo,0.922149762,-1.012769,-99.183065,19.74546556,0,0,0,0,0,0
MEXICO,15,TEOTIHUACAN,15092,58507,30312,51.80918523,28195,48.19081477,14316,24.46886697,39776,67.98502743,4408,7.534141214,8266.329241,7.077748574,37.85359017,3.821764917,None,54.70451223,5.904670385,None,Muy bajo,None,None,Muy bajo,0.912311754,-1.093884,-98.86862778,19.68547944,0,0,0,0,0,0
MEXICO,15,TEPETLAOXTOC,15093,32564,16658,51.15464931,15906,48.84535069,8496,26.09016091,21739,66.75776932,2322,7.13057364,17781.26452,1.831365816,59.2310527,2.232526717,None,56.25540076,5.55311652,None,Muy bajo,None,None,Muy bajo,0.895131932,-0.907368,-98.81971861,19.57336528,0,0,0,0,0,0
MEXICO,15,TEPETLIXPA,15094,20500,10554,51.48292683,9946,48.51707317,5378,26.23414634,13550,66.09756098,1569,7.653658537,4291.976033,4.776354724,27.10243902,0.882926829,None,64.1953789,11.9333457,None,Bajo,None,None,Bajo,0.881838457,-0.497324,-98.81970806,19.029515,0,0,0,0,0,0
MEXICO,15,TEPOTZOTLAN,15095,103696,52988,51.09936738,50708,48.90063262,25016,24.12436352,71521,68.97180219,7153,6.898048141,20577.01861,5.039408379,24.69622743,2.821709613,None,46.32414097,6.05233195,None,Muy bajo,None,None,Muy bajo,0.910659069,-1.028496,-99.22351444,19.71377806,0,0,0,0,0,0
MEXICO,15,TEQUIXQUIAC,15096,39489,20160,51.05219175,19329,48.94780825,9920,25.12091975,26866,68.03413609,2703,6.844944162,12162.3301,3.2468285,15.98673048,1.321887108,None,61.83649585,6.303458901,None,Muy bajo,None,None,Muy bajo,0.917399786,-0.971587,-99.14891306,19.91027667,0,0,0,0,0,0
MEXICO,15,TEXCALTITLAN,15097,18482,9537,51.60155827,8945,48.39844173,6077,32.88064062,11086,59.98268586,1319,7.13667352,14853.90582,1.244251864,100,0.227248133,None,56.58844627,10.03985517,None,Medio,None,None,Bajo,0.838420155,-0.050802,-99.93927667,18.93038944,0,0,0,0,0,0
MEXICO,15,TEXCALYACAC,15098,5736,2915,50.81938633,2821,49.18061367,1499,26.13319386,3856,67.22454672,381,6.642259414,2460.504032,2.331229669,11.0181311,2.719665272,None,53.83258245,3.378987205,None,Muy bajo,None,None,Muy bajo,0.917648385,-0.879334,-99.50306917,19.1322275,0,0,0,0,0,0
MEXICO,15,TEXCOCO,15099,277562,142622,51.38383496,134940,48.61616504,64717,23.31623205,191559,69.01485074,21235,7.650542942,42557.51859,6.522043794,42.62651227,5.295033182,None,56.41421467,9.800499222,None,Muy bajo,None,None,Muy bajo,0.903086296,-1.010396,-98.88148444,19.51343972,0,0,0,0,0,0
MEXICO,15,TEZOYUCA,15100,47044,23807,50.60581583,23237,49.39418417,11955,25.4123799,32418,68.90995664,2647,5.626647394,1619.511298,29.0482691,5.875350735,6.462035541,None,63.50269707,10.34271623,None,Bajo,None,None,Bajo,0.874679856,-0.61818,-98.90850361,19.5903125,0,0,0,0,0,0
MEXICO,15,TIANGUISTENCO,15101,84259,43412,51.5220926,40847,48.4779074,23096,27.4107217,55845,66.27778635,5282,6.268766541,13109.96557,6.427095445,43.90747576,3.054866542,None,60.43600565,12.51513903,None,Muy bajo,None,None,Bajo,0.892942829,-0.6542,-99.46743889,19.18121417,0,0,0,0,0,0
MEXICO,15,TIMILPAN,15102,16414,8553,52.10795662,7861,47.89204338,4259,25.94736201,10638,64.8105276,1516,9.236018033,16559.11696,0.991236431,100,12.85487998,None,45.22155026,4.080429586,None,Bajo,None,None,Bajo,0.870256066,-0.554741,-99.73377889,19.87616917,0,0,0,0,0,0
MEXICO,15,TLALMANALCO,15103,49196,25622,52.08147004,23574,47.91852996,11401,23.17464835,33405,67.90186194,4387,8.917391658,15932.87965,3.087702982,25.04471908,0.717538011,None,51.52475482,6.533225255,None,Muy bajo,None,None,Muy bajo,0.924279665,-1.143319,-98.80255361,19.20590333,0,0,0,0,0,0
MEXICO,15,TLALNEPANTLA DE BAZ,15104,672202,345185,51.3513795,327017,48.6486205,125833,18.71952181,468570,69.70672506,76655,11.40356619,7986.059815,84.17192152,0.039422674,3.076604949,None,36.690661,3.919514907,None,Muy bajo,None,None,Muy bajo,0.939983365,-1.270055,-99.19519833,19.53852333,0,0,0,0,0,0
MEXICO,15,TLATLAYA,15105,31762,16136,50.80284617,15626,49.19715383,9344,29.41880234,18445,58.07253951,3973,12.50865814,78588.71692,0.404154709,100,0.223537561,None,60.84751741,15.62687803,None,Alto,None,None,Bajo,0.81722402,0.097939,-100.2078311,18.61784167,0,0,0,0,0,0
MEXICO,15,TOLUCA,15106,910608,471435,51.7714538,439173,48.2285462,217759,23.91358301,628235,68.99071829,63771,7.003123188,42377.66917,21.48792083,11.51417514,7.553744311,None,51.83943986,10.84035735,None,Muy bajo,None,None,Muy bajo,0.928304494,-1.055367,-99.65731667,19.29348806,0,0,0,0,0,0
MEXICO,15,TONATICO,15107,12912,6677,51.71158612,6235,48.28841388,3265,25.28655514,8257,63.94826518,1390,10.76517968,8978.066083,1.438171637,45.62422553,0.596344486,None,49.05305167,3.791062899,None,Muy bajo,None,None,Muy bajo,0.893854403,-0.769349,-99.670935,18.80201944,0,0,0,0,0,0
MEXICO,15,TULTEPEC,15108,157645,80513,51.07234609,77132,48.92765391,38208,24.23673443,110627,70.17475974,8692,5.513654096,2659.763901,59.27029837,4.298265089,2.522756827,None,43.22153669,5.079349329,None,Muy bajo,None,None,Muy bajo,0.935096579,-1.282163,-99.12860528,19.68554806,0,0,0,0,0,0
MEXICO,15,TULTITLAN,15109,516341,264703,51.26515229,251638,48.73484771,114503,22.17584891,363205,70.34208014,38303,7.418159705,6562.043362,78.68600854,1.724441793,2.624815771,None,42.21797747,5.050723424,None,Muy bajo,None,None,Muy bajo,0.939316779,-1.277346,-99.169195,19.64751333,0,0,0,0,0,0
MEXICO,15,VALLE DE BRAVO,15110,61590,31514,51.1673973,30076,48.8326027,17040,27.66682903,40477,65.72008443,4073,6.61308654,39875.89576,1.544542106,51.98084105,1.397954213,None,59.95614383,9.500790124,None,Muy bajo,None,None,Muy bajo,0.889577837,-0.726684,-100.1316069,19.19439472,0,0,0,0,0,0
MEXICO,15,VILLA DE ALLENDE,15111,53275,27381,51.39558893,25894,48.60441107,17284,32.44298451,33042,62.02158611,2949,5.535429376,30777.71837,1.73096002,100,13.22946973,None,73.75552574,19.4867795,None,Alto,None,None,Medio,0.822507059,0.642086,-100.1493561,19.37341667,0,0,0,0,0,0
MEXICO,15,VILLA DEL CARBON,15112,51498,25931,50.35341178,25567,49.64658822,15282,29.67493883,32910,63.90539438,3298,6.404132199,30142.07885,1.708508569,81.36238301,6.14392792,None,64.73937115,13.61124916,None,Medio,None,None,Medio,0.839418417,0.141563,-99.46307972,19.72758833,0,0,0,0,0,0
MEXICO,15,VILLA GUERRERO,15113,69086,35227,50.99007035,33859,49.00992965,22135,32.03977651,43112,62.40338129,3839,5.556842197,22825.37907,3.026718627,85.03893698,0.191066207,None,66.61471586,13.96467372,None,Medio,None,None,Bajo,0.849061012,-0.074316,-99.64199972,18.96170861,0,0,0,0,0,0
MEXICO,15,VILLA VICTORIA,15114,108196,55057,50.88635439,53139,49.11364561,36461,33.69902769,66341,61.31557544,5380,4.972457392,42230.7846,2.562017283,100,17.7428001,None,71.86303992,23.70606675,None,Alto,None,None,Alto,0.789530741,1.054294,-99.99505028,19.44187556,0,0,0,0,0,0
MEXICO,15,XONACATLAN,15115,54633,27875,51.02227591,26758,48.97772409,14689,26.88668021,36639,67.0638625,3294,6.029322937,5319.65741,10.27002226,27.28570644,4.526568191,None,60.74357718,10.16155407,None,Muy bajo,None,None,Muy bajo,0.910417869,-0.874135,-99.53039583,19.40441917,0,0,0,0,0,0
MEXICO,15,ZACAZONAPAN,15116,5109,2533,49.57917401,2576,50.42082599,1651,32.31552163,3092,60.52064983,366,7.163828538,6636.826337,0.769795643,100,0.234879624,None,56.68937876,6.285370742,None,Bajo,None,None,Bajo,0.869365004,-0.553528,-100.2561158,19.07445722,0,0,0,0,0,0
MEXICO,15,ZACUALPAN,15117,13522,7066,52.25558349,6456,47.74441651,4082,30.18784204,8103,59.92456737,1337,9.887590593,29097.63229,0.464711351,100,0.022186067,None,65.21886179,14.82016833,None,Alto,None,None,Medio,0.778124281,0.723989,-99.77562167,18.71867028,0,0,0,0,0,0
MEXICO,15,ZINACANTEPEC,15118,203872,104366,51.19192434,99506,48.80807566,54315,26.64171637,138333,67.85286847,11046,5.418105478,30805.75262,6.617984716,24.52175875,1.209582483,None,52.45874764,9.729370733,None,Muy bajo,None,None,Muy bajo,0.913350659,-0.795792,-99.7350375,19.28490639,0,0,0,0,0,0
MEXICO,15,ZUMPAHUACAN,15119,18833,9745,51.74427866,9088,48.25572134,6158,32.69792386,11291,59.95327351,1383,7.343492805,20150.9822,0.934594642,100,0.49381405,None,77.57747401,22.30726803,None,Alto,None,None,Medio,0.817546414,0.334047,-99.58559556,18.84092778,0,0,0,0,0,0
MEXICO,15,ZUMPANGO,15120,280455,143484,51.16114885,136971,48.83885115,77649,27.68679467,189444,67.54880462,13307,4.744789717,22214.24025,12.62500976,23.43869783,3.172701503,None,58.53941833,7.84391503,None,Muy bajo,None,None,Muy bajo,0.916698944,-1.110164,-99.10063389,19.79712306,0,0,0,0,0,0
MEXICO,15,CUAUTITLAN IZCALLI,15121,555163,286207,51.55368784,268956,48.44631216,112992,20.35294139,391024,70.43408873,50945,9.176584174,10937.11275,50.75955718,2.292840121,2.042823459,None,31.52533402,3.660395822,None,Muy bajo,None,None,Muy bajo,0.949428422,-1.377332,-99.20928611,19.65699556,0,0,0,0,0,0
MEXICO,15,VALLE DE CHALCO SOLIDARIDAD,15122,391731,201057,51.32527168,190674,48.67472832,104469,26.66855572,263804,67.3431513,23328,5.955106948,4641.07124,84.40529777,0.211880091,7.523019623,None,66.27948098,13.06340714,None,Muy bajo,None,None,Muy bajo,0.905726397,-0.914528,-98.94344861,19.278765,0,0,0,0,0,0
MEXICO,15,LUVIANOS,15123,28822,14735,51.12414128,14087,48.87585872,9413,32.65907987,16541,57.39018805,2868,9.95073208,69971.30466,0.411911714,69.80084658,0.228991742,None,74.88704754,22.62778964,None,Alto,None,None,Medio,0.805560463,0.239679,-100.2994464,18.92048222,0,0,0,0,0,0
MEXICO,15,SAN JOSE DEL RINCON,15124,100082,51049,51.00717412,49033,48.99282588,34662,34.63360045,60219,60.16966088,5199,5.194740313,47551.06321,2.104726861,100,29.11012969,None,77.04931638,24.85153172,None,Alto,None,None,Alto,0.803500748,1.154552,-100.1519447,19.66104306,0,0,0,0,0,0
MEXICO,15,TONoneITLA,15125,14883,7630,51.26654572,7253,48.73345428,3973,26.69488678,10125,68.03063898,785,5.274474232,898.162506,16.57049799,53.53759323,4.132231405,None,52.80152849,9.014799827,None,Muy bajo,None,None,Muy bajo,0.908722943,-1.143247,-99.05436167,19.68816167,0,0,0,0,0,0
MICHOACAN,16,ACUITZIO,16001,11301,5808,51.39368198,5493,48.60631802,3123,27.63472259,7062,62.49004513,1115,9.866383506,17527.80604,0.644746979,34.17396691,0.584019113,None,55.515503,10.53210759,None,Bajo,None,None,Bajo,0.869378979,-0.47751,-101.3328514,19.49625194,0,0,0,0,0,0
MICHOACAN,16,AGUILILLA,16002,14754,7419,50.28466856,7335,49.71533144,4463,30.24942389,8256,55.95770638,1688,11.44096516,139114.7582,0.106056325,42.3546157,1.057340382,None,62.77048862,14.14799626,None,Medio,None,None,Bajo,0.852373767,-0.062369,-102.7883797,18.73423139,0,0,0,0,0,0
MICHOACAN,16,ALVARO OBREGON,16003,23000,11776,51.2,11224,48.8,6620,28.7826087,14119,61.38695652,2244,9.756521739,15842.41097,1.451799227,58.63913043,0.230434783,None,62.07363181,12.1892923,None,Bajo,None,None,Bajo,0.878696877,-0.651338,-101.038485,19.82630583,0,0,0,0,0,0
MICHOACAN,16,ANGAMACUTIRO,16004,14943,7748,51.85036472,7195,48.14963528,3789,25.35635415,9152,61.24606839,2002,13.39757746,23850.77899,0.626520417,66.24506458,0.187378706,None,46.37612898,6.175409946,None,Bajo,None,None,Bajo,0.867047235,-0.398368,-101.7083108,20.14965444,0,0,0,0,0,0
MICHOACAN,16,ANGANGUEO,16005,10892,5618,51.57914065,5274,48.42085935,3317,30.45354389,6600,60.59493206,975,8.951524054,7635.41494,1.426510555,100,0.238707308,None,61.353493,13.50310976,None,Bajo,None,None,Bajo,0.856800849,-0.233614,-100.2855114,19.61983306,0,0,0,0,0,0
MICHOACAN,16,APATZINGAN,16006,126191,64038,50.74688369,62153,49.25311631,37128,29.42206655,79530,63.02351198,9516,7.54094983,163281.0284,0.772845451,18.88328011,1.569050091,None,41.32522902,6.221152475,None,Bajo,None,None,Bajo,0.880389115,-0.486702,-102.3552644,19.08722722,0,0,0,0,0,0
MICHOACAN,16,APORO,16007,3529,1862,52.76282233,1667,47.23717767,1039,29.44176821,2178,61.71720034,312,8.841031454,5804.279071,0.607999711,100,0.141683196,None,55.86959014,10.21897392,None,Medio,None,None,Bajo,0.847748516,-0.326063,-100.4111278,19.67083611,0,0,0,0,0,0
MICHOACAN,16,AQUILA,16008,24676,12247,49.63122062,12429,50.36877938,8678,35.16777436,13937,56.47998055,2047,8.295509807,225543.3992,0.109406882,100,44.14005511,None,48.82451622,16.17530721,None,Muy alto,None,None,Alto,0.717210037,1.528749,-103.5047542,18.59913861,0,0,0,0,0,0
MICHOACAN,16,ARIO,16009,36268,18436,50.83268997,17832,49.16731003,10759,29.66526966,22187,61.17514062,3080,8.492334841,69160.96812,0.524399831,50.10201831,0.416344987,None,45.72731715,6.961563358,None,Bajo,None,None,Bajo,0.878700537,-0.531118,-101.7093939,19.20780722,0,0,0,0,0,0
MICHOACAN,16,ARTEAGA,16010,20332,10274,50.53118237,10058,49.46881763,5831,28.67892977,12372,60.8498918,2117,10.41215817,342447.7861,0.059372555,45.67184733,0.177060791,None,46.93744078,8.592852306,None,Medio,None,None,Bajo,0.850397897,-0.086817,-102.2900625,18.35569389,0,0,0,0,0,0
MICHOACAN,16,BRISEÑAS,16011,11681,6011,51.45963531,5670,48.54036469,3301,28.25956682,7177,61.44165739,1203,10.29877579,6718.124993,1.738729186,100,0.162657307,None,44.99106652,4.858954371,None,Bajo,None,None,Muy bajo,0.878496298,-0.734971,-102.5610575,20.27123417,0,0,0,0,0,0
MICHOACAN,16,BUENAVISTA,16012,45538,22531,49.47735957,23007,50.52264043,13789,30.28020554,28286,62.11515657,3461,7.600245948,91751.6803,0.496317886,50.57095173,4.145987966,None,51.90216475,5.592991675,None,Medio,None,None,Bajo,0.854542671,-0.189167,-102.5878908,19.21173528,0,0,0,0,0,0
MICHOACAN,16,CARACUARO,16013,9176,4565,49.74934612,4611,50.25065388,3033,33.05361813,5115,55.74324324,1028,11.20313862,91378.69282,0.100417282,100,0.163469922,None,62.57990919,11.98388195,None,Alto,None,None,Bajo,0.815593392,0.069319,-101.1269908,19.01730833,0,0,0,0,0,0
MICHOACAN,16,COAHUAYANA,16014,17022,8298,48.74867818,8724,51.25132182,5137,30.17859241,10366,60.89766185,1519,8.923745741,36402.63216,0.467603549,65.4212196,2.17365762,None,47.44563024,7.682568957,None,Bajo,None,None,Bajo,0.868932178,-0.354501,-103.6629314,18.70247444,0,0,0,0,0,0
MICHOACAN,16,COALCOMAN DE VAZQUEZ PALLARES,16015,19633,9843,50.13497682,9790,49.86502318,5899,30.04635053,11741,59.80237355,1898,9.66739673,281555.8461,0.069730394,29.67962105,0.92191718,None,50.43238336,7.766454006,None,Bajo,None,None,Bajo,0.862043295,-0.268599,-103.1595547,18.77709889,0,0,0,0,0,0
MICHOACAN,16,COENEO,16016,20965,11042,52.6687336,9923,47.3312664,5023,23.95897925,12602,60.10970665,3340,15.93131409,39104.8138,0.536123253,100,21.33078941,None,49.05807176,11.63842388,None,Medio,None,None,Bajo,0.851774549,-0.367754,-101.5837508,19.82098361,0,0,0,0,0,0
MICHOACAN,16,CONTEPEC,16017,35070,18126,51.68520103,16944,48.31479897,11041,31.48274879,21023,59.94582264,3006,8.571428571,37619.95267,0.932218079,100,0.282292558,None,58.53498731,10.34316161,None,Medio,None,None,Bajo,0.842179232,-0.287302,-100.1644572,19.95526917,0,0,0,0,0,0
MICHOACAN,16,COPANDARO,16018,9484,4891,51.57106706,4593,48.42893294,2579,27.19316744,5899,62.19949388,1006,10.60733868,17207.37066,0.551159162,100,0.179249262,None,66.06229895,8.855565087,None,Bajo,None,None,Bajo,0.859920664,-0.579551,-101.215305,19.89382389,0,0,0,0,0,0
MICHOACAN,16,COTIJA,16019,20198,10418,51.57936429,9780,48.42063571,5469,27.07693831,12315,60.97138331,2414,11.95167838,50168.77186,0.402601045,30.31983365,0.470343598,None,46.61732342,5.176756514,None,Bajo,None,None,Bajo,0.884774939,-0.546476,-102.7058219,19.81028528,0,0,0,0,0,0
MICHOACAN,16,CUITZEO,16020,29910,15606,52.17652959,14304,47.82347041,8066,26.96756937,18658,62.38047476,3186,10.65195587,25260.20181,1.184076051,63.27983952,0.153794717,None,65.28230769,13.29886797,None,Bajo,None,None,Bajo,0.868215072,-0.493717,-101.1395842,19.96821361,0,0,0,0,0,0
MICHOACAN,16,CHARAPAN,16021,13539,7103,52.4632543,6436,47.5367457,3883,28.68010931,8379,61.88787946,1277,9.432011227,23225.30862,0.582941662,100,55.60972007,None,81.44334448,31.4287294,None,Alto,None,None,Alto,0.778562062,1.058064,-102.2527378,19.65016917,0,0,0,0,0,0
MICHOACAN,16,CHARO,16022,25138,11516,45.8111226,13622,54.1888774,6335,25.20089108,16601,66.03946217,2202,8.75964675,32097.86005,0.783167475,76.89951468,0.401782162,None,44.39798547,6.66438456,None,Bajo,None,None,Bajo,0.868340637,-0.654216,-101.0463128,19.74667028,0,0,0,0,0,0
MICHOACAN,16,CHAVINDA,16023,10417,5349,51.34875684,5068,48.65124316,2637,25.31438994,6391,61.35163675,1389,13.33397331,15096.9867,0.690005245,36.68042623,1.22876068,None,53.33839455,8.790063204,None,Bajo,None,None,Bajo,0.879869091,-0.566511,-102.4585847,20.00693861,0,0,0,0,0,0
MICHOACAN,16,CHERAN,16024,20586,10633,51.65160789,9953,48.34839211,6514,31.64286408,12370,60.08938113,1666,8.092878655,22090.79325,0.93188143,18.19197513,41.70795686,None,76.54274076,26.95581143,None,Medio,None,None,Medio,0.853740214,0.304729,-101.9548161,19.68765167,0,0,0,0,0,0
MICHOACAN,16,CHILCHOTA,16025,40560,20897,51.52120316,19663,48.47879684,11883,29.29733728,25639,63.21252465,3008,7.41617357,30258.01494,1.340471279,62.65532544,60.57445759,None,66.62347431,20.62697524,None,Medio,None,None,Medio,0.848186069,0.225376,-102.1194372,19.84920694,0,0,0,0,0,0
MICHOACAN,16,CHINICUILA,16026,4773,2289,47.95725959,2484,52.04274041,1489,31.19631259,2774,58.1185837,510,10.68510371,101791.5118,0.046889961,100,3.980724911,None,41.6149651,4.423211169,None,Medio,None,None,Bajo,0.824966807,0.027981,-103.3678003,18.75816806,0,0,0,0,0,0
MICHOACAN,16,CHUCANDIRO,16027,4944,2557,51.71925566,2387,48.28074434,1080,21.84466019,2999,60.65938511,865,17.49595469,19097.33314,0.258884315,100,0,None,49.90776799,5.351301496,None,Medio,None,None,Bajo,0.831440043,-0.054908,-101.3333914,19.899965,0,0,0,0,0,0
MICHOACAN,16,CHURINTZIO,16028,5233,2706,51.71030002,2527,48.28969998,1137,21.72749857,3094,59.12478502,1002,19.14771642,22772.41902,0.229795526,100,0.305751959,None,38.62972492,1.985355235,None,Bajo,None,None,Muy bajo,0.878840258,-0.77547,-102.0659206,20.15095972,0,0,0,0,0,0
MICHOACAN,16,CHURUMUCO,16029,12342,6328,51.27207908,6014,48.72792092,3939,31.91541079,7119,57.68108896,1282,10.38729541,110478.0632,0.111714486,100,0.064819316,None,62.93786771,14.63938253,None,Alto,None,None,Medio,0.78610331,0.40742,-101.6465525,18.66455778,0,0,0,0,0,0
MICHOACAN,16,ECUANDUREO,16030,11850,6299,53.15611814,5551,46.84388186,2547,21.49367089,7281,61.44303797,2022,17.06329114,30189.77296,0.392517029,100,0.101265823,None,45.16040301,6.329256685,None,Bajo,None,None,Bajo,0.862027,-0.495814,-102.1945664,20.16261556,0,0,0,0,0,0
MICHOACAN,16,EPITACIO HUERTA,16031,16112,8343,51.78128103,7769,48.21871897,4838,30.02730884,9481,58.84433962,1793,11.12835154,42046.84493,0.383191653,100,0.477904667,None,52.60479389,8.343899349,None,Medio,None,None,Bajo,0.847238899,-0.339867,-100.2937219,20.13468944,0,0,0,0,0,0
MICHOACAN,16,ERONGARICUARO,16032,15715,8085,51.44766147,7630,48.55233853,4386,27.90964047,9446,60.1081769,1883,11.98218263,24244.55886,0.648186675,100,40.47088769,None,56.67824664,14.44995144,None,Bajo,None,None,Bajo,0.860462151,-0.222833,-101.7200861,19.58825278,0,0,0,0,0,0
MICHOACAN,16,GABRIEL ZAMORA,16033,21466,10875,50.66151123,10591,49.33848877,6236,29.05059163,13327,62.08422622,1901,8.855865089,36542.39395,0.587427305,42.65815709,0.284170316,None,47.80734017,6.868791354,None,Bajo,None,None,Bajo,0.869913931,-0.455858,-102.053965,19.15980389,0,0,0,0,0,0
MICHOACAN,16,HIDALGO,16034,125712,65098,51.78344152,60614,48.21655848,36366,28.92802596,79489,63.23103602,9855,7.839347079,113624.7437,1.106378733,34.18209877,0.261709304,None,66.26046178,16.35382212,None,Bajo,None,None,Bajo,0.872437549,-0.446255,-100.5551614,19.68935083,0,0,0,0,0,0
MICHOACAN,16,LA HUACANA,16035,30627,15454,50.45874555,15173,49.54125445,9401,30.69513828,18012,58.81085317,3206,10.46788781,194366.3313,0.157573587,68.51470924,0.378750775,None,59.4503252,12.96046055,None,Medio,None,None,Bajo,0.831223248,-0.110391,-101.8088672,18.96288694,0,0,0,0,0,0
MICHOACAN,16,HUANDACAREO,16036,11644,6070,52.12985228,5574,47.87014772,2868,24.6307111,7116,61.11301958,1654,14.20474064,9552.940097,1.218891763,42.55410512,0.180350395,None,49.06736481,7.511510832,None,Bajo,None,None,Muy bajo,0.884830686,-0.781289,-101.2758533,19.98870444,0,0,0,0,0,0
MICHOACAN,16,HUANIQUEO,16037,7945,4207,52.95154185,3738,47.04845815,1678,21.12020138,4714,59.33291378,1549,19.4965387,19915.97307,0.398926026,100,0.113278792,None,46.22408636,6.481076863,None,Medio,None,None,Bajo,0.850521886,-0.408583,-101.5051514,19.89899528,0,0,0,0,0,0
MICHOACAN,16,HUETAMO,16038,41973,21309,50.76835108,20664,49.23164892,11220,26.73147023,25586,60.95823506,5146,12.26026255,204957.9555,0.204788343,43.21111191,0.290663045,None,41.85429085,7.474708782,None,Medio,None,None,Bajo,0.847347061,-0.324638,-100.8997247,18.62642583,0,0,0,0,0,0
MICHOACAN,16,HUIRAMBA,16039,9015,4671,51.81364393,4344,48.18635607,2815,31.22573489,5510,61.12035496,690,7.65391015,7862.67771,1.146555961,100,0.610094287,None,53.99650113,5.363431151,None,Bajo,None,None,Bajo,0.870209223,-0.510292,-101.4379928,19.54648111,0,0,0,0,0,0
MICHOACAN,16,INDAPARAPEO,16040,18385,9387,51.05792766,8998,48.94207234,5145,27.98477019,11546,62.80119663,1694,9.214033179,17529.77864,1.048786775,60.68534131,0.125101985,None,65.83287892,17.50526454,None,Bajo,None,None,Bajo,0.857234628,-0.258159,-100.9684931,19.79005944,0,0,0,0,0,0
MICHOACAN,16,IRIMBO,16041,16043,8372,52.18475348,7671,47.81524652,4714,29.38353176,10015,62.42598018,1314,8.190488063,12582.8714,1.274987202,100,0.118431715,None,61.97992019,11.76904031,None,Medio,None,None,Bajo,0.848085727,-0.399228,-100.4791006,19.6974875,0,0,0,0,0,0
MICHOACAN,16,IXTLAN,16042,14302,7285,50.9369319,7017,49.0630681,3873,27.08012865,8598,60.11746609,1831,12.80240526,12298.6562,1.162891276,64.40357992,0.132848553,None,47.09977162,5.995571926,None,Bajo,None,None,Bajo,0.864380555,-0.420619,-102.3946239,20.16836611,0,0,0,0,0,0
MICHOACAN,16,JACONA,16043,68781,35442,51.52876521,33339,48.47123479,19966,29.02836539,43522,63.27619546,5281,7.677992469,11787.25401,5.835201307,10.57123333,2.217182071,None,47.23953811,8.790243479,None,Muy bajo,None,None,Bajo,0.896366331,-0.540679,-102.3060233,19.95632194,0,0,0,0,0,0
MICHOACAN,16,JIMENEZ,16044,12946,6665,51.48308358,6281,48.51691642,3013,23.27359802,7858,60.69828518,2075,16.02811679,19313.33674,0.670314,100,0.239456203,None,44.67762531,5.957847709,None,Bajo,None,None,Bajo,0.865564987,-0.587964,-101.7492928,19.92226639,0,0,0,0,0,0
MICHOACAN,16,JIQUILPAN,16045,36158,18922,52.33143426,17236,47.66856574,8979,24.8326788,22803,63.06488191,4376,12.10243929,24151.07061,1.497159301,31.7937939,0.373361358,None,41.42137887,4.973385106,None,Muy bajo,None,None,Muy bajo,0.901019135,-0.787111,-102.7185633,19.98971917,0,0,0,0,0,0
MICHOACAN,16,JUAREZ,16046,14936,7620,51.01767542,7316,48.98232458,4409,29.51928227,9143,61.21451527,1384,9.266202464,14022.12453,1.065173824,100,0.093733262,None,61.89284338,13.11301435,None,Medio,None,None,Bajo,0.849896902,-0.513943,-100.4327914,19.31227583,0,0,0,0,0,0
MICHOACAN,16,JUNGAPEO,16047,19834,10002,50.42855702,9832,49.57144298,6107,30.79056166,11955,60.27528486,1772,8.934153474,26393.731,0.751466324,74.73530302,0.242008672,None,50.57988864,9.013635438,None,Bajo,None,None,Bajo,0.858500854,-0.47854,-100.4946119,19.45872528,0,0,0,0,0,0
MICHOACAN,16,LAGUNILLAS,16048,5745,2932,51.0356832,2813,48.9643168,1620,28.19843342,3510,61.09660574,615,10.70496084,7221.977132,0.795488534,100,0.261096606,None,61.07346939,6.109139308,None,Bajo,None,None,Bajo,0.859078453,-0.466689,-101.4147792,19.56462306,0,0,0,0,0,0
MICHOACAN,16,MADERO,16049,19086,9457,49.54940794,9629,50.45059206,6331,33.17091062,11194,58.65031961,1560,8.173530336,101392.8404,0.188238143,60.00733522,0.298648224,None,70.24728319,17.49425288,None,Alto,None,None,Medio,0.815655712,0.318021,-101.2776156,19.39212056,0,0,0,0,0,0
MICHOACAN,16,MARAVATIO,16050,89311,46120,51.63977562,43191,48.36022438,26934,30.15753938,55334,61.95653391,7038,7.880328291,69290.031,1.288944437,49.71616038,0.459069991,None,60.09740751,10.35799361,None,Bajo,None,None,Bajo,0.86416463,-0.428673,-100.4416672,19.89167361,0,0,0,0,0,0
MICHOACAN,16,MARCOS CASTELLANOS,16051,13983,7241,51.78430952,6742,48.21569048,3605,25.78130587,8869,63.42701852,1509,10.79167561,23135.5025,0.604395777,25.15197025,0.321819352,None,39.71535356,3.476552322,None,Muy bajo,None,None,Muy bajo,0.920627095,-1.03838,-103.0215042,19.99023806,0,0,0,0,0,0
MICHOACAN,16,LAZARO CARDENAS,16052,196003,98519,50.26402657,97484,49.73597343,53153,27.11846247,130606,66.63469437,12201,6.224904721,113862.4854,1.721401033,11.10238109,1.831604618,None,31.09984673,4.693192755,None,Muy bajo,None,None,Muy bajo,0.917132167,-0.969938,-102.1979808,17.96233417,0,0,0,0,0,0
MICHOACAN,16,MORELIA,16053,849053,441924,52.04904759,407129,47.95095241,197158,23.22092967,576091,67.85100577,74024,8.718419227,118481.3881,7.166129749,8.963515823,1.363872456,None,27.25464181,3.40730447,None,Muy bajo,None,None,Muy bajo,0.930034236,-1.180576,-101.1920464,19.70338389,0,0,0,0,0,0
MICHOACAN,16,MORELOS,16054,7983,4196,52.5616936,3787,47.4383064,1905,23.86320932,4773,59.7895528,1305,16.34723788,18208.99523,0.438409693,100,0.212952524,None,46.69069108,4.01057246,None,Bajo,None,None,Bajo,0.855620771,-0.511479,-101.4123858,20.00425194,0,0,0,0,0,0
MICHOACAN,16,MUGICA,16055,45732,23329,51.01242019,22403,48.98757981,13945,30.49287151,28006,61.23939473,3695,8.079681623,37582.15104,1.216854244,29.30989242,0.712848771,None,54.79535024,10.74404838,None,Bajo,None,None,Bajo,0.869382138,-0.400475,-102.0867342,19.02880472,0,0,0,0,0,0
MICHOACAN,16,NAHUATZEN,16056,32598,16636,51.03380575,15962,48.96619425,10171,31.20130069,19690,60.40247868,2709,8.310325787,30222.71034,1.078592874,44.74507639,46.10405546,None,78.16371487,30.13714267,None,Alto,None,None,Alto,0.816265402,1.11999,-101.9171369,19.65407333,0,0,0,0,0,0
MICHOACAN,16,NOCUPETARO,16057,8196,4165,50.81747194,4031,49.18252806,2791,34.05319668,4501,54.9170327,904,11.02977062,54281.08517,0.150991823,100,0.122010737,None,59.95799677,10.32707841,None,Alto,None,None,Medio,0.792593955,0.30113,-101.1622292,19.04329667,0,0,0,0,0,0
MICHOACAN,16,NUEVO PARANGARICUTIRO,16058,20981,10668,50.84600353,10313,49.15399647,6347,30.25117964,13282,63.3048949,1335,6.362899766,23363.2434,0.89803456,20.18969544,3.541299271,None,55.70173649,9.061154649,None,Muy bajo,None,None,Muy bajo,0.897609222,-0.77082,-102.1298797,19.41664389,0,0,0,0,0,0
MICHOACAN,16,NUEVO URECHO,16059,9027,4471,49.52919021,4556,50.47080979,2578,28.55876814,5556,61.54868727,893,9.892544588,32870.4021,0.27462396,100,0.653594771,None,43.31537242,5.320692778,None,Medio,None,None,Bajo,0.850858535,-0.420381,-101.8688469,19.16587222,0,0,0,0,0,0
MICHOACAN,16,NUMARAN,16060,9437,4841,51.29808202,4596,48.70191798,2418,25.62254954,5918,62.71060718,1100,11.65624669,7631.830952,1.236531582,100,0.074176115,None,55.50354997,3.980447843,None,Bajo,None,None,Bajo,0.868852103,-0.631732,-101.9471972,20.25489972,0,0,0,0,0,0
MICHOACAN,16,OCAMPO,16061,24774,12572,50.74675063,12202,49.25324937,8634,34.85105352,14628,59.0457738,1483,5.986114475,14137.76038,1.752328469,100,0.488415274,None,77.28612723,26.27876188,None,Medio,None,None,Medio,0.840614973,0.219348,-100.3392819,19.58384778,0,0,0,0,0,0
MICHOACAN,16,PAJACUARAN,16062,21028,10818,51.44569146,10210,48.55430854,6376,30.32147613,12483,59.36370554,2169,10.31481834,16910.3405,1.243499503,47.74586266,0.418489633,None,68.19339112,16.5701099,None,Bajo,None,None,Bajo,0.867409599,-0.414901,-102.5655133,20.11689389,0,0,0,0,0,0
MICHOACAN,16,PANINDICUARO,16063,14889,7713,51.80334475,7176,48.19665525,3754,25.21324468,9021,60.58835382,2113,14.19168514,28719.30531,0.51843176,64.62489086,0.134327356,None,50.23183022,7.949815797,None,Bajo,None,None,Bajo,0.86283889,-0.331637,-101.7614597,19.98395889,0,0,0,0,0,0
MICHOACAN,16,PARACUARO,16064,26832,13360,49.79129398,13472,50.20870602,8247,30.73568873,16417,61.18440668,2168,8.079904592,50091.51768,0.535659554,61.72107931,1.077072153,None,59.65105275,13.54131211,None,Medio,None,None,Bajo,0.846528081,-0.180553,-102.2200481,19.14577306,0,0,0,0,0,0
MICHOACAN,16,PARACHO,16065,39657,20402,51.44615074,19255,48.55384926,11502,29.00370679,24842,62.64215649,3313,8.354136722,24261.4509,1.63456836,46.50376983,41.70259979,None,60.71853228,18.34224911,None,Medio,None,None,Medio,0.847712791,0.167747,-102.0484675,19.64729667,0,0,0,0,0,0
MICHOACAN,16,PATZCUARO,16066,98382,51162,52.00341526,47220,47.99658474,28078,28.53977354,61837,62.85397735,8406,8.544245899,43591.83313,2.256890636,32.45207457,10.58425322,None,51.61309854,11.9138964,None,Muy bajo,None,None,Bajo,0.888138868,-0.494398,-101.6101164,19.51359778,0,0,0,0,0,0
MICHOACAN,16,PENJAMILLO,16067,16621,8761,52.71042657,7860,47.28957343,4045,24.33668251,10168,61.1756212,2405,14.46964683,36852.31862,0.451016398,100,0.096263763,None,49.60088984,6.966945265,None,Bajo,None,None,Bajo,0.859450796,-0.490324,-101.9336714,20.10446833,0,0,0,0,0,0
MICHOACAN,16,PERIBAN,16068,29389,14616,49.73289326,14773,50.26710674,8777,29.86491544,18712,63.67008064,1900,6.465003913,32981.96576,0.891062716,39.93671101,1.429106128,None,34.42012353,4.200893378,None,Muy bajo,None,None,Muy bajo,0.89737021,-0.716202,-102.4161883,19.52072694,0,0,0,0,0,0
MICHOACAN,16,LA PIEDAD,16069,106490,55009,51.65649357,51481,48.34350643,27364,25.69630951,69415,65.18452437,9706,9.114470842,28253.74626,3.769057704,18.26274768,0.52868814,None,35.74091445,3.647255986,None,Muy bajo,None,None,Muy bajo,0.912582159,-0.997996,-102.0225539,20.34145028,0,0,0,0,0,0
MICHOACAN,16,PUREPERO,16070,15503,7910,51.02238276,7593,48.97761724,3685,23.76959298,9910,63.92311166,1908,12.30729536,19133.05583,0.810273076,10.849513,0.561181707,None,43.57818964,3.198172691,None,Muy bajo,None,None,Muy bajo,0.904651298,-0.876323,-102.0067406,19.90996306,0,0,0,0,0,0
MICHOACAN,16,PURUANDIRO,16071,69260,35949,51.90441813,33311,48.09558187,18493,26.70083742,43056,62.16575224,7711,11.13341034,71364.31056,0.970513124,53.31648859,0.300317644,None,51.78888327,6.335353818,None,Bajo,None,None,Bajo,0.878659856,-0.615608,-101.5152003,20.08866528,0,0,0,0,0,0
MICHOACAN,16,QUERENDARO,16072,13961,7151,51.22125922,6810,48.77874078,3759,26.92500537,8720,62.45970919,1482,10.61528544,23333.163,0.598332939,32.14669436,0.465582695,None,61.4189048,11.22371707,None,Bajo,None,None,Bajo,0.874689993,-0.504057,-100.8834875,19.8100275,0,0,0,0,0,0
MICHOACAN,16,QUIROGA,16073,27176,14253,52.44701207,12923,47.55298793,7341,27.01280542,17136,63.05563733,2699,9.931557256,21197.62823,1.282030221,24.04327348,35.18913747,None,62.32679224,12.50816649,None,Bajo,None,None,Bajo,0.866171505,-0.202168,-101.5240036,19.66378611,0,0,0,0,0,0
MICHOACAN,16,COJUMATLAN DE REGULES,16074,10553,5232,49.57831896,5321,50.42168104,2870,27.19605799,6452,61.1390126,1231,11.6649294,13013.54773,0.81092414,31.28968066,0.113711741,None,59.0846627,8.025667647,None,Bajo,None,None,Bajo,0.880339858,-0.541342,-102.851005,20.11899833,0,0,0,0,0,0
MICHOACAN,16,LOS REYES,16075,78935,40177,50.89884082,38758,49.10115918,22783,28.86298853,50307,63.73218471,5804,7.352885285,47786.63848,1.651821566,36.7327548,23.03794261,None,44.3672805,7.126233197,None,Bajo,None,None,Bajo,0.874214227,-0.195428,-102.4746789,19.58897417,0,0,0,0,0,0
MICHOACAN,16,SAHUAYO,16076,78477,40580,51.70941805,37897,48.29058195,20789,26.49056411,50923,64.88907578,6764,8.619085847,12718.52344,6.17029173,10.74837213,0.228092307,None,46.2028423,5.887701725,None,Muy bajo,None,None,Muy bajo,0.905131728,-0.901399,-102.7167972,20.05768389,0,0,0,0,0,0
MICHOACAN,16,SAN LUCAS,16077,17677,8927,50.50065056,8750,49.49934944,4812,27.22181366,10444,59.08242349,2421,13.69576286,46627.46221,0.379111347,100,0.412966001,None,53.86204426,13.1355507,None,Alto,None,None,Bajo,0.81367832,-0.094469,-100.7847522,18.59141083,0,0,0,0,0,0
MICHOACAN,16,SANTA ANA MAYA,16078,12812,6695,52.25569778,6117,47.74430222,2988,23.32188573,8012,62.53512332,1812,14.14299095,10334.37764,1.239745677,43.64658133,0.132688105,None,57.96633419,9.46314526,None,Bajo,None,None,Bajo,0.876711804,-0.644311,-101.0217628,20.00839167,0,0,0,0,0,0
MICHOACAN,16,SALVADOR ESCALANTE,16079,49896,25494,51.09427609,24402,48.90572391,15174,30.41125541,30932,61.99294533,3790,7.595799262,48507.63467,1.028621584,43.77906045,0.162337662,None,62.40390484,14.3264517,None,Bajo,None,None,Bajo,0.856614691,0.038961,-101.6397978,19.40608472,0,0,0,0,0,0
MICHOACAN,16,SENGUIO,16080,19833,10408,52.47819291,9425,47.52180709,6276,31.64422931,11877,59.88504008,1680,8.470730601,24866.03186,0.797594088,100,0.272273484,None,58.03261959,12.75326049,None,Medio,None,None,Bajo,0.8443028,-0.258486,-100.3524072,19.73334083,0,0,0,0,0,0
MICHOACAN,16,SUSUPUATO,16081,9076,4617,50.8704275,4459,49.1295725,2891,31.85323931,5322,58.63816659,863,9.508594094,26655.95134,0.340486816,100,4.021595416,None,65.30213446,15.11185938,None,Alto,None,None,Medio,0.78734308,0.612554,-100.4083336,19.21515417,0,0,0,0,0,0
MICHOACAN,16,TACAMBARO,16082,79540,40574,51.01081217,38966,48.98918783,24815,31.1981393,48899,61.47724415,5808,7.301986422,78257.69026,1.016385735,52.87151119,0.295448831,None,42.0701759,5.966666378,None,Bajo,None,None,Bajo,0.881203045,-0.617709,-101.4573281,19.23553667,0,0,0,0,0,0
MICHOACAN,16,TANCITARO,16083,33453,16717,49.97160195,16736,50.02839805,10719,32.04196933,20491,61.25310137,2191,6.54948734,71026.98638,0.470989996,75.68827908,2.095477237,None,28.49951241,4.274378666,None,Bajo,None,None,Bajo,0.875599147,-0.523045,-102.3630342,19.3374975,0,0,0,0,0,0
MICHOACAN,16,TANGAMANDAPIO,16084,31716,16230,51.17290957,15486,48.82709043,9688,30.54609661,19612,61.83629714,2416,7.617606256,31388.2258,1.010442584,15.98246942,47.0614201,None,61.87700268,19.76827226,None,Medio,None,None,Bajo,0.849500244,0.059722,-102.4328006,19.953995,0,0,0,0,0,0
MICHOACAN,16,TANGANCICUARO,16085,35256,18074,51.2650329,17182,48.7349671,9805,27.81086907,21524,61.05060132,3910,11.09031087,38250.92768,0.921703136,56.27978216,7.139210347,None,48.06613264,8.529900723,None,Bajo,None,None,Bajo,0.865362357,-0.294679,-102.2084533,19.88823444,0,0,0,0,0,0
MICHOACAN,16,TANHUATO,16086,15534,8031,51.69949788,7503,48.30050212,4128,26.57396678,9701,62.45010944,1705,10.97592378,22633.16288,0.686338011,43.94875756,0.585811768,None,39.60277835,4.396313741,None,Muy bajo,None,None,Bajo,0.889712708,-0.7122,-102.3276408,20.28381111,0,0,0,0,0,0
MICHOACAN,16,TARETAN,16087,15589,7913,50.76015139,7676,49.23984861,4453,28.56501379,9652,61.9154532,1472,9.442555648,18406.36884,0.846935109,54.34601321,0.577330169,None,31.57959604,2.665462098,None,Muy bajo,None,None,Bajo,0.887114276,-0.63722,-101.9179042,19.33456222,0,0,0,0,0,0
MICHOACAN,16,TARIMBARO,16088,114513,58764,51.31644442,55749,48.68355558,31300,27.33314122,76859,67.11814379,6332,5.529503201,25397.0607,4.5089076,65.52181848,0.970195524,None,33.39120735,3.674916722,None,Muy bajo,None,None,Muy bajo,0.905624181,-1.052885,-101.1763919,19.79566556,0,0,0,0,0,0
MICHOACAN,16,TEPALCATEPEC,16089,24074,12064,50.11215419,12010,49.88784581,6498,26.99177536,15175,63.03480934,2397,9.956799867,79420.52566,0.303120633,28.16731744,0.581540251,None,30.60155938,2.667960859,None,Bajo,None,None,Bajo,0.883780188,-0.647772,-102.8437078,19.19136667,0,0,0,0,0,0
MICHOACAN,16,TINGAMBATO,16090,16325,8389,51.38744257,7936,48.61255743,4926,30.17457887,10182,62.37059724,1217,7.45482389,18861.12289,0.865537015,9.120980092,9.267993874,None,64.66741712,16.6821168,None,Bajo,None,None,Bajo,0.880130276,-0.100039,-101.8534764,19.50189389,0,0,0,0,0,0
MICHOACAN,16,TINGÜINDIN,16091,14934,7759,51.95526985,7175,48.04473015,3965,26.55015401,9382,62.82308825,1586,10.6200616,17161.15194,0.870221303,47.85054239,8.67148788,None,39.84258023,5.65559979,None,Muy bajo,None,None,Bajo,0.890914511,-0.679342,-102.4830833,19.73895194,0,0,0,0,0,0
MICHOACAN,16,TIQUICHEO DE NICOLAS ROMERO,16092,12836,6544,50.98161421,6292,49.01838579,4023,31.34153942,7388,57.5568713,1416,11.03147398,148576.1233,0.086393424,100,0.140230601,None,54.11818119,13.33472868,None,Alto,None,None,Medio,0.789367127,0.279097,-100.7364539,18.90048944,0,0,0,0,0,0
MICHOACAN,16,TLALPUJAHUA,16093,28556,15143,53.02913573,13413,46.97086427,8783,30.75710884,17472,61.18503992,2301,8.05785124,19589.29143,1.457735217,100,0.301162628,None,60.11127921,14.17593014,None,Medio,None,None,Bajo,0.834303839,-0.15278,-100.1735928,19.80530417,0,0,0,0,0,0
MICHOACAN,16,TLAZAZALCA,16094,6420,3308,51.52647975,3112,48.47352025,1480,23.0529595,3768,58.69158879,1172,18.25545171,20230.92869,0.317335902,100,0.249221184,None,43.59048687,3.57094811,None,Bajo,None,None,Bajo,0.85590803,-0.368621,-102.0566794,19.97123611,0,0,0,0,0,0
MICHOACAN,16,TOCUMBO,16095,12325,6250,50.70993915,6075,49.29006085,3121,25.32251521,7706,62.52332657,1498,12.15415822,50283.33336,0.245111037,36.8356998,0.665314402,None,31.94125345,4.164243626,None,Bajo,None,None,Bajo,0.878663578,-0.425951,-102.52096,19.70329278,0,0,0,0,0,0
MICHOACAN,16,TUMBISCATIO,16096,5971,2958,49.53944063,3013,50.46055937,1766,29.57628538,3534,59.18606599,668,11.18740579,205549.7112,0.029048934,100,0.318204656,None,53.34612546,12.80682657,None,Alto,None,None,Medio,0.813293275,0.271803,-102.3750225,18.52480111,0,0,0,0,0,0
MICHOACAN,16,TURICATO,16097,29056,14913,51.32502753,14143,48.67497247,9289,31.96930066,16959,58.36660242,2806,9.657213656,153908.7406,0.188787199,76.44204295,2.398816079,None,52.29347095,9.772386059,None,Alto,None,None,Medio,0.809763257,0.230022,-101.4197939,19.05375806,0,0,0,0,0,0
MICHOACAN,16,TUXPAN,16098,25757,13264,51.49668051,12493,48.50331949,7231,28.07392165,16229,63.0081143,2297,8.917964049,24192.33346,1.064676131,65.20557518,0.264005901,None,50.72073736,8.644825836,None,Bajo,None,None,Bajo,0.86042631,-0.4757,-100.4637783,19.56796056,0,0,0,0,0,0
MICHOACAN,16,TUZANTLA,16099,14329,7285,50.84095192,7044,49.15904808,4363,30.44874032,8281,57.79189057,1681,11.7314537,101268.8791,0.141494605,100,0.097703957,None,63.02400916,15.47545366,None,Alto,None,None,Bajo,0.812777283,0.046232,-100.5730639,19.20760639,0,0,0,0,0,0
MICHOACAN,16,TZINTZUNTZAN,16100,14911,7778,52.16283281,7133,47.83716719,4196,28.14029911,9103,61.04889008,1612,10.81081081,18323.70281,0.813754739,100,21.61491516,None,63.28950357,14.88005531,None,Medio,None,None,Bajo,0.85118972,-0.181811,-101.5769511,19.62543806,0,0,0,0,0,0
MICHOACAN,16,TZITZIO,16101,8855,4428,50.00564653,4427,49.99435347,2870,32.41106719,5025,56.74760023,956,10.79616036,93582.62303,0.094622268,100,0.23715415,None,65.78512985,17.91948298,None,Alto,None,None,Medio,0.763856195,0.838441,-100.9246514,19.58551,0,0,0,0,0,0
MICHOACAN,16,URUAPAN,16102,356786,184476,51.70494358,172310,48.29505642,96883,27.15437265,231365,64.84699512,28292,7.92968334,100698.5938,3.543108067,10.62261412,7.561395346,None,42.14755744,8.018020488,None,Muy bajo,None,None,Muy bajo,0.913789907,-0.861512,-102.0627992,19.4208875,0,0,0,0,0,0
MICHOACAN,16,VENUSTIANO CARRANZA,16103,23469,12228,52.10277387,11241,47.89722613,6346,27.03992501,14244,60.69282884,2879,12.26724615,22594.20502,1.03871767,49.30759726,0.221568878,None,61.17109221,10.48728464,None,Bajo,None,None,Bajo,0.881033368,-0.661941,-102.6523611,20.11597417,0,0,0,0,0,0
MICHOACAN,16,VILLAMAR,16104,15864,8233,51.89737771,7631,48.10262229,3901,24.59026727,9526,60.04790721,2437,15.36182552,34767.85052,0.4562836,100,0.252143217,None,39.78852028,5.535228786,None,Bajo,None,None,Bajo,0.855843601,-0.457793,-102.5957786,20.02085583,0,0,0,0,0,0
MICHOACAN,16,VISTA HERMOSA,16105,20982,10623,50.62911067,10359,49.37088933,5871,27.98112668,12981,61.86731484,2130,10.15155848,14646.64617,1.432546383,40.73968163,0.209703555,None,44.77388177,4.734112329,None,Muy bajo,None,None,Bajo,0.887255505,-0.709979,-102.4736461,20.273115,0,0,0,0,0,0
MICHOACAN,16,YURECUARO,16106,32303,16632,51.48747794,15671,48.51252206,9186,28.43698728,20377,63.08082841,2709,8.386217998,17304.40439,1.866750179,17.37299941,3.346438411,None,48.78358546,8.27242148,None,Bajo,None,None,Bajo,0.882873495,-0.407693,-102.2824253,20.34108889,0,0,0,0,0,0
MICHOACAN,16,ZACAPU,16107,76829,39943,51.98948314,36886,48.01051686,19636,25.5580575,49002,63.78060368,8170,10.63400539,45161.55591,1.701203567,28.03889156,3.15766182,None,46.49331242,8.81502889,None,Muy bajo,None,None,Muy bajo,0.902784043,-0.890435,-101.7928597,19.81861861,0,0,0,0,0,0
MICHOACAN,16,ZAMORA,16108,204860,106041,51.76266719,98819,48.23733281,55184,26.93742068,132424,64.64121839,17190,8.391096358,33262.99403,6.158796163,19.71932051,1.447329884,None,44.02046756,6.909631051,None,Muy bajo,None,None,Muy bajo,0.906364061,-0.77,-102.2859578,19.98357944,0,0,0,0,0,0
MICHOACAN,16,ZINAPARO,16109,3232,1679,51.94925743,1553,48.05074257,630,19.49257426,1994,61.69554455,608,18.81188119,11233.1895,0.287718818,100,0.185643564,None,28.45519481,1.524675325,None,Bajo,None,None,Muy bajo,0.878107707,-0.717642,-101.9987742,20.17318889,0,0,0,0,0,0
MICHOACAN,16,ZINAPECUARO,16110,49005,25345,51.71921233,23660,48.28078767,13351,27.24415876,30231,61.68962351,5412,11.04377104,59234.67981,0.827302522,65.50352005,0.124477094,None,52.43792515,7.761422386,None,Bajo,None,None,Muy bajo,0.874650844,-0.750263,-100.8275831,19.86027472,0,0,0,0,0,0
MICHOACAN,16,ZIRACUARETIRO,16111,18402,9341,50.76078687,9061,49.23921313,5863,31.86066732,11257,61.17269862,1282,6.966634062,15904.33386,1.157043116,68.54689708,1.157482882,None,60.63291183,20.1349741,None,Bajo,None,None,Bajo,0.872875821,-0.540029,-101.9101883,19.41713722,0,0,0,0,0,0
MICHOACAN,16,ZITACUARO,16112,157056,81603,51.95790037,75453,48.04209963,44219,28.15492563,100505,63.993098,12293,7.827144458,50959.46016,3.081979273,40.19585371,5.959020986,None,58.61523966,14.21677386,None,Bajo,None,None,Bajo,0.880012072,-0.489516,-100.3574861,19.43718028,0,0,0,0,0,0
MICHOACAN,16,JOSE SIXTO VERDUZCO,16113,26213,13629,51.99328577,12584,48.00671423,6699,25.55602182,16002,61.04604586,3512,13.39793232,21800.12244,1.202424439,74.44779308,0.122076832,None,51.52345201,5.640839457,None,Bajo,None,None,Bajo,0.872110494,-0.671391,-101.5968558,20.30218417,0,0,0,0,0,0
MORELOS,17,AMACUZAC,17001,17598,9149,51.98886237,8449,48.01113763,4676,26.57120127,11027,62.66052961,1895,10.76826912,11682.25011,1.506387882,68.32026367,0.698943062,None,62.77753772,13.34911602,None,Bajo,None,None,Bajo,0.870522524,-0.482608,-99.36951417,18.60000167,0,0,0,0,0,0
MORELOS,17,ATLATLAHUCAN,17002,25232,12966,51.38712746,12266,48.61287254,6573,26.05025365,16044,63.58592264,2609,10.34004439,7901.210664,3.193434661,64.25967026,7.783766646,None,54.39413272,12.28225499,None,Bajo,None,None,Bajo,0.86026886,-0.492468,-98.89917528,18.93627083,0,0,0,0,0,0
MORELOS,17,AXOCHIAPAN,17003,39174,19886,50.76326135,19288,49.23673865,11094,28.31980395,24829,63.38132435,3244,8.281002706,14103.48861,2.777610638,37.15474549,3.755041609,None,72.37875084,23.31820521,None,Medio,None,None,Bajo,0.851093238,-0.281821,-98.75407861,18.50240639,0,0,0,0,0,0
MORELOS,17,AYALA,17004,89834,46292,51.53060089,43542,48.46939911,23737,26.42318053,58336,64.93755148,7747,8.623683683,36689.69887,2.448480167,56.10904557,7.140948861,None,56.62408434,10.06022998,None,Bajo,None,None,Bajo,0.870038516,-0.497999,-98.98214167,18.76708667,0,0,0,0,0,0
MORELOS,17,COATLAN DEL RIO,17005,10520,5782,54.96197719,4738,45.03802281,2484,23.6121673,6813,64.76235741,1223,11.62547529,8306.74852,1.266440169,100,0.209125475,None,59.96070219,10.79560828,None,Bajo,None,None,Bajo,0.862968486,-0.41614,-99.43480056,18.74418556,0,0,0,0,0,0
MORELOS,17,CUAUTLA,17006,187118,97335,52.01797796,89783,47.98202204,43875,23.44777093,125217,66.91873577,17975,9.606237775,12136.63356,15.41761965,15.91615986,6.659434154,None,51.23840646,8.376571998,None,Muy bajo,None,None,Muy bajo,0.907542222,-0.952349,-98.95526472,18.81278833,0,0,0,0,0,0
MORELOS,17,CUERNAVACA,17007,378476,199747,52.77666219,178729,47.22333781,76300,20.15979877,256398,67.7448504,45563,12.03854406,19880.58915,19.03746399,7.378274976,2.74680561,None,37.27274422,4.434271819,None,Muy bajo,None,None,Muy bajo,0.937426952,-1.246878,-99.23489694,18.92178278,0,0,0,0,0,0
MORELOS,17,EMILIANO ZAPATA,17008,107053,55045,51.41845628,52008,48.58154372,26025,24.31038831,72527,67.74868523,8462,7.904495904,6797.227689,15.7495092,9.155278227,2.209186104,None,49.14516519,8.260071024,None,Muy bajo,None,None,Muy bajo,0.919399872,-1.012178,-99.18324278,18.84098417,0,0,0,0,0,0
MORELOS,17,HUITZILAC,17009,24515,12539,51.14827657,11976,48.85172343,6301,25.70263104,16306,66.51437895,1892,7.717723843,18818.84019,1.302683893,47.50152968,5.612890067,None,46.29344167,9.312167486,None,Bajo,None,None,Bajo,0.875823556,-0.559215,-99.26745278,19.02903306,0,0,0,0,0,0
MORELOS,17,JANTETELCO,17010,18402,9404,51.10314096,8998,48.89685904,4804,26.10585806,12062,65.54722313,1527,8.298011086,10187.41248,1.806346807,40.74557113,2.363873492,None,64.03316363,10.28630687,None,Bajo,None,None,Bajo,0.873257741,-0.484023,-98.77730083,18.71520583,0,0,0,0,0,0
MORELOS,17,JIUTEPEC,17011,215357,112238,52.11718217,103119,47.88281783,48235,22.39769313,147634,68.55314664,19302,8.962792015,5568.072789,38.67711651,4.661561965,2.123450828,None,42.69197389,5.080178692,None,Muy bajo,None,None,Muy bajo,0.927041567,-1.174747,-99.17719833,18.88197444,0,0,0,0,0,0
MORELOS,17,JOJUTLA,17012,57682,29862,51.77004958,27820,48.22995042,13061,22.64311224,38322,66.43667002,6259,10.85087202,14851.32072,3.883964335,29.22055407,1.861932665,None,53.38834744,9.709091261,None,Muy bajo,None,None,Muy bajo,0.90297947,-0.866935,-99.18104361,18.61656639,0,0,0,0,0,0
MORELOS,17,JONACATEPEC DE LEANDRO VALLE,17013,16694,8618,51.62333773,8076,48.37666227,4107,24.60165329,10998,65.87995687,1572,9.416556847,8998.750258,1.855146495,49.23924763,4.792140889,None,70.49937063,17.34300921,None,Bajo,None,None,Bajo,0.879044971,-0.521943,-98.80322306,18.68069028,0,0,0,0,0,0
MORELOS,17,MAZATEPEC,17014,9653,5050,52.31534238,4603,47.68465762,2372,24.57267171,6197,64.19765876,1084,11.22966953,5768.735379,1.673330352,100,0.538692634,None,48.98893735,7.938729922,None,Bajo,None,None,Muy bajo,0.875980145,-0.71672,-99.36697194,18.73318444,0,0,0,0,0,0
MORELOS,17,MIACATLAN,17015,15802,8041,50.8859638,7761,49.1140362,3987,25.23098342,10089,63.84634856,1717,10.8657132,21455.23515,0.736510222,52.7528161,0.835337299,None,50.50716995,7.602050403,None,Muy bajo,None,None,Bajo,0.88567772,-0.684655,-99.36026528,18.7699825,0,0,0,0,0,0
MORELOS,17,OCUITUCO,17016,19219,9794,50.95998751,9425,49.04001249,5300,27.57687705,12391,64.47265727,1516,7.888027473,8616.895479,2.230385647,72.04329049,1.030230501,None,75.10967408,21.65679888,None,Bajo,None,None,Bajo,0.865493347,-0.378244,-98.7756975,18.87769278,0,0,0,0,0,0
MORELOS,17,PUENTE DE IXTLA,17017,40018,20948,52.3464441,19070,47.6535559,10116,25.27862462,25734,64.30606227,4133,10.32785247,29650.95819,1.34963598,48.93797791,0.73966715,None,62.29830374,11.89401899,None,Muy bajo,None,None,Muy bajo,0.888305917,-0.747988,-99.32370139,18.616875,0,0,0,0,0,0
MORELOS,17,TEMIXCO,17018,122263,63277,51.75482362,58986,48.24517638,30369,24.83907642,81363,66.5475246,10467,8.561052812,10231.74825,11.94937532,14.56041484,5.362210971,None,61.540703,13.18673054,None,Muy bajo,None,None,Muy bajo,0.903191603,-0.798326,-99.22414306,18.84527333,0,0,0,0,0,0
MORELOS,17,TEPALCINGO,17019,28122,14281,50.78230567,13841,49.21769433,7150,25.42493422,18123,64.44420738,2836,10.08463125,36734.75427,0.765542075,52.33980513,0.98143802,None,68.04103055,14.26177367,None,Bajo,None,None,Bajo,0.86228219,-0.399643,-98.84435667,18.59473639,0,0,0,0,0,0
MORELOS,17,TEPOZTLAN,17020,54987,28145,51.1848255,26842,48.8151745,13135,23.88746431,37193,67.63962391,4646,8.449269827,24126.18317,2.279142109,63.1349228,10.92440031,None,45.32889069,9.29802366,None,Bajo,None,None,Bajo,0.873771076,-0.652623,-99.10122694,18.98645722,0,0,0,0,0,0
MORELOS,17,TETECALA,17021,7617,3924,51.51634502,3693,48.48365498,1805,23.69699357,4945,64.9205724,867,11.38243403,6742.203176,1.129749401,100,0.630169358,None,58.61064201,8.842916499,None,Bajo,None,None,Bajo,0.876709283,-0.692026,-99.39858306,18.72896722,0,0,0,0,0,0
MORELOS,17,TETELA DEL VOLCAN,17022,14853,7549,50.82474921,7304,49.17525079,4383,29.50919006,9465,63.7245001,1005,6.766309836,9803.432361,1.515081601,18.11755201,7.352050091,None,79.1618494,19.7657374,None,Bajo,None,None,Bajo,0.883423312,-0.319327,-98.73006556,18.893525,0,0,0,0,0,0
MORELOS,17,TLALNEPANTLA,17023,7943,3962,49.88039783,3981,50.11960217,2288,28.80523732,5064,63.75424902,591,7.44051366,10734.33749,0.739961829,100,3.02152839,None,69.3645087,15.37282497,None,Medio,None,None,Bajo,0.8258857,-0.098411,-98.99735222,19.00792694,0,0,0,0,0,0
MORELOS,17,TLALTIZAPAN DE ZAPATA,17024,52399,26874,51.28723831,25525,48.71276169,12859,24.54054467,34296,65.45163076,5238,9.996373977,23753.25838,2.205971036,46.63066089,2.061108036,None,59.08129598,8.948576941,None,Bajo,None,None,Bajo,0.883381032,-0.663995,-99.11817889,18.68296222,0,0,0,0,0,0
MORELOS,17,TLAQUILTENoneGO,17025,33789,17329,51.28592145,16460,48.71407855,7851,23.23537246,22217,65.75216787,3718,11.00358105,54215.38774,0.623236343,45.71606144,1.817159431,None,57.96607389,9.59545496,None,Bajo,None,None,Bajo,0.881879845,-0.600067,-99.16266222,18.63003,0,0,0,0,0,0
MORELOS,17,TLAYACAPAN,17026,19408,9779,50.38643858,9629,49.61356142,4931,25.40704864,12713,65.50391591,1756,9.047815334,5694.129003,3.408422955,56.85284419,12.33511954,None,48.80657455,9.232155887,None,Bajo,None,None,Bajo,0.867329902,-0.550874,-98.9831175,18.95661722,0,0,0,0,0,0
MORELOS,17,TOTOLAPAN,17027,12750,6548,51.35686275,6202,48.64313725,3522,27.62352941,8181,64.16470588,1045,8.196078431,5969.323641,2.135920377,46.68235294,4.925490196,None,73.19272817,20.24929842,None,Medio,None,None,Bajo,0.828704857,-0.004966,-98.92143889,18.98722333,0,0,0,0,0,0
MORELOS,17,XOCHITEPEC,17028,73539,36629,49.80894491,36910,50.19105509,18329,24.92418989,49395,67.16844124,5786,7.867934021,9285.161376,7.920056208,32.77444621,3.281252125,None,61.15890986,8.766016339,None,Muy bajo,None,None,Muy bajo,0.8938745,-0.7418,-99.23146278,18.78186556,0,0,0,0,0,0
MORELOS,17,YAUTEPEC,17029,105780,54681,51.6931367,51099,48.3068633,26066,24.64170921,69535,65.73548875,10064,9.514085839,17881.27132,5.91568676,22.96275288,2.47778408,None,55.30366562,9.037757781,None,Muy bajo,None,None,Muy bajo,0.893459633,-0.756775,-99.06075417,18.88606167,0,0,0,0,0,0
MORELOS,17,YECAPIXTLA,17030,56083,28433,50.6980725,27650,49.3019275,15204,27.10981937,36697,65.43337553,4163,7.422926734,17246.2095,3.251902976,41.98776813,2.956332578,None,67.91091925,13.23457235,None,Bajo,None,None,Bajo,0.875104771,-0.559332,-98.86814361,18.88341972,0,0,0,0,0,0
MORELOS,17,ZACATEPEC,17031,36094,18862,52.25799302,17232,47.74200698,7828,21.68781515,24106,66.78672356,4155,11.51160858,3063.320225,11.78264019,9.411536543,1.022330581,None,45.61233726,4.945020897,None,Muy bajo,None,None,Muy bajo,0.921465334,-1.077112,-99.19427889,18.65540806,0,0,0,0,0,0
MORELOS,17,ZACUALPAN DE AMILPAS,17032,9965,5108,51.25940793,4857,48.74059207,2457,24.65629704,6439,64.61615655,1069,10.72754641,5353.045118,1.86155726,45.52935273,1.023582539,None,61.98291641,6.755033557,None,Muy bajo,None,None,Muy bajo,0.893987721,-0.745669,-98.76542306,18.78439306,0,0,0,0,0,0
MORELOS,17,TEMOAC,17033,16574,8664,52.27464704,7910,47.72535296,4257,25.68480753,11083,66.86979607,1222,7.372993846,3693.551444,4.487280129,61.10172559,1.62905756,None,75.34596318,13.72536777,None,Bajo,None,None,Bajo,0.870006874,-0.401861,-98.77804306,18.772315,0,0,0,0,0,0
MORELOS,17,COATETELCO,17034,11347,5877,51.79342558,5470,48.20657442,3286,28.95919626,7136,62.8888693,925,8.151934432,980,11.57857143,14.761611,1.269057901,None,83.85458796,40.31649955,None,Medio,None,None,Medio,0.835690077,0.387638,-99.3270575,18.73048583,0,0,0,0,0,0
MORELOS,17,XOXOCOTLA,17035,27805,13924,50.07732422,13881,49.92267578,7497,26.96277648,18814,67.66408919,1491,5.362344902,63.34,438.9801074,13.42204639,23.19726668,None,79.48721808,32.96379951,None,Medio,None,None,Medio,0.846702448,0.218552,-99.24489472,18.68657278,0,0,0,0,0,0
MORELOS,17,HUEYAPAN,17036,7855,4131,52.59070656,3724,47.40929344,2287,29.11521324,4904,62.43157225,664,8.453214513,75,104.7333333,6.403564609,70.26098027,None,87.34083312,31.78374904,None,Bajo,None,None,Medio,0.867999341,0.529148,-98.69068417,18.88513444,0,0,0,0,0,0
NAYARIT,18,ACAPONETA,18001,37232,18617,50.00268586,18615,49.99731414,9925,26.65717662,22921,61.56263429,4371,11.73990116,141071.8119,0.263922321,46.34722819,4.21680275,None,38.13426273,3.39078925,None,Bajo,None,None,Bajo,0.879477411,-0.699457,-105.3601842,22.4893875,0,0,0,0,0,0
NAYARIT,18,AHUACATLAN,18002,15393,7754,50.37354642,7639,49.62645358,3795,24.65406354,9548,62.02819463,2047,13.29825245,50025.96848,0.30770019,52.842201,0.396284025,None,23.33636028,0.687656705,None,Muy bajo,None,None,Muy bajo,0.904671341,-0.986383,-104.4846644,21.05058694,0,0,0,0,0,0
NAYARIT,18,AMATLAN DE CAÑAS,18003,11536,5668,49.1331484,5868,50.8668516,2904,25.17337032,6869,59.54403606,1761,15.26525659,51383.30533,0.224508718,100,0.658807212,None,29.10900621,1.066185221,None,Muy bajo,None,None,Muy bajo,0.890229404,-0.907088,-104.4053889,20.80778222,0,0,0,0,0,0
NAYARIT,18,COMPOSTELA,18004,77436,38866,50.19112557,38570,49.80887443,20642,26.65685211,48711,62.90485046,8033,10.37372798,186281.785,0.415692817,41.45617026,2.161785216,None,36.51969782,1.907880743,None,Muy bajo,None,None,Muy bajo,0.906038492,-0.889762,-104.9005972,21.23752972,0,0,0,0,0,0
NAYARIT,18,HUAJICORI,18005,12230,5998,49.04333606,6232,50.95666394,4616,37.74325429,6703,54.80784955,911,7.448896157,221349.9737,0.05525187,100,27.3098937,None,76.7751184,31.85436401,None,Muy alto,None,None,Muy alto,0.661107012,1.960731,-105.319985,22.63726083,0,0,0,0,0,0
NAYARIT,18,IXTLAN DEL RIO,18006,29299,15155,51.72531486,14144,48.27468514,7887,26.91900747,18412,62.84173521,2989,10.20171337,48858.54766,0.599669892,13.04481382,1.672412028,None,35.30134266,1.231480946,None,Muy bajo,None,None,Muy bajo,0.918716315,-1.094638,-104.3689111,21.03505528,0,0,0,0,0,0
NAYARIT,18,JALA,18007,19321,9768,50.55638942,9553,49.44361058,6134,31.74783914,11354,58.76507427,1832,9.481910874,49898.35164,0.387207179,69.75311837,1.262874592,None,55.04484051,5.191312661,None,Bajo,None,None,Bajo,0.867393105,-0.288277,-104.4382167,21.10482111,0,0,0,0,0,0
NAYARIT,18,XALISCO,18008,65229,33507,51.36825645,31722,48.63174355,17549,26.90367781,43260,66.32019501,4370,6.69947416,49897.48322,1.307260322,26.15247819,1.819742752,None,19.80487412,0.881573503,None,Muy bajo,None,None,Muy bajo,0.931269378,-1.216494,-104.8997356,21.44368722,0,0,0,0,0,0
NAYARIT,18,DEL NAYAR,18009,47550,24089,50.66035752,23461,49.33964248,20453,43.01366982,24963,52.49842271,2107,4.431125131,508976.7985,0.093422726,100,89.56256572,None,89.17525609,55.64077293,None,Muy alto,None,None,Muy alto,0.44893452,5.074744,-104.5179425,22.251125,0,0,0,0,0,0
NAYARIT,18,ROSAMORADA,18010,33567,16484,49.10775464,17083,50.89224536,8990,26.78225638,20535,61.17615515,4034,12.01775553,175049.0654,0.191757665,100,8.606667262,None,39.57043257,5.07438795,None,Bajo,None,None,Bajo,0.85767163,-0.58123,-105.2041303,22.12254528,0,0,0,0,0,0
NAYARIT,18,RUIZ,18011,24096,11977,49.70534529,12119,50.29465471,7019,29.12931607,14810,61.4624834,2245,9.31689907,51531.59279,0.467596647,39.08532537,14.74518592,None,40.35233262,4.089924534,None,Medio,None,None,Bajo,0.853561588,-0.321091,-105.1450567,21.95025278,0,0,0,0,0,0
NAYARIT,18,SAN BLAS,18012,41518,20241,48.75234838,21277,51.24765162,10911,26.28016764,25964,62.53673106,4634,11.16142396,106758.327,0.388897065,73.66202611,3.015559516,None,32.69900328,2.011300135,None,Muy bajo,None,None,Bajo,0.88594258,-0.679499,-105.2860464,21.54173806,0,0,0,0,0,0
NAYARIT,18,SAN PEDRO LAGUNILLAS,18013,7683,3761,48.9522322,3922,51.0477678,1798,23.4023168,4740,61.69465053,1145,14.90303267,51095.01688,0.150366914,100,0.41650397,None,34.67232482,1.148560565,None,Muy bajo,None,None,Muy bajo,0.891081105,-0.916683,-104.7511097,21.22190611,0,0,0,0,0,0
NAYARIT,18,SANTA MARIA DEL ORO,18014,24911,12362,49.6246638,12549,50.3753362,6655,26.71510578,15664,62.87985227,2592,10.40504195,108110.1283,0.230422444,78.55164385,8.690939745,None,29.82070646,1.751021333,None,Bajo,None,None,Bajo,0.871760373,-0.623588,-104.5872067,21.33318944,0,0,0,0,0,0
NAYARIT,18,SANTIAGO IXCUINTLA,18015,93981,46515,49.49404667,47466,50.50595333,23650,25.16466094,59003,62.78183888,11315,12.03966759,168749.8309,0.556925003,70.7377023,1.730136943,None,23.40137429,1.192535001,None,Bajo,None,None,Muy bajo,0.881027354,-0.795071,-105.2060444,21.80833583,0,0,0,0,0,0
NAYARIT,18,TECUALA,18016,37135,18293,49.26080517,18842,50.73919483,9129,24.58327723,22628,60.93442844,5375,14.4742157,97774.0535,0.379804239,63.32301064,0.595125892,None,31.9261836,1.742279677,None,Muy bajo,None,None,Muy bajo,0.886617096,-0.875713,-105.4560339,22.39504111,0,0,0,0,0,0
NAYARIT,18,TEPIC,18017,425924,218832,51.37818014,207092,48.62181986,103105,24.20737033,286095,67.17043416,36201,8.499403649,161928.7171,2.630317881,10.9946845,3.838008659,None,21.61822139,0.784751219,None,Muy bajo,None,None,Muy bajo,0.935580027,-1.213796,-104.8937992,21.50741306,0,0,0,0,0,0
NAYARIT,18,TUXPAN,18018,30064,15092,50.19957424,14972,49.80042576,7069,23.5131719,19203,63.87373603,3790,12.6064396,30715.86984,0.978777425,26.77953699,1.077700905,None,32.18544994,1.332308343,None,Muy bajo,None,None,Muy bajo,0.901491429,-0.961274,-105.2980872,21.94479028,0,0,0,0,0,0
NAYARIT,18,LA YESCA,18019,13719,6861,50.01093374,6858,49.98906626,4576,33.35520082,7954,57.97798673,1036,7.551570814,427506.2416,0.03209076,100,44.97412348,None,69.56087779,25.16299659,None,Muy alto,None,None,Alto,0.697279831,1.743538,-104.0097639,21.31888528,0,0,0,0,0,0
NAYARIT,18,BAHIA DE BANDERAS,18020,187632,93338,49.74524601,94294,50.25475399,54071,28.81757909,124376,66.28720048,8909,4.748123987,76389.87376,2.456241787,14.92336062,2.155815639,None,29.8961424,1.648151171,None,Muy bajo,None,None,Muy bajo,0.927092885,-1.045391,-105.2479242,20.80676,0,0,0,0,0,0
NUEVO LEON,19,ABASOLO,19001,2974,1532,51.51311365,1442,48.48688635,797,26.79892401,1959,65.87088097,216,7.262945528,4644.993752,0.640259204,100,0.7733692,None,10.37940762,0.512341326,None,Muy bajo,None,None,Muy bajo,0.906511512,-1.125021,-100.3999883,25.9453375,0,0,0,0,0,0
NUEVO LEON,19,AGUALEGUAS,19002,3382,1692,50.0295683,1690,49.9704317,660,19.51507983,2048,60.55588409,674,19.92903607,97246.30873,0.03477767,100,0.147841514,None,8.705022831,0.426179604,None,Muy bajo,None,None,Muy bajo,0.890838824,-0.93282,-99.53938917,26.31091472,0,0,0,0,0,0
NUEVO LEON,19,LOS ALDAMAS,19003,1407,708,50.31982942,699,49.68017058,302,21.46410803,807,57.35607676,298,21.17981521,68832.54224,0.020440913,100,0,None,12.54505495,0.504761905,None,Bajo,None,None,Muy bajo,0.88515197,-0.907215,-99.19673333,26.06414333,0,0,0,0,0,0
NUEVO LEON,19,ALLENDE,19004,35289,17460,49.47717419,17829,50.52282581,8612,24.40420528,23332,66.11692029,3332,9.442035762,18855.9088,1.87150884,18.26631528,0.980475502,None,22.58908706,0.907786341,None,Muy bajo,None,None,Muy bajo,0.939669258,-1.142397,-100.0083239,25.2869,0,0,0,0,0,0
NUEVO LEON,19,ANAHUAC,19005,18030,9178,50.90404881,8852,49.09595119,4936,27.37659456,11220,62.2296173,1874,10.39378813,450966.054,0.039980836,8.962839712,0.188574598,None,33.2733116,1.55555354,None,Muy bajo,None,None,Muy bajo,0.895283853,-0.825282,-100.1324361,27.24064722,0,0,0,0,0,0
NUEVO LEON,19,APODACA,19006,656464,324951,49.50020108,331513,50.49979892,165677,25.23778912,466977,71.13520315,23584,3.592580857,22261.12995,29.48924882,2.701747544,1.359556655,None,14.21468874,0.800497475,None,Muy bajo,None,None,Muy bajo,0.960121259,-1.506361,-100.1892278,25.78129444,0,0,0,0,0,0
NUEVO LEON,19,ARAMBERRI,19007,14992,7325,48.85939168,7667,51.14060832,3917,26.12726788,8937,59.61179296,2138,14.26093917,265979.5457,0.056365237,100,0.026680896,None,54.77926311,10.0095179,None,Medio,None,None,Bajo,0.834542723,-0.084188,-99.81806667,24.10058611,0,0,0,0,0,0
NUEVO LEON,19,BUSTAMANTE,19008,3661,1837,50.17754712,1824,49.82245288,926,25.29363562,2225,60.77574433,505,13.79404534,46293.3128,0.079082696,100,0.245834471,None,31.84046243,1.08150289,None,Muy bajo,None,None,Muy bajo,0.886287785,-0.908533,-100.5027056,26.53466389,0,0,0,0,0,0
NUEVO LEON,19,CADEREYTA JIMENEZ,19009,122337,59960,49.01215495,62377,50.98784505,31008,25.34637926,83069,67.90177951,8175,6.682361019,112980.7291,1.08281298,14.24998161,2.699919076,None,21.08923945,1.42074585,None,Muy bajo,None,None,Muy bajo,0.935872149,-1.160138,-100.0015944,25.59100833,0,0,0,0,0,0
NUEVO LEON,19,EL CARMEN,19010,104478,51595,49.38360229,52883,50.61639771,34472,32.99450602,68399,65.46737112,1550,1.483565918,10331.21921,10.11284321,1.268209575,8.55682536,None,28.44807442,1.791226008,None,Muy bajo,None,None,Muy bajo,0.941151461,-1.213524,-100.3641222,25.93222778,0,0,0,0,0,0
NUEVO LEON,19,CERRALVO,19011,7340,3633,49.49591281,3707,50.50408719,1798,24.49591281,4668,63.59673025,874,11.90735695,99848.09349,0.073511669,8.188010899,0.354223433,None,11.01370254,0.920924922,None,Muy bajo,None,None,Muy bajo,0.919004015,-0.899237,-99.61473333,26.08986944,0,0,0,0,0,0
NUEVO LEON,19,CIENEGA DE FLORES,19012,68747,33541,48.78903807,35206,51.21096193,21399,31.12717646,45676,66.44071741,1664,2.420469257,13747.51431,5.000685829,12.00197827,6.798842131,None,23.6907978,1.582255162,None,Muy bajo,None,None,Muy bajo,0.938291322,-1.160312,-100.1681083,25.95206944,0,0,0,0,0,0
NUEVO LEON,19,CHINA,19013,9930,4969,50.04028197,4961,49.95971803,2437,24.54179255,6203,62.4672709,1290,12.99093656,422418.8289,0.023507475,16.77744209,0.151057402,None,17.21886234,1.024423768,None,Muy bajo,None,None,Bajo,0.90219636,-0.557934,-99.23931667,25.70591389,0,0,0,0,0,0
NUEVO LEON,19,DOCTOR ARROYO,19014,36088,18028,49.95566393,18060,50.04433607,10681,29.59709599,20995,58.17723343,4327,11.99013523,499901.7662,0.072190183,67.24118821,0.144092219,None,57.41874406,12.57130316,None,Alto,None,None,Medio,0.822764867,0.185431,-100.1822556,23.67469167,0,0,0,0,0,0
NUEVO LEON,19,DOCTOR COSS,19015,1360,703,51.69117647,657,48.30882353,302,22.20588235,804,59.11764706,254,18.67647059,71417.49684,0.019042953,100,1.176470588,None,13.90836653,0.983266932,None,Bajo,None,None,Muy bajo,0.88055715,-0.769808,-99.18437222,25.92589722,0,0,0,0,0,0
NUEVO LEON,19,DOCTOR GONZALEZ,19016,3256,1584,48.64864865,1672,51.35135135,812,24.93857494,2080,63.88206388,364,11.17936118,60901.17059,0.053463669,100,1.535626536,None,15.21092517,1.288285444,None,Bajo,None,None,Muy bajo,0.884514376,-0.748767,-99.94186889,25.85882944,0,0,0,0,0,0
NUEVO LEON,19,GALEANA,19017,40903,20459,50.01833606,20444,49.98166394,11467,28.03461849,24663,60.29631078,4771,11.66418111,699471.2496,0.058477028,80.82292252,0.176026208,None,41.57150917,5.532093253,None,Medio,None,None,Bajo,0.853484432,-0.380583,-100.0774278,24.82626667,0,0,0,0,0,0
NUEVO LEON,19,GARCIA,19018,397205,196497,49.46992107,200708,50.53007893,124731,31.40217268,264846,66.67740839,7494,1.886683199,102239.1714,3.885056917,2.028927128,7.184451354,None,22.58245507,1.324163713,None,Muy bajo,None,None,Muy bajo,0.948020296,-1.324283,-100.5854694,25.80049167,0,0,0,0,0,0
NUEVO LEON,19,SAN PEDRO GARZA GARCIA,19019,132169,69583,52.64698984,62586,47.35301016,21363,16.16339686,88198,66.73123047,17883,13.53040426,7010.69688,18.85247676,0.03102089,1.641837345,None,5.45095096,0.284728721,None,Muy bajo,None,None,Muy bajo,0.968415212,-1.367207,-100.4024667,25.66516944,0,0,0,0,0,0
NUEVO LEON,19,GENERAL BRAVO,19020,5506,2710,49.21903378,2796,50.78096622,1459,26.49836542,3360,61.02433709,678,12.31383945,187097.7291,0.02942847,100,1.416636397,None,18.27976879,1.458381503,None,Bajo,None,None,Muy bajo,0.884536234,-0.880533,-99.18123333,25.79329722,0,0,0,0,0,0
NUEVO LEON,19,GENERAL ESCOBEDO,19021,481213,239052,49.67696218,242161,50.32303782,127161,26.42509658,335149,69.64670531,18619,3.869180592,14753.95883,32.61585623,1.862376952,3.141436329,None,24.95896966,2.063118969,None,Muy bajo,None,None,Muy bajo,0.948144195,-1.342311,-100.3226417,25.80798611,0,0,0,0,0,0
NUEVO LEON,19,GENERAL TERAN,19022,14109,6994,49.57119569,7115,50.42880431,3240,22.96406549,8671,61.45722588,2198,15.57870863,245414.3485,0.057490526,54.00099227,0.673329081,None,12.2754409,0.938044112,None,Muy bajo,None,None,Muy bajo,0.898882165,-0.809083,-99.68581389,25.25718611,0,0,0,0,0,0
NUEVO LEON,19,GENERAL TREVIÑO,19023,1808,918,50.77433628,890,49.22566372,355,19.63495575,1093,60.45353982,360,19.91150442,38454.47039,0.04701664,100,0,None,10.81242873,0.75940707,None,Muy bajo,None,None,Muy bajo,0.898000421,-0.722708,-99.48408056,26.22696944,0,0,0,0,0,0
NUEVO LEON,19,GENERAL ZARAGOZA,19024,6282,3058,48.67876472,3224,51.32123528,1852,29.48105699,3718,59.18497294,712,11.33397007,129252.3473,0.048602599,100,0.063673989,None,65.71310278,19.61974346,None,Alto,None,None,Medio,0.802831037,0.336598,-99.77239167,23.97326111,0,0,0,0,0,0
NUEVO LEON,19,GENERAL ZUAZUA,19025,102149,50305,49.24668866,51844,50.75331134,30998,30.34586731,69267,67.80976808,1855,1.815974704,18280.07294,5.587997397,1.662277653,7.132717892,None,23.83881319,1.447597671,None,Muy bajo,None,None,Muy bajo,0.942786215,-1.270429,-100.1082472,25.89697778,0,0,0,0,0,0
NUEVO LEON,19,GUADALUPE,19026,643143,324150,50.40092172,318993,49.59907828,127651,19.84799648,446794,69.47039772,68613,10.66838946,11657.63331,55.16925974,1.132096594,1.096334719,None,15.80258002,0.779821626,None,Muy bajo,None,None,Muy bajo,0.952650841,-1.412271,-100.2598972,25.677325,0,0,0,0,0,0
NUEVO LEON,19,LOS HERRERAS,19027,1959,970,49.5150587,989,50.4849413,385,19.65288412,1137,58.03981623,436,22.25625319,49199.53832,0.039817447,100,0.153139357,None,10.40589812,0.899195711,None,Bajo,None,None,Muy bajo,0.882888535,-0.713407,-99.40329722,25.90560556,0,0,0,0,0,0
NUEVO LEON,19,HIGUERAS,19028,1386,662,47.76334776,724,52.23665224,346,24.96392496,864,62.33766234,176,12.6984127,43919.12909,0.031558003,100,3.102453102,None,9.985915493,1.270570793,None,Bajo,None,None,Muy bajo,0.882372542,-0.837919,-100.01435,25.96195556,0,0,0,0,0,0
NUEVO LEON,19,HUALAHUISES,19029,7026,3546,50.46968403,3480,49.53031597,1681,23.92541987,4390,62.48220894,954,13.57813834,12647.15805,0.555539827,16.68089952,0.142328494,None,23.6863062,0.562004114,None,Muy bajo,None,None,Muy bajo,0.91731377,-1.064791,-99.67322778,24.88464167,0,0,0,0,0,0
NUEVO LEON,19,ITURBIDE,19030,3298,1582,47.96846574,1716,52.03153426,826,25.04548211,2010,60.9460279,462,14.00848999,55461.9172,0.059464226,100,0.303214069,None,36.73450771,5.807801195,None,Bajo,None,None,Bajo,0.855512045,-0.269957,-99.90526111,24.72597778,0,0,0,0,0,0
NUEVO LEON,19,JUAREZ,19031,471523,233806,49.58528004,237717,50.41471996,139095,29.49909124,320791,68.03294855,11160,2.36679865,24492.76866,19.25151895,3.220415547,4.063428507,None,24.41696908,1.645356373,None,Muy bajo,None,None,Muy bajo,0.947680274,-1.324739,-100.0908806,25.646225,0,0,0,0,0,0
NUEVO LEON,19,LAMPAZOS DE NARANJO,19032,5351,2694,50.34572977,2657,49.65427023,1439,26.89216969,3291,61.50252289,621,11.60530742,340359.4832,0.015721613,4.952345356,0.074752383,None,15.11878882,0.429347826,None,Muy bajo,None,None,Muy bajo,0.912901747,-0.957253,-100.5043236,27.02531222,0,0,0,0,0,0
NUEVO LEON,19,LINARES,19033,84666,42788,50.53740581,41878,49.46259419,20938,24.73011599,55679,65.76311625,8037,9.49259443,248323.4747,0.340950448,16.87572343,0.172442303,None,26.74165828,2.331071827,None,Muy bajo,None,None,Muy bajo,0.916937142,-1.054393,-99.56786944,24.85965278,0,0,0,0,0,0
NUEVO LEON,19,MARIN,19034,5119,2480,48.4469623,2639,51.5530377,1311,25.6104708,3371,65.85270561,436,8.517288533,26241.90801,0.195069657,100,7.149833952,None,9.838420108,0.608218632,None,Muy bajo,None,None,Muy bajo,0.899278238,-1.09203,-100.0340486,25.87930222,0,0,0,0,0,0
NUEVO LEON,19,MELCHOR OCAMPO,19035,1483,719,48.48280512,764,51.51719488,298,20.09440324,969,65.34052596,216,14.5650708,20593.46599,0.072013133,100,0.20229265,None,10.0690151,0.237958303,None,Muy bajo,None,None,Muy bajo,0.903055434,-1.039397,-99.54228333,26.058525,0,0,0,0,0,0
NUEVO LEON,19,MIER Y NORIEGA,19036,7652,3857,50.40512284,3795,49.59487716,2533,33.10245687,4252,55.56717198,867,11.33037114,98707.61787,0.077521879,100,0.169890225,None,65.14580011,21.35340245,None,Alto,None,None,Medio,0.806921139,0.345079,-100.1196694,23.42311944,0,0,0,0,0,0
NUEVO LEON,19,MINA,19037,6048,2992,49.47089947,3056,50.52910053,1681,27.79431217,3865,63.90542328,502,8.30026455,382680.4295,0.01580431,12.74801587,0.64484127,None,16.0436734,1.918867599,None,Muy bajo,None,None,Muy bajo,0.903358159,-0.790684,-100.5318444,26.00125556,0,0,0,0,0,0
NUEVO LEON,19,MONTEMORELOS,19038,67428,33859,50.2150442,33569,49.7849558,15973,23.68897194,44670,66.24844278,6572,9.746692769,185003.8941,0.364468004,19.22198493,0.565047161,None,18.21262545,0.630465177,None,Muy bajo,None,None,Muy bajo,0.929401056,-1.111001,-99.82695833,25.18925278,0,0,0,0,0,0
NUEVO LEON,19,MONTERREY,19039,1142994,578189,50.58547989,564805,49.41452011,221453,19.37481737,775139,67.81654147,138010,12.07442909,32174.62551,35.52470252,0.00367456,1.770000542,None,19.22348082,1.765332662,None,Muy bajo,None,None,Muy bajo,0.953071937,-1.33268,-100.3108917,25.66469722,0,0,0,0,0,0
NUEVO LEON,19,PARAS,19040,906,449,49.5584989,457,50.4415011,175,19.31567329,526,58.05739514,205,22.62693157,116178.5472,0.007798342,100,0.55187638,None,7.317820658,0.24631101,None,Muy bajo,None,None,Muy bajo,0.897821869,-0.91468,-99.52542222,26.49853889,0,0,0,0,0,0
NUEVO LEON,19,PESQUERIA,19041,147624,71620,48.51514659,76004,51.48485341,46023,31.17582507,99022,67.07716902,2568,1.739554544,31976.33004,4.616664884,6.688614317,9.152305858,None,23.46050941,1.273647734,None,Muy bajo,None,None,Muy bajo,0.938748757,-1.177381,-100.0536778,25.78325833,0,0,0,0,0,0
NUEVO LEON,19,LOS RAMONES,19042,5389,2613,48.48766005,2776,51.51233995,1100,20.41195027,3294,61.1245129,995,18.46353683,132818.0254,0.040574312,100,0.760809055,None,20.71836735,2.075024295,None,Muy bajo,None,None,Muy bajo,0.888739385,-0.784683,-99.62403056,25.69639167,0,0,0,0,0,0
NUEVO LEON,19,RAYONES,19043,2377,1147,48.25410181,1230,51.74589819,595,25.03155238,1411,59.36053849,371,15.60790913,67612.03098,0.035156465,100,0.21034918,None,35.20189003,4.854810997,None,Medio,None,None,Bajo,0.836070379,-0.050216,-100.0732139,25.01812222,0,0,0,0,0,0
NUEVO LEON,19,SABINAS HIDALGO,19044,34709,17674,50.92051053,17035,49.07948947,7847,22.60796911,23069,66.4640295,3775,10.87614163,152898.6993,0.227006509,3.419862284,0.331326169,None,24.66072939,0.959574753,None,Muy bajo,None,None,Muy bajo,0.93056745,-1.210437,-100.1811472,26.49836944,0,0,0,0,0,0
NUEVO LEON,19,SALINAS VICTORIA,19045,86766,42631,49.13330106,44135,50.86669894,25834,29.77433557,58208,67.08618583,2648,3.051886684,165269.3848,0.524997416,11.50796395,6.648917779,None,27.38052601,1.842865987,None,Muy bajo,None,None,Muy bajo,0.938533545,-1.182215,-100.2915056,25.95956667,0,0,0,0,0,0
NUEVO LEON,19,SAN NICOLAS DE LOS GARZA,19046,412199,209241,50.76213188,202958,49.23786812,67049,16.26617241,290321,70.43224268,54766,13.28630103,5960.311601,69.15729036,0,0.817808874,None,10.84369177,0.367498605,None,Muy bajo,None,None,Muy bajo,0.961726405,-1.460158,-100.2895861,25.75525278,0,0,0,0,0,0
NUEVO LEON,19,HIDALGO,19047,16086,8004,49.75755315,8082,50.24244685,3923,24.38766629,10691,66.46151933,1470,9.138381201,16904.12126,0.95160226,0.18028099,0.317045878,None,23.29502426,1.145827234,None,Muy bajo,None,None,Muy bajo,0.936121786,-1.146255,-100.4468944,25.97565,0,0,0,0,0,0
NUEVO LEON,19,SANTA CATARINA,19048,306322,153705,50.1775909,152617,49.8224091,70891,23.14264075,211902,69.17622632,20902,6.823538629,90698.28043,3.377373844,0.741050267,2.687368194,None,16.45439505,0.830468076,None,Muy bajo,None,None,Muy bajo,0.950740012,-1.347309,-100.4617472,25.67436389,0,0,0,0,0,0
NUEVO LEON,19,SANTIAGO,19049,46784,23324,49.85465116,23460,50.14534884,9980,21.33207934,30856,65.95417237,5462,11.6749316,73194.69914,0.639171969,8.047623119,3.212636799,None,12.39703556,0.728155527,None,Muy bajo,None,None,Muy bajo,0.940058733,-1.160329,-100.1530111,25.4271,0,0,0,0,0,0
NUEVO LEON,19,VALLECILLO,19050,1552,732,47.16494845,820,52.83505155,328,21.13402062,937,60.37371134,287,18.49226804,175091.6722,0.008863928,100,1.610824742,None,11.61440108,0.899057874,None,Bajo,None,None,Bajo,0.87949366,-0.686661,-99.98957944,26.65967278,0,0,0,0,0,0
NUEVO LEON,19,VILLALDAMA,19051,3573,1786,49.98600616,1787,50.01399384,731,20.45899804,2227,62.32857543,612,17.12846348,87205.52779,0.040972173,100,0.111950742,None,12.35546416,0.980904818,None,Muy bajo,None,None,Muy bajo,0.890341278,-0.983773,-100.4245611,26.498225,0,0,0,0,0,0
OAXACA,20,ABEJONES,20001,841,481,57.19381688,360,42.80618312,231,27.46730083,515,61.23662307,95,11.2960761,12636.59377,0.066552745,100,96.90844233,None,93.57264957,24.29304029,None,Alto,None,None,Medio,0.815060797,0.815821,-96.60817417,17.43575222,0,0,0,0,0,0
OAXACA,20,ACATLAN DE PEREZ FIGUEROA,20002,45167,23187,51.3361525,21980,48.6638475,12366,27.37839573,28469,63.03053114,4331,9.588859123,75218.98988,0.600473365,70.40981247,18.92532158,None,59.41224493,18.55338701,None,Medio,None,None,Bajo,0.829150778,0.066739,-96.60761,18.53856333,0,0,0,0,0,0
OAXACA,20,ASUNCION CACALOTEPEC,20003,2547,1318,51.74715351,1229,48.25284649,688,27.01217118,1437,56.41931684,422,16.56851197,7644.416578,0.333184354,100,98.3117393,None,90.39698697,34.72638436,None,Alto,None,None,Muy alto,0.782072499,1.873466,-95.95656167,17.03526417,0,0,0,0,0,0
OAXACA,20,ASUNCION CUYOTEPEJI,20004,1107,584,52.75519422,523,47.24480578,276,24.93224932,659,59.53026197,172,15.53748871,8357.926992,0.132449111,100,0.27100271,None,63.23154982,15.76845018,None,Medio,None,None,Bajo,0.854524487,-0.158009,-97.6743525,17.93090056,0,0,0,0,0,0
OAXACA,20,ASUNCION IXTALTEPEC,20005,15261,7711,50.52748837,7550,49.47251163,3259,21.35508813,9589,62.8333661,2410,15.79188782,66097.67085,0.230885594,50.09501343,68.18688159,None,30.95916309,4.546934124,None,Bajo,None,None,Bajo,0.876994294,-0.494904,-95.057045,16.50383972,0,0,0,0,0,0
OAXACA,20,ASUNCION NOCHIXTLAN,20006,20464,10887,53.20074277,9577,46.79925723,6149,30.04788898,12552,61.33698202,1760,8.600469116,34348.37439,0.595777831,22.54202502,24.24257232,None,75.89788645,22.15451497,None,Medio,None,None,Bajo,0.852196354,-0.050485,-97.22519861,17.45893639,0,0,0,0,0,0
OAXACA,20,ASUNCION OCOTLAN,20007,2395,1304,54.44676409,1091,45.55323591,517,21.58663883,1317,54.98956159,561,23.42379958,453.1210056,5.285563835,100,98.62212944,None,83.59543919,41.15413851,None,Muy alto,None,None,Muy alto,0.724670034,2.176115,-96.72132556,16.75917917,0,0,0,0,0,0
OAXACA,20,ASUNCION TLACOLULITA,20008,734,379,51.63487738,355,48.36512262,159,21.66212534,403,54.90463215,172,23.43324251,19090.23887,0.038448969,100,16.21253406,None,70.44475524,17.60699301,None,Medio,None,None,Medio,0.82928631,0.324694,-95.72630528,16.30026306,0,0,0,0,0,0
OAXACA,20,AYOTZINTEPEC,20009,6857,3574,52.12191921,3283,47.87808079,2135,31.13606533,4175,60.88668514,547,7.977249526,15740.89452,0.435616921,100,82.71838997,None,94.15948467,45.30119947,None,Alto,None,None,Medio,0.819935344,0.449867,-96.13327083,17.67670861,0,0,0,0,0,0
OAXACA,20,EL BARRIO DE LA SOLEDAD,20010,13474,6972,51.74409975,6502,48.25590025,2917,21.64910197,8747,64.91761912,1809,13.42585721,25275.21526,0.533091404,100,11.50363663,None,23.14196589,4.617293503,None,Bajo,None,None,Muy bajo,0.882896381,-0.856314,-95.11219,16.803935,0,0,0,0,0,0
OAXACA,20,CALIHUALA,20011,1402,712,50.78459344,690,49.21540656,463,33.02425107,740,52.78174037,199,14.19400856,6767.122328,0.207178167,100,48.64479315,None,83.43873518,39.40237154,None,Alto,None,None,Medio,0.774052503,0.821549,-98.27837611,17.5328575,0,0,0,0,0,0
OAXACA,20,CANDELARIA LOXICHA,20012,11166,5716,51.19111589,5450,48.80888411,4255,38.10675264,6106,54.68386172,805,7.209385635,18217.88799,0.612914077,100,79.37488805,None,84.66025234,44.7531996,None,Muy alto,None,None,Alto,0.727152164,1.768702,-96.49191889,15.92633444,0,0,0,0,0,0
OAXACA,20,CIENEGA DE ZIMATLAN,20013,3043,1579,51.88958265,1464,48.11041735,698,22.93789024,1890,62.10976011,455,14.95234965,1029.08568,2.956993824,100,1.938876109,None,69.40416391,8.960013219,None,Bajo,None,None,Bajo,0.864247802,-0.583268,-96.76661833,16.89708806,0,0,0,0,0,0
OAXACA,20,CIUDAD IXTEPEC,20014,28082,14783,52.64226195,13299,47.35773805,6712,23.90143152,18325,65.25532369,3045,10.84324478,29504.88965,0.951774446,7.360586853,40.72003419,None,30.0455143,4.35523727,None,Muy bajo,None,None,Muy bajo,0.900967009,-0.756319,-95.0987125,16.56769833,0,0,0,0,0,0
OAXACA,20,COATECAS ALTAS,20015,5356,2829,52.81926811,2527,47.18073189,1587,29.63032114,3129,58.42046303,640,11.94921583,11981.8455,0.447009603,100,63.94697535,None,95.11227602,50.45215402,None,Muy alto,None,None,Muy alto,0.733080414,2.010036,-96.66498056,16.53675889,0,0,0,0,0,0
OAXACA,20,COICOYAN DE LAS FLORES,20016,9563,5103,53.36191572,4460,46.63808428,3884,40.61486981,5088,53.20506117,590,6.169612046,12622.22313,0.757631988,100,99.80131758,None,99.30305649,82.35046981,None,Muy alto,None,None,Muy alto,0.668678395,3.30464,-98.27609444,17.27289833,0,0,0,0,0,0
OAXACA,20,LA COMPAÑIA,20017,3607,1906,52.8416967,1701,47.1583033,960,26.61491544,2108,58.44191849,539,14.94316607,10454.51844,0.345018283,100,1.580260604,None,85.89507555,32.58981533,None,Alto,None,None,Alto,0.776399695,1.031368,-96.81997972,16.55823028,0,0,0,0,0,0
OAXACA,20,CONCEPCION BUENAVISTA,20018,752,377,50.13297872,375,49.86702128,209,27.79255319,390,51.86170213,153,20.34574468,22421.51699,0.033539211,100,3.989361702,None,75.89986649,23.79839786,None,Alto,None,None,Medio,0.818437553,0.416116,-97.40023306,17.87853333,0,0,0,0,0,0
OAXACA,20,CONCEPCION PAPALO,20019,2754,1378,50.03631082,1376,49.96368918,699,25.38126362,1605,58.2788671,450,16.33986928,17340.25251,0.158821217,100,68.30065359,None,93.083859,34.52504638,None,Alto,None,None,Medio,0.804032238,0.68511,-96.88136028,17.84136528,0,0,0,0,0,0
OAXACA,20,CONSTANCIA DEL ROSARIO,20020,4847,2672,55.12688261,2175,44.87311739,1819,37.52836806,2678,55.25067052,350,7.220961419,5724.608561,0.846695446,100,67.19620384,None,78.33944361,42.96075049,None,Alto,None,None,Medio,0.774841654,0.96141,-97.94145806,17.03782194,0,0,0,0,0,0
OAXACA,20,COSOLAPA,20021,14488,7642,52.74710105,6846,47.25289895,3946,27.23633352,9274,64.0115958,1268,8.752070679,11175.28116,1.296432706,42.53865268,8.310325787,None,56.91237508,15.37373205,None,Medio,None,None,Bajo,0.854377456,-0.29893,-96.68238611,18.60178694,0,0,0,0,0,0
OAXACA,20,COSOLTEPEC,20022,803,418,52.05479452,385,47.94520548,174,21.66874222,385,47.94520548,244,30.3860523,11142.86469,0.072064054,100,32.50311333,None,75.88844086,23.54569892,None,Medio,None,None,Bajo,0.838632913,0.065971,-97.79067194,18.14197694,0,0,0,0,0,0
OAXACA,20,CUILAPAM DE GUERRERO,20023,26882,14019,52.15013764,12863,47.84986236,7146,26.58284354,17840,66.36410981,1896,7.053046648,4989.064485,5.388184515,41.36224983,18.30964958,None,57.40822161,20.0862963,None,Alto,None,None,Medio,0.818060207,0.271797,-96.78059111,16.99600139,0,0,0,0,0,0
OAXACA,20,CUYAMECALCO VILLA DE ZARAGOZA,20024,3644,1797,49.31394072,1847,50.68605928,1063,29.1712404,2067,56.7233809,514,14.1053787,7898.959808,0.461326566,100,41.30076839,None,93.74116657,46.53449243,None,Alto,None,None,Alto,0.769371893,1.24711,-96.83137639,17.96508306,0,0,0,0,0,0
OAXACA,20,CHAHUITES,20025,11356,5787,50.95984502,5569,49.04015498,3045,26.81401902,7155,63.00634026,1134,9.985910532,2278.137955,4.984772751,2.659387108,11.30679817,None,63.46552047,20.4753769,None,Medio,None,None,Bajo,0.840748891,-0.070896,-94.19582389,16.28760889,0,0,0,0,0,0
OAXACA,20,CHALCATONGO DE HIDALGO,20026,9035,4798,53.10459325,4237,46.89540675,2552,28.24571112,5376,59.50193691,1107,12.25235196,13360.04266,0.676270296,100,65.86607637,None,82.3466275,25.37939216,None,Alto,None,None,Medio,0.817715438,0.700694,-97.57098944,17.03202889,0,0,0,0,0,0
OAXACA,20,CHIQUIHUITLAN DE BENITO JUAREZ,20027,2179,1185,54.38274438,994,45.61725562,535,24.55254704,1274,58.46718678,370,16.98026618,3592.442846,0.606551055,100,79.76135842,None,88.74744661,32.20334262,None,Alto,None,None,Alto,0.768609535,1.483942,-96.7454475,17.99543944,0,0,0,0,0,0
OAXACA,20,HEROICA CIUDAD DE EJUTLA DE CRESPO,20028,23148,12069,52.13841369,11079,47.86158631,6608,28.5467427,13862,59.88422326,2678,11.56903404,31861.1979,0.726526356,51.75393123,4.488508726,None,66.08037499,19.75057805,None,Alto,None,None,Medio,0.809869258,0.520629,-96.73190056,16.56427556,0,0,0,0,0,0
OAXACA,20,ELOXOCHITLAN DE FLORES MAGON,20029,4215,2220,52.66903915,1995,47.33096085,1429,33.90272835,2309,54.78054567,477,11.31672598,3573.228772,1.179605413,100,97.69869514,None,91.13196622,48.32038601,None,Muy alto,None,None,Muy alto,0.750344704,2.271906,-96.87609083,18.17688083,0,0,0,0,0,0
OAXACA,20,EL ESPINAL,20030,8730,4491,51.44329897,4239,48.55670103,1905,21.82130584,5692,65.20045819,1133,12.97823597,5628.774369,1.550959308,6.930126002,67.98396334,None,24.35593812,2.335000582,None,Muy bajo,None,None,Muy bajo,0.923410072,-1.015521,-95.04283611,16.48570972,0,0,0,0,0,0
OAXACA,20,TAMAZULAPAM DEL ESPIRITU SANTO,20031,7185,3981,55.40709812,3204,44.59290188,2109,29.35281837,4240,59.0118302,836,11.63535143,11216.76755,0.640558875,100,96.65970772,None,88.7676753,31.50232761,None,Alto,None,None,Alto,0.79557799,1.292013,-96.06510611,17.05443583,0,0,0,0,0,0
OAXACA,20,FRESNILLO DE TRUJANO,20032,1077,539,50.04642526,538,49.95357474,295,27.39090065,585,54.31754875,197,18.2915506,6118.1662,0.176033139,100,0.185701021,None,75.32212885,18.99346405,None,Alto,None,None,Medio,0.778463919,0.365571,-98.13630111,17.9080125,0,0,0,0,0,0
OAXACA,20,GUADALUPE ETLA,20033,2929,1532,52.3045408,1397,47.6954592,643,21.95288494,2003,68.38511437,283,9.662000683,428.8271747,6.830257439,100,12.35916695,None,25.10964286,4.199642857,None,Muy bajo,None,None,Muy bajo,0.893152568,-0.890246,-96.81057556,17.17163694,0,0,0,0,0,0
OAXACA,20,GUADALUPE DE RAMIREZ,20034,1288,674,52.32919255,614,47.67080745,352,27.32919255,688,53.41614907,248,19.25465839,3079.83693,0.41820396,100,3.804347826,None,68.26303318,14.48262243,None,Medio,None,None,Bajo,0.839276263,-0.221517,-98.16439417,17.75605056,0,0,0,0,0,0
OAXACA,20,GUELATAO DE JUAREZ,20035,657,332,50.53272451,325,49.46727549,223,33.94216134,373,56.77321157,61,9.284627093,451.0498036,1.456601898,100,31.96347032,None,28.35869565,1.023550725,None,Muy bajo,None,None,Muy bajo,0.913014131,-1.144406,-96.49368333,17.31817333,0,0,0,0,0,0
OAXACA,20,GUEVEA DE HUMBOLDT,20036,5256,2771,52.72070015,2485,47.27929985,1586,30.17503805,3157,60.06468798,513,9.760273973,28160.40125,0.186645068,100,78.51978691,None,80.6476834,24.74227799,None,Alto,None,None,Medio,0.805818989,0.799478,-95.36805583,16.79261417,0,0,0,0,0,0
OAXACA,20,MESONES HIDALGO,20037,4424,2373,53.63924051,2051,46.36075949,1370,30.96745027,2545,57.52712477,509,11.50542495,17510.5788,0.252647274,100,48.66636528,None,87.19144509,42.89734104,None,Alto,None,None,Alto,0.77351288,1.003708,-97.96654556,16.91535556,0,0,0,0,0,0
OAXACA,20,VILLA HIDALGO,20038,1885,985,52.25464191,900,47.74535809,428,22.70557029,1192,63.23607427,265,14.05835544,5905.140198,0.31921342,100,96.87002653,None,77.26623377,19.88149351,None,Alto,None,None,Medio,0.805328102,0.526231,-96.17883444,17.18588806,0,0,0,0,0,0
OAXACA,20,HEROICA CIUDAD DE HUAJUAPAN DE LEON,20039,78313,41151,52.54683131,37162,47.45316869,21758,27.78338207,50131,64.01363758,6366,8.12891857,32541.27397,2.406574496,28.28393753,13.32984307,None,45.42563782,10.40123284,None,Muy bajo,None,None,Muy bajo,0.890225278,-0.807282,-97.77623583,17.80683722,0,0,0,0,0,0
OAXACA,20,HUAUTEPEC,20040,6385,3408,53.37509789,2977,46.62490211,2319,36.31949883,3505,54.89428348,561,8.786217698,4692.156362,1.360781591,100,99.54581049,None,97.46962025,75.28639241,None,Muy alto,None,None,Muy alto,0.681600127,2.933266,-96.79729861,18.10197806,0,0,0,0,0,0
OAXACA,20,HUAUTLA DE JIMENEZ,20041,31710,17082,53.86944182,14628,46.13055818,9482,29.90223904,18334,57.81772312,3894,12.28003784,14764.13869,2.147771751,60.63702302,97.4392936,None,82.04835602,40.08296943,None,Muy alto,None,None,Muy alto,0.74740977,1.853011,-96.84616167,18.13037722,0,0,0,0,0,0
OAXACA,20,IXTLAN DE JUAREZ,20042,8385,4349,51.86642815,4036,48.13357185,2528,30.14907573,5171,61.66964818,686,8.181276088,56228.73476,0.149123042,100,68.77757901,None,74.41909325,15.71077528,None,Medio,None,None,Bajo,0.851913169,-0.066751,-96.48780167,17.33152861,0,0,0,0,0,0
OAXACA,20,JUCHITAN DE ZARAGOZA,20043,113570,58954,51.90983534,54616,48.09016466,28905,25.45126354,75031,66.06586246,8737,7.693052743,48074.2132,2.362389157,17.41833231,83.94646474,None,50.86458264,16.02612197,None,Bajo,None,None,Bajo,0.881590201,-0.59883,-95.02163306,16.4333075,0,0,0,0,0,0
OAXACA,20,LOMA BONITA,20044,40934,21441,52.37944007,19493,47.62055993,10731,26.21537109,25652,62.66673181,4544,11.1007964,48500.9256,0.843983893,23.12258758,7.819905213,None,66.46668678,19.05809692,None,Bajo,None,None,Bajo,0.864669118,-0.242733,-95.87997611,18.10987111,0,0,0,0,0,0
OAXACA,20,MAGDALENA APASCO,20045,7888,4148,52.5862069,3740,47.4137931,1907,24.17596349,5383,68.24290061,598,7.581135903,2699.534795,2.921984934,100,6.655679513,None,27.1369863,1.91755217,None,Muy bajo,None,None,Muy bajo,0.899590365,-0.993843,-96.82109083,17.24206306,0,0,0,0,0,0
OAXACA,20,MAGDALENA JALTEPEC,20046,2943,1604,54.50220863,1339,45.49779137,658,22.35813795,1700,57.7641862,581,19.74176011,23487.81189,0.125299028,100,15.12062521,None,83.43540503,22.71263966,None,Alto,None,None,Medio,0.81812746,0.426558,-97.22127667,17.32362056,0,0,0,0,0,0
OAXACA,20,SANTA MAGDALENA JICOTLAN,20047,81,40,49.38271605,41,50.61728395,11,13.58024691,48,59.25925926,22,27.16049383,2673.687532,0.030295238,100,1.234567901,None,67.875,10.4,None,Bajo,None,None,Bajo,0.866909636,-0.459308,-97.4706525,17.80701667,0,0,0,0,0,0
OAXACA,20,MAGDALENA MIXTEPEC,20048,1433,741,51.70969993,692,48.29030007,556,38.79972087,768,53.59385904,109,7.606420098,4111.816853,0.34850774,100,13.04954641,None,95.69446441,56.22861251,None,Alto,None,None,Muy alto,0.76974672,1.939802,-96.90772778,16.89611167,0,0,0,0,0,0
OAXACA,20,MAGDALENA OCOTLAN,20049,1184,599,50.59121622,585,49.40878378,330,27.87162162,724,61.14864865,130,10.97972973,1036.374227,1.142444466,100,23.47972973,None,75.64254953,28.14728682,None,Alto,None,None,Medio,0.808771848,0.750093,-96.71236528,16.70945528,0,0,0,0,0,0
OAXACA,20,MAGDALENA PEÑASCO,20050,3750,1980,52.8,1770,47.2,1213,32.34666667,2129,56.77333333,408,10.88,8515.292612,0.440384162,100,97.09333333,None,91.29423292,29.69568869,None,Alto,None,None,Alto,0.776058716,1.79183,-97.55153861,17.23625194,0,0,0,0,0,0
OAXACA,20,MAGDALENA TEITIPAC,20051,4764,2543,53.37951301,2221,46.62048699,1558,32.70361041,2791,58.5852225,382,8.018471872,3944.103719,1.207878986,100,98.46767422,None,94.14111349,48.98094218,None,Muy alto,None,None,Muy alto,0.700483698,1.985178,-96.55873861,16.90662056,0,0,0,0,0,0
OAXACA,20,MAGDALENA TEQUISISTLAN,20052,5996,3057,50.98398933,2939,49.01601067,1482,24.71647765,3716,61.97464977,795,13.25883923,84445.01895,0.07100478,100,8.055370247,None,60.48781735,14.21281309,None,Medio,None,None,Bajo,0.833369589,0.109878,-95.60290944,16.39891694,0,0,0,0,0,0
OAXACA,20,MAGDALENA TLACOTEPEC,20053,1297,675,52.04317656,622,47.95682344,259,19.9691596,816,62.91441789,222,17.11642251,12486.57141,0.103871588,100,34.54124904,None,33.97882353,4.752156863,None,Bajo,None,None,Bajo,0.865305163,-0.451465,-95.20330583,16.50396611,0,0,0,0,0,0
OAXACA,20,MAGDALENA ZAHUATLAN,20054,404,215,53.21782178,189,46.78217822,93,23.01980198,241,59.65346535,70,17.32673267,2484.170468,0.162629741,100,2.475247525,None,84.38944724,24.40201005,None,Medio,None,None,Medio,0.843790341,0.350878,-97.22902111,17.38842556,0,0,0,0,0,0
OAXACA,20,MARISCALA DE JUAREZ,20055,3739,1952,52.20647232,1787,47.79352768,1079,28.85798342,2126,56.86012303,534,14.28189355,14403.81492,0.259584007,100,0.989569404,None,68.05322359,15.37997257,None,Medio,None,None,Bajo,0.839796899,-0.216641,-98.14162056,17.86050556,0,0,0,0,0,0
OAXACA,20,MARTIRES DE TACUBAYA,20056,1446,736,50.89903181,710,49.10096819,414,28.63070539,848,58.64453665,184,12.72475795,5774.19431,0.250424548,100,5.394190871,None,64.26511955,21.64697609,None,Alto,None,None,Medio,0.801372301,0.171343,-98.2509125,16.53798583,0,0,0,0,0,0
OAXACA,20,MATIAS ROMERO AVENDAÑO,20057,38183,20007,52.39766388,18176,47.60233612,10337,27.07225729,23567,61.72118482,4271,11.18560616,135717.9326,0.281340861,54.10261111,24.99803578,None,58.80122342,17.48010319,None,Medio,None,None,Bajo,0.854431507,-0.361162,-95.04214944,16.87788944,0,0,0,0,0,0
OAXACA,20,MAZATLAN VILLA DE FLORES,20058,12722,6489,51.00613111,6233,48.99386889,4013,31.54378242,7019,55.17214274,1690,13.28407483,18186.07793,0.699546106,100,97.48467222,None,95.56909528,56.46997598,None,Muy alto,None,None,Muy alto,0.719441618,2.268355,-96.91372111,18.03256444,0,0,0,0,0,0
OAXACA,20,MIAHUATLAN DE PORFIRIO DIAZ,20059,50375,25772,51.16029777,24603,48.83970223,14501,28.78610422,32003,63.52952854,3863,7.668486352,46951.26596,1.072921017,42.17369727,19.04516129,None,66.03761687,24.11963624,None,Medio,None,None,Medio,0.843197139,0.236933,-96.59652417,16.3284775,0,0,0,0,0,0
OAXACA,20,MIXISTLAN DE LA REFORMA,20060,2487,1345,54.08122236,1142,45.91877764,713,28.66907921,1509,60.67551267,265,10.65540812,6779.061543,0.366864939,100,100,None,89.28988487,28.28659539,None,Alto,None,None,Alto,0.793917166,1.614996,-96.11202806,17.14683806,0,0,0,0,0,0
OAXACA,20,MONJAS,20061,2893,1562,53.99239544,1331,46.00760456,909,31.42067058,1645,56.86138956,339,11.71793985,2252.612112,1.2842868,100,5.634289665,None,75.66678383,23.45202109,None,Muy alto,None,None,Alto,0.754270941,1.513554,-96.63676972,16.36718611,0,0,0,0,0,0
OAXACA,20,NATIVIDAD,20062,498,276,55.42168675,222,44.57831325,105,21.08433735,317,63.65461847,76,15.26104418,221.4071787,2.249249563,100,49.39759036,None,46.13939394,4.414141414,None,Bajo,None,None,Bajo,0.870840677,-0.650662,-96.43329361,17.29687556,0,0,0,0,0,0
OAXACA,20,NAZARENO ETLA,20063,4293,2237,52.10808293,2056,47.89191707,898,20.91777312,2927,68.18075938,468,10.90146751,428.912253,10.00904024,100,2.306079665,None,40.35727969,5.164511494,None,Muy bajo,None,None,Muy bajo,0.890596497,-1.033122,-96.82400167,17.17799,0,0,0,0,0,0
OAXACA,20,NEJAPA DE MADERO,20064,8494,4327,50.9418413,4167,49.0581587,2171,25.55921827,5346,62.93854486,977,11.50223687,50605.73239,0.167846598,100,32.25806452,None,66.73351881,13.77271078,None,Medio,None,None,Medio,0.828875438,0.134442,-95.98044972,16.60818139,0,0,0,0,0,0
OAXACA,20,IXPANTEPEC NIEVES,20065,1079,592,54.86561631,487,45.13438369,238,22.05746061,548,50.78776645,293,27.15477294,7252.66923,0.148772813,100,94.71733086,None,85.51760228,33.0903901,None,Alto,None,None,Medio,0.781206383,0.625647,-98.04486167,17.50668611,0,0,0,0,0,0
OAXACA,20,SANTIAGO NILTEPEC,20066,5342,2727,51.04829652,2615,48.95170348,1306,24.44777237,3170,59.34107076,844,15.7993261,54966.97142,0.097185635,100,2.658180457,None,65.49176835,12.17528569,None,Medio,None,None,Bajo,0.840945122,-0.125471,-94.61300417,16.56209333,0,0,0,0,0,0
OAXACA,20,OAXACA DE JUAREZ,20067,270955,145103,53.55243491,125852,46.44756509,59475,21.95013932,181878,67.12479932,27432,10.12419036,8965.766039,30.2210652,1.305013748,18.45767747,None,33.97268444,7.866609257,None,Muy bajo,None,None,Muy bajo,0.918851104,-0.958452,-96.72545028,17.05999306,0,0,0,0,0,0
OAXACA,20,OCOTLAN DE MORELOS,20068,23751,12414,52.26727296,11337,47.73272704,6175,25.99890531,15414,64.89832007,2159,9.090143573,11983.21372,1.982022565,29.91874026,8.180708181,None,51.5935264,15.41576443,None,Medio,None,None,Bajo,0.84114297,0.080942,-96.67506444,16.79164056,0,0,0,0,0,0
OAXACA,20,LA PE,20069,3052,1537,50.3604194,1515,49.6395806,1039,34.04325033,1814,59.43643512,199,6.520314548,2698.009534,1.131204305,100,0.950196592,None,89.65095583,29.04943968,None,Alto,None,None,Alto,0.799283301,1.49237,-96.7996575,16.62995861,0,0,0,0,0,0
OAXACA,20,PINOTEPA DE DON LUIS,20070,6416,3254,50.71695761,3162,49.28304239,1963,30.59538653,3741,58.30735661,711,11.08167082,6765.491013,0.948342107,14.72880299,94.95012469,None,83.89216152,39.79873318,None,Alto,None,None,Medio,0.80232952,0.894707,-97.97743528,16.42844167,0,0,0,0,0,0
OAXACA,20,PLUMA HIDALGO,20071,3255,1675,51.45929339,1580,48.54070661,985,30.26113671,1947,59.8156682,323,9.923195084,10389.97965,0.313282616,100,9.001536098,None,76.92850453,28.93256322,None,Alto,None,None,Alto,0.766682517,1.487636,-96.41944333,15.92584611,0,0,0,0,0,0
OAXACA,20,SAN JOSE DEL PROGRESO,20072,8059,4206,52.19009803,3853,47.80990197,2460,30.52487902,4989,61.90594367,610,7.569177317,10878.10849,0.740845709,100,15.1755801,None,79.28179393,27.06339728,None,Alto,None,None,Alto,0.794606167,1.071579,-96.68552861,16.68512806,0,0,0,0,0,0
OAXACA,20,PUTLA VILLA DE GUERRERO,20073,34652,18463,53.28119589,16189,46.71880411,10212,29.47016045,21124,60.96040633,3316,9.569433222,40755.49303,0.850241217,63.26618954,39.92554542,None,79.63555837,34.14512351,None,Medio,None,None,Medio,0.841059844,0.166411,-97.92815278,17.02620528,0,0,0,0,0,0
OAXACA,20,SANTA CATARINA QUIOQUITANI,20074,456,225,49.34210526,231,50.65789474,141,30.92105263,264,57.89473684,51,11.18421053,3862.223639,0.1180667,100,99.34210526,None,95.80266075,18.57427938,None,Medio,None,None,Medio,0.845110562,0.296867,-96.28496472,16.31565417,0,0,0,0,0,0
OAXACA,20,REFORMA DE PINEDA,20075,2660,1378,51.80451128,1282,48.19548872,568,21.35338346,1580,59.39849624,512,19.2481203,3351.065299,0.79377743,100,6.240601504,None,69.82991882,11.22265172,None,Bajo,None,None,Bajo,0.856901562,-0.413756,-94.45843389,16.39931889,0,0,0,0,0,0
OAXACA,20,LA REFORMA,20076,3411,1736,50.89416593,1675,49.10583407,977,28.6426268,2094,61.38962181,340,9.967751393,18720.32738,0.182208352,100,3.019642334,None,72.9058296,23.01733931,None,Medio,None,None,Medio,0.830253206,0.14552,-97.84449778,16.62331472,0,0,0,0,0,0
OAXACA,20,REYES ETLA,20077,4370,2265,51.83066362,2105,48.16933638,1101,25.19450801,2879,65.88100686,390,8.924485126,1198.246991,3.646994345,100,8.19221968,None,41.15876337,7.190376569,None,Bajo,None,None,Bajo,0.857390797,-0.480698,-96.81009278,17.20555611,0,0,0,0,0,0
OAXACA,20,ROJAS DE CUAUHTEMOC,20078,1301,668,51.34511914,633,48.65488086,271,20.83013067,869,66.79477325,161,12.37509608,1248.077349,1.042403342,100,3.535741737,None,26.45105717,2.640563822,None,Bajo,None,None,Muy bajo,0.882113107,-0.722755,-96.61864611,17.00828361,0,0,0,0,0,0
OAXACA,20,SALINA CRUZ,20079,84438,43995,52.10331841,40443,47.89668159,19945,23.62088159,56451,66.85497051,7979,9.449536938,12979.07042,6.505704744,9.211492456,11.43560956,None,26.98577194,4.604834854,None,Muy bajo,None,None,Muy bajo,0.899172073,-0.854991,-95.19215861,16.175885,0,0,0,0,0,0
OAXACA,20,SAN AGUSTIN AMATENGO,20080,1593,810,50.84745763,783,49.15254237,366,22.97551789,891,55.93220339,336,21.09227872,5580.271624,0.285469975,100,1.694915254,None,73.97920605,19.98298677,None,Alto,None,None,Medio,0.794987406,0.72727,-96.789325,16.50994333,0,0,0,0,0,0
OAXACA,20,SAN AGUSTIN ATENoneGO,20081,1871,963,51.46980224,908,48.53019776,438,23.40994121,1018,54.40940673,415,22.18065206,9643.594924,0.194014785,100,84.76750401,None,71.45297297,21.5627027,None,Alto,None,None,Medio,0.801241846,0.470808,-98.0151825,17.61169917,0,0,0,0,0,0
OAXACA,20,SAN AGUSTIN CHAYUCO,20082,4163,2140,51.40523661,2023,48.59476339,1183,28.41700697,2562,61.5421571,418,10.04083594,15158.60243,0.274629539,100,67.30723036,None,77.85508661,25.96364967,None,Alto,None,None,Medio,0.81379215,0.604934,-97.80751833,16.40238222,0,0,0,0,0,0
OAXACA,20,SAN AGUSTIN DE LAS JUNTAS,20083,11391,5884,51.6548152,5507,48.3451848,3013,26.4507067,7743,67.97471688,562,4.933719603,2603.685072,4.37495307,24.47546308,21.02537091,None,36.32079474,6.701490628,None,Muy bajo,None,None,Muy bajo,0.89910334,-0.714696,-96.71144139,17.01166,0,0,0,0,0,0
OAXACA,20,SAN AGUSTIN ETLA,20084,4168,2184,52.39923225,1984,47.60076775,878,21.06525912,2779,66.67466411,511,12.26007678,5519.963426,0.755077467,100,4.822456814,None,29.5612919,2.56838757,None,Muy bajo,None,None,Muy bajo,0.904375745,-1.152257,-96.76442417,17.18908306,0,0,0,0,0,0
OAXACA,20,SAN AGUSTIN LOXICHA,20085,26194,13416,51.21783615,12778,48.78216385,10180,38.86386195,14407,55.0011453,1607,6.134992746,33779.79667,0.775433916,100,97.60250439,None,95.80719935,65.38980872,None,Muy alto,None,None,Muy alto,0.714604059,2.624402,-96.61676444,16.01660861,0,0,0,0,0,0
OAXACA,20,SAN AGUSTIN TLACOTEPEC,20086,1032,576,55.81395349,456,44.18604651,273,26.45348837,583,56.49224806,176,17.05426357,5145.860327,0.200549555,100,83.13953488,None,82.07931404,32.53269025,None,Alto,None,None,Alto,0.816694973,0.992415,-97.5179,17.20368444,0,0,0,0,0,0
OAXACA,20,SAN AGUSTIN YATARENI,20087,5521,2931,53.08820866,2590,46.91179134,1485,26.89730121,3655,66.20177504,381,6.900923746,640.6853409,8.617334669,100,27.20521645,None,76.02310416,24.65716415,None,Alto,None,None,Bajo,0.80932268,-0.028964,-96.66811722,17.08121194,0,0,0,0,0,0
OAXACA,20,SAN ANDRES CABECERA NUEVA,20088,2881,1486,51.57931274,1395,48.42068726,859,29.8160361,1662,57.68830267,360,12.49566123,26130.03466,0.110256264,100,6.837903506,None,88.97160883,37.10865755,None,Alto,None,None,Alto,0.789786875,1.088933,-97.68099,16.88841556,0,0,0,0,0,0
OAXACA,20,SAN ANDRES DINICUITI,20089,2308,1185,51.34315425,1123,48.65684575,598,25.90987868,1424,61.69844021,286,12.39168111,9921.483826,0.232626494,100,3.899480069,None,84.78484438,29.27649977,None,Medio,None,None,Bajo,0.842295367,-0.065196,-97.72675111,17.68811472,0,0,0,0,0,0
OAXACA,20,SAN ANDRES HUAXPALTEPEC,20090,6234,3240,51.97305101,2994,48.02694899,1776,28.48893167,3899,62.54411293,559,8.966955406,8802.939397,0.708172545,100,48.60442733,None,76.15416121,24.97870249,None,Alto,None,None,Medio,0.786282282,0.432001,-97.91634889,16.32904611,0,0,0,0,0,0
OAXACA,20,SAN ANDRES HUAYAPAM,20091,6279,3279,52.22169135,3000,47.77830865,1331,21.19764294,4345,69.19891703,567,9.030100334,2761.402998,2.273844131,9.237139672,20.14652015,None,26.95755659,3.048268975,None,Muy bajo,None,None,Muy bajo,0.93336117,-1.143017,-96.66623917,17.10254333,0,0,0,0,0,0
OAXACA,20,SAN ANDRES IXTLAHUACA,20092,1776,931,52.42117117,845,47.57882883,444,25,1052,59.23423423,280,15.76576577,2885.787879,0.615429849,100,29.5045045,None,54.22802042,12.71809416,None,Medio,None,None,Medio,0.843968104,0.135865,-96.82517694,17.07087444,0,0,0,0,0,0
OAXACA,20,SAN ANDRES LAGUNAS,20093,518,271,52.31660232,247,47.68339768,124,23.93822394,289,55.79150579,105,20.27027027,5000.503474,0.103589569,100,0.965250965,None,85.06177606,24.18918919,None,Medio,None,None,Medio,0.85075859,0.915384,-97.52274556,17.57442667,0,0,0,0,0,0
OAXACA,20,SAN ANDRES NUXIÑO,20094,1850,968,52.32432432,882,47.67567568,513,27.72972973,1049,56.7027027,288,15.56756757,6406.701616,0.288760131,100,50.37837838,None,95.55038335,30.00438116,None,Medio,None,None,Alto,0.829062061,1.075046,-97.10527111,17.23835806,0,0,0,0,0,0
OAXACA,20,SAN ANDRES PAXTLAN,20095,4562,2267,49.69311705,2295,50.30688295,1354,29.67996493,2855,62.58220079,353,7.737834283,5737.582819,0.795108349,100,89.06181499,None,94.31137184,47.61552347,None,Alto,None,None,Muy alto,0.763990315,2.281001,-96.50758,16.21563583,0,0,0,0,0,0
OAXACA,20,SAN ANDRES SINAXTLA,20096,756,402,53.17460317,354,46.82539683,194,25.66137566,456,60.31746032,106,14.02116402,2260.890803,0.334381474,100,7.142857143,None,50.71543624,6.934228188,None,Bajo,None,None,Bajo,0.873118546,-0.598065,-97.28381111,17.46850194,0,0,0,0,0,0
OAXACA,20,SAN ANDRES SOLAGA,20097,1771,914,51.6092603,857,48.3907397,382,21.56973461,1027,57.98983625,362,20.44042914,4867.21179,0.363863353,100,96.44268775,None,75.88346086,19.3949382,None,Medio,None,None,Medio,0.824865761,0.655867,-96.23689472,17.27102806,0,0,0,0,0,0
OAXACA,20,SAN ANDRES TEOTILALPAM,20098,4233,2239,52.89392866,1994,47.10607134,1288,30.42759272,2464,58.20930782,481,11.36309946,14528.67704,0.291354814,100,74.93503425,None,90.71052632,44.2549493,None,Alto,None,None,Alto,0.787861769,1.449082,-96.65658833,17.95413083,0,0,0,0,0,0
OAXACA,20,SAN ANDRES TEPETLAPA,20099,381,198,51.96850394,183,48.03149606,113,29.65879265,210,55.11811024,58,15.22309711,1439.078821,0.264752698,100,0.262467192,None,96.72994652,50.36096257,None,Muy alto,None,None,Alto,0.757852567,1.382834,-98.39168667,17.66583333,0,0,0,0,0,0
OAXACA,20,SAN ANDRES YAA,20100,393,209,53.18066158,184,46.81933842,69,17.55725191,200,50.89058524,124,31.55216285,4097.460293,0.095913071,100,100,None,78.25063939,17.55754476,None,Alto,None,None,Alto,0.784249853,1.291092,-96.15361611,17.29257833,0,0,0,0,0,0
OAXACA,20,SAN ANDRES ZABACHE,20101,748,411,54.94652406,337,45.05347594,185,24.73262032,456,60.96256684,107,14.30481283,708.461578,1.055808844,100,32.88770053,None,86.00544959,41.77792916,None,Alto,None,None,Alto,0.775514796,1.279723,-96.85773556,16.60014861,0,0,0,0,0,0
OAXACA,20,SAN ANDRES ZAUTLA,20102,5326,2771,52.02778821,2555,47.97221179,1308,24.55876831,3518,66.05332332,500,9.387908374,6946.137528,0.766757062,100,14.5700338,None,44.19084694,9.38435245,None,Medio,None,None,Bajo,0.840171431,-0.050008,-96.86349,17.18638778,0,0,0,0,0,0
OAXACA,20,SAN ANTONINO CASTILLO VELASCO,20103,6064,3182,52.47361478,2882,47.52638522,1537,25.34630607,3896,64.24802111,631,10.40567282,1137.150771,5.332626205,4.287598945,31.6292876,None,71.76581745,24.05635229,None,Alto,None,None,Medio,0.780887156,0.793025,-96.68464,16.8032275,0,0,0,0,0,0
OAXACA,20,SAN ANTONINO EL ALTO,20104,2705,1359,50.24029575,1346,49.75970425,805,29.75970425,1683,62.2181146,217,8.022181146,10554.63369,0.25628554,100,67.72643253,None,89.55340175,30.69175219,None,Alto,None,None,Alto,0.813176002,1.203692,-97.02937444,16.81570056,0,0,0,0,0,0
OAXACA,20,SAN ANTONINO MONTE VERDE,20105,7678,4146,53.99843709,3532,46.00156291,2493,32.46939307,4502,58.63506121,683,8.895545715,10969.36087,0.699949622,100,98.82781974,None,93.2704808,36.10059092,None,Medio,None,None,Medio,0.832848523,0.475729,-97.72062944,17.53361361,0,0,0,0,0,0
OAXACA,20,SAN ANTONIO ACUTLA,20106,249,123,49.39759036,126,50.60240964,52,20.88353414,156,62.65060241,41,16.46586345,1646.433656,0.151235975,100,12.85140562,None,55.58943089,2.93495935,None,Medio,None,None,Medio,0.83881669,0.467169,-97.500305,17.74403,0,0,0,0,0,0
OAXACA,20,SAN ANTONIO DE LA CAL,20107,26282,13890,52.84985922,12392,47.15014078,7062,26.87010121,17612,67.01164295,1484,5.646450042,1102.006787,23.84921791,7.088501636,20.95730918,None,49.89749712,13.2614939,None,Muy bajo,None,None,Bajo,0.894068978,-0.618298,-96.69928417,17.03131333,0,0,0,0,0,0
OAXACA,20,SAN ANTONIO HUITEPEC,20108,2936,1582,53.88283379,1354,46.11716621,872,29.70027248,1559,53.09945504,505,17.20027248,19180.47302,0.153072346,100,64.61171662,None,88.04850214,30.94044223,None,Alto,None,None,Medio,0.809792163,0.841811,-97.14742194,16.92733139,0,0,0,0,0,0
OAXACA,20,SAN ANTONIO NoneAHUATIPAM,20109,1232,627,50.89285714,605,49.10714286,313,25.40584416,782,63.47402597,137,11.12012987,7703.264012,0.159932205,100,16.63961039,None,57.70032841,13.30295567,None,Medio,None,None,Bajo,0.853701768,-0.303757,-97.12364472,18.13029944,0,0,0,0,0,0
OAXACA,20,SAN ANTONIO SINICAHUA,20110,1668,928,55.63549161,740,44.36450839,626,37.52997602,898,53.83693046,144,8.633093525,2927.416993,0.569785584,100,96.28297362,None,96.26867546,53.31763967,None,Muy alto,None,None,Muy alto,0.71838704,2.420981,-97.56795944,17.15157361,0,0,0,0,0,0
OAXACA,20,SAN ANTONIO TEPETLAPA,20111,4873,2557,52.47280936,2316,47.52719064,1584,32.50564334,2860,58.69074492,429,8.803611738,6966.878539,0.699452412,100,92.73548122,None,93.56029724,50.96794055,None,Muy alto,None,None,Alto,0.755001407,1.325247,-98.06622611,16.54236083,0,0,0,0,0,0
OAXACA,20,SAN BALTAZAR CHICHICAPAM,20112,2576,1351,52.44565217,1225,47.55434783,452,17.54658385,1648,63.97515528,476,18.47826087,9243.586695,0.278679704,100,98.52484472,None,85.72993278,33.3353104,None,Alto,None,None,Medio,0.820831322,0.41701,-96.48968056,16.76209722,0,0,0,0,0,0
OAXACA,20,SAN BALTAZAR LOXICHA,20113,3169,1644,51.8775639,1525,48.1224361,965,30.45124645,1933,60.99715999,271,8.551593563,12161.70792,0.260571954,100,35.05837804,None,86.4733119,24.88038585,None,Medio,None,None,Medio,0.832388197,0.637454,-96.79032083,16.0733,0,0,0,0,0,0
OAXACA,20,SAN BALTAZAR YATZACHI EL BAJO,20114,674,349,51.78041543,325,48.21958457,138,20.47477745,360,53.41246291,176,26.11275964,3035.743752,0.222021374,100,97.32937685,None,73.04826546,15.54147813,None,Medio,None,None,Medio,0.834335034,0.238781,-96.21981111,17.22815667,0,0,0,0,0,0
OAXACA,20,SAN BARTOLO COYOTEPEC,20115,10391,5393,51.90068328,4998,48.09931672,2539,24.43460687,7051,67.85679915,764,7.352516601,3143.169933,3.305898256,100,9.286882879,None,37.26243911,7.794116609,None,Bajo,None,None,Muy bajo,0.883619506,-0.808538,-96.70765028,16.95828139,0,0,0,0,0,0
OAXACA,20,SAN BARTOLOME AYAUTLA,20116,4131,2180,52.77172597,1951,47.22827403,1354,32.77656742,2313,55.9912854,464,11.23214718,5729.67925,0.720982767,100,99.2979908,None,97.18366349,68.59501101,None,Muy alto,None,None,Muy alto,0.747106681,2.023575,-96.67150889,18.03180028,0,0,0,0,0,0
OAXACA,20,SAN BARTOLOME LOXICHA,20117,2213,1143,51.64934478,1070,48.35065522,662,29.9141437,1328,60.00903751,223,10.0768188,15714.63039,0.140824184,100,89.74243109,None,80.68772727,27.41136364,None,Alto,None,None,Alto,0.775329849,1.398284,-96.71101556,15.97038972,0,0,0,0,0,0
OAXACA,20,SAN BARTOLOME QUIALANA,20118,2389,1395,58.3926329,994,41.6073671,572,23.94307242,1475,61.74131436,342,14.31561323,2393.623857,0.998068261,100,98.6186689,None,74.68828981,24.15417018,None,Alto,None,None,Medio,0.800513614,0.442045,-96.50120611,16.9018875,0,0,0,0,0,0
OAXACA,20,SAN BARTOLOME YUCUAÑE,20119,735,410,55.78231293,325,44.21768707,126,17.14285714,488,66.39455782,121,16.46258503,8600.126056,0.085463864,100,94.69387755,None,84.70457698,38.99722607,None,Alto,None,None,Medio,0.816611207,0.828961,-97.44792944,17.24254694,0,0,0,0,0,0
OAXACA,20,SAN BARTOLOME ZOOGOCHO,20120,449,207,46.10244989,242,53.89755011,166,36.97104677,214,47.66146993,69,15.3674833,874.9391141,0.513178566,100,64.14253898,None,85.19649123,30.33684211,None,Medio,None,None,Medio,0.837656873,0.161434,-96.24305056,17.24078861,0,0,0,0,0,0
OAXACA,20,SAN BARTOLO SOYALTEPEC,20121,596,307,51.51006711,289,48.48993289,114,19.12751678,342,57.38255034,140,23.48993289,7490.194746,0.079570695,100,53.3557047,None,58.49069374,8.698815567,None,Medio,None,None,Bajo,0.840825317,0.084991,-97.30893472,17.59064083,0,0,0,0,0,0
OAXACA,20,SAN BARTOLO YAUTEPEC,20122,653,332,50.84226646,321,49.15773354,175,26.79938744,357,54.67075038,121,18.52986217,9377.981198,0.069631191,100,47.47320061,None,85.80123267,13.21879815,None,Medio,None,None,Bajo,0.837488349,0.005626,-95.97311222,16.43074139,0,0,0,0,0,0
OAXACA,20,SAN BERNARDO MIXTEPEC,20123,2829,1474,52.10321668,1355,47.89678332,884,31.24779074,1615,57.08731,330,11.66489926,10897.36324,0.259604084,100,7.034287734,None,81.7765043,25.81446991,None,Alto,None,None,Medio,0.813350492,0.506236,-96.89866639,16.82466056,0,0,0,0,0,0
OAXACA,20,SAN BLAS ATEMPA,20124,19696,9925,50.39094232,9771,49.60905768,5377,27.29995938,12824,65.10966694,1458,7.402518278,20924.61821,0.941283602,33.40272136,97.74573517,None,66.87113121,22.91466336,None,Muy alto,None,None,Alto,0.744024081,1.395739,-95.22754583,16.32632194,0,0,0,0,0,0
OAXACA,20,SAN CARLOS YAUTEPEC,20125,11662,5796,49.69987995,5866,50.30012005,3642,31.22963471,6841,58.6606071,1179,10.10975819,231440.8827,0.050388678,100,62.25347282,None,91.97611584,35.98991123,None,Alto,None,None,Alto,0.765346479,1.406811,-96.10670361,16.50060667,0,0,0,0,0,0
OAXACA,20,SAN CRISTOBAL AMATLAN,20126,5396,2818,52.22386953,2578,47.77613047,1742,32.28317272,3173,58.8028169,481,8.914010378,13741.69638,0.392673499,100,93.34692365,None,93.15237209,32.61302326,None,Muy alto,None,None,Muy alto,0.756184813,2.167247,-96.41001611,16.31840806,0,0,0,0,0,0
OAXACA,20,SAN CRISTOBAL AMOLTEPEC,20127,1252,676,53.99361022,576,46.00638978,381,30.4313099,729,58.22683706,142,11.34185304,3182.013274,0.393461589,100,93.92971246,None,95.72115385,39.52644231,None,Alto,None,None,Muy alto,0.781164819,1.964594,-97.5698525,17.28453278,0,0,0,0,0,0
OAXACA,20,SAN CRISTOBAL LACHIRIOAG,20128,1342,706,52.60804769,636,47.39195231,316,23.54694486,791,58.94187779,235,17.51117735,1685.539026,0.796184472,100,93.81520119,None,69.60347551,8.828593997,None,Medio,None,None,Bajo,0.854740969,-0.161677,-96.16504722,17.33597167,0,0,0,0,0,0
OAXACA,20,SAN CRISTOBAL SUCHIXTLAHUACA,20129,356,181,50.84269663,175,49.15730337,98,27.52808989,200,56.17977528,58,16.29213483,5304.891362,0.067107878,100,7.02247191,None,64.05747126,6.344827586,None,Bajo,None,None,Muy bajo,0.876297794,-0.72215,-97.36665583,17.72755389,0,0,0,0,0,0
OAXACA,20,SAN DIONISIO DEL MAR,20130,5180,2593,50.05791506,2587,49.94208494,1496,28.88030888,3189,61.56370656,495,9.555984556,22609.11398,0.229111145,100,72.2972973,None,83.14957851,30.5289159,None,Muy alto,None,None,Medio,0.762533897,0.870932,-94.75700333,16.32053917,0,0,0,0,0,0
OAXACA,20,SAN DIONISIO OCOTEPEC,20131,11411,5998,52.5633161,5413,47.4366839,2951,25.8610113,7458,65.35798791,1001,8.772237315,31121.9852,0.366653988,47.76969591,98.70300587,None,93.51521855,45.65906784,None,Alto,None,None,Alto,0.791387328,1.00164,-96.39603722,16.79775444,0,0,0,0,0,0
OAXACA,20,SAN DIONISIO OCOTLAN,20132,1380,714,51.73913043,666,48.26086957,338,24.49275362,887,64.27536232,155,11.23188406,1010.913487,1.365101977,100,10.07246377,None,50.91153846,13.38769231,None,Medio,None,None,Bajo,0.834720941,0.096859,-96.68083528,16.74644417,0,0,0,0,0,0
OAXACA,20,SAN ESTEBAN ATATLAHUCA,20133,3934,2056,52.26232842,1878,47.73767158,1163,29.56278597,2267,57.62582613,501,12.73512964,10939.41055,0.359617182,100,96.46670056,None,93.05571392,39.71261985,None,Alto,None,None,Muy alto,0.777964229,2.085693,-97.67776944,17.06654944,0,0,0,0,0,0
OAXACA,20,SAN FELIPE JALAPA DE DIAZ,20134,28500,15095,52.96491228,13405,47.03508772,9751,34.21403509,16876,59.21403509,1872,6.568421053,13419.33737,2.123800842,75.91929825,97.61403509,None,96.83346013,71.34154841,None,Muy alto,None,None,Muy alto,0.744995092,1.846356,-96.536115,18.0712825,0,0,0,0,0,0
OAXACA,20,SAN FELIPE TEJALAPAM,20135,8231,4291,52.13218321,3940,47.86781679,2318,28.16182724,5182,62.95711335,731,8.88105941,9951.884424,0.827079541,100,4.38585834,None,76.70018394,29.76505212,None,Medio,None,None,Medio,0.835025179,0.324611,-96.8532575,17.11140083,0,0,0,0,0,0
OAXACA,20,SAN FELIPE USILA,20136,12191,6343,52.0301862,5848,47.9698138,3900,31.99081289,7012,57.51784103,1278,10.4831433,44699.41063,0.272732902,55.60659503,98.2364039,None,91.72179899,46.02974543,None,Alto,None,None,Alto,0.81908876,1.160984,-96.52836306,17.879395,0,0,0,0,0,0
OAXACA,20,SAN FRANCISCO CAHUACUA,20137,3450,1753,50.8115942,1697,49.1884058,1052,30.49275362,2014,58.37681159,384,11.13043478,28101.90212,0.12276749,100,2.666666667,None,93.5339606,48.23816525,None,Alto,None,None,Alto,0.773429066,1.507073,-97.30559417,16.89356306,0,0,0,0,0,0
OAXACA,20,SAN FRANCISCO CAJONOS,20138,451,239,52.99334812,212,47.00665188,83,18.40354767,252,55.87583149,116,25.72062084,4471.612106,0.10085848,100,94.45676275,None,76.37954545,16.60227273,None,Medio,None,None,Medio,0.838389132,0.137794,-96.25146444,17.17209417,0,0,0,0,0,0
OAXACA,20,SAN FRANCISCO CHAPULAPA,20139,2195,1134,51.66287016,1061,48.33712984,746,33.98633257,1239,56.44646925,210,9.567198178,6236.490136,0.351960791,100,19.04328018,None,96.18659842,48.77710563,None,Alto,None,None,Alto,0.774725367,1.324372,-96.7544075,17.94095139,0,0,0,0,0,0
OAXACA,20,SAN FRANCISCO CHINDUA,20140,812,415,51.10837438,397,48.89162562,209,25.73891626,500,61.57635468,103,12.68472906,2258.521534,0.359527234,100,1.108374384,None,84.32668329,28.67705736,None,Medio,None,None,Medio,0.850024222,0.543,-97.31279083,17.42858083,0,0,0,0,0,0
OAXACA,20,SAN FRANCISCO DEL MAR,20141,8710,4336,49.78185993,4374,50.21814007,2806,32.21584386,5287,60.70034443,617,7.083811711,46584.4358,0.186972319,37.30195178,29.20780712,None,70.84505239,19.67799767,None,Alto,None,None,Medio,0.782890864,0.795411,-94.63227583,16.23344639,0,0,0,0,0,0
OAXACA,20,SAN FRANCISCO HUEHUETLAN,20142,842,464,55.10688836,378,44.89311164,179,21.25890736,448,53.20665083,215,25.53444181,1422.740089,0.591815755,100,99.04988124,None,96.27294398,43.61978546,None,Alto,None,None,Alto,0.769843533,1.555941,-96.94782139,18.19759417,0,0,0,0,0,0
OAXACA,20,SAN FRANCISCO IXHUATAN,20143,9461,4695,49.62477539,4766,50.37522461,2420,25.57869147,5921,62.58323644,1120,11.83807209,21357.40676,0.442984493,42.57478068,18.38072085,None,65.75418994,16.82370004,None,Bajo,None,None,Bajo,0.855077363,-0.169832,-94.48382833,16.35235667,0,0,0,0,0,0
OAXACA,20,SAN FRANCISCO JALTEPETONGO,20144,1075,561,52.18604651,514,47.81395349,279,25.95348837,577,53.6744186,219,20.37209302,4745.873183,0.226512584,100,21.20930233,None,88.6254902,25.72156863,None,Alto,None,None,Medio,0.812484999,0.672449,-97.26285361,17.38571417,0,0,0,0,0,0
OAXACA,20,SAN FRANCISCO LACHIGOLO,20145,5215,2713,52.02301055,2502,47.97698945,1347,25.82933845,3535,67.7852349,333,6.385426654,1147.454464,4.544842661,2.377756472,32.2147651,None,49.18628414,9.499508744,None,Muy bajo,None,None,Bajo,0.89024822,-0.598636,-96.59851639,17.01140694,0,0,0,0,0,0
OAXACA,20,SAN FRANCISCO LOGUECHE,20146,2803,1479,52.76489476,1324,47.23510524,902,32.17980735,1735,61.89796646,166,5.922226186,4099.837075,0.683685705,100,98.92971816,None,93.83339383,41.45480944,None,Alto,None,None,Muy alto,0.784655313,1.865805,-96.37797861,16.35227944,0,0,0,0,0,0
OAXACA,20,SAN FRANCISCO NUXAÑO,20147,376,183,48.67021277,193,51.32978723,92,24.46808511,208,55.31914894,76,20.21276596,2261.667409,0.166249024,100,0,None,84.81481481,13.54761905,None,Medio,None,None,Medio,0.848170083,0.409836,-97.34395083,17.38083306,0,0,0,0,0,0
OAXACA,20,SAN FRANCISCO OZOLOTEPEC,20148,2182,1142,52.33730522,1040,47.66269478,800,36.66361137,1213,55.59120073,169,7.745187901,4974.592696,0.438628875,100,96.19615032,None,90.20862309,33.11590172,None,Alto,None,None,Alto,0.780688244,1.362837,-96.22068194,16.10053917,0,0,0,0,0,0
OAXACA,20,SAN FRANCISCO SOLA,20149,2019,1072,53.09559188,947,46.90440812,649,32.14462605,1176,58.24665676,194,9.608717187,10744.62024,0.187907991,100,3.021297672,None,74.40272865,31.91258211,None,Alto,None,None,Alto,0.774573804,0.9713,-96.97440028,16.51496639,0,0,0,0,0,0
OAXACA,20,SAN FRANCISCO TELIXTLAHUACA,20150,13856,7182,51.83314088,6674,48.16685912,3871,27.93735566,8939,64.51356813,1046,7.549076212,19304.07948,0.717775743,9.974018476,4.539549654,None,63.07189956,14.65743158,None,Muy bajo,None,None,Bajo,0.887821338,-0.432505,-96.90441333,17.29659556,0,0,0,0,0,0
OAXACA,20,SAN FRANCISCO TEOPAN,20151,312,151,48.3974359,161,51.6025641,70,22.43589744,179,57.37179487,63,20.19230769,8615.385683,0.036214281,100,0,None,99.25245902,44.12786885,None,Alto,None,None,Medio,0.811705222,0.565189,-97.49253111,17.85112833,0,0,0,0,0,0
OAXACA,20,SAN FRANCISCO TLAPANCINGO,20152,2472,1328,53.72168285,1144,46.27831715,860,34.78964401,1359,54.97572816,253,10.23462783,9964.41043,0.248082916,100,73.62459547,None,93.39629005,56.70320405,None,Muy alto,None,None,Alto,0.72124357,1.671739,-98.26890861,17.48412389,0,0,0,0,0,0
OAXACA,20,SAN GABRIEL MIXTEPEC,20153,4910,2515,51.22199593,2395,48.77800407,1579,32.15885947,2961,60.30549898,370,7.535641548,17946.51506,0.273590721,100,4.786150713,None,75.47476828,19.38290422,None,Medio,None,None,Medio,0.837234113,0.191546,-97.07949917,16.09442278,0,0,0,0,0,0
OAXACA,20,SAN ILDEFONSO AMATLAN,20154,2329,1250,53.67110348,1079,46.32889652,700,30.05581795,1338,57.44954916,291,12.49463289,6139.712217,0.37933374,100,50.83726921,None,88.97389034,30.70191471,None,Alto,None,None,Alto,0.81096722,1.067736,-96.49155639,16.33409472,0,0,0,0,0,0
OAXACA,20,SAN ILDEFONSO SOLA,20155,1060,547,51.60377358,513,48.39622642,330,31.13207547,643,60.66037736,87,8.20754717,3885.73402,0.272792732,100,3.490566038,None,87.01240458,48.70515267,None,Muy alto,None,None,Alto,0.743028032,1.368255,-96.9836675,16.51981222,0,0,0,0,0,0
OAXACA,20,SAN ILDEFONSO VILLA ALTA,20156,3677,1898,51.61816698,1779,48.38183302,879,23.90535763,2318,63.04052216,480,13.05412021,9398.043055,0.391251666,100,80.55480011,None,57.36905093,13.1555803,None,Medio,None,None,Bajo,0.849999289,-0.037188,-96.15301444,17.33901056,0,0,0,0,0,0
OAXACA,20,SAN JACINTO AMILPAS,20157,16827,8838,52.52273132,7989,47.47726868,3936,23.39097878,11740,69.76882391,1097,6.519284483,416.2673097,40.42354422,0,15.2255304,None,22.7794726,2.996284704,None,Muy bajo,None,None,Muy bajo,0.934730311,-1.153787,-96.76256167,17.10080667,0,0,0,0,0,0
OAXACA,20,SAN JACINTO TLACOTEPEC,20158,2233,1158,51.85848634,1075,48.14151366,678,30.36274071,1347,60.32243618,208,9.314823108,6384.143526,0.349772838,100,7.881773399,None,79.45475216,23.26193724,None,Alto,None,None,Medio,0.808207468,0.669761,-97.38599833,16.5203675,0,0,0,0,0,0
OAXACA,20,SAN JERONIMO COATLAN,20159,5537,2836,51.2190717,2701,48.7809283,1864,33.66443923,3297,59.5448799,376,6.790680874,58675.33291,0.094366742,100,5.707061586,None,91.39795546,42.55038335,None,Alto,None,None,Alto,0.77306863,1.250779,-96.86929417,16.23272139,0,0,0,0,0,0
OAXACA,20,SAN JERONIMO SILACAYOAPILLA,20160,1429,730,51.0846746,699,48.9153254,380,26.59202239,840,58.78236529,209,14.62561232,5845.871586,0.244446013,100,0.55983205,None,65.83770376,10.90574061,None,Medio,None,None,Bajo,0.836465578,-0.059983,-97.8459325,17.80963028,0,0,0,0,0,0
OAXACA,20,SAN JERONIMO SOSOLA,20161,2730,1425,52.1978022,1305,47.8021978,660,24.17582418,1603,58.71794872,467,17.10622711,22017.72598,0.123991006,100,3.443223443,None,81.45051699,19.96602659,None,Alto,None,None,Medio,0.817532838,0.461099,-97.03261444,17.36655917,0,0,0,0,0,0
OAXACA,20,SAN JERONIMO TAVICHE,20162,2046,1059,51.75953079,987,48.24046921,637,31.13391984,1265,61.82795699,144,7.038123167,7294.522811,0.28048442,100,30.25415445,None,92.02129767,45.4576523,None,Muy alto,None,None,Alto,0.762926542,1.31827,-96.59426333,16.71367944,0,0,0,0,0,0
OAXACA,20,SAN JERONIMO TECOATL,20163,1577,845,53.58275206,732,46.41724794,490,31.07165504,880,55.80215599,207,13.12618897,1778.371425,0.886766385,100,93.27837666,None,87.44039088,47.06123779,None,Alto,None,None,Alto,0.787794591,1.40154,-96.9132,18.16691389,0,0,0,0,0,0
OAXACA,20,SAN JORGE NUCHITA,20164,2881,1540,53.45366192,1341,46.54633808,834,28.94828185,1652,57.34120097,395,13.71051718,5571.96733,0.517052565,100,82.12426241,None,88.29125178,41.66820768,None,Alto,None,None,Medio,0.796435502,0.460658,-98.10613,17.65595417,0,0,0,0,0,0
OAXACA,20,SAN JOSE AYUQUILA,20165,1629,864,53.03867403,765,46.96132597,499,30.63228975,915,56.1694291,215,13.19828115,2178.178902,0.747872454,100,1.841620626,None,80.51997541,21.68408113,None,Alto,None,None,Medio,0.803477865,0.365803,-97.96927389,17.94178778,0,0,0,0,0,0
OAXACA,20,SAN JOSE CHILTEPEC,20166,11310,5849,51.7152962,5461,48.2847038,2919,25.80901857,7311,64.64190981,1080,9.549071618,19287.00223,0.586405283,100,55.19893899,None,58.11374453,18.08468938,None,Medio,None,None,Bajo,0.836938121,-0.065078,-96.17053667,17.9453525,0,0,0,0,0,0
OAXACA,20,SAN JOSE DEL PEÑASCO,20167,2149,1127,52.44299674,1022,47.55700326,679,31.59609121,1301,60.53978595,169,7.864122848,2863.534825,0.750471055,100,5.909725454,None,76.69548694,19.42755344,None,Alto,None,None,Alto,0.780022403,1.666955,-96.50138083,16.31605944,0,0,0,0,0,0
OAXACA,20,SAN JOSE ESTANCIA GRANDE,20168,938,481,51.2793177,457,48.7206823,308,32.8358209,518,55.2238806,112,11.94029851,6616.300559,0.141771069,100,7.249466951,None,61.52396878,17.78149387,None,Alto,None,None,Medio,0.794100833,0.803627,-98.25128556,16.36520333,0,0,0,0,0,0
OAXACA,20,SAN JOSE INDEPENDENCIA,20169,4251,2198,51.70548106,2053,48.29451894,1485,34.93295695,2292,53.91672548,474,11.15031757,5378.927086,0.790306307,100,95.9538932,None,91.32621502,55.94599902,None,Muy alto,None,None,Muy alto,0.659674763,3.190244,-96.64612833,18.23982389,0,0,0,0,0,0
OAXACA,20,SAN JOSE LACHIGUIRI,20170,3700,1948,52.64864865,1752,47.35135135,979,26.45945946,2353,63.59459459,368,9.945945946,7778.912479,0.475644894,100,99.02702703,None,96.40804129,53.68921489,None,Muy alto,None,None,Muy alto,0.701990768,2.787838,-96.3364325,16.37877583,0,0,0,0,0,0
OAXACA,20,SAN JOSE TENoneGO,20171,18102,9536,52.67926196,8566,47.32073804,6350,35.0789968,9659,53.35874489,2093,11.56225831,25729.53958,0.703549317,100,98.43111258,None,96.56364353,73.54782413,None,Muy alto,None,None,Muy alto,0.594338724,3.990902,-96.71720861,18.15076194,0,0,0,0,0,0
OAXACA,20,SAN JUAN ACHIUTLA,20172,408,205,50.24509804,203,49.75490196,59,14.46078431,246,60.29411765,103,25.24509804,3563.338184,0.114499376,100,9.803921569,None,75.53712871,15.51980198,None,Bajo,None,None,Bajo,0.860796169,-0.200634,-97.50887306,17.34424472,0,0,0,0,0,0
OAXACA,20,SAN JUAN ATEPEC,20173,1457,752,51.61290323,705,48.38709677,338,23.19835278,856,58.75085793,263,18.05078929,13422.2195,0.108551347,100,95.67604667,None,83.48888889,15.14236111,None,Medio,None,None,Medio,0.838638362,0.230421,-96.5391325,17.42639278,0,0,0,0,0,0
OAXACA,20,ANIMAS TRUJANO,20174,4564,2394,52.45398773,2170,47.54601227,1068,23.40052585,3119,68.33917616,374,8.19456617,302.6104047,15.08209873,100,11.5907099,None,39.84723164,7.131751412,None,Muy bajo,None,None,Muy bajo,0.892260637,-0.957886,-96.71319611,16.98888222,0,0,0,0,0,0
OAXACA,20,SAN JUAN BAUTISTA ATATLAHUCA,20175,1424,744,52.24719101,680,47.75280899,357,25.07022472,859,60.32303371,208,14.60674157,42143.2212,0.033789539,100,62.64044944,None,90.4600432,28.06983441,None,Alto,None,None,Medio,0.817111644,0.301921,-96.82994083,17.53109583,0,0,0,0,0,0
OAXACA,20,SAN JUAN BAUTISTA COIXTLAHUACA,20176,2725,1411,51.77981651,1314,48.22018349,721,26.4587156,1521,55.81651376,483,17.72477064,28593.12588,0.095302627,100,11.96330275,None,79.09045611,22.33039479,None,Alto,None,None,Medio,0.799387956,0.828915,-97.32382306,17.72464333,0,0,0,0,0,0
OAXACA,20,SAN JUAN BAUTISTA CUICATLAN,20177,10365,5224,50.40038591,5141,49.59961409,2774,26.7631452,6375,61.50506512,1216,11.73178968,49598.07314,0.208979893,47.87264834,28.39363242,None,66.55917145,20.50934592,None,Bajo,None,None,Bajo,0.856083623,0.091918,-96.95956667,17.80154806,0,0,0,0,0,0
OAXACA,20,SAN JUAN BAUTISTA GUELACHE,20178,6692,3525,52.67483562,3167,47.32516438,1669,24.94022714,4467,66.75134489,556,8.308427974,5216.856501,1.282764822,100,13.7328153,None,38.88056742,8.322757779,None,Bajo,None,None,Muy bajo,0.876413186,-0.822315,-96.77850472,17.22654528,0,0,0,0,0,0
OAXACA,20,SAN JUAN BAUTISTA JAYACATLAN,20179,1447,744,51.41672426,703,48.58327574,393,27.15964064,820,56.66897028,234,16.17138908,11442.80636,0.126454993,100,2.557014513,None,87.08945908,26.45700416,None,Medio,None,None,Bajo,0.828362521,0.006318,-96.82257056,17.42350444,0,0,0,0,0,0
OAXACA,20,SAN JUAN BAUTISTA LO DE SOTO,20180,2344,1167,49.78668942,1177,50.21331058,661,28.1996587,1325,56.52730375,358,15.27303754,7239.965478,0.32375845,100,4.692832765,None,51.75748239,11.54357394,None,Medio,None,None,Bajo,0.831057703,-0.164112,-98.3468025,16.51151472,0,0,0,0,0,0
OAXACA,20,SAN JUAN BAUTISTA SUCHITEPEC,20181,453,231,50.99337748,222,49.00662252,93,20.52980132,249,54.96688742,111,24.50331126,9312.923733,0.048642082,100,3.53200883,None,77.96162528,17.09480813,None,Medio,None,None,Medio,0.826409444,0.456436,-97.65982,17.97271778,0,0,0,0,0,0
OAXACA,20,SAN JUAN BAUTISTA TLACOATZINTEPEC,20182,2181,1175,53.87436956,1006,46.12563044,725,33.24163228,1224,56.12104539,232,10.63732233,5006.721636,0.435614392,100,98.12012838,None,93.2464986,44.27310924,None,Alto,None,None,Muy alto,0.771707543,1.850077,-96.5870875,17.85944139,0,0,0,0,0,0
OAXACA,20,SAN JUAN BAUTISTA TLACHICHILCO,20183,1475,786,53.28813559,689,46.71186441,468,31.72881356,837,56.74576271,170,11.52542373,8864.388772,0.166396132,100,18.30508475,None,84.28413028,29.4996535,None,Alto,None,None,Medio,0.805214716,0.238594,-98.34399306,17.62254778,0,0,0,0,0,0
OAXACA,20,SAN JUAN BAUTISTA TUXTEPEC,20184,159452,83485,52.35744926,75967,47.64255074,41188,25.83097108,105205,65.97910343,13020,8.165466724,86667.79044,1.839806913,35.02182475,28.90587763,None,53.36722554,17.96958287,None,Bajo,None,None,Bajo,0.87901062,-0.626439,-96.11848167,18.08116472,0,0,0,0,0,0
OAXACA,20,SAN JUAN CACAHUATEPEC,20185,8939,4642,51.92974606,4297,48.07025394,2573,28.78398031,5495,61.47220047,871,9.743819219,20326.14576,0.439778407,100,8.155274639,None,70.51079791,25.41327574,None,Medio,None,None,Bajo,0.830657059,0.044453,-98.15609194,16.61373389,0,0,0,0,0,0
OAXACA,20,SAN JUAN CIENEGUILLA,20186,524,253,48.28244275,271,51.71755725,144,27.48091603,268,51.14503817,112,21.3740458,8987.361269,0.058304099,100,0,None,79.57475728,14.89320388,None,Medio,None,None,Bajo,0.830500864,-0.011209,-98.28076444,17.85165861,0,0,0,0,0,0
OAXACA,20,SAN JUAN COATZOSPAM,20187,1808,934,51.65929204,874,48.34070796,439,24.28097345,1098,60.7300885,271,14.98893805,6598.81635,0.273988531,100,96.73672566,None,93.51826484,48.3652968,None,Alto,None,None,Alto,0.781770371,1.727986,-96.76332472,18.04969972,0,0,0,0,0,0
OAXACA,20,SAN JUAN COLORADO,20188,9609,4941,51.42054324,4668,48.57945676,3151,32.792174,5486,57.09230929,972,10.1155167,12446.51111,0.772023575,40.89915704,79.60245603,None,85.53217483,43.34291732,None,Alto,None,None,Alto,0.774964163,1.414126,-97.95398917,16.45966583,0,0,0,0,0,0
OAXACA,20,SAN JUAN COMALTEPEC,20189,3116,1593,51.12323492,1523,48.87676508,1032,33.11938383,1864,59.82028241,220,7.060333761,9866.354387,0.315820807,100,99.2618742,None,96.40298013,55.16854305,None,Muy alto,None,None,Muy alto,0.755630469,2.160284,-95.97684639,17.33817972,0,0,0,0,0,0
OAXACA,20,SAN JUAN COTZOCON,20190,22444,11601,51.6886473,10843,48.3113527,6564,29.24612369,13580,60.50614864,2299,10.24327214,138341.2951,0.162236446,100,66.33844235,None,74.39393756,27.23044381,None,Alto,None,None,Medio,0.798541648,0.608138,-95.78231028,17.16400222,0,0,0,0,0,0
OAXACA,20,SAN JUAN CHICOMEZUCHIL,20191,296,163,55.06756757,133,44.93243243,64,21.62162162,170,57.43243243,62,20.94594595,2039.804777,0.145111926,100,21.62162162,None,73.14527027,11.70945946,None,Medio,None,None,Bajo,0.84769116,-0.110566,-96.49491694,17.28897528,0,0,0,0,0,0
OAXACA,20,SAN JUAN CHILATECA,20192,1522,825,54.20499343,697,45.79500657,284,18.65965834,996,65.44021025,242,15.90013141,521.8591665,2.916495671,100,2.168199737,None,34.75664894,3.732047872,None,Muy bajo,None,None,Muy bajo,0.885787806,-0.929777,-96.67201056,16.82851778,0,0,0,0,0,0
OAXACA,20,SAN JUAN DEL ESTADO,20193,2807,1465,52.19095119,1342,47.80904881,713,25.40078375,1756,62.55789099,338,12.04132526,13213.79406,0.212429525,100,2.030637691,None,66.69080377,13.84250543,None,Bajo,None,None,Bajo,0.859705574,-0.501715,-96.79927278,17.27352833,0,0,0,0,0,0
OAXACA,20,SAN JUAN DEL RIO,20194,1372,721,52.55102041,651,47.44897959,263,19.16909621,882,64.28571429,227,16.5451895,7150.83539,0.191865695,100,98.54227405,None,76.35793358,15.45092251,None,Medio,None,None,Bajo,0.850238724,-0.36497,-96.16047028,16.88252694,0,0,0,0,0,0
OAXACA,20,SAN JUAN DIUXI,20195,1056,559,52.93560606,497,47.06439394,228,21.59090909,548,51.89393939,280,26.51515152,3493.19003,0.302302477,100,99.33712121,None,94.82637571,50.92694497,None,Muy alto,None,None,Muy alto,0.741831531,1.935016,-97.3742425,17.28150944,0,0,0,0,0,0
OAXACA,20,SAN JUAN EVANGELISTA ANALCO,20196,407,215,52.82555283,192,47.17444717,85,20.88452088,214,52.57985258,108,26.53562654,1659.805206,0.245209497,100,67.07616708,None,82.72345679,9.528395062,None,Bajo,None,None,Bajo,0.866186589,-0.361858,-96.53795,17.40582722,0,0,0,0,0,0
OAXACA,20,SAN JUAN GUELAVIA,20197,3288,1671,50.82116788,1617,49.17883212,780,23.72262774,2067,62.8649635,441,13.41240876,3182.771089,1.033062042,100,91.30170316,None,77.88019711,17.91068679,None,Medio,None,None,Bajo,0.827762804,0.121246,-96.54583194,16.95676333,0,0,0,0,0,0
OAXACA,20,SAN JUAN GUICHICOVI,20198,29802,15841,53.15415073,13961,46.84584927,7890,26.47473324,17786,59.68055835,4124,13.83799745,79830.2668,0.373317054,100,86.48748406,None,71.26483583,22.36994534,None,Alto,None,None,Medio,0.776278223,0.952802,-95.09509417,16.96282889,0,0,0,0,0,0
OAXACA,20,SAN JUAN IHUALTEPEC,20199,494,268,54.25101215,226,45.74898785,111,22.46963563,235,47.5708502,144,29.14979757,5216.141272,0.094706024,100,14.97975709,None,93.53276956,42.74418605,None,Alto,None,None,Medio,0.765825039,0.94926,-98.28884611,17.73984167,0,0,0,0,0,0
OAXACA,20,SAN JUAN JUQUILA MIXES,20200,3703,1939,52.36294896,1764,47.63705104,995,26.87010532,2213,59.76235485,493,13.31352957,31675.0666,0.116905832,100,96.32730219,None,82.52513191,29.31463482,None,Alto,None,None,Muy alto,0.769470685,1.884235,-95.91881806,16.93563306,0,0,0,0,0,0
OAXACA,20,SAN JUAN JUQUILA VIJANOS,20201,1880,996,52.9787234,884,47.0212766,576,30.63829787,1151,61.22340426,153,8.138297872,5658.319782,0.332254109,100,99.73404255,None,88.93136729,29.91742627,None,Alto,None,None,Alto,0.806534252,1.023287,-96.30401472,17.35381333,0,0,0,0,0,0
OAXACA,20,SAN JUAN LACHAO,20202,4577,2382,52.04282281,2195,47.95717719,1569,34.28009613,2679,58.53178938,319,6.969630763,21055.8977,0.217373776,100,65.50142014,None,73.5998655,17.40932526,None,Alto,None,None,Medio,0.806155151,0.65109,-97.12510833,16.15853833,0,0,0,0,0,0
OAXACA,20,SAN JUAN LACHIGALLA,20203,3538,1798,50.81967213,1740,49.18032787,1137,32.13680045,2160,61.05144149,241,6.811758055,10781.63884,0.328150484,100,1.724137931,None,91.92270531,40.25035521,None,Muy alto,None,None,Alto,0.752953232,1.580936,-96.54884306,16.59177972,0,0,0,0,0,0
OAXACA,20,SAN JUAN LAJARCIA,20204,634,342,53.94321767,292,46.05678233,144,22.71293375,372,58.67507886,118,18.61198738,10668.76541,0.059425808,100,1.892744479,None,82.10223642,22.72683706,None,Medio,None,None,Bajo,0.842324599,-0.036868,-95.92559056,16.50844389,0,0,0,0,0,0
OAXACA,20,SAN JUAN LALANA,20205,16989,8745,51.47448349,8244,48.52551651,5259,30.95532403,10168,59.85049149,1562,9.194184472,69409.31534,0.244765417,100,89.11648714,None,90.58708059,56.26378153,None,Muy alto,None,None,Alto,0.762557557,1.547567,-95.87988306,17.47089111,0,0,0,0,0,0
OAXACA,20,SAN JUAN DE LOS CUES,20206,2421,1237,51.09458901,1184,48.90541099,663,27.38537794,1440,59.4795539,318,13.13506815,11928.77779,0.202954573,100,53.77942999,None,72.13522538,25.0409015,None,Alto,None,None,Medio,0.821931234,0.393553,-97.05966361,18.04692722,0,0,0,0,0,0
OAXACA,20,SAN JUAN MAZATLAN,20207,19032,9665,50.78289197,9367,49.21710803,6253,32.85519126,11138,58.52248844,1641,8.622320303,162973.1946,0.116779941,100,73.06641446,None,80.59955961,34.98388365,None,Alto,None,None,Alto,0.775558657,1.117255,-95.44646694,17.03112361,0,0,0,0,0,0
OAXACA,20,SAN JUAN MIXTEPEC,20208,6941,3632,52.32675407,3309,47.67324593,1496,21.55309033,4078,58.75234116,1367,19.69456851,35839.74975,0.193667647,100,98.44402824,None,85.91041269,39.35996475,None,Alto,None,None,Alto,0.772631368,1.561788,-97.83144694,17.30572611,0,0,0,0,0,0
OAXACA,20,SAN JUAN MIXTEPEC,20209,607,362,59.63756178,245,40.36243822,122,20.09884679,340,56.01317957,145,23.88797364,7582.809892,0.080049481,100,99.17627677,None,93.81680672,20.2,None,Alto,None,None,Alto,0.771466917,1.762495,-96.29947778,16.27753944,0,0,0,0,0,0
OAXACA,20,SAN JUAN ÑUMI,20210,5773,3155,54.65096137,2618,45.34903863,1620,28.06166638,3416,59.17200762,737,12.766326,21213.83015,0.27213379,100,99.63623766,None,94.64477141,46.51094763,None,Alto,None,None,Alto,0.808607513,1.583434,-97.70642139,17.39828944,0,0,0,0,0,0
OAXACA,20,SAN JUAN OZOLOTEPEC,20211,3411,1703,49.92670771,1708,50.07329229,1344,39.40193492,1827,53.56200528,240,7.036059807,20768.44417,0.164239554,100,79.09703899,None,93.64416815,46.86234458,None,Alto,None,None,Alto,0.767365661,1.687406,-96.25929333,16.1330075,0,0,0,0,0,0
OAXACA,20,SAN JUAN PETLAPA,20212,3117,1633,52.3901187,1484,47.6098813,1180,37.8569137,1692,54.28296439,245,7.860121912,18830.39557,0.165530245,100,99.58293231,None,93.23249756,57.53337675,None,Muy alto,None,None,Muy alto,0.747989928,2.595194,-96.03683417,17.46930222,0,0,0,0,0,0
OAXACA,20,SAN JUAN QUIAHIJE,20213,4203,2291,54.50868427,1912,45.49131573,1686,40.11420414,2187,52.03426124,330,7.851534618,20481.16077,0.205212978,100,99.09588389,None,81.83773771,26.59743146,None,Alto,None,None,Alto,0.79253819,1.099723,-97.31684611,16.30187833,0,0,0,0,0,0
OAXACA,20,SAN JUAN QUIOTEPEC,20214,2033,1026,50.46728972,1007,49.53271028,512,25.18445647,1212,59.61633055,309,15.19921299,20275.05656,0.10027099,100,98.8194786,None,85.83856502,21.31041355,None,Alto,None,None,Medio,0.810004347,0.252559,-96.58816167,17.60076333,0,0,0,0,0,0
OAXACA,20,SAN JUAN SAYULTEPEC,20215,879,475,54.03868032,404,45.96131968,266,30.26166098,504,57.33788396,109,12.40045506,1456.264619,0.603599091,100,6.484641638,None,56.30072464,8.746376812,None,Bajo,None,None,Bajo,0.868346012,-0.226783,-97.28474056,17.45348222,0,0,0,0,0,0
OAXACA,20,SAN JUAN TABAA,20216,1241,646,52.05479452,595,47.94520548,336,27.07493956,733,59.06526994,172,13.85979049,1962.337783,0.632408962,100,99.2747784,None,90.41075795,18.98859006,None,Medio,None,None,Medio,0.832663989,0.459934,-96.20710222,17.30518583,0,0,0,0,0,0
OAXACA,20,SAN JUAN TAMAZOLA,20217,3325,1709,51.39849624,1616,48.60150376,1116,33.56390977,1734,52.15037594,475,14.28571429,36011.32596,0.092332063,100,63.42857143,None,95.09201667,51.32895159,None,Muy alto,None,None,Muy alto,0.687136572,2.756391,-97.2268825,17.16043861,0,0,0,0,0,0
OAXACA,20,SAN JUAN TEITA,20218,544,284,52.20588235,260,47.79411765,127,23.34558824,301,55.33088235,116,21.32352941,7110.93422,0.076501903,100,92.09558824,None,97.04474708,47.96498054,None,Alto,None,None,Alto,0.810979217,1.33705,-97.41431306,17.09526167,0,0,0,0,0,0
OAXACA,20,SAN JUAN TEITIPAC,20219,2668,1392,52.17391304,1276,47.82608696,656,24.58770615,1547,57.98350825,465,17.42878561,4136.436923,0.644999561,100,24.47526237,None,86.75596817,27.28268283,None,Alto,None,None,Medio,0.802976343,0.65618,-96.60850944,16.93439889,0,0,0,0,0,0
OAXACA,20,SAN JUAN TEPEUXILA,20220,2692,1304,48.43982169,1388,51.56017831,750,27.86032689,1578,58.61812779,364,13.52154532,25490.83709,0.105606575,100,83.24665676,None,92.5384327,31.30333708,None,Medio,None,None,Medio,0.828437342,0.764107,-96.84110278,17.72288111,0,0,0,0,0,0
OAXACA,20,SAN JUAN TEPOSCOLULA,20221,1494,771,51.6064257,723,48.3935743,370,24.76572959,888,59.437751,236,15.79651941,8697.858024,0.171766428,100,3.949129853,None,71.65182186,16.50539811,None,Medio,None,None,Medio,0.834497226,0.356883,-97.42457889,17.55060917,0,0,0,0,0,0
OAXACA,20,SAN JUAN YAEE,20222,1426,739,51.82328191,687,48.17671809,373,26.15708275,857,60.09817672,196,13.74474053,3783.178607,0.376931715,100,99.64936886,None,92.32669039,16.48967972,None,Medio,None,None,Medio,0.832885633,0.743296,-96.28384556,17.42908722,0,0,0,0,0,0
OAXACA,20,SAN JUAN YATZONA,20223,440,243,55.22727273,197,44.77272727,128,29.09090909,253,57.5,59,13.40909091,2911.898048,0.151104191,100,100,None,91.97619048,18.62857143,None,Bajo,None,None,Bajo,0.858841081,-0.191385,-96.16924444,17.40242444,0,0,0,0,0,0
OAXACA,20,SAN JUAN YUCUITA,20224,643,338,52.56609642,305,47.43390358,127,19.75116641,394,61.27527216,122,18.97356143,2338.73915,0.274934466,100,3.110419907,None,60.52682927,9.718699187,None,Medio,None,None,Bajo,0.850927685,-0.293927,-97.27035833,17.51225333,0,0,0,0,0,0
OAXACA,20,SAN LORENZO,20225,5903,3101,52.53261054,2802,47.46738946,1782,30.18803998,3579,60.63018804,542,9.18177198,5883.796519,1.003263791,100,84.90598001,None,85.66552726,41.22679884,None,Muy alto,None,None,Alto,0.724267084,1.709896,-97.87483611,16.39426222,0,0,0,0,0,0
OAXACA,20,SAN LORENZO ALBARRADAS,20226,2971,1466,49.34365533,1505,50.65634467,771,25.9508583,1830,61.59542242,370,12.45371929,13473.83237,0.220501482,100,20.90205318,None,80.48058583,16.5602861,None,Medio,None,None,Bajo,0.840222114,0.077948,-96.25964833,16.90722556,0,0,0,0,0,0
OAXACA,20,SAN LORENZO CACAOTEPEC,20227,18339,9480,51.69311304,8859,48.30688696,4389,23.93260265,12558,68.47701619,1380,7.524946835,2764.210445,6.634444216,14.75543923,9.395277823,None,39.88719575,9.160665472,None,Muy bajo,None,None,Muy bajo,0.904621049,-0.845478,-96.80199556,17.12935861,0,0,0,0,0,0
OAXACA,20,SAN LORENZO CUAUNECUILTITLA,20228,833,402,48.25930372,431,51.74069628,299,35.89435774,447,53.66146459,87,10.44417767,915.0770974,0.910305812,100,96.99879952,None,97.15222772,50.30569307,None,Alto,None,None,Alto,0.774410247,1.573795,-96.91305722,18.20645278,0,0,0,0,0,0
OAXACA,20,SAN LORENZO TEXMELUCAN,20229,9148,5031,54.99562746,4117,45.00437254,3613,39.49497158,5040,55.09400962,495,5.411018802,13790.80617,0.663340481,100,98.40402274,None,97.79922179,60.7229572,None,Muy alto,None,None,Muy alto,0.737522082,2.687625,-97.19897444,16.58549056,0,0,0,0,0,0
OAXACA,20,SAN LORENZO VICTORIA,20230,932,454,48.71244635,478,51.28755365,245,26.28755365,498,53.43347639,189,20.27896996,5195.045342,0.179401707,100,6.43776824,None,69.25191676,22.15553122,None,Medio,None,None,Bajo,0.835290954,-0.337117,-98.12027361,17.66835611,0,0,0,0,0,0
OAXACA,20,SAN LUCAS CAMOTLAN,20231,3187,1648,51.71007217,1539,48.28992783,941,29.52620019,1977,62.03326012,269,8.440539693,10181.20906,0.313027655,100,99.84311265,None,98.98510301,55.73343899,None,Muy alto,None,None,Muy alto,0.738570184,2.310121,-95.71314417,16.94316278,0,0,0,0,0,0
OAXACA,20,SAN LUCAS OJITLAN,20232,22185,11569,52.14784764,10616,47.85215236,7003,31.56637368,13380,60.31102096,1791,8.073022312,45405.13663,0.488601107,72.2695515,95.77191796,None,87.59689672,45.51897506,None,Muy alto,None,None,Alto,0.754106107,1.73285,-96.39776278,18.05750306,0,0,0,0,0,0
OAXACA,20,SAN LUCAS QUIAVINI,20233,1720,992,57.6744186,728,42.3255814,335,19.47674419,1106,64.30232558,279,16.22093023,5189.67401,0.331427368,100,99.30232558,None,84.19964349,31.41948901,None,Alto,None,None,Medio,0.792676529,0.624234,-96.46809417,16.89480194,0,0,0,0,0,0
OAXACA,20,SAN LUCAS ZOQUIAPAM,20234,7163,3720,51.9335474,3443,48.0664526,2419,33.77076644,3955,55.21429569,789,11.01493788,6481.913062,1.105074988,100,99.03671646,None,96.35969895,56.52967907,None,Muy alto,None,None,Muy alto,0.726743715,2.23857,-96.90642889,18.13615972,0,0,0,0,0,0
OAXACA,20,SAN LUIS AMATLAN,20235,3829,2036,53.17315226,1793,46.82684774,1107,28.9109428,2222,58.03081745,500,13.05823975,29017.93138,0.131952893,100,0.966309741,None,81.5055409,25.73007916,None,Alto,None,None,Medio,0.791717472,0.833891,-96.49717389,16.38942389,0,0,0,0,0,0
OAXACA,20,SAN MARCIAL OZOLOTEPEC,20236,1372,742,54.08163265,630,45.91836735,505,36.80758017,754,54.95626822,113,8.236151603,5409.344683,0.253635159,100,99.12536443,None,92.94064613,31.74530428,None,Muy alto,None,None,Muy alto,0.72547077,3.048957,-96.40589167,16.08925694,0,0,0,0,0,0
OAXACA,20,SAN MARCOS ARTEAGA,20237,1568,834,53.18877551,734,46.81122449,399,25.44642857,882,56.25,287,18.30357143,12778.06217,0.122710312,100,6.18622449,None,60.44832041,14.40245478,None,Bajo,None,None,Bajo,0.856102742,-0.47252,-97.86113833,17.71960278,0,0,0,0,0,0
OAXACA,20,SAN MARTIN DE LOS CANSECOS,20238,994,522,52.51509054,472,47.48490946,272,27.36418511,605,60.86519115,117,11.77062374,833.8147629,1.192111299,100,4.124748491,None,77.54984894,25.67975831,None,Medio,None,None,Medio,0.828805774,0.332309,-96.72900528,16.65647639,0,0,0,0,0,0
OAXACA,20,SAN MARTIN HUAMELULPAM,20239,1000,532,53.2,468,46.8,230,23,591,59.1,179,17.9,4279.024328,0.233698134,100,6.5,None,75.17461929,19.42233503,None,Medio,None,None,Medio,0.826534492,0.799804,-97.60235167,17.39740389,0,0,0,0,0,0
OAXACA,20,SAN MARTIN ITUNYOSO,20240,2749,1498,54.49254274,1251,45.50745726,959,34.88541288,1545,56.20225537,245,8.912331757,6380.48154,0.430845224,100,97.52637323,None,97.53908855,77.17895517,None,Muy alto,None,None,Muy alto,0.715590026,2.812229,-97.88147694,17.22901889,0,0,0,0,0,0
OAXACA,20,SAN MARTIN LACHILA,20241,1034,569,55.02901354,465,44.97098646,258,24.9516441,600,58.0270793,176,17.0212766,1077.611777,0.959529231,100,2.998065764,None,79.82697947,29.36656892,None,Medio,None,None,Medio,0.833406317,0.13579,-96.84937167,16.61086444,0,0,0,0,0,0
OAXACA,20,SAN MARTIN PERAS,20242,12436,6582,52.92698617,5854,47.07301383,5034,40.47925378,6244,50.20907044,1158,9.31167578,24282.3085,0.51214241,100,99.35670634,None,97.77594417,69.87200328,None,Muy alto,None,None,Muy alto,0.704143464,2.355732,-98.23844444,17.36051056,0,0,0,0,0,0
OAXACA,20,SAN MARTIN TILCAJETE,20243,1975,1053,53.3164557,922,46.6835443,498,25.21518987,1259,63.74683544,218,11.03797468,2428.89162,0.813128088,100,2.329113924,None,51.2745605,11.09720786,None,Bajo,None,None,Bajo,0.864213822,-0.220691,-96.69557139,16.85894806,0,0,0,0,0,0
OAXACA,20,SAN MARTIN TOXPALAN,20244,3934,2043,51.93187595,1891,48.06812405,1204,30.60498221,2351,59.76105745,379,9.633960346,6397.058162,0.614970179,100,53.05033045,None,73.33785513,29.37496801,None,Alto,None,None,Medio,0.821408887,0.29516,-97.05902722,18.10072417,0,0,0,0,0,0
OAXACA,20,SAN MARTIN ZACATEPEC,20245,1324,660,49.8489426,664,50.1510574,387,29.22960725,743,56.11782477,194,14.65256798,4329.522511,0.305807395,100,1.963746224,None,85.00465839,29.71040373,None,Alto,None,None,Medio,0.763727441,0.539479,-98.06086444,17.80794639,0,0,0,0,0,0
OAXACA,20,SAN MATEO CAJONOS,20246,611,314,51.39116203,297,48.60883797,171,27.98690671,336,54.99181669,104,17.0212766,1470.482922,0.415509756,100,97.87234043,None,88.12583893,21.54697987,None,Medio,None,None,Medio,0.829694199,0.407678,-96.20897556,17.16177639,0,0,0,0,0,0
OAXACA,20,CAPULALPAM DE MENDEZ,20247,1619,896,55.3428042,723,44.6571958,368,22.7300803,1079,66.64607783,172,10.62384188,3717.972544,0.435452382,100,18.3446572,None,34.33791749,2.574983628,None,Muy bajo,None,None,Muy bajo,0.903462546,-1.181287,-96.44597972,17.30642083,0,0,0,0,0,0
OAXACA,20,SAN MATEO DEL MAR,20248,15571,7780,49.96467793,7791,50.03532207,5125,32.91374992,9326,59.89339156,1120,7.192858519,8800.700173,1.769291044,64.13846253,99.78806756,None,90.29525495,49.37232927,None,Muy alto,None,None,Muy alto,0.603592003,3.47421,-94.98189194,16.20970028,0,0,0,0,0,0
OAXACA,20,SAN MATEO YOLOXOCHITLAN,20249,3831,2026,52.8843644,1805,47.1156356,1256,32.78517358,2279,59.48838423,296,7.726442182,710.2978074,5.393512355,100,96.31949883,None,92.42894737,46.99842105,None,Alto,None,None,Alto,0.792123555,1.091716,-96.868415,18.143675,0,0,0,0,0,0
OAXACA,20,SAN MATEO ETLATONGO,20250,1239,633,51.08958838,606,48.91041162,298,24.05165456,801,64.64891041,140,11.29943503,2350.888098,0.527034869,100,3.95480226,None,71.03417413,18.15785191,None,Medio,None,None,Medio,0.846174707,0.271545,-97.27174,17.41483611,0,0,0,0,0,0
OAXACA,20,SAN MATEO NEJAPAM,20251,1217,653,53.65653246,564,46.34346754,401,32.94987675,684,56.20377979,132,10.84634347,6393.797959,0.190340703,100,1.972062449,None,90.5409015,40.97078464,None,Alto,None,None,Alto,0.778067973,1.206939,-98.41699389,17.65558806,0,0,0,0,0,0
OAXACA,20,SAN MATEO PEÑASCO,20252,2384,1264,53.02013423,1120,46.97986577,746,31.29194631,1380,57.88590604,258,10.82214765,5595.796422,0.426034083,100,93.70805369,None,92.13830265,42.28558599,None,Alto,None,None,Alto,0.783651404,1.57046,-97.533645,17.15079444,0,0,0,0,0,0
OAXACA,20,SAN MATEO PIÑAS,20253,2021,995,49.23305294,1026,50.76694706,526,26.02671945,1158,57.29836714,337,16.67491341,16278.17047,0.124154001,100,18.70361207,None,88.29935032,45.83508246,None,Muy alto,None,None,Muy alto,0.703865047,2.807817,-96.33518917,15.99950833,0,0,0,0,0,0
OAXACA,20,SAN MATEO RIO HONDO,20254,3207,1636,51.01340817,1571,48.98659183,915,28.5313377,1930,60.18085438,362,11.28780792,21230.0897,0.151059183,100,6.267539757,None,77.80065789,23.02565789,None,Alto,None,None,Alto,0.805762201,1.21432,-96.44844833,16.14423,0,0,0,0,0,0
OAXACA,20,SAN MATEO SINDIHUI,20255,1977,1045,52.85786545,932,47.14213455,582,29.43854325,1158,58.57359636,237,11.98786039,14181.91183,0.139402926,100,4.097116844,None,91.98182762,46.24454829,None,Alto,None,None,Medio,0.800118617,0.647775,-97.35123333,17.0042325,0,0,0,0,0,0
OAXACA,20,SAN MATEO TLAPILTEPEC,20256,229,118,51.52838428,111,48.47161572,49,21.39737991,143,62.44541485,37,16.15720524,2438.872147,0.093895861,100,6.113537118,None,82.59030837,17.88546256,None,Medio,None,None,Bajo,0.848389332,-0.088429,-97.43118278,17.81058861,0,0,0,0,0,0
OAXACA,20,SAN MELCHOR BETAZA,20257,1052,548,52.09125475,504,47.90874525,248,23.57414449,626,59.50570342,178,16.92015209,3411.378959,0.308379694,100,99.14448669,None,90.33966034,32.65934066,None,Alto,None,None,Alto,0.79111826,1.056169,-96.15435528,17.25239583,0,0,0,0,0,0
OAXACA,20,SAN MIGUEL ACHIUTLA,20258,698,348,49.85673352,350,50.14326648,157,22.49283668,378,54.15472779,163,23.35243553,6763.676375,0.103198314,100,4.584527221,None,88.26215022,39.59499264,None,Alto,None,None,Medio,0.822373065,0.693421,-97.48937389,17.30625222,0,0,0,0,0,0
OAXACA,20,SAN MIGUEL AHUEHUETITLAN,20259,2142,1109,51.77404295,1033,48.22595705,668,31.18580766,1150,53.68814192,324,15.12605042,8607.944,0.248839909,100,83.19327731,None,92.4249531,49.9826454,None,Alto,None,None,Alto,0.765586913,1.391154,-98.3208525,17.67134778,0,0,0,0,0,0
OAXACA,20,SAN MIGUEL ALOAPAM,20260,2191,1193,54.45002282,998,45.54997718,603,27.5216796,1328,60.61159288,260,11.86672752,14214.68158,0.154136411,100,99.81743496,None,87.41369736,30.93752892,None,Alto,None,None,Medio,0.808657526,0.387619,-96.69146472,17.41291278,0,0,0,0,0,0
OAXACA,20,SAN MIGUEL AMATITLAN,20261,6932,3589,51.77437969,3343,48.22562031,2292,33.06405078,3856,55.62608194,784,11.30986728,17898.67003,0.387291346,100,26.05308713,None,74.93534294,21.74486675,None,Alto,None,None,Medio,0.779429525,0.770896,-98.02556778,17.89138861,0,0,0,0,0,0
OAXACA,20,SAN MIGUEL AMATLAN,20262,991,518,52.27043391,473,47.72956609,268,27.04339051,600,60.54490414,123,12.41170535,6091.409101,0.162688137,100,21.69525732,None,75.3360572,6.53319714,None,Bajo,None,None,Bajo,0.859051069,-0.23025,-96.47174972,17.27552472,0,0,0,0,0,0
OAXACA,20,SAN MIGUEL COATLAN,20263,3184,1725,54.17713568,1459,45.82286432,1092,34.29648241,1800,56.53266332,292,9.170854271,12411.90276,0.256527952,100,30.1821608,None,90.13913596,40.04066074,None,Alto,None,None,Alto,0.777146297,1.65097,-96.69411417,16.19631333,0,0,0,0,0,0
OAXACA,20,SAN MIGUEL CHICAHUA,20264,2169,1198,55.23282619,971,44.76717381,717,33.05670816,1169,53.89580452,283,13.04748732,6153.018653,0.352509902,100,92.8077455,None,91.24781765,33.62803104,None,Alto,None,None,Alto,0.775403729,1.502398,-97.19488306,17.63694278,0,0,0,0,0,0
OAXACA,20,SAN MIGUEL CHIMALAPA,20265,6711,3296,49.11339592,3415,50.88660408,1712,25.51035613,3699,55.11846223,742,11.05647444,118809.0522,0.056485595,100,52.39159589,None,76.81229084,28.02631579,None,Alto,None,None,Medio,0.773563404,0.849296,-94.7478825,16.71446361,0,0,0,0,0,0
OAXACA,20,SAN MIGUEL DEL PUERTO,20266,8551,4283,50.08770904,4268,49.91229096,2390,27.94994737,5356,62.63594901,793,9.27376915,52215.63488,0.16376321,100,12.47807274,None,47.05971042,8.052052172,None,Alto,None,None,Alto,0.795910112,1.158185,-96.17485222,15.92163333,0,0,0,0,0,0
OAXACA,20,SAN MIGUEL DEL RIO,20267,245,123,50.20408163,122,49.79591837,52,21.2244898,153,62.44897959,40,16.32653061,1065.113562,0.230022421,100,90.6122449,None,82.80658436,17.29218107,None,Bajo,None,None,Bajo,0.861013276,0.084207,-96.56922083,17.32165778,0,0,0,0,0,0
OAXACA,20,SAN MIGUEL EJUTLA,20268,1149,613,53.35073977,536,46.64926023,331,28.80765883,700,60.92254134,118,10.26979983,1078.408404,1.065459056,100,7.136640557,None,61.43455497,15.12216405,None,Medio,None,None,Bajo,0.828328379,-0.01906,-96.73927556,16.58038611,0,0,0,0,0,0
OAXACA,20,SAN MIGUEL EL GRANDE,20269,4313,2305,53.44307906,2008,46.55692094,1120,25.96800371,2641,61.23348018,552,12.79851611,10342.52842,0.417016016,100,81.12682588,None,69.51612903,17.88482676,None,Medio,None,None,Alto,0.832142876,1.047828,-97.62216944,17.04674111,0,0,0,0,0,0
OAXACA,20,SAN MIGUEL HUAUTLA,20270,1311,696,53.08924485,615,46.91075515,443,33.79099924,644,49.12280702,224,17.08619375,6491.53726,0.201955245,100,57.89473684,None,96.83585859,51.91414141,None,Muy alto,None,None,Muy alto,0.734344127,2.396628,-97.13751944,17.74582139,0,0,0,0,0,0
OAXACA,20,SAN MIGUEL MIXTEPEC,20271,3194,1612,50.46963056,1582,49.53036944,1137,35.59799624,1826,57.16969317,231,7.232310582,7309.541767,0.436963096,100,97.65184721,None,98.66470203,72.83628029,None,Muy alto,None,None,Muy alto,0.759808056,2.262751,-96.95732417,16.77810139,0,0,0,0,0,0
OAXACA,20,SAN MIGUEL PANIXTLAHUACA,20272,6252,3494,55.88611644,2758,44.11388356,2391,38.243762,3510,56.14203455,351,5.614203455,14490.91645,0.431442692,5.790147153,98.11260397,None,96.10175671,53.90752403,None,Alto,None,None,Medio,0.810155679,0.910727,-97.37964333,16.26003111,0,0,0,0,0,0
OAXACA,20,SAN MIGUEL PERAS,20273,3818,1996,52.27867994,1822,47.72132006,1331,34.86118387,2163,56.65269775,324,8.486118387,15557.73058,0.245408543,100,39.2613934,None,96.72837184,60.74637292,None,Muy alto,None,None,Muy alto,0.740167684,2.243722,-97.00996667,16.93792278,0,0,0,0,0,0
OAXACA,20,SAN MIGUEL PIEDRAS,20274,1328,692,52.10843373,636,47.89156627,395,29.7439759,761,57.30421687,172,12.95180723,6560.902899,0.202411165,100,75.37650602,None,95.00174064,49.79808529,None,Alto,None,None,Muy alto,0.766741646,2.13791,-97.23269972,16.99968333,0,0,0,0,0,0
OAXACA,20,SAN MIGUEL QUETZALTEPEC,20275,7286,3756,51.55091957,3530,48.44908043,2113,29.0008235,4544,62.36618172,629,8.632994785,20814.37319,0.350046573,100,99.80785067,None,95.83237642,42.40890632,None,Alto,None,None,Alto,0.768221819,1.538008,-95.76168028,16.97548667,0,0,0,0,0,0
OAXACA,20,SAN MIGUEL SANTA FLOR,20276,691,330,47.7568741,361,52.2431259,163,23.58900145,387,56.00578871,141,20.40520984,1978.832836,0.349195742,100,82.77858177,None,93.19501466,24.00733138,None,Muy alto,None,None,Muy alto,0.739741844,2.109091,-96.79930056,17.92108333,0,0,0,0,0,0
OAXACA,20,VILLA SOLA DE VEGA,20277,12350,6395,51.78137652,5955,48.21862348,3778,30.59109312,7318,59.25506073,1254,10.15384615,97673.3218,0.126441896,100,9.149797571,None,86.44022889,44.37467664,None,Alto,None,None,Alto,0.77426905,1.196389,-96.97801389,16.51475806,0,0,0,0,0,0
OAXACA,20,SAN MIGUEL SOYALTEPEC,20278,38682,20070,51.88459749,18612,48.11540251,12092,31.26001758,23210,60.00206815,3365,8.699136549,73924.76932,0.523261694,81.22382503,80.5775296,None,78.10590418,39.63860005,None,Alto,None,None,Alto,0.779417922,1.100098,-96.40358139,18.24037167,0,0,0,0,0,0
OAXACA,20,SAN MIGUEL SUCHIXTEPEC,20279,2932,1531,52.21691678,1401,47.78308322,795,27.11459754,1843,62.85811733,294,10.02728513,6994.791887,0.419169011,100,91.95088677,None,90.26633698,32.97032851,None,Medio,None,None,Medio,0.831428347,0.821193,-96.46640917,16.09400444,0,0,0,0,0,0
OAXACA,20,VILLA TALEA DE CASTRO,20280,2011,1066,53.00845351,945,46.99154649,461,22.92391845,1234,61.36250622,316,15.71357534,6109.686053,0.329149482,100,76.23073098,None,79.0035443,19.46987342,None,Medio,None,None,Bajo,0.850912361,-0.092391,-96.24992111,17.36000278,0,0,0,0,0,0
OAXACA,20,SAN MIGUEL TECOMATLAN,20281,305,153,50.16393443,152,49.83606557,53,17.37704918,172,56.39344262,80,26.2295082,1968.755667,0.154920189,100,14.09836066,None,65.18543046,9.324503311,None,Bajo,None,None,Bajo,0.869821102,-0.613925,-97.26799111,17.39404361,0,0,0,0,0,0
OAXACA,20,SAN MIGUEL TENoneGO,20282,653,319,48.85145482,334,51.14854518,162,24.8085758,406,62.17457887,85,13.01684533,20658.64892,0.031609037,100,6.584992343,None,85.85208012,15.31432974,None,Alto,None,None,Medio,0.812724373,0.743624,-95.59252167,16.26732139,0,0,0,0,0,0
OAXACA,20,SAN MIGUEL TEQUIXTEPEC,20283,1044,548,52.49042146,496,47.50957854,292,27.96934866,569,54.50191571,183,17.52873563,16199.21826,0.064447554,100,0.670498084,None,79.8756027,15.30279653,None,Medio,None,None,Bajo,0.840428712,-0.121543,-97.34165528,17.80286111,0,0,0,0,0,0
OAXACA,20,SAN MIGUEL TILQUIAPAM,20284,3141,1726,54.95065266,1415,45.04934734,1025,32.63291945,1734,55.20534862,382,12.16173193,7125.630068,0.440803125,100,99.77714104,None,98.78933764,68.99256866,None,Muy alto,None,None,Muy alto,0.725737949,2.263909,-96.58155639,16.78194222,0,0,0,0,0,0
OAXACA,20,SAN MIGUEL TLACAMAMA,20285,3668,1882,51.30861505,1786,48.69138495,1073,29.25299891,2267,61.80479826,328,8.942202835,10417.26091,0.352107913,100,43.72955289,None,64.33527293,17.6827376,None,Alto,None,None,Medio,0.794035003,0.53258,-98.06321694,16.41672861,0,0,0,0,0,0
OAXACA,20,SAN MIGUEL TLACOTEPEC,20286,3100,1668,53.80645161,1432,46.19354839,791,25.51612903,1804,58.19354839,505,16.29032258,5558.624389,0.557691937,100,26.77419355,None,74.22831204,23.99193006,None,Alto,None,None,Medio,0.813628916,0.343927,-98.00723889,17.45362417,0,0,0,0,0,0
OAXACA,20,SAN MIGUEL TULANCINGO,20287,307,173,56.35179153,134,43.64820847,56,18.24104235,169,55.04885993,82,26.71009772,4666.175455,0.06579264,100,18.56677524,None,69.71661238,11.0228013,None,Medio,None,None,Bajo,0.838531938,-0.075885,-97.44151083,17.75124028,0,0,0,0,0,0
OAXACA,20,SAN MIGUEL YOTAO,20288,585,313,53.5042735,272,46.4957265,155,26.4957265,378,64.61538462,52,8.888888889,3922.159704,0.149152519,100,99.48717949,None,97.63333333,59.37192982,None,Alto,None,None,Alto,0.822385126,1.001802,-96.33723528,17.37046444,0,0,0,0,0,0
OAXACA,20,SAN NICOLAS,20289,1214,634,52.22405272,580,47.77594728,341,28.08896211,684,56.34266886,189,15.56836903,2968.435657,0.408969619,100,1.235584843,None,81.86877076,24.01328904,None,Alto,None,None,Medio,0.799358147,0.611108,-96.74082389,16.41595556,0,0,0,0,0,0
OAXACA,20,SAN NICOLAS HIDALGO,20290,1043,544,52.15723873,499,47.84276127,300,28.76318313,590,56.56759348,153,14.66922339,1133.564116,0.920106755,100,0.958772771,None,65.80212355,19.85907336,None,Medio,None,None,Bajo,0.833769401,-0.265557,-98.14258333,17.78291944,0,0,0,0,0,0
OAXACA,20,SAN PABLO COATLAN,20291,4308,2201,51.0909935,2107,48.9090065,1331,30.89600743,2519,58.4726091,458,10.63138347,18889.36183,0.228064878,100,3.551532033,None,89.09800664,30.33459896,None,Alto,None,None,Medio,0.823480525,0.541716,-96.78299889,16.2239775,0,0,0,0,0,0
OAXACA,20,SAN PABLO CUATRO VENADOS,20292,1510,792,52.45033113,718,47.54966887,499,33.04635762,873,57.81456954,138,9.139072848,7392.606178,0.204258142,100,17.15231788,None,98.34139599,59.14443677,None,Muy alto,None,None,Alto,0.762562904,1.796754,-96.89110972,16.9827075,0,0,0,0,0,0
OAXACA,20,SAN PABLO ETLA,20293,17116,9083,53.06730545,8033,46.93269455,4022,23.49848095,11996,70.0864688,1036,6.052816079,4442.191829,3.853052875,57.98667913,10.68006544,None,19.46607163,2.887884283,None,Muy bajo,None,None,Muy bajo,0.922274077,-1.15907,-96.76449,17.14550556,0,0,0,0,0,0
OAXACA,20,SAN PABLO HUITZO,20294,7035,3717,52.8358209,3318,47.1641791,1707,24.26439232,4510,64.10803127,818,11.6275764,10156.13726,0.692684612,13.68869936,6.45344705,None,48.58688806,8.852991698,None,Muy bajo,None,None,Bajo,0.897004268,-0.644193,-96.88449556,17.27736722,0,0,0,0,0,0
OAXACA,20,SAN PABLO HUIXTEPEC,20295,10020,5299,52.88423154,4721,47.11576846,2522,25.16966068,6364,63.51297405,1130,11.27744511,4341.38912,2.308017025,4.091816367,4.131736527,None,54.86541874,13.91165209,None,Muy bajo,None,None,Bajo,0.89319027,-0.604881,-96.781005,16.82673639,0,0,0,0,0,0
OAXACA,20,SAN PABLO MACUILTIANGUIS,20296,955,477,49.94764398,478,50.05235602,213,22.30366492,522,54.65968586,220,23.03664921,14957.5138,0.063847509,100,92.87958115,None,84.67065217,16.81630435,None,Medio,None,None,Bajo,0.854198556,-0.215507,-96.55356139,17.53429056,0,0,0,0,0,0
OAXACA,20,SAN PABLO TIJALTEPEC,20297,2751,1474,53.58051618,1277,46.41948382,907,32.96982915,1657,60.23264268,187,6.797528172,11770.98756,0.233710212,100,98.29153035,None,97.51490313,51.96311475,None,Muy alto,None,None,Muy alto,0.744832056,2.507767,-97.4999625,17.01765806,0,0,0,0,0,0
OAXACA,20,SAN PABLO VILLA DE MITLA,20298,13587,7061,51.9687937,6526,48.0312063,3418,25.1563995,8808,64.82667255,1361,10.01692795,28100.26453,0.48351858,28.94678737,58.58541253,None,71.15610679,21.31487004,None,Medio,None,None,Medio,0.836661153,0.214349,-96.36215472,16.92185972,0,0,0,0,0,0
OAXACA,20,SAN PABLO YAGANIZA,20299,1125,582,51.73333333,543,48.26666667,304,27.02222222,685,60.88888889,136,12.08888889,3547.536262,0.317121494,100,97.95555556,None,82.05893019,19.78422484,None,Medio,None,None,Medio,0.839409359,0.219212,-96.22957472,17.1460825,0,0,0,0,0,0
OAXACA,20,SAN PEDRO AMUZGOS,20300,6632,3552,53.55850422,3080,46.44149578,1904,28.7092883,4116,62.06272618,612,9.227985525,12183.1949,0.54435639,100,86.47466828,None,85.59531928,43.31292622,None,Alto,None,None,Alto,0.795475258,1.005656,-98.08992694,16.65390417,0,0,0,0,0,0
OAXACA,20,SAN PEDRO APOSTOL,20301,1594,847,53.13676286,747,46.86323714,381,23.902133,966,60.60225847,247,15.49560853,890.3003128,1.790407099,100,5.771643664,None,61.96843434,15.37815657,None,Medio,None,None,Bajo,0.826608423,0.088589,-96.72603333,16.73514611,0,0,0,0,0,0
OAXACA,20,SAN PEDRO ATOYAC,20302,4559,2446,53.65211669,2113,46.34788331,1584,34.7444615,2638,57.86356657,337,7.391971924,7463.432005,0.610844984,100,83.63676245,None,93.49354982,40.04737544,None,Muy alto,None,None,Alto,0.757870531,1.383286,-97.98697722,16.48908444,0,0,0,0,0,0
OAXACA,20,SAN PEDRO CAJONOS,20303,1081,586,54.20906568,495,45.79093432,271,25.0693802,618,57.1692877,192,17.7613321,281.7246776,3.837079553,100,99.16743756,None,79.95712954,18.29077353,None,Medio,None,None,Medio,0.828992168,0.349468,-96.26063917,17.16867056,0,0,0,0,0,0
OAXACA,20,SAN PEDRO COXCALTEPEC CANTAROS,20304,716,382,53.35195531,334,46.64804469,179,25,382,53.35195531,155,21.64804469,9467.550968,0.075626738,100,14.52513966,None,94.93475177,31.5248227,None,Alto,None,None,Alto,0.807850769,1.146085,-97.13581333,17.49884944,0,0,0,0,0,0
OAXACA,20,SAN PEDRO COMITANCILLO,20305,4333,2268,52.34248788,2065,47.65751212,952,21.97092084,2770,63.92799446,611,14.1010847,4698.775068,0.922155229,100,79.50611586,None,32.79971989,3.613912232,None,Bajo,None,None,Muy bajo,0.884018287,-0.793581,-95.15987778,16.49030361,0,0,0,0,0,0
OAXACA,20,SAN PEDRO EL ALTO,20306,4654,2398,51.5255694,2256,48.4744306,1694,36.39879673,2647,56.87580576,313,6.725397508,7491.858044,0.621207713,100,94.49935539,None,92.74496938,41.27580927,None,Muy alto,None,None,Alto,0.754149449,1.783426,-96.4737225,16.03361556,0,0,0,0,0,0
OAXACA,20,SAN PEDRO HUAMELULA,20307,9735,4933,50.67282999,4802,49.32717001,2601,26.71802773,6004,61.67437083,1130,11.60760144,69717.06582,0.139635825,100,25.03338469,None,44.74678112,7.303569559,None,Alto,None,None,Alto,0.818038367,1.013368,-95.66885583,16.02903194,0,0,0,0,0,0
OAXACA,20,SAN PEDRO HUILOTEPEC,20308,3307,1684,50.92228606,1623,49.07771394,944,28.54550953,2099,63.47142425,264,7.983066223,2663.56485,1.24156917,100,83.67100091,None,68.29249617,21.83430322,None,Alto,None,None,Medio,0.814133043,0.179317,-95.15293444,16.24365722,0,0,0,0,0,0
OAXACA,20,SAN PEDRO IXCATLAN,20309,10368,5392,52.00617284,4976,47.99382716,3543,34.1724537,5875,56.66473765,950,9.162808642,10164.87837,1.019982692,100,96.04552469,None,88.89828983,47.54555456,None,Muy alto,None,None,Muy alto,0.735732455,2.020163,-96.51062222,18.14566028,0,0,0,0,0,0
OAXACA,20,SAN PEDRO IXTLAHUACA,20310,14552,7434,51.08576141,7118,48.91423859,4521,31.06789445,9335,64.14925783,693,4.762231996,2320.708604,6.270498577,100,35.8782298,None,54.34694444,15.32089564,None,Muy alto,None,None,Medio,0.762990246,0.781349,-96.82009417,17.06327611,0,0,0,0,0,0
OAXACA,20,SAN PEDRO JALTEPETONGO,20311,483,252,52.17391304,231,47.82608696,126,26.08695652,240,49.68944099,117,24.22360248,5150.325159,0.093780487,100,98.13664596,None,96.22567288,55.05797101,None,Muy alto,None,None,Alto,0.748841794,1.550397,-97.03494028,17.68784972,0,0,0,0,0,0
OAXACA,20,SAN PEDRO JICAYAN,20312,11279,6007,53.25826758,5272,46.74173242,3843,34.07216952,6305,55.90034578,1096,9.717173508,8548.857255,1.319357624,100,97.36678784,None,85.24021775,45.80064031,None,Muy alto,None,None,Alto,0.735339631,1.391014,-98.01519861,16.45218639,0,0,0,0,0,0
OAXACA,20,SAN PEDRO JOCOTIPAC,20313,730,389,53.28767123,341,46.71232877,133,18.21917808,423,57.94520548,174,23.83561644,6937.217926,0.105229504,100,88.63013699,None,89.36565097,28.51800554,None,Alto,None,None,Alto,0.792869265,1.531075,-97.08019556,17.76856,0,0,0,0,0,0
OAXACA,20,SAN PEDRO JUCHATENGO,20314,1755,913,52.02279202,842,47.97720798,429,24.44444444,1149,65.47008547,177,10.08547009,5851.140815,0.299941508,100,5.356125356,None,74.34295612,17.44168591,None,Medio,None,None,Bajo,0.847036653,-0.210794,-97.08732139,16.34095222,0,0,0,0,0,0
OAXACA,20,SAN PEDRO MARTIR,20315,1899,1032,54.34439179,867,45.65560821,546,28.75197472,1094,57.60926804,259,13.63875724,759.9501112,2.498848243,100,86.67719853,None,65.30026954,22.78921833,None,Muy alto,None,None,Muy alto,0.738116434,2.038825,-96.71221806,16.74448944,0,0,0,0,0,0
OAXACA,20,SAN PEDRO MARTIR QUIECHAPA,20316,738,392,53.11653117,346,46.88346883,163,22.08672087,477,64.63414634,98,13.27913279,12153.17411,0.060724877,100,30.62330623,None,88.62165963,40.72011252,None,Medio,None,None,Medio,0.838274597,0.679689,-96.24753861,16.41522694,0,0,0,0,0,0
OAXACA,20,SAN PEDRO MARTIR YUCUXACO,20317,1257,658,52.3468576,599,47.6531424,308,24.50278441,770,61.25696102,179,14.24025457,8189.894834,0.153481824,100,5.330151154,None,85.57131346,38.53424658,None,Alto,None,None,Alto,0.811959323,0.985587,-97.61007583,17.43262833,0,0,0,0,0,0
OAXACA,20,SAN PEDRO MIXTEPEC,20318,49780,25772,51.7717959,24008,48.2282041,13807,27.73603857,32817,65.92406589,3151,6.329851346,32673.20104,1.523572788,16.23141824,9.606267577,None,51.9945738,12.01556638,None,Bajo,None,None,Bajo,0.862637528,-0.116156,-97.08383194,15.98264361,0,0,0,0,0,0
OAXACA,20,SAN PEDRO MIXTEPEC,20319,972,504,51.85185185,468,48.14814815,256,26.33744856,555,57.09876543,161,16.56378601,15542.93351,0.062536457,100,98.86831276,None,91.38709677,28.50572321,None,Alto,None,None,Alto,0.799466105,1.149366,-96.28279778,16.27179861,0,0,0,0,0,0
OAXACA,20,SAN PEDRO MOLINOS,20320,706,367,51.98300283,339,48.01699717,180,25.49575071,398,56.37393768,128,18.13031161,2643.642325,0.267055794,100,93.3427762,None,85.82234957,29.56590258,None,Medio,None,None,Medio,0.831930989,0.709256,-97.54112444,17.10463944,0,0,0,0,0,0
OAXACA,20,SAN PEDRO NOPALA,20321,751,393,52.33022636,358,47.66977364,226,30.09320905,402,53.5286285,123,16.37816245,10948.38996,0.068594561,100,0,None,95.78600269,48.96635262,None,Alto,None,None,Medio,0.822523914,0.459548,-97.54130667,17.80629389,0,0,0,0,0,0
OAXACA,20,SAN PEDRO OCOPETATILLO,20322,786,438,55.72519084,348,44.27480916,212,26.97201018,439,55.8524173,135,17.17557252,658.2289587,1.19411337,100,100,None,95.86580645,49.98709677,None,Muy alto,None,None,Muy alto,0.742370068,2.145918,-96.91315333,18.18493611,0,0,0,0,0,0
OAXACA,20,SAN PEDRO OCOTEPEC,20323,2404,1208,50.24958403,1196,49.75041597,706,29.36772047,1460,60.73211314,238,9.900166389,4218.932557,0.56981238,100,99.50083195,None,92.77978947,29.61768421,None,Alto,None,None,Alto,0.808776831,1.141051,-95.84675111,16.95541861,0,0,0,0,0,0
OAXACA,20,SAN PEDRO POCHUTLA,20324,48204,24685,51.2094432,23519,48.7905568,14206,29.47058335,30330,62.92008962,3668,7.609327027,44709.73709,1.078154405,70.80947639,16.44261887,None,46.76668929,12.20748905,None,Alto,None,None,Medio,0.817046089,0.279049,-96.46523028,15.74634083,0,0,0,0,0,0
OAXACA,20,SAN PEDRO QUIATONI,20325,11930,6149,51.54233026,5781,48.45766974,3504,29.37133277,7468,62.5984912,958,8.030176027,56571.22253,0.210884606,100,99.63118189,None,96.13198837,50.41998632,None,Muy alto,None,None,Alto,0.761976065,1.440478,-96.03155111,16.78319972,0,0,0,0,0,0
OAXACA,20,SAN PEDRO SOCHIAPAM,20326,5052,2614,51.7418844,2438,48.2581156,1796,35.55027712,2788,55.18606492,468,9.263657957,15205.81355,0.332241349,100,98.75296912,None,93.97245124,55.96762518,None,Alto,None,None,Alto,0.767443497,1.45954,-96.66440028,17.82514056,0,0,0,0,0,0
OAXACA,20,SAN PEDRO TAPANATEPEC,20327,15479,7865,50.81077589,7614,49.18922411,4405,28.45791072,9312,60.158925,1762,11.38316429,74229.70164,0.208528388,47.32217844,8.198204018,None,53.7964462,14.17501598,None,Medio,None,None,Bajo,0.828352094,0.080053,-94.19384833,16.36724861,0,0,0,0,0,0
OAXACA,20,SAN PEDRO TAVICHE,20328,1441,750,52.04718945,691,47.95281055,464,32.19986121,883,61.27689105,94,6.523247745,9871.695639,0.145972896,100,0,None,94.95862553,51.41865358,None,Alto,None,None,Alto,0.77857272,1.350795,-96.53759778,16.63784861,0,0,0,0,0,0
OAXACA,20,SAN PEDRO TEOZACOALCO,20329,1153,578,50.1300954,575,49.8699046,308,26.71292281,678,58.80312229,167,14.4839549,9317.548651,0.123744994,100,5.897658283,None,91.59062776,44.5959328,None,Alto,None,None,Alto,0.796752584,1.046388,-97.28609806,17.01712611,0,0,0,0,0,0
OAXACA,20,SAN PEDRO TEUTILA,20330,4296,2196,51.11731844,2100,48.88268156,1261,29.35288641,2587,60.21880819,447,10.40502793,14841.34871,0.289461563,100,42.13221601,None,93.03544601,46.1584507,None,Alto,None,None,Alto,0.809820972,0.985534,-96.70567139,17.97702833,0,0,0,0,0,0
OAXACA,20,SAN PEDRO TIDAA,20331,982,531,54.07331976,451,45.92668024,262,26.6802444,495,50.40733198,225,22.91242363,4597.216797,0.213607503,100,54.07331976,None,87.23497854,33.4055794,None,Alto,None,None,Alto,0.805353006,1.040689,-97.37727278,17.34076417,0,0,0,0,0,0
OAXACA,20,SAN PEDRO TOPILTEPEC,20332,373,190,50.9383378,183,49.0616622,70,18.76675603,197,52.8150134,106,28.41823056,3282.893759,0.113619272,100,4.289544236,None,80.31880109,18.59128065,None,Medio,None,None,Bajo,0.84989325,0.005512,-97.34371222,17.43720111,0,0,0,0,0,0
OAXACA,20,SAN PEDRO TOTOLAPAM,20333,3294,1657,50.30358227,1637,49.69641773,798,24.22586521,2103,63.84335155,391,11.87006679,40306.66366,0.08172346,100,16.8184578,None,46.71099179,6.982943778,None,Bajo,None,None,Bajo,0.86089133,-0.356312,-96.30190694,16.66644444,0,0,0,0,0,0
OAXACA,20,VILLA DE TUTUTEPEC,20334,50541,26008,51.45921133,24533,48.54078867,14357,28.40664015,31785,62.88953523,4390,8.686017293,118692.6113,0.425814206,59.63277339,14.68312855,None,61.65682485,14.90195285,None,Medio,None,None,Medio,0.828252052,0.244803,-97.60854139,16.12989472,0,0,0,0,0,0
OAXACA,20,SAN PEDRO YANERI,20335,867,449,51.78777393,418,48.21222607,248,28.60438293,542,62.51441753,77,8.881199539,2815.242488,0.307966367,100,99.53863899,None,93.45191194,31.93858633,None,Alto,None,None,Alto,0.811446041,1.121034,-96.35457056,17.41935583,0,0,0,0,0,0
OAXACA,20,SAN PEDRO YOLOX,20336,1697,878,51.73836181,819,48.26163819,418,24.63170301,1029,60.63641721,250,14.73187979,16529.5167,0.102664829,100,97.93753683,None,85.16546763,12.02817746,None,Medio,None,None,Bajo,0.827325392,-0.106122,-96.55157556,17.58843583,0,0,0,0,0,0
OAXACA,20,SAN PEDRO Y SAN PABLO AYUTLA,20337,5616,3083,54.89672365,2533,45.10327635,1733,30.85826211,3131,55.7514245,752,13.39031339,17198.67977,0.326536692,100,93.78561254,None,80.16002267,34.83412054,None,Muy alto,None,None,Muy alto,0.739545609,1.972474,-96.07708167,17.02715083,0,0,0,0,0,0
OAXACA,20,VILLA DE ETLA,20338,10361,5369,51.81932246,4992,48.18067754,2563,24.7369945,6934,66.92404208,864,8.338963421,825.765078,12.54715206,22.81633047,19.87259917,None,36.49740366,8.287402022,None,Muy bajo,None,None,Muy bajo,0.892260534,-0.769154,-96.80057944,17.20752806,0,0,0,0,0,0
OAXACA,20,SAN PEDRO Y SAN PABLO TEPOSCOLULA,20339,4353,2299,52.81415116,2054,47.18584884,1125,25.84424535,2717,62.4167241,511,11.73903055,17877.4172,0.243491549,100,6.386400184,None,48.70387669,7.386735171,None,Bajo,None,None,Bajo,0.871153491,-0.351244,-97.48818861,17.51206972,0,0,0,0,0,0
OAXACA,20,SAN PEDRO Y SAN PABLO TEQUIXTEPEC,20340,1747,947,54.20721236,800,45.79278764,340,19.46193475,933,53.40583858,474,27.13222667,17987.58134,0.097122563,100,25.1860332,None,79.86587537,24.40771513,None,Medio,None,None,Medio,0.82534208,0.29807,-97.71784611,18.06065611,0,0,0,0,0,0
OAXACA,20,SAN PEDRO YUCUNAMA,20341,241,132,54.77178423,109,45.22821577,53,21.99170124,152,63.07053942,36,14.93775934,2981.093883,0.080842808,100,1.659751037,None,78.03846154,14.73504274,None,Medio,None,None,Medio,0.835589274,0.299426,-97.48259111,17.56100417,0,0,0,0,0,0
OAXACA,20,SAN RAYMUNDO JALPAN,20342,4105,2186,53.25213155,1919,46.74786845,1044,25.43239951,2816,68.59926918,245,5.968331303,823.5737041,4.98437478,100,12.42387333,None,20.35700099,2.887785502,None,Muy bajo,None,None,Muy bajo,0.886774919,-0.757333,-96.75549778,16.97039639,0,0,0,0,0,0
OAXACA,20,SAN SEBASTIAN ABASOLO,20343,1999,1051,52.57628814,948,47.42371186,436,21.81090545,1265,63.28164082,298,14.90745373,1539.898676,1.298137359,100,50.32516258,None,60.26174836,15.13643254,None,Medio,None,None,Bajo,0.847708184,0.007903,-96.58885917,16.994675,0,0,0,0,0,0
OAXACA,20,SAN SEBASTIAN COATLAN,20344,2809,1450,51.61979352,1359,48.38020648,890,31.68387326,1648,58.66856533,271,9.64756141,20808.3164,0.134994103,100,2.52758989,None,88.49744339,36.87143901,None,Alto,None,None,Alto,0.795784357,0.964532,-96.82753917,16.20125861,0,0,0,0,0,0
OAXACA,20,SAN SEBASTIAN IXCAPA,20345,4188,2154,51.43266476,2034,48.56733524,1198,28.60553964,2498,59.64660936,492,11.747851,9865.090473,0.424527277,100,16.92932187,None,65.17457999,18.2770879,None,Alto,None,None,Medio,0.812339671,0.229103,-98.14448722,16.54366722,0,0,0,0,0,0
OAXACA,20,SAN SEBASTIAN NICANoneDUTA,20346,1542,838,54.34500649,704,45.65499351,423,27.43190661,874,56.67963684,245,15.88845655,4406.947818,0.349902033,100,82.42542153,None,92.22470434,40.79303548,None,Alto,None,None,Medio,0.822231482,0.134167,-97.68326833,17.51789694,0,0,0,0,0,0
OAXACA,20,SAN SEBASTIAN RIO HONDO,20347,4202,2102,50.02379819,2100,49.97620181,1209,28.77201333,2625,62.47025226,351,8.353165159,10673.08502,0.393700602,100,21.68015231,None,93.54824454,39.43235944,None,Medio,None,None,Alto,0.829219546,1.165192,-96.46406056,16.18283056,0,0,0,0,0,0
OAXACA,20,SAN SEBASTIAN TECOMAXTLAHUACA,20348,8192,4283,52.28271484,3909,47.71728516,2173,26.52587891,4918,60.03417969,1101,13.43994141,23106.7213,0.354528879,100,43.38378906,None,75.15802623,23.52554653,None,Alto,None,None,Medio,0.795401055,0.870598,-98.03117389,17.34585639,0,0,0,0,0,0
OAXACA,20,SAN SEBASTIAN TEITIPAC,20349,2189,1182,53.99725902,1007,46.00274098,526,24.02923709,1358,62.03746003,305,13.93330288,3054.716505,0.716596776,100,50.06852444,None,52.45940959,13.30442804,None,Alto,None,None,Medio,0.814983979,0.500629,-96.61401889,16.95142472,0,0,0,0,0,0
OAXACA,20,SAN SEBASTIAN TUTLA,20350,16878,9172,54.34293163,7706,45.65706837,3396,20.1208674,12273,72.71596161,1194,7.074297903,734.1806898,22.9888912,0.331792866,12.66145278,None,16.8620726,2.066322457,None,Muy bajo,None,None,Muy bajo,0.951700574,-1.308313,-96.67212028,17.05847611,0,0,0,0,0,0
OAXACA,20,SAN SIMON ALMOLONGAS,20351,2802,1469,52.42683797,1333,47.57316203,767,27.37330478,1639,58.49393291,396,14.13276231,5099.682778,0.54944594,100,1.463240542,None,80.5164557,25.62748644,None,Alto,None,None,Medio,0.810090066,0.801204,-96.71967222,16.4074075,0,0,0,0,0,0
OAXACA,20,SAN SIMON ZAHUATLAN,20352,4940,2471,50.02024291,2469,49.97975709,1985,40.18218623,2725,55.16194332,230,4.655870445,4603.979643,1.072984762,100,99.57489879,None,99.64667615,84.32852206,None,Muy alto,None,None,Muy alto,0.720951163,1.885218,-98.00452833,17.82885333,0,0,0,0,0,0
OAXACA,20,SANTA ANA,20353,2406,1218,50.6234414,1188,49.3765586,723,30.04987531,1431,59.47630923,252,10.47381546,5500.395944,0.437423055,100,1.330008313,None,83.90474174,30.80016935,None,Alto,None,None,Medio,0.822129567,0.520475,-96.71761,16.34063806,0,0,0,0,0,0
OAXACA,20,SANTA ANA ATEIXTLAHUACA,20354,477,239,50.1048218,238,49.8951782,118,24.73794549,274,57.44234801,85,17.8197065,1499.451738,0.318116274,100,98.53249476,None,97.22929936,78.51380042,None,Muy alto,None,None,Muy alto,0.759174315,1.878453,-96.90638306,18.21057833,0,0,0,0,0,0
OAXACA,20,SANTA ANA CUAUHTEMOC,20355,681,339,49.77973568,342,50.22026432,176,25.84434655,384,56.3876652,121,17.76798825,4120.266743,0.165280561,100,71.36563877,None,89.58197932,37.37666174,None,Alto,None,None,Alto,0.795558566,1.207676,-96.79469833,17.98384111,0,0,0,0,0,0
OAXACA,20,SANTA ANA DEL VALLE,20356,2179,1103,50.61955025,1076,49.38044975,530,24.32308398,1342,61.58788435,307,14.08903167,2792.896899,0.780193498,100,95.59430932,None,71.62947466,23.64202696,None,Medio,None,None,Medio,0.830210331,0.187782,-96.47167472,16.99482694,0,0,0,0,0,0
OAXACA,20,SANTA ANA TAVELA,20357,848,439,51.76886792,409,48.23113208,147,17.33490566,529,62.38207547,172,20.28301887,17294.76975,0.049032165,100,4.245283019,None,80.86602871,27.97727273,None,Medio,None,None,Alto,0.826856588,0.970743,-95.9115675,16.65464972,0,0,0,0,0,0
OAXACA,20,SANTA ANA TLAPACOYAN,20358,1958,1033,52.75791624,925,47.24208376,461,23.54443309,1110,56.69050051,387,19.76506639,4680.016468,0.418374596,100,1.225740552,None,67.96939834,20.11877593,None,Alto,None,None,Medio,0.818783294,0.395826,-96.83708389,16.74400333,0,0,0,0,0,0
OAXACA,20,SANTA ANA YARENI,20359,637,356,55.88697017,281,44.11302983,104,16.32653061,370,58.08477237,163,25.58869702,4638.772612,0.137320807,100,99.68602826,None,91.5955414,33.82961783,None,Alto,None,None,Alto,0.79777424,1.519437,-96.61077944,17.39778778,0,0,0,0,0,0
OAXACA,20,SANTA ANA ZEGACHE,20360,3981,2118,53.20271289,1863,46.79728711,993,24.94348154,2457,61.71816127,531,13.3383572,2686.962087,1.481598873,100,49.91208239,None,74.83083566,23.11150622,None,Alto,None,None,Medio,0.814490798,0.785959,-96.72593889,16.83787528,0,0,0,0,0,0
OAXACA,20,SANTA CATALINA QUIERI,20361,825,459,55.63636364,366,44.36363636,209,25.33333333,489,59.27272727,127,15.39393939,5142.638893,0.160423475,100,99.27272727,None,94.55771567,38.13001215,None,Alto,None,None,Alto,0.786966419,1.53678,-96.26585806,16.32220111,0,0,0,0,0,0
OAXACA,20,SANTA CATARINA CUIXTLA,20362,1495,820,54.84949833,675,45.15050167,342,22.87625418,850,56.85618729,303,20.26755853,2569.678646,0.581784809,100,32.7090301,None,68.81101292,14.47042828,None,Medio,None,None,Bajo,0.83548732,0.083007,-96.64474389,16.30439556,0,0,0,0,0,0
OAXACA,20,SANTA CATARINA IXTEPEJI,20363,2675,1413,52.82242991,1262,47.17757009,626,23.40186916,1707,63.81308411,342,12.78504673,22029.75095,0.121426702,100,11.51401869,None,77.19765684,18.49395314,None,Medio,None,None,Bajo,0.85377351,-0.214712,-96.56169917,17.26554889,0,0,0,0,0,0
OAXACA,20,SANTA CATARINA JUQUILA,20364,18654,9673,51.85483006,8981,48.14516994,5994,32.13251849,11409,61.16114506,1251,6.706336443,64116.83644,0.290937623,56.6634502,39.13369787,None,75.57002678,24.39228343,None,Alto,None,None,Medio,0.817813292,0.736081,-97.29247278,16.23700944,0,0,0,0,0,0
OAXACA,20,SANTA CATARINA LACHATAO,20365,1059,574,54.20207743,485,45.79792257,244,23.04060434,625,59.01794145,190,17.9414542,10121.44788,0.104629299,100,64.96694995,None,73.914204,9.176358437,None,Medio,None,None,Medio,0.837603277,0.217523,-96.47293417,17.2684475,0,0,0,0,0,0
OAXACA,20,SANTA CATARINA LOXICHA,20366,3676,1947,52.96517954,1729,47.03482046,1341,36.47986942,2020,54.95103373,315,8.569096844,12733.82585,0.288679934,100,20.42981502,None,96.56177285,53.20747922,None,Alto,None,None,Alto,0.786782253,1.257102,-96.75486556,16.06950444,0,0,0,0,0,0
OAXACA,20,SANTA CATARINA MECHOACAN,20367,4582,2344,51.15670013,2238,48.84329987,1245,27.17154081,2943,64.22959406,394,8.598865124,5144.80607,0.890606942,100,98.71235268,None,92.53991031,48.86928251,None,Muy alto,None,None,Alto,0.758044206,1.304266,-97.83602583,16.33443361,0,0,0,0,0,0
OAXACA,20,SANTA CATARINA MINAS,20368,2067,1039,50.26608612,1028,49.73391388,544,26.31833575,1280,61.92549589,243,11.75616836,3642.319733,0.567495484,100,2.128688921,None,65.10845139,16.27015144,None,Alto,None,None,Medio,0.81778124,0.650356,-96.61545611,16.77918972,0,0,0,0,0,0
OAXACA,20,SANTA CATARINA QUIANE,20369,2193,1124,51.25398997,1069,48.74601003,553,25.21659827,1377,62.79069767,263,11.99270406,2072.571755,1.058105706,100,4.149566803,None,43.84425848,6.735006974,None,Medio,None,None,Bajo,0.848339776,-0.150537,-96.7407475,16.88030611,0,0,0,0,0,0
OAXACA,20,SANTA CATARINA TAYATA,20370,662,346,52.26586103,316,47.73413897,155,23.41389728,399,60.27190332,108,16.3141994,3861.695284,0.171427301,100,19.48640483,None,76.94793262,20.23583461,None,Bajo,None,None,Medio,0.854816289,0.22448,-97.55837889,17.34780472,0,0,0,0,0,0
OAXACA,20,SANTA CATARINA TICUA,20371,986,558,56.59229209,428,43.40770791,233,23.63083164,530,53.7525355,223,22.61663286,2982.870445,0.330554081,100,86.40973631,None,93.23769634,39.70680628,None,Alto,None,None,Alto,0.797882709,1.326445,-97.53485861,17.07123583,0,0,0,0,0,0
OAXACA,20,SANTA CATARINA YOSONOTU,20372,1316,725,55.09118541,591,44.90881459,279,21.2006079,725,55.09118541,312,23.70820669,3834.881757,0.343165731,100,92.55319149,None,90.92652027,22.59628378,None,Muy alto,None,None,Muy alto,0.755867919,2.242612,-97.66212778,17.02054972,0,0,0,0,0,0
OAXACA,20,SANTA CATARINA ZAPOQUILA,20373,403,202,50.12406948,201,49.87593052,96,23.82133995,223,55.33498759,84,20.84367246,11811.64352,0.034118876,100,1.736972705,None,93.79052369,44.63840399,None,Alto,None,None,Medio,0.795547373,0.373212,-97.60165528,18.0645575,0,0,0,0,0,0
OAXACA,20,SANTA CRUZ ACATEPEC,20374,1645,872,53.00911854,773,46.99088146,569,34.58966565,930,56.53495441,146,8.875379939,708.135497,2.323001752,100,98.90577508,None,93.94691885,55.53020134,None,Muy alto,None,None,Muy alto,0.745406621,2.306211,-96.87531917,18.16376167,0,0,0,0,0,0
OAXACA,20,SANTA CRUZ AMILPAS,20375,13200,7010,53.10606061,6190,46.89393939,3257,24.67424242,9239,69.99242424,695,5.265151515,227.7703112,57.95311922,0,30.42424242,None,36.28792094,6.853607494,None,Muy bajo,None,None,Muy bajo,0.916573457,-0.923129,-96.68401722,17.0587,0,0,0,0,0,0
OAXACA,20,SANTA CRUZ DE BRAVO,20376,365,195,53.42465753,170,46.57534247,97,26.57534247,191,52.32876712,77,21.09589041,1837.063415,0.198686663,100,4.383561644,None,75.45938375,14.61904762,None,Alto,None,None,Bajo,0.81807657,0.079521,-98.22398917,17.58137389,0,0,0,0,0,0
OAXACA,20,SANTA CRUZ ITUNDUJIA,20377,10860,5680,52.30202578,5180,47.69797422,3353,30.8747698,6374,58.69244936,1133,10.43278085,56569.18405,0.191977314,100,20.3038674,None,88.90237073,37.29512787,None,Alto,None,None,Alto,0.772247326,1.655916,-97.66055139,16.87493028,0,0,0,0,0,0
OAXACA,20,SANTA CRUZ MIXTEPEC,20378,3720,1928,51.82795699,1792,48.17204301,1068,28.70967742,2242,60.2688172,410,11.02150538,4698.77118,0.791696352,100,29.11290323,None,81.06268657,34.78968792,None,Alto,None,None,Medio,0.812721604,0.573444,-96.88240722,16.79244278,0,0,0,0,0,0
OAXACA,20,SANTA CRUZ NUNDACO,20379,2951,1624,55.03219248,1327,44.96780752,950,32.19247713,1684,57.06540156,317,10.74212131,4361.959448,0.67653082,100,95.73026093,None,89.85149202,41.19430951,None,Alto,None,None,Alto,0.809277504,1.41617,-97.72318722,17.17413917,0,0,0,0,0,0
OAXACA,20,SANTA CRUZ PAPALUTLA,20380,2242,1148,51.20428189,1094,48.79571811,558,24.88849242,1392,62.08742194,292,13.02408564,1480.36719,1.514489118,100,53.88046387,None,59.07284173,11.38219424,None,Medio,None,None,Medio,0.846552341,0.19855,-96.58491139,16.95948861,0,0,0,0,0,0
OAXACA,20,SANTA CRUZ TACACHE DE MINA,20381,2940,1552,52.78911565,1388,47.21088435,882,30,1692,57.55102041,366,12.44897959,2751.58118,1.068476562,100,0.476190476,None,63.94382802,12.19278779,None,Medio,None,None,Bajo,0.853952941,-0.502763,-98.1507875,17.82766139,0,0,0,0,0,0
OAXACA,20,SANTA CRUZ TACAHUA,20382,1182,621,52.53807107,561,47.46192893,300,25.38071066,686,58.03722504,196,16.5820643,4752.347916,0.248719164,100,60.321489,None,89.25806452,26.34001744,None,Alto,None,None,Alto,0.821896799,1.156697,-97.49216583,16.91890111,0,0,0,0,0,0
OAXACA,20,SANTA CRUZ TAYATA,20383,595,302,50.75630252,293,49.24369748,158,26.55462185,350,58.82352941,87,14.62184874,2179.127915,0.273045008,100,3.025210084,None,89.40877193,35.4,None,Medio,None,None,Medio,0.832165127,0.832128,-97.568595,17.35776889,0,0,0,0,0,0
OAXACA,20,SANTA CRUZ XITLA,20384,4794,2513,52.41969128,2281,47.58030872,1472,30.70504798,2843,59.30329579,479,9.991656237,5714.616883,0.838901382,100,82.47809762,None,90.27001271,42.10059297,None,Alto,None,None,Alto,0.796950714,1.132555,-96.67312889,16.32243667,0,0,0,0,0,0
OAXACA,20,SANTA CRUZ XOXOCOTLAN,20385,100402,53386,53.17224756,47016,46.82775244,24475,24.37700444,69123,68.84623812,6324,6.298679309,4393.877257,22.85043348,18.47971156,20.97966176,None,48.16738894,14.13196474,None,Muy bajo,None,None,Bajo,0.88778243,-0.662088,-96.73435806,17.02728139,0,0,0,0,0,0
OAXACA,20,SANTA CRUZ ZENZONTEPEC,20386,19079,9836,51.55406468,9243,48.44593532,6607,34.62969757,11295,59.201216,1177,6.16908643,48573.20172,0.392788602,100,76.85937418,None,94.69807547,53.67169424,None,Muy alto,None,None,Muy alto,0.741512506,2.424761,-97.49507889,16.53513111,0,0,0,0,0,0
OAXACA,20,SANTA GERTRUDIS,20387,2891,1505,52.05811138,1386,47.94188862,696,24.07471463,1776,61.43203044,419,14.49325493,3044.898812,0.949456839,100,1.106883431,None,69.33426868,13.37425465,None,Medio,None,None,Bajo,0.845391189,-0.254842,-96.79721139,16.78659472,0,0,0,0,0,0
OAXACA,20,SANTA INES DEL MONTE,20388,2809,1419,50.51619794,1390,49.48380206,946,33.67746529,1669,59.41616234,194,6.906372375,4920.979785,0.570821284,100,2.990388038,None,95.86365293,51.63215458,None,Alto,None,None,Alto,0.771779292,1.704314,-96.86168694,16.92576667,0,0,0,0,0,0
OAXACA,20,SANTA INES YATZECHE,20389,908,486,53.52422907,422,46.47577093,159,17.51101322,600,66.07929515,149,16.40969163,241.9821478,3.752342924,100,99.44933921,None,73.73222222,17.42222222,None,Alto,None,None,Alto,0.792745177,1.065506,-96.75632417,16.80867333,0,0,0,0,0,0
OAXACA,20,SANTA LUCIA DEL CAMINO,20390,50362,26191,52.00548032,24171,47.99451968,11003,21.84782177,35033,69.56236845,4050,8.041777531,945.1867207,53.28259369,8.869782773,23.98633891,None,27.19016211,3.793372235,None,Muy bajo,None,None,Muy bajo,0.927579549,-1.037709,-96.69467722,17.06411806,0,0,0,0,0,0
OAXACA,20,SANTA LUCIA MIAHUATLAN,20391,3375,1728,51.2,1647,48.8,1215,36,1923,56.97777778,237,7.022222222,7034.085754,0.479806491,100,99.58518519,None,98.09096386,72.94337349,None,Muy alto,None,None,Muy alto,0.724443955,2.84789,-96.61821111,16.18647306,0,0,0,0,0,0
OAXACA,20,SANTA LUCIA MONTEVERDE,20392,6726,3494,51.94766577,3232,48.05233423,1969,29.27445733,3893,57.87986916,861,12.80107047,15669.6522,0.429237351,100,74.73981564,None,95.81712124,52.72442062,None,Muy alto,None,None,Muy alto,0.74350326,2.487315,-97.66630278,16.97129111,0,0,0,0,0,0
OAXACA,20,SANTA LUCIA OCOTLAN,20393,4173,2202,52.76779295,1971,47.23220705,1128,27.03091301,2679,64.1984184,366,8.770668584,1170.852857,3.564068683,100,96.47735442,None,89.4987946,34.44069431,None,Alto,None,None,Alto,0.81181165,0.996602,-96.68039611,16.74219,0,0,0,0,0,0
OAXACA,20,SANTA MARIA ALOTEPEC,20394,2796,1443,51.60944206,1353,48.39055794,684,24.46351931,1762,63.018598,350,12.51788269,9868.192756,0.283334555,100,97.67525036,None,79.87794118,19.33161765,None,Alto,None,None,Alto,0.804184384,1.047777,-95.85457167,17.09209556,0,0,0,0,0,0
OAXACA,20,SANTA MARIA APAZCO,20395,1629,889,54.57335789,740,45.42664211,415,25.475752,822,50.46040516,392,24.06384285,8047.328594,0.202427424,100,95.27317373,None,94.22953964,48.71163683,None,Muy alto,None,None,Muy alto,0.718870684,2.377283,-97.10038694,17.63458333,0,0,0,0,0,0
OAXACA,20,SANTA MARIA LA ASUNCION,20396,3259,1827,56.06014115,1432,43.93985885,993,30.46946916,1833,56.2442467,433,13.28628414,757.769783,4.300778512,100,98.18962872,None,96.1261403,62.51305442,None,Muy alto,None,None,Muy alto,0.702167057,2.677198,-96.81936528,18.10822417,0,0,0,0,0,0
OAXACA,20,HEROICA CIUDAD DE TLAXIACO,20397,40123,21521,53.63756449,18602,46.36243551,11563,28.81888194,25452,63.43493757,3106,7.741195823,34684.75637,1.156790596,52.8574633,43.3143085,None,54.39031789,16.14496301,None,Medio,None,None,Bajo,0.854380956,0.121398,-97.68049167,17.26746972,0,0,0,0,0,0
OAXACA,20,AYOQUEZCO DE ALDAMA,20398,4874,2514,51.57981124,2360,48.42018876,1193,24.47681576,2961,60.75092327,720,14.77226098,10474.36006,0.465326757,100,17.09068527,None,77.31410392,20.47635207,None,Alto,None,None,Medio,0.824221074,0.383921,-96.84311444,16.68566556,0,0,0,0,0,0
OAXACA,20,SANTA MARIA ATZOMPA,20399,41921,21973,52.41525727,19948,47.58474273,11137,26.56663725,28533,68.06373894,2152,5.133465328,3134.76964,13.37291247,31.80983278,26.62865867,None,42.4178949,12.77617592,None,Bajo,None,None,Bajo,0.874597432,-0.534308,-96.77926111,17.10286556,0,0,0,0,0,0
OAXACA,20,SANTA MARIA CAMOTLAN,20400,1713,892,52.07238762,821,47.92761238,439,25.627554,974,56.85931115,300,17.51313485,9503.099144,0.180256985,100,1.050788091,None,63.05432836,11.17671642,None,Medio,None,None,Bajo,0.832537373,-0.072759,-97.69338,17.89956056,0,0,0,0,0,0
OAXACA,20,SANTA MARIA COLOTEPEC,20401,27046,13805,51.04266805,13241,48.95733195,8154,30.14863566,17230,63.70627819,1644,6.07853287,41646.84432,0.649412949,60.68919618,15.86556238,None,38.50556295,7.789964496,None,Medio,None,None,Bajo,0.841750417,-0.044343,-96.93858889,15.89779222,0,0,0,0,0,0
OAXACA,20,SANTA MARIA CORTIJO,20402,1067,549,51.45267104,518,48.54732896,327,30.64667291,634,59.41893158,106,9.934395501,8167.621947,0.13063778,100,9.653233365,None,74.0114177,30.36441484,None,Alto,None,None,Medio,0.805315129,0.223743,-98.28571639,16.4508025,0,0,0,0,0,0
OAXACA,20,SANTA MARIA COYOTEPEC,20403,3751,1983,52.86590243,1768,47.13409757,967,25.77979206,2513,66.99546788,246,6.558251133,655.1734913,5.725201111,100,16.42228739,None,53.93729642,9.204397394,None,Bajo,None,None,Bajo,0.879578238,-0.663099,-96.70673639,16.96716056,0,0,0,0,0,0
OAXACA,20,SANTA MARIA CHACHOAPAM,20404,761,394,51.7739816,367,48.2260184,149,19.57950066,463,60.84099869,149,19.57950066,6180.785015,0.123123519,100,3.679369251,None,59.73691275,6.275167785,None,Bajo,None,None,Bajo,0.870994302,-0.466679,-97.283505,17.52515556,0,0,0,0,0,0
OAXACA,20,VILLA DE CHILAPA DE DIAZ,20405,1815,986,54.32506887,829,45.67493113,466,25.67493113,1063,58.56749311,286,15.75757576,17487.95397,0.103785726,100,25.06887052,None,61.55988858,13.60724234,None,Medio,None,None,Bajo,0.836083551,-0.099783,-97.63191222,17.58832889,0,0,0,0,0,0
OAXACA,20,SANTA MARIA CHILCHOTLA,20406,21469,11096,51.68382319,10373,48.31617681,7018,32.68899343,12268,57.14285714,2183,10.16814942,28279.88598,0.759161477,100,98.36974242,None,95.54054054,61.96871302,None,Muy alto,None,None,Muy alto,0.63904791,3.521581,-96.83054056,18.23424028,0,0,0,0,0,0
OAXACA,20,SANTA MARIA CHIMALAPA,20407,9578,4788,49.98955941,4790,50.01044059,2479,25.88223011,4458,46.54416371,612,6.389642932,455650.1989,0.021020511,100,51.54520777,None,84.48113909,32.30198704,None,Alto,None,None,Alto,0.764267558,1.476259,-94.68302222,16.90992,0,0,0,0,0,0
OAXACA,20,SANTA MARIA DEL ROSARIO,20408,499,253,50.70140281,246,49.29859719,139,27.85571142,287,57.51503006,73,14.62925852,2522.424476,0.197825546,100,26.25250501,None,85.82388664,27.56072874,None,Medio,None,None,Medio,0.835624693,0.720733,-97.59382028,17.35176139,0,0,0,0,0,0
OAXACA,20,SANTA MARIA DEL TULE,20409,8939,4800,53.69728158,4139,46.30271842,1953,21.84808144,6101,68.25148227,856,9.576015214,1683.185325,5.310763983,7.506432487,14.35283589,None,34.12707948,3.191890019,None,Muy bajo,None,None,Muy bajo,0.926239546,-1.125472,-96.63659222,17.04670167,0,0,0,0,0,0
OAXACA,20,SANTA MARIA ECATEPEC,20410,3418,1684,49.26857812,1734,50.73142188,1064,31.12931539,1925,56.31948508,429,12.55119953,54297.31299,0.062949708,100,60.26916325,None,91.98191137,18.09014169,None,Medio,None,None,Medio,0.82718572,0.356063,-95.88113028,16.2841825,0,0,0,0,0,0
OAXACA,20,SANTA MARIA GUELACE,20411,908,479,52.75330396,429,47.24669604,198,21.8061674,605,66.62995595,105,11.56387665,739.1809401,1.228386652,100,38.10572687,None,59.27152318,15.35320088,None,Bajo,None,None,Bajo,0.865603784,-0.341964,-96.60283,17.00087667,0,0,0,0,0,0
OAXACA,20,SANTA MARIA GUIENAGATI,20412,3178,1624,51.10132159,1554,48.89867841,1033,32.50471995,1881,59.18816866,264,8.307111391,39040.10477,0.08140347,100,47.92322215,None,81.75485751,33.42940415,None,Alto,None,None,Medio,0.787778869,0.932223,-95.35448583,16.73798278,0,0,0,0,0,0
OAXACA,20,SANTA MARIA HUATULCO,20413,50862,26008,51.13444222,24854,48.86555778,13441,26.42640871,34824,68.46761826,2564,5.041091581,51406.65933,0.989404888,41.49659864,10.06252212,None,40.04774807,9.835367982,None,Bajo,None,None,Bajo,0.870785424,-0.330929,-96.32209306,15.83611139,0,0,0,0,0,0
OAXACA,20,SANTA MARIA HUAZOLOTITLAN,20414,11995,6105,50.89620675,5890,49.10379325,3339,27.83659858,7391,61.61734056,1265,10.54606086,27663.52374,0.433603474,56.94039183,42.72613589,None,69.30949362,17.76971849,None,Medio,None,None,Medio,0.826818014,0.218315,-97.91286111,16.30222222,0,0,0,0,0,0
OAXACA,20,SANTA MARIA IPALAPA,20415,4878,2576,52.80852809,2302,47.19147191,1531,31.38581386,2821,57.83107831,526,10.78310783,16794.43028,0.290453437,100,30.83230832,None,78.52560084,30.09278997,None,Medio,None,None,Medio,0.825377742,0.128243,-98.03382389,16.63621861,0,0,0,0,0,0
OAXACA,20,SANTA MARIA IXCATLAN,20416,461,237,51.40997831,224,48.59002169,78,16.9197397,272,59.0021692,111,24.07809111,17707.53028,0.026034122,100,6.724511931,None,95.9010989,62.83076923,None,Alto,None,None,Medio,0.796068578,0.86686,-97.19048194,17.85159306,0,0,0,0,0,0
OAXACA,20,SANTA MARIA JACATEPEC,20417,9682,5094,52.61309647,4588,47.38690353,2791,28.8266887,5916,61.10307788,975,10.07023342,32388.25603,0.298935515,100,77.07085313,None,74.86232035,29.04363674,None,Alto,None,None,Medio,0.80557089,0.492807,-96.21132444,17.86013278,0,0,0,0,0,0
OAXACA,20,SANTA MARIA JALAPA DEL MARQUES,20418,11735,6075,51.76821474,5660,48.23178526,2919,24.87430763,7411,63.15296123,1387,11.81934384,73236.07039,0.160235249,23.66425224,9.646357052,None,46.03381698,10.15289319,None,Bajo,None,None,Bajo,0.857936441,-0.189907,-95.44337806,16.44006528,0,0,0,0,0,0
OAXACA,20,SANTA MARIA JALTIANGUIS,20419,592,314,53.04054054,278,46.95945946,146,24.66216216,350,59.12162162,96,16.21621622,5392.720085,0.109777624,100,75,None,75.82033898,9.174576271,None,Bajo,None,None,Bajo,0.867703282,-0.449852,-96.52827139,17.36561278,0,0,0,0,0,0
OAXACA,20,SANTA MARIA LACHIXIO,20420,1679,919,54.73496129,760,45.26503871,531,31.62596784,1040,61.94163192,108,6.432400238,4978.171192,0.337272451,100,97.31983323,None,94.52091255,36.10583016,None,Alto,None,None,Alto,0.784410661,1.699967,-97.01921083,16.72775611,0,0,0,0,0,0
OAXACA,20,SANTA MARIA MIXTEQUILLA,20421,4690,2412,51.42857143,2278,48.57142857,1139,24.28571429,3018,64.34968017,533,11.36460554,14843.32473,0.315966947,100,4.115138593,None,50.3441516,7.851448486,None,Bajo,None,None,Bajo,0.856803753,-0.46673,-95.26047333,16.37370833,0,0,0,0,0,0
OAXACA,20,SANTA MARIA NATIVITAS,20422,603,327,54.22885572,276,45.77114428,138,22.88557214,352,58.3747927,113,18.73963516,4306.746005,0.140012901,100,49.41956882,None,83.56101695,27.85932203,None,Medio,None,None,Medio,0.852388806,0.296693,-97.33478722,17.66149444,0,0,0,0,0,0
OAXACA,20,SANTA MARIA NDUAYACO,20423,453,234,51.65562914,219,48.34437086,78,17.21854305,250,55.18763797,125,27.59381898,7684.251989,0.058951737,100,2.869757174,None,92.18961625,34.80361174,None,Alto,None,None,Medio,0.812527738,0.574878,-97.49633722,17.41150889,0,0,0,0,0,0
OAXACA,20,SANTA MARIA OZOLOTEPEC,20424,3793,1958,51.62140786,1835,48.37859214,1234,32.53361455,2191,57.76430266,368,9.702082784,14610.62479,0.259605599,100,37.80648563,None,95.76843501,52.19814324,None,Alto,None,None,Alto,0.784858553,1.742722,-96.37006667,16.13084083,0,0,0,0,0,0
OAXACA,20,SANTA MARIA PAPALO,20425,2058,1030,50.04859086,1028,49.95140914,540,26.23906706,1312,63.75121477,206,10.00971817,5572.54848,0.369310381,100,99.46550049,None,95.92292683,39.71121951,None,Alto,None,None,Alto,0.805322168,1.193529,-96.79735639,17.78416,0,0,0,0,0,0
OAXACA,20,SANTA MARIA PEÑOLES,20426,8967,4644,51.78989629,4323,48.21010371,3119,34.78309357,5032,56.11687298,816,9.100033456,23360.86796,0.383847039,100,97.58001561,None,98.32348243,63.1920356,None,Muy alto,None,None,Muy alto,0.761015789,2.251134,-97.00244556,17.078915,0,0,0,0,0,0
OAXACA,20,SANTA MARIA PETAPA,20427,16706,8626,51.63414342,8080,48.36585658,3956,23.68011493,9610,57.52424279,1477,8.841134922,15609.23373,1.07026394,100,43.37363821,None,58.54425484,18.14335499,None,Medio,None,None,Bajo,0.830659529,0.026755,-95.12003861,16.82242917,0,0,0,0,0,0
OAXACA,20,SANTA MARIA QUIEGOLANI,20428,2224,1090,49.01079137,1134,50.98920863,798,35.88129496,1251,56.25,175,7.868705036,16149.09867,0.137716664,100,94.42446043,None,96.6788425,42.31166983,None,Alto,None,None,Medio,0.786535045,0.962273,-96.05200306,16.27721333,0,0,0,0,0,0
OAXACA,20,SANTA MARIA SOLA,20429,1516,780,51.45118734,736,48.54881266,388,25.59366755,883,58.24538259,245,16.16094987,5222.652942,0.290273931,100,5.079155673,None,88.00602813,44.50770261,None,Alto,None,None,Alto,0.795300406,0.975341,-97.01311389,16.56674917,0,0,0,0,0,0
OAXACA,20,SANTA MARIA TATALTEPEC,20430,317,163,51.41955836,154,48.58044164,59,18.61198738,194,61.19873817,64,20.18927445,3710.819051,0.085425885,100,28.70662461,None,82.84177215,28.59493671,None,Medio,None,None,Medio,0.830434605,0.322676,-97.39511556,17.14245889,0,0,0,0,0,0
OAXACA,20,SANTA MARIA TECOMAVACA,20431,1830,939,51.31147541,891,48.68852459,477,26.06557377,1150,62.84153005,203,11.09289617,37070.77668,0.04936503,100,28.85245902,None,56.78551686,15.84577114,None,Medio,None,None,Bajo,0.844241609,-0.152934,-97.02443722,17.95625722,0,0,0,0,0,0
OAXACA,20,SANTA MARIA TEMAXCALAPA,20432,903,460,50.94130676,443,49.05869324,174,19.26910299,593,65.66998893,136,15.06090808,1319.140578,0.684536595,100,98.89258029,None,69.63968073,11.67730901,None,Bajo,None,None,Bajo,0.860338725,-0.08515,-96.16247778,17.38109944,0,0,0,0,0,0
OAXACA,20,SANTA MARIA TEMAXCALTEPEC,20433,2694,1472,54.63994061,1222,45.36005939,1066,39.56941351,1483,55.04825538,145,5.382331106,3490.921114,0.771716092,100,95.73125464,None,91.80454021,47.56521739,None,Muy alto,None,None,Muy alto,0.745662788,2.320771,-97.194655,16.16310889,0,0,0,0,0,0
OAXACA,20,SANTA MARIA TEOPOXCO,20434,3985,2195,55.08155583,1790,44.91844417,1397,35.05646173,2095,52.57214555,493,12.37139272,3665.080102,1.087288651,100,99.59849435,None,94.43948236,35.17863486,None,Alto,None,None,Alto,0.778255654,1.451373,-96.95513917,18.16665917,0,0,0,0,0,0
OAXACA,20,SANTA MARIA TEPANTLALI,20435,3576,1839,51.4261745,1737,48.5738255,1138,31.82326622,2134,59.67561521,304,8.501118568,8464.657136,0.422462475,100,97.5950783,None,88.10690358,33.22108943,None,Muy alto,None,None,Muy alto,0.759201247,2.12574,-96.01012028,16.99751306,0,0,0,0,0,0
OAXACA,20,SANTA MARIA TEXCATITLAN,20436,896,464,51.78571429,432,48.21428571,251,28.01339286,490,54.6875,155,17.29910714,3541.936352,0.252968973,100,99.44196429,None,91.2779661,30.57740113,None,Muy alto,None,None,Muy alto,0.706090231,2.62809,-97.06668944,17.712905,0,0,0,0,0,0
OAXACA,20,SANTA MARIA TLAHUITOLTEPEC,20437,9653,5078,52.60540765,4575,47.39459235,2931,30.36361753,5747,59.53589558,975,10.1004869,15328.15502,0.629756157,100,98.04205946,None,90.67885653,43.33398058,None,Alto,None,None,Muy alto,0.788662419,1.875627,-96.06325222,17.09753694,0,0,0,0,0,0
OAXACA,20,SANTA MARIA TLALIXTAC,20438,1839,915,49.75530179,924,50.24469821,620,33.71397499,1054,57.31375748,165,8.972267537,2408.995597,0.763388693,100,70.36432844,None,92.90421893,38.20125428,None,Alto,None,None,Alto,0.787571902,0.98932,-96.73807528,17.95167722,0,0,0,0,0,0
OAXACA,20,SANTA MARIA TONAMECA,20439,25347,12983,51.2210518,12364,48.7789482,8032,31.68816823,15610,61.58519746,1705,6.726634316,52398.81881,0.483732278,100,51.48932813,None,59.39138742,19.72297421,None,Alto,None,None,Alto,0.76411222,1.149733,-96.54536528,15.74713944,0,0,0,0,0,0
OAXACA,20,SANTA MARIA TOTOLAPILLA,20440,812,416,51.23152709,396,48.76847291,171,21.0591133,491,60.4679803,150,18.4729064,11438.818,0.070986355,100,53.44827586,None,77.4323641,10.19469027,None,Alto,None,None,Medio,0.822730866,0.283999,-95.62545472,16.60322833,0,0,0,0,0,0
OAXACA,20,SANTA MARIA XADANI,20441,9234,4674,50.61728395,4560,49.38271605,3171,34.34048083,5522,59.80073641,533,5.772146415,8636.410702,1.069194173,6.519384882,98.90621616,None,83.64380064,31.51137751,None,Medio,None,None,Medio,0.834009455,0.541062,-95.01985028,16.36030083,0,0,0,0,0,0
OAXACA,20,SANTA MARIA YALINA,20442,250,138,55.2,112,44.8,56,22.4,151,60.4,43,17.2,4828.865007,0.051772,100,92.4,None,89.84738956,4.803212851,None,Medio,None,None,Bajo,0.841749367,0.06291,-96.26278139,17.24047083,0,0,0,0,0,0
OAXACA,20,SANTA MARIA YAVESIA,20443,434,235,54.14746544,199,45.85253456,104,23.96313364,250,57.60368664,80,18.43317972,8769.941106,0.049487219,100,46.5437788,None,71.60747664,6.224299065,None,Bajo,None,None,Bajo,0.874938903,-0.498614,-96.42951556,17.23421528,0,0,0,0,0,0
OAXACA,20,SANTA MARIA YOLOTEPEC,20444,481,255,53.01455301,226,46.98544699,147,30.56133056,266,55.3014553,68,14.13721414,1796.104032,0.26780186,100,75.46777547,None,92.75782881,46.07724426,None,Medio,None,None,Medio,0.841322216,0.605533,-97.50532806,16.87680472,0,0,0,0,0,0
OAXACA,20,SANTA MARIA YOSOYUA,20445,1699,886,52.14832254,813,47.85167746,468,27.54561507,1073,63.15479694,158,9.299587993,3363.458652,0.505134796,100,98.2931136,None,89.77149729,20.96151533,None,Medio,None,None,Alto,0.83857377,1.032147,-97.51479222,17.12018583,0,0,0,0,0,0
OAXACA,20,SANTA MARIA YUCUHITI,20446,6008,3158,52.563249,2850,47.436751,1568,26.09853529,3501,58.2723036,939,15.62916112,7314.361778,0.821397708,100,97.75299601,None,89.36487872,38.64007516,None,Alto,None,None,Alto,0.822348106,1.036127,-97.76950889,17.01819278,0,0,0,0,0,0
OAXACA,20,SANTA MARIA ZACATEPEC,20447,17100,8954,52.3625731,8146,47.6374269,5252,30.71345029,10266,60.03508772,1582,9.251461988,50219.99223,0.340501845,65.14035088,33.78362573,None,85.7441485,36.91457645,None,Alto,None,None,Medio,0.811707576,0.416853,-97.9898775,16.76389444,0,0,0,0,0,0
OAXACA,20,SANTA MARIA ZANIZA,20448,2469,1279,51.80234913,1190,48.19765087,1030,41.71729445,1316,53.30093155,123,4.981773998,15804.71914,0.156219163,100,57.75617659,None,98.39492011,67.69684556,None,Muy alto,None,None,Muy alto,0.757003992,2.059072,-97.33854361,16.6550975,0,0,0,0,0,0
OAXACA,20,SANTA MARIA ZOQUITLAN,20449,3294,1664,50.51608986,1630,49.48391014,852,25.86520947,1940,58.89496053,501,15.20947177,41721.63475,0.078951844,100,1.032179721,None,80.55816794,23.39053435,None,Alto,None,None,Medio,0.816589644,0.344908,-96.35287111,16.55835972,0,0,0,0,0,0
OAXACA,20,SANTIAGO AMOLTEPEC,20450,13855,7070,51.02850956,6785,48.97149044,5905,42.61999278,7332,52.91952364,618,4.46048358,20796.9043,0.666204922,100,84.16456153,None,98.78228592,84.44785006,None,Muy alto,None,None,Muy alto,0.690836551,3.44575,-97.49480278,16.64090556,0,0,0,0,0,0
OAXACA,20,SANTIAGO APOALA,20451,1019,550,53.97448479,469,46.02551521,267,26.20215898,487,47.79195289,265,26.00588813,8576.28726,0.118815983,100,93.4249264,None,93.67819707,39.11844864,None,Muy alto,None,None,Muy alto,0.695698448,2.629153,-97.13694528,17.6486025,0,0,0,0,0,0
OAXACA,20,SANTIAGO APOSTOL,20452,4421,2415,54.62565031,2006,45.37434969,1080,24.42886225,2764,62.5197919,577,13.05134585,1765.657532,2.503883069,100,93.75706854,None,91.21839348,49.60745052,None,Muy alto,None,None,Alto,0.757939689,1.462662,-96.72241389,16.80426306,0,0,0,0,0,0
OAXACA,20,SANTIAGO ASTATA,20453,3918,1970,50.28075549,1948,49.71924451,1030,26.28892292,2428,61.97039306,460,11.74068402,18713.15552,0.209371423,100,19.24451251,None,53.85855351,12.48171871,None,Alto,None,None,Medio,0.818271283,0.819,-95.67586556,15.98763111,0,0,0,0,0,0
OAXACA,20,SANTIAGO ATITLAN,20454,3556,1773,49.85939258,1783,50.14060742,985,27.69966254,2251,63.30146232,320,8.998875141,7091.363053,0.501455076,100,98.98762655,None,93.24165708,47.08227848,None,Alto,None,None,Alto,0.785712908,1.638608,-95.94579694,17.10397333,0,0,0,0,0,0
OAXACA,20,SANTIAGO AYUQUILILLA,20455,2904,1497,51.54958678,1407,48.45041322,957,32.95454545,1611,55.47520661,336,11.57024793,8971.04363,0.323708157,100,1.41184573,None,86.51893408,37.97194951,None,Alto,None,None,Medio,0.781731324,0.611244,-97.95826222,17.93510583,0,0,0,0,0,0
OAXACA,20,SANTIAGO CACALOXTEPEC,20456,1667,865,51.88962208,802,48.11037792,422,25.31493701,1000,59.9880024,245,14.69706059,3867.267541,0.431053705,100,50.74985003,None,65.58261406,16.8298397,None,Alto,None,None,Bajo,0.817269029,0.104648,-97.74048639,17.72023806,0,0,0,0,0,0
OAXACA,20,SANTIAGO CAMOTLAN,20457,3346,1715,51.25523013,1631,48.74476987,888,26.53915123,2188,65.39151225,270,8.069336521,31205.90586,0.107223293,100,93.87328153,None,94.30607903,46.71094225,None,Alto,None,None,Alto,0.81008544,1.100689,-96.18465611,17.44626694,0,0,0,0,0,0
OAXACA,20,SANTIAGO COMALTEPEC,20458,1157,617,53.32757131,540,46.67242869,292,25.23768366,635,54.88331893,230,19.87899741,20402.97918,0.056707405,100,96.62921348,None,84.12566372,8.744247788,None,Medio,None,None,Bajo,0.853729027,-0.221398,-96.54781306,17.56412556,0,0,0,0,0,0
OAXACA,20,VILLA DE SANTIAGO CHAZUMBA,20459,4877,2581,52.9218782,2296,47.0781218,1148,23.5390609,2728,55.93602625,1001,20.52491286,32428.2094,0.150393749,100,17.65429567,None,66.14865997,14.99434673,None,Medio,None,None,Bajo,0.848341792,-0.127523,-97.68053972,18.18876833,0,0,0,0,0,0
OAXACA,20,SANTIAGO CHOAPAM,20460,5242,2751,52.47996948,2491,47.52003052,1604,30.59900801,3102,59.17588707,518,9.881724533,31122.44284,0.168431509,100,70.18313621,None,95.51870616,58.76149649,None,Alto,None,None,Alto,0.775082796,1.653172,-95.92262333,17.36061194,0,0,0,0,0,0
OAXACA,20,SANTIAGO DEL RIO,20461,527,276,52.37191651,251,47.62808349,113,21.44212524,259,49.14611006,155,29.41176471,3843.392027,0.137118461,100,34.34535104,None,82.47961165,34.58058252,None,Alto,None,None,Medio,0.776993968,0.945162,-98.08854028,17.45597528,0,0,0,0,0,0
OAXACA,20,SANTIAGO HUAJOLOTITLAN,20462,4600,2387,51.89130435,2213,48.10869565,1170,25.43478261,2879,62.58695652,551,11.97826087,11055.85719,0.41606905,100,1.195652174,None,51.46564711,12.56083086,None,Bajo,None,None,Bajo,0.85744405,-0.449323,-97.73176694,17.82664972,0,0,0,0,0,0
OAXACA,20,SANTIAGO HUAUCLILLA,20463,525,280,53.33333333,245,46.66666667,86,16.38095238,280,53.33333333,159,30.28571429,10076.95036,0.052099096,100,4.571428571,None,89.13333333,22.40980392,None,Medio,None,None,Medio,0.831189155,0.702516,-97.07152722,17.45084083,0,0,0,0,0,0
OAXACA,20,SANTIAGO IHUITLAN PLUMAS,20464,341,186,54.54545455,155,45.45454545,90,26.39296188,178,52.19941349,73,21.40762463,4611.203858,0.07395032,100,3.225806452,None,92.92307692,29.42769231,None,Medio,None,None,Medio,0.830227693,0.234768,-97.42974306,17.84847444,0,0,0,0,0,0
OAXACA,20,SANTIAGO IXCUINTEPEC,20465,1636,861,52.62836186,775,47.37163814,554,33.86308068,951,58.12958435,131,8.007334963,12234.21058,0.133723381,100,96.45476773,None,95.38215385,28.42953846,None,Alto,None,None,Alto,0.786279515,1.220187,-95.62310556,16.93480611,0,0,0,0,0,0
OAXACA,20,SANTIAGO IXTAYUTLA,20466,13880,7329,52.80259366,6551,47.19740634,4948,35.64841499,8222,59.23631124,710,5.115273775,45775.42323,0.303219479,100,87.27665706,None,96.76977946,72.55047675,None,Muy alto,None,None,Muy alto,0.685034695,2.826272,-97.65196889,16.56500639,0,0,0,0,0,0
OAXACA,20,SANTIAGO JAMILTEPEC,20467,19112,9953,52.07722897,9159,47.92277103,5546,29.01841775,11686,61.14483047,1880,9.836751779,64069.3772,0.298301635,45.65194642,38.93888656,None,66.25304265,25.21027263,None,Medio,None,None,Medio,0.827490358,0.277049,-97.81968222,16.27945833,0,0,0,0,0,0
OAXACA,20,SANTIAGO JOCOTEPEC,20468,14198,7335,51.66220594,6863,48.33779406,5051,35.57543316,8054,56.72629948,1093,7.698267362,61849.52978,0.229557121,100,87.41372024,None,88.06983116,51.59844868,None,Alto,None,None,Alto,0.780816258,1.547929,-95.94441611,17.53567972,0,0,0,0,0,0
OAXACA,20,SANTIAGO JUXTLAHUACA,20469,34735,18208,52.41974953,16527,47.58025047,11944,34.38606593,19750,56.85907586,3037,8.74334245,77501.87283,0.448182718,69.45156183,76.40132431,None,82.26450901,42.61756748,None,Alto,None,None,Alto,0.769477991,1.134541,-98.01244944,17.33529028,0,0,0,0,0,0
OAXACA,20,SANTIAGO LACHIGUIRI,20470,4394,2259,51.41101502,2135,48.58898498,1024,23.30450614,2800,63.72325899,570,12.97223487,43417.64855,0.101203086,100,77.62858443,None,80.68532774,19.37625379,None,Alto,None,None,Alto,0.793696712,1.131297,-95.53265833,16.68645861,0,0,0,0,0,0
OAXACA,20,SANTIAGO LALOPA,20471,431,228,52.90023202,203,47.09976798,90,20.88167053,290,67.28538283,51,11.83294664,2561.408708,0.168266782,100,94.89559165,None,92.60199005,14.36069652,None,Medio,None,None,Medio,0.847598566,0.197476,-96.24859222,17.41795944,0,0,0,0,0,0
OAXACA,20,SANTIAGO LAOLLAGA,20472,3361,1732,51.53228206,1629,48.46771794,779,23.17762571,2084,62.00535555,498,14.81701874,26397.08554,0.127324662,100,19.60725974,None,50.69059107,9.525633293,None,Bajo,None,None,Bajo,0.863210233,-0.348325,-95.20457917,16.58488667,0,0,0,0,0,0
OAXACA,20,SANTIAGO LAXOPA,20473,1291,696,53.91169636,595,46.08830364,334,25.87141751,787,60.96049574,170,13.16808675,11740.71097,0.109959269,100,99.45778466,None,91.61637239,11.54735152,None,Bajo,None,None,Medio,0.855768375,0.270657,-96.31339639,17.2197575,0,0,0,0,0,0
OAXACA,20,SANTIAGO LLANO GRANDE,20474,3440,1724,50.11627907,1716,49.88372093,989,28.75,1990,57.84883721,461,13.40116279,11081.76097,0.310419978,100,4.273255814,None,57.36742651,16.31133773,None,Alto,None,None,Medio,0.819793969,0.154516,-98.28966861,16.48942639,0,0,0,0,0,0
OAXACA,20,SANTIAGO MATATLAN,20475,10175,5461,53.67076167,4714,46.32923833,2698,26.51597052,6421,63.10565111,1056,10.37837838,18428.41897,0.552136351,100,96.70761671,None,88.82641724,30.47799198,None,Alto,None,None,Medio,0.804016208,0.564942,-96.38342333,16.86609944,0,0,0,0,0,0
OAXACA,20,SANTIAGO MILTEPEC,20476,421,211,50.11876485,210,49.88123515,106,25.17814727,248,58.90736342,67,15.91448931,5166.805768,0.081481677,100,2.375296912,None,69.80147059,11.64705882,None,Medio,None,None,Bajo,0.840179957,-0.104982,-97.68928861,17.98473333,0,0,0,0,0,0
OAXACA,20,SANTIAGO MINAS,20477,1327,675,50.86661643,652,49.13338357,349,26.29992464,836,62.99924642,142,10.70082894,19899.16558,0.066686213,100,11.52976639,None,81.13449848,22.04103343,None,Alto,None,None,Medio,0.794971919,0.535587,-97.22815333,16.42618333,0,0,0,0,0,0
OAXACA,20,SANTIAGO NACALTEPEC,20478,1599,864,54.03377111,735,45.96622889,358,22.38899312,809,50.59412133,432,27.01688555,20444.90276,0.078210203,100,3.314571607,None,90.2887002,29.86348792,None,Medio,None,None,Medio,0.829712909,0.574945,-96.91649556,17.50547417,0,0,0,0,0,0
OAXACA,20,SANTIAGO NEJAPILLA,20479,174,90,51.72413793,84,48.27586207,25,14.36781609,98,56.32183908,51,29.31034483,2045.553673,0.085062544,100,3.448275862,None,93.81395349,38.29069767,None,Medio,None,None,Medio,0.833840077,0.869868,-97.37261639,17.42028389,0,0,0,0,0,0
OAXACA,20,SANTIAGO NUNDICHE,20480,1351,707,52.33160622,644,47.66839378,322,23.83419689,845,62.54626203,184,13.61954108,7137.15252,0.189291177,100,98.07549963,None,93.22290076,55.88778626,None,Muy alto,None,None,Muy alto,0.751974065,2.268356,-97.67349833,17.33179222,0,0,0,0,0,0
OAXACA,20,SANTIAGO NUYOO,20481,1898,988,52.05479452,910,47.94520548,500,26.34351949,1032,54.37302424,366,19.28345627,5819.14222,0.32616491,100,98.36670179,None,89.30026954,26.5606469,None,Alto,None,None,Alto,0.819155498,1.339913,-97.76653917,17.0151725,0,0,0,0,0,0
OAXACA,20,SANTIAGO PINOTEPA NACIONAL,20482,55840,28626,51.26432665,27214,48.73567335,16127,28.88073066,35350,63.30587393,4355,7.799068768,79005.82768,0.706783305,39.60243553,34.872851,None,54.76686209,17.8677664,None,Alto,None,None,Medio,0.822389941,0.164386,-98.0503475,16.33900917,0,0,0,0,0,0
OAXACA,20,SANTIAGO SUCHILQUITONGO,20483,10886,5642,51.82803601,5244,48.17196399,2754,25.29854859,7182,65.97464633,950,8.726805071,9556.61509,1.139106252,24.003307,2.994672056,None,76.96014132,30.7278813,None,Bajo,None,None,Bajo,0.874309599,-0.053285,-96.87368611,17.24712583,0,0,0,0,0,0
OAXACA,20,SANTIAGO TAMAZOLA,20484,4458,2356,52.84881113,2102,47.15118887,1392,31.22476447,2505,56.19111709,561,12.58411844,20098.52773,0.221807292,100,13.81785554,None,74.01135847,21.42162653,None,Alto,None,None,Bajo,0.808083006,0.04282,-98.22080028,17.66930889,0,0,0,0,0,0
OAXACA,20,SANTIAGO TAPEXTLA,20485,3134,1552,49.52137843,1582,50.47862157,1152,36.75813657,1658,52.90363752,324,10.33822591,12936.30331,0.242263955,100,3.095086152,None,84.96655844,42.40454545,None,Muy alto,None,None,Alto,0.753699171,1.267955,-98.44747417,16.34097,0,0,0,0,0,0
OAXACA,20,VILLA TEJUPAM DE LA UNION,20486,2419,1259,52.04630012,1160,47.95369988,613,25.34105002,1499,61.96775527,307,12.69119471,14140.83761,0.171064831,100,2.43902439,None,59.89509306,10.57741117,None,Medio,None,None,Bajo,0.840093098,-0.046006,-97.47352083,17.6670875,0,0,0,0,0,0
OAXACA,20,SANTIAGO TENoneGO,20487,1966,997,50.7121058,969,49.2878942,540,27.46693795,1208,61.44455748,218,11.08850458,10922.10879,0.180001869,100,2.899287894,None,86.79583333,31.5734375,None,Medio,None,None,Medio,0.830574335,0.457073,-97.00410361,17.32492056,0,0,0,0,0,0
OAXACA,20,SANTIAGO TEPETLAPA,20488,130,78,60,52,40,32,24.61538462,70,53.84615385,28,21.53846154,1356.575273,0.095829552,100,3.076923077,None,77.859375,17.46875,None,Medio,None,None,Bajo,0.852233365,-0.240311,-97.40153611,17.78259583,0,0,0,0,0,0
OAXACA,20,SANTIAGO TETEPEC,20489,4909,2531,51.55836219,2378,48.44163781,1527,31.1061316,2924,59.564066,458,9.329802404,29220.59626,0.167997941,100,36.05622326,None,84.48383776,32.68704962,None,Alto,None,None,Medio,0.793695833,0.735472,-97.74825389,16.32227083,0,0,0,0,0,0
OAXACA,20,SANTIAGO TEXCALCINGO,20490,2974,1569,52.75722932,1405,47.24277068,966,32.48150639,1754,58.97780767,254,8.540685945,1656.182808,1.795695491,100,99.49562878,None,96.95914922,44.98852127,None,Alto,None,None,Alto,0.786433368,1.456876,-96.96876917,18.20819556,0,0,0,0,0,0
OAXACA,20,SANTIAGO TEXTITLAN,20491,4930,2510,50.9127789,2420,49.0872211,1850,37.52535497,2810,56.9979716,270,5.476673428,25262.55161,0.195150517,100,49.49290061,None,95.88398727,46.44772004,None,Alto,None,None,Alto,0.815676319,1.046705,-97.26032028,16.69272444,0,0,0,0,0,0
OAXACA,20,SANTIAGO TILANTONGO,20492,2764,1490,53.90738061,1274,46.09261939,774,28.00289436,1458,52.74963821,532,19.24746744,24801.38689,0.111445381,100,78.43704776,None,95.19060052,41.66505035,None,Alto,None,None,Alto,0.77321094,1.697338,-97.33980361,17.28307722,0,0,0,0,0,0
OAXACA,20,SANTIAGO TILLO,20493,545,286,52.47706422,259,47.52293578,127,23.30275229,325,59.63302752,93,17.06422018,1706.970777,0.319279045,100,5.504587156,None,68.01140684,14.37452471,None,Bajo,None,None,Bajo,0.860437852,-0.319924,-97.31972333,17.460285,0,0,0,0,0,0
OAXACA,20,SANTIAGO TLAZOYALTEPEC,20494,6300,3394,53.87301587,2906,46.12698413,2130,33.80952381,3582,56.85714286,588,9.333333333,6320.361913,0.996778363,100,96,None,98.59915199,58.82827789,None,Muy alto,None,None,Muy alto,0.760894991,2.09343,-96.99549528,17.02690194,0,0,0,0,0,0
OAXACA,20,SANTIAGO XANICA,20495,3029,1491,49.22416639,1538,50.77583361,1037,34.23572136,1732,57.18058765,260,8.583690987,13798.44865,0.219517431,100,71.04655002,None,94.29006357,52.25426564,None,Muy alto,None,None,Muy alto,0.744868587,2.452754,-96.22492611,16.00946889,0,0,0,0,0,0
OAXACA,20,SANTIAGO XIACUI,20496,1893,987,52.13946117,906,47.86053883,472,24.93396725,1186,62.65187533,235,12.41415742,6336.476682,0.298746464,100,22.39830956,None,63.59265351,9.059758772,None,Bajo,None,None,Bajo,0.875978396,-0.529182,-96.43162806,17.29311972,0,0,0,0,0,0
OAXACA,20,SANTIAGO YAITEPEC,20497,4233,2327,54.97283251,1906,45.02716749,1512,35.71934798,2384,56.31939523,337,7.961256792,4116.483684,1.028304817,100,99.26765887,None,98.04910385,66.26786153,None,Muy alto,None,None,Muy alto,0.733644193,2.170316,-97.26935972,16.22557111,0,0,0,0,0,0
OAXACA,20,SANTIAGO YAVEO,20498,7593,3806,50.12511524,3787,49.87488476,2297,30.25154748,4597,60.54260503,697,9.179507441,102422.4762,0.074134119,100,44.92295535,None,79.37995117,29.32948996,None,Muy alto,None,None,Alto,0.743960157,1.132662,-95.70069167,17.33582833,0,0,0,0,0,0
OAXACA,20,SANTIAGO YOLOMECATL,20499,1922,1038,54.0062435,884,45.9937565,472,24.55775234,1203,62.59105099,247,12.85119667,6692.247224,0.287197997,100,9.365244537,None,52.19328194,7.447136564,None,Bajo,None,None,Bajo,0.871380827,-0.485442,-97.56975028,17.47093278,0,0,0,0,0,0
OAXACA,20,SANTIAGO YOSONDUA,20500,7991,4238,53.034664,3753,46.965336,2384,29.83356276,4489,56.17569766,1118,13.99073958,33494.72947,0.238574848,100,42.12238769,None,87.27862104,26.36943658,None,Alto,None,None,Alto,0.799833047,1.164142,-97.57660889,16.87337722,0,0,0,0,0,0
OAXACA,20,SANTIAGO YUCUYACHI,20501,998,505,50.6012024,493,49.3987976,225,22.54509018,522,52.30460922,251,25.1503006,5012.687702,0.199094789,100,25.75150301,None,68.34409687,15.07568113,None,Alto,None,None,Medio,0.822921352,0.128714,-98.196405,17.60820139,0,0,0,0,0,0
OAXACA,20,SANTIAGO ZACATEPEC,20502,5089,2610,51.2870898,2479,48.7129102,1595,31.34211043,2885,56.69090195,609,11.96698762,21325.14111,0.238638515,100,99.27294164,None,93.21987705,59.6352459,None,Muy alto,None,None,Muy alto,0.717070425,2.817036,-95.91496222,17.15939528,0,0,0,0,0,0
OAXACA,20,SANTIAGO ZOOCHILA,20503,425,219,51.52941176,206,48.47058824,92,21.64705882,256,60.23529412,77,18.11764706,822.161368,0.516930151,100,92.23529412,None,83.40521327,12.39810427,None,Bajo,None,None,Bajo,0.862112301,-0.509938,-96.24213861,17.22056611,0,0,0,0,0,0
OAXACA,20,NUEVO ZOQUIAPAM,20504,1590,828,52.0754717,762,47.9245283,470,29.55974843,956,60.12578616,164,10.31446541,10073.9515,0.157832803,100,82.38993711,None,81.84556477,19.4511806,None,Medio,None,None,Bajo,0.840422136,-0.166058,-96.61998417,17.29132167,0,0,0,0,0,0
OAXACA,20,SANTO DOMINGO INGENIO,20505,7681,3916,50.98294493,3765,49.01705507,1751,22.79651087,4794,62.41374821,1136,14.78974092,19990.16058,0.384239034,20.19268324,9.543028252,None,57.20154112,10.67437226,None,Bajo,None,None,Bajo,0.880231616,-0.598843,-94.76863,16.58849222,0,0,0,0,0,0
OAXACA,20,SANTO DOMINGO ALBARRADAS,20506,798,421,52.75689223,377,47.24310777,179,22.43107769,494,61.9047619,125,15.6641604,4364.853429,0.182824008,100,99.12280702,None,92.86591479,30.62907268,None,Medio,None,None,Medio,0.832692163,0.303456,-96.20009389,17.06804361,0,0,0,0,0,0
OAXACA,20,SANTO DOMINGO ARMENTA,20507,3155,1573,49.85736926,1582,50.14263074,1023,32.42472266,1780,56.41838352,351,11.1251981,14435.74778,0.218554664,100,5.57844691,None,87.39354839,35.6316129,None,Alto,None,None,Medio,0.795225884,0.662058,-98.37815222,16.33297222,0,0,0,0,0,0
OAXACA,20,SANTO DOMINGO CHIHUITAN,20508,1618,825,50.98887515,793,49.01112485,358,22.12608158,985,60.8776267,275,16.99629172,7129.410058,0.226947249,100,20.27194067,None,31.58622909,4.503861004,None,Bajo,None,None,Bajo,0.863594385,-0.4922,-95.16236944,16.59188611,0,0,0,0,0,0
OAXACA,20,SANTO DOMINGO DE MORELOS,20509,11384,5914,51.95010541,5470,48.04989459,4254,37.36823612,6508,57.16795502,622,5.463808855,10604.18334,1.073538587,100,95.32677442,None,86.14718266,48.21006898,None,Muy alto,None,None,Muy alto,0.737589771,2.00953,-96.66807639,15.83300444,0,0,0,0,0,0
OAXACA,20,SANTO DOMINGO IXCATLAN,20510,760,415,54.60526316,345,45.39473684,205,26.97368421,440,57.89473684,115,15.13157895,1795.861641,0.423195185,100,34.86842105,None,86.4951989,25.89711934,None,Alto,None,None,Alto,0.794428841,1.119616,-97.53193361,16.91392667,0,0,0,0,0,0
OAXACA,20,SANTO DOMINGO NUXAA,20511,3335,1709,51.24437781,1626,48.75562219,1128,33.82308846,1810,54.27286357,397,11.90404798,14646.82194,0.227694446,100,81.31934033,None,97.05097312,48.12388014,None,Muy alto,None,None,Muy alto,0.755480136,1.96311,-97.12071,17.22189722,0,0,0,0,0,0
OAXACA,20,SANTO DOMINGO OZOLOTEPEC,20512,1101,576,52.31607629,525,47.68392371,372,33.78746594,606,55.04087193,123,11.17166213,6449.466897,0.170711784,100,75.20435967,None,95.27081427,40.17291857,None,Alto,None,None,Alto,0.797790008,1.223335,-96.31039944,16.15086806,0,0,0,0,0,0
OAXACA,20,SANTO DOMINGO PETAPA,20513,9027,4525,50.12739559,4502,49.87260441,2688,29.77733466,5443,60.29688712,896,9.925778221,34049.52899,0.265113799,35.12794948,60.38551014,None,75.94996038,21.34065436,None,Medio,None,None,Medio,0.831865096,0.444925,-95.1404225,16.82066917,0,0,0,0,0,0
OAXACA,20,SANTO DOMINGO ROAYAGA,20514,941,491,52.17853348,450,47.82146652,290,30.81827843,565,60.04250797,86,9.139213603,5628.331714,0.167189862,100,98.08714134,None,95.30786026,60.97598253,None,Muy alto,None,None,Muy alto,0.743770132,2.366782,-96.11457278,17.33763056,0,0,0,0,0,0
OAXACA,20,SANTO DOMINGO TEHUANTEPEC,20515,67739,34914,51.54194777,32825,48.45805223,17244,25.45653169,44443,65.6091764,6002,8.860479192,120344.4687,0.562875891,33.37073178,18.01178051,None,48.89751275,14.04543661,None,Bajo,None,None,Bajo,0.864597511,-0.369077,-95.23204917,16.33205833,0,0,0,0,0,0
OAXACA,20,SANTO DOMINGO TEOJOMULCO,20516,5260,2684,51.02661597,2576,48.97338403,1752,33.30798479,3094,58.82129278,414,7.870722433,22530.30921,0.233463285,100,3.288973384,None,86.36994557,25.5622084,None,Alto,None,None,Medio,0.812240977,0.472315,-97.2261875,16.58940278,0,0,0,0,0,0
OAXACA,20,SANTO DOMINGO TEPUXTEPEC,20517,6029,3233,53.62414994,2796,46.37585006,1960,32.50953724,3511,58.23519655,558,9.255266213,11379.36834,0.529818512,100,96.59976779,None,90.97846262,43.57678165,None,Muy alto,None,None,Muy alto,0.730802735,2.627738,-96.05540639,16.95688722,0,0,0,0,0,0
OAXACA,20,SANTO DOMINGO TLATAYAPAM,20518,113,61,53.98230088,52,46.01769912,21,18.5840708,64,56.63716814,28,24.77876106,1182.349516,0.095572416,100,0,None,77.69642857,30.71428571,None,Bajo,None,None,Medio,0.862446106,0.316328,-97.34702306,17.40746778,0,0,0,0,0,0
OAXACA,20,SANTO DOMINGO TOMALTEPEC,20519,3386,1735,51.24040165,1651,48.75959835,784,23.15416421,2253,66.53868872,349,10.30714708,3059.139731,1.10684712,100,36.50324867,None,69.38206278,15.60239163,None,Medio,None,None,Bajo,0.854016175,-0.341872,-96.6243575,17.06041972,0,0,0,0,0,0
OAXACA,20,SANTO DOMINGO TONALA,20520,7393,3826,51.75165697,3567,48.24834303,1975,26.71445962,4448,60.16502097,970,13.12051941,16561.10395,0.446407439,100,33.81577168,None,56.37114827,10.51361061,None,Medio,None,None,Bajo,0.825535665,-0.012045,-97.96393222,17.67461167,0,0,0,0,0,0
OAXACA,20,SANTO DOMINGO TONALTEPEC,20521,250,133,53.2,117,46.8,58,23.2,140,56,52,20.8,2652.179697,0.09426209,100,17.2,None,97.78861789,39.68292683,None,Medio,None,None,Medio,0.831870403,0.511728,-97.36008222,17.61085722,0,0,0,0,0,0
OAXACA,20,SANTO DOMINGO XAGACIA,20522,1205,651,54.02489627,554,45.97510373,393,32.61410788,613,50.87136929,199,16.51452282,5652.454126,0.213181739,100,99.75103734,None,90.69095477,37.75963149,None,Alto,None,None,Alto,0.7859525,1.287641,-96.26796139,17.1555425,0,0,0,0,0,0
OAXACA,20,SANTO DOMINGO YANHUITLAN,20523,1633,874,53.52112676,759,46.47887324,436,26.69932639,919,56.27679118,278,17.02388242,6963.000746,0.234525323,100,6.552357624,None,50.13768584,11.04977376,None,Medio,None,None,Bajo,0.853652363,-0.014869,-97.34230944,17.52804278,0,0,0,0,0,0
OAXACA,20,SANTO DOMINGO YODOHINO,20524,327,156,47.70642202,171,52.29357798,51,15.59633028,228,69.72477064,48,14.67889908,3641.14581,0.089806895,100,0,None,97.63782051,37.68269231,None,Bajo,None,None,Bajo,0.861787686,-0.266811,-97.68302222,17.61688639,0,0,0,0,0,0
OAXACA,20,SANTO DOMINGO ZANATEPEC,20525,12483,6333,50.73299688,6150,49.26700312,3192,25.57077626,7682,61.53969398,1589,12.72931186,64870.36197,0.192429942,36.71393095,3.981414724,None,58.74771147,13.52699603,None,Medio,None,None,Bajo,0.843775451,-0.148122,-94.35390333,16.48280361,0,0,0,0,0,0
OAXACA,20,SANTOS REYES NOPALA,20526,16688,8791,52.67857143,7897,47.32142857,5193,31.11816874,10287,61.64309684,1204,7.214765101,22740.12094,0.733857135,64.78906999,64.68720038,None,71.8842073,21.09945271,None,Alto,None,None,Medio,0.809853993,0.947052,-97.14444694,16.10676444,0,0,0,0,0,0
OAXACA,20,SANTOS REYES PAPALO,20527,2490,1272,51.08433735,1218,48.91566265,855,34.3373494,1404,56.38554217,231,9.277108434,8333.038694,0.298810565,100,99.55823293,None,98.20925553,58.31549296,None,Alto,None,None,Alto,0.796588943,1.404374,-96.86087778,17.80465667,0,0,0,0,0,0
OAXACA,20,SANTOS REYES TEPEJILLO,20528,904,490,54.20353982,414,45.79646018,227,25.11061947,479,52.98672566,198,21.90265487,5298.934778,0.170600326,100,98.78318584,None,87.93473451,31.37721239,None,Alto,None,None,Medio,0.797983592,0.819313,-97.9383225,17.43775583,0,0,0,0,0,0
OAXACA,20,SANTOS REYES YUCUNA,20529,1474,743,50.40705563,731,49.59294437,549,37.24559023,847,57.46268657,78,5.291723202,6083.83788,0.242281275,100,98.10040706,None,97.79887877,41.36019622,None,Muy alto,None,None,Alto,0.745221836,1.641663,-98.00452667,17.77774083,0,0,0,0,0,0
OAXACA,20,SANTO TOMAS JALIEZA,20530,3923,2065,52.63828703,1858,47.36171297,1105,28.16721897,2493,63.54830487,325,8.284476166,7027.074079,0.558269339,100,31.43002804,None,70.98200313,23.86437141,None,Alto,None,None,Medio,0.779582317,0.924626,-96.67103306,16.84437833,0,0,0,0,0,0
OAXACA,20,SANTO TOMAS MAZALTEPEC,20531,2612,1349,51.64624809,1263,48.35375191,680,26.03369066,1668,63.85911179,264,10.10719755,4406.067627,0.592818863,100,84.30321593,None,80.13181291,22.82218786,None,Medio,None,None,Bajo,0.854122017,-0.01625,-96.87153333,17.17352667,0,0,0,0,0,0
OAXACA,20,SANTO TOMAS OCOTEPEC,20532,4066,2209,54.32857846,1857,45.67142154,1227,30.17707821,2276,55.97638957,563,13.84653222,8016.401763,0.507210108,100,98.8440728,None,96.94962406,55.65313283,None,Alto,None,None,Alto,0.786425772,1.782298,-97.76230139,17.14525444,0,0,0,0,0,0
OAXACA,20,SANTO TOMAS TAMAZULAPAN,20533,2726,1418,52.01760822,1308,47.98239178,772,28.31988261,1676,61.48202494,278,10.19809244,6691.164361,0.407402935,100,21.68011739,None,63.5386057,16.30922039,None,Medio,None,None,Bajo,0.833244062,0.096,-96.58582889,16.27203444,0,0,0,0,0,0
OAXACA,20,SAN VICENTE COATLAN,20534,3512,1895,53.95785877,1617,46.04214123,1106,31.49202733,2004,57.06150342,402,11.44646925,10646.90601,0.329861088,100,94.81776765,None,95.86923746,52.10872717,None,Alto,None,None,Muy alto,0.764739306,1.811161,-96.84495417,16.38688556,0,0,0,0,0,0
OAXACA,20,SAN VICENTE LACHIXIO,20535,3227,1767,54.75674001,1460,45.24325999,1094,33.90145646,1903,58.97118066,230,7.127362876,13689.69707,0.235724719,100,99.47319492,None,97.08246115,63.47129718,None,Alto,None,None,Alto,0.801313993,1.295182,-97.01952889,16.70434333,0,0,0,0,0,0
OAXACA,20,SAN VICENTE NUÑU,20536,449,238,53.00668151,211,46.99331849,91,20.26726058,271,60.35634744,87,19.37639198,7140.17795,0.062883587,100,1.559020045,None,71.53950339,10.73589165,None,Bajo,None,None,Bajo,0.857339606,-0.134103,-97.44228361,17.45676083,0,0,0,0,0,0
OAXACA,20,SILACAYOAPAM,20537,6710,3483,51.9076006,3227,48.0923994,1723,25.6780924,3836,57.16840537,1151,17.15350224,43150.05005,0.155503875,100,24.26229508,None,76.64213236,22.74102681,None,Alto,None,None,Bajo,0.820278433,0.095293,-98.14258528,17.50144722,0,0,0,0,0,0
OAXACA,20,SITIO DE XITLAPEHUA,20538,713,364,51.05189341,349,48.94810659,201,28.19074334,425,59.60729313,87,12.20196353,1830.097826,0.38959666,100,3.646563815,None,77.06073446,21.86299435,None,Medio,None,None,Medio,0.836039463,0.387424,-96.53260306,16.35103611,0,0,0,0,0,0
OAXACA,20,SOLEDAD ETLA,20539,6348,3271,51.52804033,3077,48.47195967,1520,23.94454946,4304,67.80088217,524,8.254568368,1248.543724,5.084323342,100,7.13610586,None,50.70735625,7.634757469,None,Bajo,None,None,Bajo,0.862272024,-0.531059,-96.82075694,17.17168417,0,0,0,0,0,0
OAXACA,20,VILLA DE TAMAZULAPAM DEL PROGRESO,20540,8326,4570,54.88830171,3756,45.11169829,2200,26.42325246,5380,64.61686284,746,8.959884699,14382.47294,0.578899055,20.2257987,5.164544799,None,59.43045843,11.52460502,None,Bajo,None,None,Bajo,0.885327509,-0.516492,-97.57284806,17.67306278,0,0,0,0,0,0
OAXACA,20,TANETZE DE ZARAGOZA,20541,1558,812,52.11810013,746,47.88189987,301,19.31964056,1008,64.69833119,249,15.98202824,2248.053096,0.693044129,100,96.14890886,None,81.1287525,16.69246164,None,Medio,None,None,Medio,0.842343339,0.381493,-96.30223611,17.37673306,0,0,0,0,0,0
OAXACA,20,TANICHE,20542,887,474,53.43855693,413,46.56144307,212,23.90078918,545,61.44306652,130,14.65614431,1079.754559,0.821482987,100,1.803833145,None,78.87202718,24.02944507,None,Medio,None,None,Medio,0.830127874,0.319629,-96.75358139,16.56696444,0,0,0,0,0,0
OAXACA,20,TATALTEPEC DE VALDES,20543,6386,3274,51.26839962,3112,48.73160038,2016,31.56905731,3864,60.50735985,503,7.876605074,22136.07563,0.288488353,100,76.07265894,None,94.73977218,58.30178084,None,Alto,None,None,Alto,0.773139003,1.152219,-97.54606944,16.30640639,0,0,0,0,0,0
OAXACA,20,TEOCOCUILCO DE MARCOS PEREZ,20544,1032,533,51.64728682,499,48.35271318,265,25.67829457,566,54.84496124,201,19.47674419,13317.74704,0.077490584,100,96.12403101,None,87.49561831,33.57254138,None,Alto,None,None,Medio,0.823928166,0.225874,-96.61494444,17.35198917,0,0,0,0,0,0
OAXACA,20,TEOTITLAN DE FLORES MAGON,20545,10099,5313,52.60916922,4786,47.39083078,2913,28.84444004,6289,62.27349242,897,8.882067531,14365.18682,0.703019051,16.1402119,32.6170908,None,51.31748025,15.74772305,None,Bajo,None,None,Bajo,0.872063406,-0.412565,-97.07070417,18.13233444,0,0,0,0,0,0
OAXACA,20,TEOTITLAN DEL VALLE,20546,6392,3355,52.48748436,3037,47.51251564,1363,21.32352941,4173,65.28473091,856,13.39173967,10804.61633,0.59159898,100,84.76220275,None,75.03882111,21.7594676,None,Alto,None,None,Medio,0.815259198,0.146424,-96.51894861,17.02957944,0,0,0,0,0,0
OAXACA,20,TEOTONGO,20547,1005,548,54.52736318,457,45.47263682,254,25.27363184,566,56.31840796,185,18.4079602,4576.96745,0.219577703,100,3.184079602,None,60.55612245,8.626530612,None,Medio,None,None,Bajo,0.850314684,-0.102436,-97.5367125,17.72632333,0,0,0,0,0,0
OAXACA,20,TEPELMEME VILLA DE MORELOS,20548,1960,1044,53.26530612,916,46.73469388,610,31.12244898,1068,54.48979592,282,14.3877551,57316.74636,0.03419594,100,3.265306122,None,85.22572178,26.7144357,None,Alto,None,None,Medio,0.778007909,0.839862,-97.36219806,17.87480611,0,0,0,0,0,0
OAXACA,20,"HEROICA VILLA TEZOATLAN DE SEGURA Y LUNA, CUNA DE LA INDEPENDENCIA DE OAXACA",20549,11465,6069,52.93501962,5396,47.06498038,3021,26.34976014,6588,57.46184038,1856,16.18839948,48649.25662,0.235666499,100,59.89533362,None,74.28296752,29.21567258,None,Alto,None,None,Medio,0.80939039,0.529694,-97.80833778,17.65446639,0,0,0,0,0,0
OAXACA,20,SAN JERONIMO TLACOCHAHUAYA,20550,5764,3052,52.94934074,2712,47.05065926,1338,23.2130465,3752,65.09368494,674,11.69326856,3672.903195,1.56933077,100,74.21929216,None,54.86225026,11.46494918,None,Medio,None,None,Bajo,0.840665037,0.09442,-96.58107361,17.00886694,0,0,0,0,0,0
OAXACA,20,TLACOLULA DE MATAMOROS,20551,30254,15869,52.45256826,14385,47.54743174,8079,26.70390692,19868,65.67065512,2303,7.612216566,13602.84764,2.224093131,27.97646592,35.2317049,None,40.68274512,9.894962935,None,Bajo,None,None,Bajo,0.876517221,-0.379236,-96.479215,16.95562389,0,0,0,0,0,0
OAXACA,20,TLACOTEPEC PLUMAS,20552,410,212,51.70731707,198,48.29268293,90,21.95121951,222,54.14634146,98,23.90243902,5579.668901,0.073481063,100,0.975609756,None,87.68030691,24.22250639,None,Medio,None,None,Bajo,0.852718279,-0.115118,-97.43282917,17.85077722,0,0,0,0,0,0
OAXACA,20,TLALIXTAC DE CABRERA,20553,12067,6295,52.16706721,5772,47.83293279,2975,24.65401508,8069,66.86831855,987,8.179332063,8164.802107,1.477929268,5.527471617,21.34747659,None,44.30621063,13.99111443,None,Muy bajo,None,None,Bajo,0.893613023,-0.576476,-96.64841694,17.07448444,0,0,0,0,0,0
OAXACA,20,TOTONTEPEC VILLA DE MORELOS,20554,5904,3063,51.8800813,2841,48.1199187,1913,32.40176152,3329,56.38550136,662,11.21273713,26696.71648,0.221150792,100,97.35772358,None,91.31298769,41.93393445,None,Alto,None,None,Alto,0.794379299,1.362348,-96.02735472,17.25863389,0,0,0,0,0,0
OAXACA,20,TRINIDAD ZAACHILA,20555,3419,1812,52.99795262,1607,47.00204738,827,24.18835917,2207,64.55103832,385,11.26060252,2135.408025,1.601099162,100,2.924831822,None,66.68338279,17.90474777,None,Medio,None,None,Bajo,0.833464408,0.00343,-96.76534333,16.92122722,0,0,0,0,0,0
OAXACA,20,LA TRINIDAD VISTA HERMOSA,20556,306,155,50.65359477,151,49.34640523,86,28.10457516,171,55.88235294,49,16.0130719,1080.28623,0.283258262,100,4.575163399,None,78.66333333,12.2,None,Medio,None,None,Bajo,0.847401474,0.028157,-97.50575139,17.77263028,0,0,0,0,0,0
OAXACA,20,UNION HIDALGO,20557,14542,7465,51.33406684,7077,48.66593316,3343,22.98858479,9378,64.48906615,1820,12.51547242,11323.75134,1.284203403,4.077843488,86.0816944,None,45.1541313,12.26341441,None,Muy bajo,None,None,Muy bajo,0.898846396,-0.832889,-94.82893889,16.47282389,0,0,0,0,0,0
OAXACA,20,VALERIO TRUJANO,20558,1376,736,53.48837209,640,46.51162791,305,22.16569767,878,63.80813953,193,14.02616279,5465.5538,0.251758568,100,31.90406977,None,68.22067449,16.5542522,None,Medio,None,None,Bajo,0.844089161,0.039569,-96.98022083,17.77171444,0,0,0,0,0,0
OAXACA,20,SAN JUAN BAUTISTA VALLE NACIONAL,20559,23067,12081,52.37352061,10986,47.62647939,6329,27.43746478,14352,62.21875406,2386,10.34378116,68371.13021,0.337379241,74.80383231,70.90215459,None,77.40696707,23.73919107,None,Medio,None,None,Bajo,0.839468378,0.09895,-96.30404472,17.77495333,0,0,0,0,0,0
OAXACA,20,VILLA DIAZ ORDAZ,20560,6467,3503,54.16731096,2964,45.83268904,1551,23.98329983,3988,61.66692439,901,13.93227153,28378.37704,0.227884773,100,95.56208443,None,89.45403465,41.71031684,None,Alto,None,None,Medio,0.814663875,0.464228,-96.43253694,16.99854806,0,0,0,0,0,0
OAXACA,20,YAXE,20561,2954,1524,51.59106297,1430,48.40893703,797,26.98036561,1912,64.72579553,245,8.293838863,6017.218713,0.490924485,100,2.911306703,None,88.22302406,29.04054983,None,Alto,None,None,Alto,0.780370313,1.748345,-96.47247861,16.72512667,0,0,0,0,0,0
OAXACA,20,MAGDALENA YODOCONO DE PORFIRIO DIAZ,20562,1682,869,51.6646849,813,48.3353151,456,27.11058264,1058,62.90130797,168,9.988109394,3905.112743,0.430717398,100,1.189060642,None,78.03467153,20.41180049,None,Medio,None,None,Bajo,0.845534395,0.086631,-97.35497611,17.38509389,0,0,0,0,0,0
OAXACA,20,YOGANA,20563,1245,649,52.12851406,596,47.87148594,272,21.84738956,738,59.27710843,235,18.87550201,6595.941768,0.188752424,100,0,None,84.96989422,30.9544345,None,Muy alto,None,None,Alto,0.736022576,1.573704,-96.78855444,16.46121389,0,0,0,0,0,0
OAXACA,20,YUTANDUCHI DE GUERRERO,20564,1195,618,51.71548117,577,48.28451883,332,27.78242678,612,51.21338912,251,21.0041841,6418.430477,0.186182588,100,97.48953975,None,92.74978504,49.85812554,None,Alto,None,None,Alto,0.792726704,1.434728,-97.29749889,17.03945528,0,0,0,0,0,0
OAXACA,20,VILLA DE ZAACHILA,20565,46464,24301,52.30070592,22163,47.69929408,13096,28.18526171,30501,65.64436983,2865,6.16606405,8159.178082,5.694691246,29.62723829,24.70730028,None,55.2082219,18.08442174,None,Alto,None,None,Medio,0.812378205,0.430165,-96.75058833,16.95071778,0,0,0,0,0,0
OAXACA,20,SAN MATEO YUCUTINDOO,20566,3144,1558,49.55470738,1586,50.44529262,985,31.32951654,1830,58.20610687,329,10.46437659,19831.76451,0.158533548,100,2.798982188,None,90.60708429,34.34273532,None,Alto,None,None,Alto,0.777247489,1.449143,-97.2388775,16.87636972,0,0,0,0,0,0
OAXACA,20,ZAPOTITLAN LAGUNAS,20567,3382,1745,51.59668835,1637,48.40331165,1062,31.40153755,1867,55.20402129,452,13.36487286,30513.4246,0.110836461,100,1.094027203,None,79.89467312,33.90102906,None,Muy alto,None,None,Medio,0.753472777,0.798769,-98.38957472,17.75547583,0,0,0,0,0,0
OAXACA,20,ZAPOTITLAN PALMAS,20568,1695,930,54.86725664,765,45.13274336,478,28.20058997,969,57.16814159,248,14.63126844,4377.370943,0.387218726,100,28.20058997,None,67.86935581,15.36363636,None,Medio,None,None,Bajo,0.825343201,0.01774,-97.81814806,17.88986278,0,0,0,0,0,0
OAXACA,20,SANTA INES DE ZARAGOZA,20569,1454,760,52.2696011,694,47.7303989,416,28.61072902,686,47.18019257,352,24.2090784,8383.670022,0.173432398,100,56.53370014,None,87.29268293,17.87159254,None,Alto,None,None,Alto,0.780004924,1.18877,-97.15922389,17.22850139,0,0,0,0,0,0
OAXACA,20,ZIMATLAN DE ALVAREZ,20570,22093,11663,52.79047662,10430,47.20952338,5801,26.25718553,14056,63.62196171,2219,10.04390531,35470.40869,0.622857216,35.6085638,9.342325624,None,62.58882307,18.5521741,None,Medio,None,None,Bajo,0.847601382,0.004137,-96.78563306,16.86668611,0,0,0,0,0,0
PUEBLA,21,ACAJETE,21001,72894,37755,51.79438637,35139,48.20561363,24084,33.03975636,44635,61.23274892,4128,5.663017532,17599.68052,4.141779728,23.33388208,13.51688754,None,85.73334726,25.04437831,None,Medio,None,None,Bajo,0.848493706,0.043081,-97.952715,19.10494028,0,0,0,0,0,0
PUEBLA,21,ACATENO,21002,9170,4584,49.98909487,4586,50.01090513,2366,25.80152672,5762,62.83533261,1042,11.36314068,17949.49095,0.510877998,100,5.801526718,None,69.24700798,13.97861259,None,Alto,None,None,Medio,0.806497719,0.411887,-97.21040361,20.12990528,0,0,0,0,0,0
PUEBLA,21,ACATLAN,21003,37955,20119,53.00750889,17836,46.99249111,10619,27.97786853,22977,60.53747859,4359,11.48465288,60718.95564,0.625093097,49.04228692,2.763799236,None,69.78864746,17.10136964,None,Medio,None,None,Bajo,0.845271809,-0.37788,-98.04860583,18.20230139,0,0,0,0,0,0
PUEBLA,21,ACATZINGO,21004,63743,32820,51.48800653,30923,48.51199347,20903,32.79262037,39687,62.26095414,3119,4.8930863,13990.20051,4.556260645,24.54387148,0.756161461,None,85.31891035,18.97461085,None,Medio,None,None,Bajo,0.850325689,0.025824,-97.78545972,18.979455,0,0,0,0,0,0
PUEBLA,21,ACTEOPAN,21005,3070,1624,52.8990228,1446,47.1009772,683,22.247557,2049,66.74267101,338,11.00977199,7482.41308,0.410295444,100,47.39413681,None,89.44378109,37.46898839,None,Muy alto,None,None,Alto,0.738950997,1.468753,-98.71529139,18.76502028,0,0,0,0,0,0
PUEBLA,21,AHUACATLAN,21006,14542,7690,52.88130931,6852,47.11869069,4427,30.44285518,8737,60.08114427,1378,9.47600055,9068.346214,1.603600001,100,93.19900976,None,76.06248622,19.7887146,None,Alto,None,None,Alto,0.781370115,1.407935,-97.86069889,20.00546611,0,0,0,0,0,0
PUEBLA,21,AHUATLAN,21007,3162,1605,50.75901328,1557,49.24098672,973,30.7716635,1732,54.77545857,457,14.45287793,18438.16021,0.171492164,100,4.996837445,None,83.40301863,23.63359024,None,Alto,None,None,Medio,0.806879148,0.247092,-98.25523,18.57301111,0,0,0,0,0,0
PUEBLA,21,AHUAZOTEPEC,21008,11439,5890,51.49051491,5549,48.50948509,3393,29.66168371,7153,62.53168983,893,7.806626453,6029.558511,1.897153826,100,1.608532214,None,62.11201917,9.374915946,None,Bajo,None,None,Bajo,0.866907032,-0.61319,-98.1623475,20.04604667,0,0,0,0,0,0
PUEBLA,21,AHUEHUETITLA,21009,2207,1154,52.28817399,1053,47.71182601,624,28.27367467,1200,54.37245129,383,17.35387404,7207.284586,0.306217962,100,1.314000906,None,65.46700983,12.3603182,None,Alto,None,None,Bajo,0.815605498,-0.033875,-98.22135528,18.2107675,0,0,0,0,0,0
PUEBLA,21,AJALPAN,21010,74768,38577,51.5956024,36191,48.4043976,24632,32.94457522,46357,62.00112348,3774,5.047613952,39267.42329,1.904071969,57.6088701,59.86785791,None,81.07063953,27.78856892,None,Alto,None,None,Alto,0.775456365,1.301096,-97.25830444,18.37753667,0,0,0,0,0,0
PUEBLA,21,ALBINO ZERTUCHE,21011,1885,999,52.99734748,886,47.00265252,566,30.0265252,1081,57.34748011,238,12.62599469,7923.65766,0.237895184,100,3.076923077,None,76.0368364,18.04767064,None,Medio,None,None,Bajo,0.832333694,-0.077474,-98.54015889,18.01727722,0,0,0,0,0,0
PUEBLA,21,ALJOJUCA,21012,6591,3491,52.96616598,3100,47.03383402,1698,25.76240328,4153,63.01016538,740,11.22743135,5203.442212,1.266661516,100,0.409649522,None,81.75828371,13.23194381,None,Medio,None,None,Bajo,0.851851054,-0.165687,-97.53133528,19.10040639,0,0,0,0,0,0
PUEBLA,21,ALTEPEXI,21013,22629,11740,51.88033055,10889,48.11966945,6557,28.97609262,14756,65.20836095,1316,5.815546423,4701.486002,4.813159071,5.842061072,85.83233903,None,83.84619879,25.10407279,None,Bajo,None,None,Bajo,0.855567843,-0.108496,-97.29917972,18.36676694,0,0,0,0,0,0
PUEBLA,21,AMIXTLAN,21014,4812,2542,52.82626766,2270,47.17373234,1296,26.93266833,2929,60.86866168,587,12.19866999,4419.422509,1.088830043,100,88.75727348,None,81.8652064,23.54549284,None,Alto,None,None,Alto,0.781086492,1.322476,-97.79891694,20.04943694,0,0,0,0,0,0
PUEBLA,21,AMOZOC,21015,125876,64397,51.15907719,61479,48.84092281,35307,28.04903238,84162,66.86103785,5873,4.665702755,13443.69052,9.363202747,14.07178493,5.809685722,None,62.10428027,12.18867184,None,Muy bajo,None,None,Bajo,0.885915258,-0.641049,-98.04491694,19.04461278,0,0,0,0,0,0
PUEBLA,21,AQUIXTLA,21016,9021,4513,50.02771311,4508,49.97228689,2638,29.24287773,5535,61.35683405,848,9.400288216,16570.14272,0.544412933,100,8.103314488,None,72.45732185,13.06846403,None,Medio,None,None,Medio,0.827977258,0.287023,-97.93663972,19.79668889,0,0,0,0,0,0
PUEBLA,21,ATEMPAN,21017,29742,15463,51.99045121,14279,48.00954879,9732,32.72140408,18449,62.03012575,1561,5.248470177,4777.036036,6.226036349,57.15822742,62.34953937,None,84.38667715,26.55050243,None,Medio,None,None,Medio,0.84537101,0.306085,-97.45927861,19.8399,0,0,0,0,0,0
PUEBLA,21,ATEXCAL,21018,3859,2018,52.29334024,1841,47.70665976,1152,29.85229334,2211,57.29463592,480,12.43845556,33065.28979,0.116708489,100,2.694998704,None,70.62887954,21.99815886,None,Medio,None,None,Medio,0.8300604,0.256855,-97.73681694,18.39835083,0,0,0,0,0,0
PUEBLA,21,ATLIXCO,21019,141793,74931,52.84534497,66862,47.15465503,37069,26.1430395,91686,64.66186624,13030,9.18945223,29190.68712,4.857473872,27.62971374,6.8515371,None,61.30947902,10.71286084,None,Muy bajo,None,None,Bajo,0.886747906,-0.655502,-98.4341675,18.90884833,0,0,0,0,0,0
PUEBLA,21,ATOYATEMPAN,21020,7704,3944,51.19418484,3760,48.80581516,2388,30.99688474,4809,62.42211838,507,6.580996885,2682.475164,2.8719744,5.646417445,20.89823468,None,89.2180886,18.66846326,None,Bajo,None,None,Bajo,0.868233758,-0.087151,-97.91374972,18.82256694,0,0,0,0,0,0
PUEBLA,21,ATZALA,21021,1512,783,51.78571429,729,48.21428571,425,28.10846561,963,63.69047619,124,8.201058201,1130.375299,1.337608847,100,1.256613757,None,51.97974342,9.877110061,None,Medio,None,None,Bajo,0.851828786,-0.538135,-98.55427583,18.54482,0,0,0,0,0,0
PUEBLA,21,ATZITZIHUACAN,21022,12857,6832,53.1383682,6025,46.8616318,3735,29.05032278,7753,60.30178113,1369,10.64789609,12925.3034,0.994715528,100,1.664462938,None,85.87826911,24.66276886,None,Medio,None,None,Medio,0.827678843,0.253842,-98.58264167,18.82371167,0,0,0,0,0,0
PUEBLA,21,ATZITZINTLA,21023,9051,4630,51.15456856,4421,48.84543144,3032,33.49906088,5353,59.14263617,666,7.35830295,13253.60233,0.682908675,100,0.088388023,None,91.17803754,26.62526694,None,Alto,None,None,Medio,0.80909668,0.554073,-97.32738778,18.89738194,0,0,0,0,0,0
PUEBLA,21,AXUTLA,21024,976,510,52.25409836,466,47.74590164,210,21.51639344,543,55.6352459,223,22.84836066,18773.16782,0.051989095,100,1.844262295,None,56.30827068,11.23093448,None,Medio,None,None,Bajo,0.828863601,-0.382745,-98.38940333,18.18855389,0,0,0,0,0,0
PUEBLA,21,AYOTOXCO DE GUERRERO,21025,8208,4240,51.65692008,3968,48.34307992,2337,28.47222222,5162,62.88986355,709,8.63791423,10595.10711,0.774697218,100,45.58966862,None,76.03070122,20.82230136,None,Alto,None,None,Medio,0.821778344,0.309108,-97.41052361,20.09715944,0,0,0,0,0,0
PUEBLA,21,CALPAN,21026,15271,7934,51.95468535,7337,48.04531465,4085,26.75004911,9580,62.73328531,1606,10.51666558,6657.040028,2.293962472,46.33619278,28.21033331,None,82.42156241,19.16146307,None,Medio,None,None,Bajo,0.851784147,-0.075161,-98.45923917,19.10793806,0,0,0,0,0,0
PUEBLA,21,CALTEPEC,21027,4128,2205,53.41569767,1923,46.58430233,1053,25.50872093,2340,56.68604651,735,17.80523256,39193.55978,0.105323426,100,4.457364341,None,79.4668461,19.40567654,None,Alto,None,None,Medio,0.804855415,0.638184,-97.47937056,18.18230778,0,0,0,0,0,0
PUEBLA,21,CAMOCUAUTLA,21028,2758,1391,50.4350979,1367,49.5649021,827,29.98549674,1721,62.40029007,210,7.614213198,1605.335996,1.718020406,100,99.38361131,None,90.48591292,35.45517746,None,Alto,None,None,Alto,0.792019978,1.340639,-97.75772694,20.03848778,0,0,0,0,0,0
PUEBLA,21,CAXHUACAN,21029,3811,1995,52.34846497,1816,47.65153503,1008,26.44975072,2310,60.61401207,493,12.93623721,1388.857769,2.743981483,100,95.04067174,None,83.93538136,38.05429025,None,Alto,None,None,Medio,0.813816799,0.621012,-97.60661722,20.06395806,0,0,0,0,0,0
PUEBLA,21,COATEPEC,21030,772,400,51.8134715,372,48.1865285,206,26.68393782,437,56.60621762,129,16.70984456,1216.932417,0.634381983,100,98.44559585,None,70.90789474,21.57631579,None,Alto,None,None,Medio,0.815962397,0.648753,-97.73226611,20.062145,0,0,0,0,0,0
PUEBLA,21,COATZINGO,21031,2820,1457,51.66666667,1363,48.33333333,821,29.11347518,1626,57.65957447,373,13.22695035,11472.64826,0.24580201,100,0.106382979,None,79.37747616,22.70212766,None,Alto,None,None,Medio,0.810583481,0.220089,-98.17421639,18.61514333,0,0,0,0,0,0
PUEBLA,21,COHETZALA,21032,1382,663,47.9739508,719,52.0260492,362,26.19392185,771,55.78871201,249,18.01736614,24009.09529,0.057561519,100,12.30101302,None,73.30530973,17.1120944,None,Medio,None,None,Bajo,0.83010681,-0.145771,-98.80588861,18.20641972,0,0,0,0,0,0
PUEBLA,21,COHUECAN,21033,5403,2854,52.82250602,2549,47.17749398,1560,28.87284842,3338,61.78049232,505,9.346659263,4726.865958,1.143040663,100,17.12011845,None,80.79418472,22.98840745,None,Medio,None,None,Medio,0.826002949,0.291803,-98.72048889,18.783205,0,0,0,0,0,0
PUEBLA,21,CORONoneGO,21034,46836,23852,50.92663763,22984,49.07336237,12833,27.39986335,31265,66.75420617,2610,5.572636434,3655.311772,12.81313412,11.96729012,2.350755829,None,68.76363603,15.63918596,None,Muy bajo,None,None,Muy bajo,0.896383994,-0.735733,-98.30807361,19.13110222,0,0,0,0,0,0
PUEBLA,21,COXCATLAN,21035,20653,10878,52.67031424,9775,47.32968576,5644,27.327749,13095,63.40483223,1914,9.267418777,24866.18742,0.830565605,66.51333947,44.49232557,None,78.09572732,23.82994321,None,Medio,None,None,Bajo,0.842580609,0.102949,-97.14711306,18.26653306,0,0,0,0,0,0
PUEBLA,21,COYOMEAPAN,21036,14806,7863,53.10684857,6943,46.89315143,5374,36.29609618,8208,55.43698501,1224,8.266918817,22810.27581,0.649093423,100,98.96663515,None,95.33767128,48.69221235,None,Muy alto,None,None,Muy alto,0.762595422,1.820886,-96.99250028,18.28374806,0,0,0,0,0,0
PUEBLA,21,COYOTEPEC,21037,2334,1235,52.9134533,1099,47.0865467,525,22.49357326,1288,55.18423308,521,22.32219366,13334.16842,0.175039037,100,8.054841474,None,54.58820961,9.694759825,None,Medio,None,None,Bajo,0.848101829,-0.226576,-97.83078,18.40441583,0,0,0,0,0,0
PUEBLA,21,CUAPIAXTLA DE MADERO,21038,10542,5346,50.71143995,5196,49.28856005,3496,33.16258774,6551,62.14190856,495,4.695503699,2319.569512,4.54480883,21.8269778,1.375450579,None,83.69257206,16.9484803,None,Medio,None,None,Bajo,0.851591914,-0.019191,-97.8252975,18.91687333,0,0,0,0,0,0
PUEBLA,21,CUAUTEMPAN,21039,9837,5178,52.63799939,4659,47.36200061,2956,30.04981193,5969,60.67906882,911,9.260953543,6091.580944,1.614851726,100,92.18257599,None,82.06391055,23.7444604,None,Alto,None,None,Medio,0.819956041,0.838297,-97.79624111,19.91263833,0,0,0,0,0,0
PUEBLA,21,CUAUTINCHAN,21040,12340,6236,50.53484603,6104,49.46515397,3899,31.59643436,7750,62.80388979,680,5.510534846,15953.86619,0.773480224,100,5.226904376,None,78.00074966,18.08844235,None,Alto,None,None,Medio,0.816206003,0.180889,-98.01597639,18.95571417,0,0,0,0,0,0
PUEBLA,21,CUAUTLANCINGO,21041,137435,70485,51.2860625,66950,48.7139375,33722,24.53669007,96981,70.56499436,6396,4.653836359,3798.155884,36.18466545,11.42576491,3.168770692,None,35.89363206,4.44487705,None,Muy bajo,None,None,Muy bajo,0.937805522,-1.207851,-98.27331,19.08934694,0,0,0,0,0,0
PUEBLA,21,CUAYUCA DE ANDRADE,21042,3315,1686,50.85972851,1629,49.14027149,913,27.54147813,1857,56.01809955,545,16.44042232,19822.86617,0.167231114,100,0.392156863,None,77.44620543,21.96373057,None,Alto,None,None,Medio,0.800361319,0.305054,-98.18386444,18.48666472,0,0,0,0,0,0
PUEBLA,21,CUETZALAN DEL PROGRESO,21043,49864,25715,51.57027114,24149,48.42972886,14831,29.74290069,30525,61.2165089,4507,9.038584951,18038.67838,2.764282335,87.16107813,80.29038986,None,82.43650396,28.93670758,None,Alto,None,None,Medio,0.798636739,0.848693,-97.52077056,20.01852028,0,0,0,0,0,0
PUEBLA,21,CUYOACO,21044,17139,8913,52.00420095,8226,47.99579905,5218,30.4451835,10526,61.41548515,1395,8.13933135,29944.96981,0.572349884,100,3.920882198,None,71.93657774,11.74437923,None,Medio,None,None,Bajo,0.852982027,-0.200844,-97.62185139,19.6053375,0,0,0,0,0,0
PUEBLA,21,CHALCHICOMULA DE SESMA,21045,47410,24622,51.9341911,22788,48.0658089,13221,27.88652183,30186,63.67011179,4001,8.439147859,38784.33505,1.222400743,46.28137524,0.535751951,None,73.18998596,11.62923954,None,Bajo,None,None,Bajo,0.867690326,-0.251969,-97.44849583,18.98826,0,0,0,0,0,0
PUEBLA,21,CHAPULCO,21046,8193,4256,51.94678384,3937,48.05321616,2661,32.47894544,5068,61.85768339,464,5.663371171,8682.645546,0.943606411,20.22458196,4.137678506,None,80.19940439,15.80915746,None,Bajo,None,None,Bajo,0.858687236,-0.132924,-97.41116722,18.62048806,0,0,0,0,0,0
PUEBLA,21,CHIAUTLA,21047,21699,11027,50.81801005,10672,49.18198995,5961,27.47131204,13267,61.14106641,2471,11.38762155,80207.99899,0.270534115,45.73021798,0.709710125,None,68.07576384,14.9973094,None,Medio,None,None,Bajo,0.853285822,-0.364776,-98.60278111,18.29965111,0,0,0,0,0,0
PUEBLA,21,CHIAUTZINGO,21048,22039,11543,52.37533463,10496,47.62466537,6133,27.82794138,14156,64.23158946,1749,7.935931757,8065.146138,2.732622524,58.26943146,2.75874586,None,77.28038838,16.50681537,None,Bajo,None,None,Bajo,0.874097724,-0.460464,-98.46825917,19.20291444,0,0,0,0,0,0
PUEBLA,21,CHICONCUAUTLA,21049,17382,8918,51.30594868,8464,48.69405132,6050,34.80612127,10264,59.04959153,1065,6.12702796,8895.052017,1.954120107,100,82.37256932,None,92.6063067,45.3563143,None,Alto,None,None,Alto,0.765577177,1.618709,-97.93962556,20.0947675,0,0,0,0,0,0
PUEBLA,21,CHICHIQUILA,21050,26928,13625,50.59789067,13303,49.40210933,9267,34.41399287,16110,59.82620321,1551,5.759803922,10876.97169,2.475689077,100,46.61690434,None,88.76082966,36.10927916,None,Alto,None,None,Alto,0.771770774,1.716905,-97.06771,19.2002575,0,0,0,0,0,0
PUEBLA,21,CHIETLA,21051,37030,19041,51.42046989,17989,48.57953011,10032,27.09154739,22955,61.99027815,4040,10.91007291,32442.82719,1.141392511,52.60329463,0.550904672,None,67.36964423,13.29177526,None,Bajo,None,None,Bajo,0.862117714,-0.457901,-98.5783525,18.51936472,0,0,0,0,0,0
PUEBLA,21,CHIGMECATITLAN,21052,1215,679,55.88477366,536,44.11522634,237,19.50617284,765,62.96296296,213,17.5308642,2584.623949,0.470087728,100,93.58024691,None,85.74607113,21.17948718,None,Alto,None,None,Medio,0.813400568,0.539796,-98.07562111,18.64556611,0,0,0,0,0,0
PUEBLA,21,CHIGNAHUAPAN,21053,66464,34302,51.60989408,32162,48.39010592,19689,29.62355561,41896,63.03562831,4858,7.309220029,75456.49673,0.880825414,65.53923929,1.57227973,None,70.41069473,12.48372951,None,Bajo,None,None,Bajo,0.858651825,-0.320023,-98.03097528,19.83822333,0,0,0,0,0,0
PUEBLA,21,CHIGNAUTLA,21054,35223,18291,51.92913721,16932,48.07086279,11389,32.33398632,22134,62.83962184,1696,4.81503563,14735.66577,2.390322945,64.04054169,30.63623201,None,76.78185985,18.12374288,None,Medio,None,None,Medio,0.84085837,0.213228,-97.38958972,19.81391194,0,0,0,0,0,0
PUEBLA,21,CHILA,21055,5082,2664,52.42030697,2418,47.57969303,1418,27.90240063,2962,58.2841401,702,13.81345927,12858.31867,0.395230522,100,1.279024006,None,76.12201538,25.02650749,None,Alto,None,None,Medio,0.805958764,0.17306,-97.86166028,17.97001583,0,0,0,0,0,0
PUEBLA,21,CHILA DE LA SAL,21056,1317,682,51.78435839,635,48.21564161,321,24.37357631,724,54.97342445,272,20.65299924,14082.2055,0.093522282,100,0.379650721,None,63.4064213,8.845732185,None,Medio,None,None,Bajo,0.831765068,-0.297079,-98.48432222,18.1091,0,0,0,0,0,0
PUEBLA,21,HONEY,21057,6687,3482,52.07118289,3205,47.92881711,2157,32.25661732,3918,58.59129655,612,9.152086137,6325.872308,1.057087414,100,13.54867654,None,80.18897638,16.28267717,None,Alto,None,None,Medio,0.818233528,0.283898,-98.2121375,20.23921361,0,0,0,0,0,0
PUEBLA,21,CHILCHOTLA,21058,21002,10595,50.44757642,10407,49.55242358,7539,35.89658128,12012,57.1945529,1418,6.75173793,14511.88828,1.447227238,71.17417389,20.34568136,None,92.21438149,35.74645543,None,Alto,None,None,Medio,0.808128771,0.829811,-97.18389333,19.25520194,0,0,0,0,0,0
PUEBLA,21,CHINoneTLA,21059,2846,1464,51.44061841,1382,48.55938159,808,28.39072382,1577,55.4111033,461,16.19817287,8827.741113,0.32239278,100,2.108222066,None,64.81877256,16.53140794,None,Alto,None,None,Bajo,0.803070169,0.035364,-98.26316389,18.20050222,0,0,0,0,0,0
PUEBLA,21,DOMINGO ARENAS,21060,7982,4150,51.99198196,3832,48.00801804,2477,31.03232273,4999,62.62841393,506,6.339263343,1602.579055,4.980721528,17.91530945,7.62966675,None,86.30469453,28.01569132,None,Bajo,None,None,Medio,0.862467203,0.226234,-98.45750917,19.14202861,0,0,0,0,0,0
PUEBLA,21,ELOXOCHITLAN,21061,14461,7391,51.10988175,7070,48.89011825,4923,34.04328885,8604,59.49796003,934,6.458751124,9924.291084,1.457131787,100,99.0249637,None,95.81394363,60.87758706,None,Muy alto,None,None,Muy alto,0.718366992,2.422952,-96.95483722,18.49894694,0,0,0,0,0,0
PUEBLA,21,EPATLAN,21062,4943,2522,51.02164677,2421,48.97835323,1428,28.88933846,2964,59.96358487,551,11.14707667,5195.882459,0.951330219,100,3.034594376,None,57.84220413,11.17574619,None,Medio,None,None,Bajo,0.842740457,-0.375328,-98.37078889,18.64178667,0,0,0,0,0,0
PUEBLA,21,ESPERANZA,21063,14766,7675,51.97751591,7091,48.02248409,4423,29.95394826,9142,61.91250169,1201,8.133550047,7892.634405,1.870858226,42.80780171,0.419883516,None,77.71387475,11.87405974,None,Bajo,None,None,Bajo,0.86677437,-0.205754,-97.37512639,18.85835694,0,0,0,0,0,0
PUEBLA,21,FRANCISCO Z. MENA,21064,17824,8957,50.25246858,8867,49.74753142,4674,26.22307002,11048,61.98384201,2102,11.79308797,42502.66412,0.419361948,100,17.07248654,None,75.18881103,21.8285609,None,Alto,None,None,Medio,0.8060391,0.382546,-97.8521375,20.73369417,0,0,0,0,0,0
PUEBLA,21,GENERAL FELIPE ANGELES,21065,22694,11712,51.60835463,10982,48.39164537,7210,31.77051203,14077,62.02961135,1407,6.199876619,9108.412286,2.491542904,44.81360712,0.832819247,None,85.97826656,16.06495556,None,Medio,None,None,Bajo,0.853515871,0.116638,-97.70879417,18.9934075,0,0,0,0,0,0
PUEBLA,21,GUADALUPE,21066,6451,3438,53.29406294,3013,46.70593706,1731,26.83304914,3675,56.96791195,1045,16.19903891,15471.34547,0.416964382,100,0.728569214,None,68.1427668,17.16901186,None,Alto,None,None,Bajo,0.808974022,-0.037402,-98.12042139,18.09146722,0,0,0,0,0,0
PUEBLA,21,GUADALUPE VICTORIA,21067,18784,9575,50.97423339,9209,49.02576661,5659,30.12670358,11716,62.37223169,1409,7.501064736,22682.1482,0.828140255,36.99425043,2.001703578,None,77.72738699,10.87810034,None,Bajo,None,None,Bajo,0.861165254,-0.012301,-97.34269556,19.28978639,0,0,0,0,0,0
PUEBLA,21,HERMENEGILDO GALEANA,21068,7011,3633,51.81857082,3378,48.18142918,2138,30.49493653,4067,58.00884325,806,11.49622023,5013.009171,1.398561176,100,82.64156326,None,82.1795504,28.57519942,None,Alto,None,None,Alto,0.782354462,1.265036,-97.74462083,20.12173361,0,0,0,0,0,0
PUEBLA,21,HUAQUECHULA,21069,29233,15433,52.79307632,13800,47.20692368,8774,30.01402525,17561,60.07252078,2898,9.913453973,23041.68805,1.26870045,100,1.313583963,None,74.35896302,18.0811148,None,Medio,None,None,Bajo,0.83404065,-0.030067,-98.54153194,18.77070778,0,0,0,0,0,0
PUEBLA,21,HUATLATLAUCA,21070,6111,3327,54.44280805,2784,45.55719195,1564,25.5931926,3631,59.41744395,916,14.98936344,16776.44618,0.364260698,100,85.12518409,None,81.17325075,22.54971543,None,Alto,None,None,Medio,0.793999536,0.581877,-98.05077194,18.67877444,0,0,0,0,0,0
PUEBLA,21,HUAUCHINoneGO,21071,103946,55128,53.03522983,48818,46.96477017,30000,28.86113944,66123,63.61283743,7802,7.50582033,24907.83889,4.17322436,35.87151021,34.08885383,None,68.44752986,17.81752338,None,Bajo,None,None,Bajo,0.871556788,-0.295619,-98.05134,20.17469778,0,0,0,0,0,0
PUEBLA,21,HUEHUETLA,21072,17082,8709,50.98349139,8373,49.01650861,5021,29.39351364,9933,58.1489287,2127,12.45170355,4725.813413,3.614615836,100,93.98782344,None,83.21371984,36.13515784,None,Muy alto,None,None,Alto,0.747767651,1.656486,-97.62489972,20.1041375,0,0,0,0,0,0
PUEBLA,21,HUEHUETLAN EL CHICO,21073,9760,4968,50.90163934,4792,49.09836066,2821,28.90368852,5878,60.22540984,1061,10.87090164,13768.82885,0.708847507,45.6352459,0.420081967,None,85.18858954,23.06455362,None,Medio,None,None,Bajo,0.841167424,-0.073047,-98.68794806,18.37316694,0,0,0,0,0,0
PUEBLA,21,HUEJOTZINGO,21074,90794,46719,51.45604335,44075,48.54395665,25473,28.05581867,60288,66.40086349,4987,5.4926537,17205.7269,5.276963916,36.15547283,3.93858625,None,64.33662219,12.59092695,None,Muy bajo,None,None,Muy bajo,0.897047685,-0.826146,-98.40813111,19.15899417,0,0,0,0,0,0
PUEBLA,21,HUEYAPAN,21075,13080,6821,52.14831804,6259,47.85168196,4249,32.48470948,8034,61.42201835,797,6.093272171,7428.503162,1.760785412,46.20030581,95.50458716,None,87.63373376,27.09555003,None,Medio,None,None,Medio,0.841060569,0.684574,-97.44586278,19.88255806,0,0,0,0,0,0
PUEBLA,21,HUEYTAMALCO,21076,27600,14003,50.73550725,13597,49.26449275,7595,27.51811594,17514,63.45652174,2491,9.025362319,31682.14535,0.871153127,78.62318841,14.25,None,77.43050755,18.90556539,None,Medio,None,None,Medio,0.828441302,0.226918,-97.28904083,19.93947889,0,0,0,0,0,0
PUEBLA,21,HUEYTLALPAN,21077,5951,3027,50.86540077,2924,49.13459923,1685,28.31456898,3697,62.12401277,569,9.561418249,4182.623347,1.422791274,100,95.24449672,None,90.3618611,37.76736288,None,Muy alto,None,None,Muy alto,0.732282475,2.089962,-97.69867833,20.02573333,0,0,0,0,0,0
PUEBLA,21,HUITZILAN DE SERDAN,21078,15928,7836,49.19638373,8092,50.80361627,5319,33.3940231,9601,60.27749874,1005,6.309643395,6908.894135,2.305434081,100,85.03892516,None,91.50319215,43.28767269,None,Alto,None,None,Alto,0.775600164,1.60324,-97.69365917,19.96621222,0,0,0,0,0,0
PUEBLA,21,HUITZILTEPEC,21079,5782,2985,51.62573504,2797,48.37426496,1671,28.90003459,3651,63.14424075,460,7.955724663,5036.32325,1.148059748,100,2.542372881,None,71.09288951,13.83112583,None,Medio,None,None,Bajo,0.850558014,-0.317234,-97.88083333,18.76941556,0,0,0,0,0,0
PUEBLA,21,ATLEQUIZAYAN,21080,2633,1405,53.36118496,1228,46.63881504,694,26.35776681,1531,58.14660084,408,15.49563236,1234.511633,2.132827208,100,99.01253323,None,86.97581285,32.13679619,None,Alto,None,None,Alto,0.802844314,1.014116,-97.62408611,20.0140075,0,0,0,0,0,0
PUEBLA,21,IXCAMILPA DE GUERRERO,21081,4065,2117,52.07872079,1948,47.92127921,1186,29.17589176,2310,56.82656827,569,13.99753998,30773.53556,0.132094019,100,5.289052891,None,78.04566444,26.4889687,None,Alto,None,None,Medio,0.776989729,0.412932,-98.69657306,18.02704333,0,0,0,0,0,0
PUEBLA,21,IXCAQUIXTLA,21082,8804,4611,52.37392095,4193,47.62607905,2490,28.28259882,5433,61.7105861,881,10.00681508,10640.21556,0.827426846,40.91322126,2.339845525,None,60.6605814,8.490813954,None,Bajo,None,None,Bajo,0.876495118,-0.494862,-97.8323475,18.46009556,0,0,0,0,0,0
PUEBLA,21,IXTACAMAXTITLAN,21083,25319,12831,50.67735693,12488,49.32264307,7564,29.87479758,14840,58.61210948,2909,11.48939532,55760.12515,0.45407,100,21.19357005,None,74.74336379,15.67932737,None,Alto,None,None,Medio,0.82109541,0.506989,-97.81657028,19.62360333,0,0,0,0,0,0
PUEBLA,21,IXTEPEC,21084,6950,3580,51.51079137,3370,48.48920863,2058,29.61151079,4184,60.20143885,707,10.17266187,1950.705548,3.562813469,100,98.33093525,None,91.27181208,42.34184418,None,Alto,None,None,Alto,0.76340765,1.682939,-97.64677944,20.02493667,0,0,0,0,0,0
PUEBLA,21,IZUCAR DE MATAMOROS,21085,82809,43258,52.23828328,39551,47.76171672,23146,27.95106812,51978,62.76853965,7669,9.261070657,53527.34613,1.547041017,40.12969605,1.647163956,None,66.20803563,12.69342555,None,Bajo,None,None,Bajo,0.876574601,-0.668701,-98.46540639,18.60223111,0,0,0,0,0,0
PUEBLA,21,JALPAN,21086,12050,6333,52.5560166,5717,47.4439834,3591,29.80082988,7261,60.25726141,1198,9.941908714,20426.50768,0.589919735,100,22.7219917,None,71.55685339,20.06367337,None,Alto,None,None,Medio,0.783678147,0.863026,-97.94263139,20.48009639,0,0,0,0,0,0
PUEBLA,21,JOLALPAN,21087,13308,6890,51.7733694,6418,48.2266306,3933,29.55365194,8002,60.12924557,1373,10.31710249,59978.03687,0.22188122,41.6892095,10.15930268,None,86.2625376,28.46576483,None,Alto,None,None,Medio,0.805428118,0.62133,-98.8442975,18.32051667,0,0,0,0,0,0
PUEBLA,21,JONOTLA,21088,4457,2285,51.26766884,2172,48.73233116,1227,27.52972852,2653,59.52434373,577,12.94592775,2977.264533,1.497011754,100,76.419116,None,78.66750572,24.50732265,None,Alto,None,None,Medio,0.804565968,0.512407,-97.57490472,20.03038028,0,0,0,0,0,0
PUEBLA,21,JOPALA,21089,12131,6314,52.04847086,5817,47.95152914,3690,30.41793752,7131,58.7832825,1310,10.79877999,16905.73239,0.717567256,100,75.17929272,None,81.7475642,20.06396599,None,Alto,None,None,Medio,0.798135879,0.709436,-97.69292,20.16280028,0,0,0,0,0,0
PUEBLA,21,JUAN C. BONILLA,21090,23783,12308,51.75125089,11475,48.24874911,6755,28.40264054,15474,65.06328049,1465,6.159862086,2218.361799,10.72097437,37.6739688,2.745658664,None,61.80446931,10.44557488,None,Muy bajo,None,None,Muy bajo,0.896917378,-0.746408,-98.32903333,19.110695,0,0,0,0,0,0
PUEBLA,21,JUAN GALINDO,21091,9828,5269,53.61212861,4559,46.38787139,2559,26.03785104,6304,64.14326414,965,9.818884819,2280.596245,4.309399361,20.24827025,23.46357346,None,59.69489415,10.09609797,None,Muy bajo,None,None,Muy bajo,0.902491185,-0.805521,-98.00214194,20.21208306,0,0,0,0,0,0
PUEBLA,21,JUAN N. MENDEZ,21092,5293,2738,51.72869828,2555,48.27130172,1616,30.53088985,3060,57.8122048,617,11.65690535,22432.37108,0.235953657,100,3.003967504,None,78.8414283,22.28028412,None,Alto,None,None,Medio,0.814741414,0.351982,-97.77229,18.54000444,0,0,0,0,0,0
PUEBLA,21,LAFRAGUA,21093,7650,3941,51.51633987,3709,48.48366013,2277,29.76470588,4494,58.74509804,879,11.49019608,17935.82201,0.426520736,100,2.235294118,None,87.00708367,15.2297514,None,Medio,None,None,Medio,0.833767992,0.239635,-97.29898778,19.29664361,0,0,0,0,0,0
PUEBLA,21,LIBRES,21094,37257,19160,51.42657756,18097,48.57342244,11550,31.00088574,23082,61.95345841,2617,7.024183375,27251.8067,1.367138715,51.39168478,4.350860241,None,68.98307591,9.509153729,None,Bajo,None,None,Bajo,0.87257053,-0.385755,-97.68772611,19.4647325,0,0,0,0,0,0
PUEBLA,21,LA MAGDALENA TLATLAUQUITEPEC,21095,650,326,50.15384615,324,49.84615385,186,28.61538462,411,63.23076923,53,8.153846154,1120.064739,0.580323599,100,4.923076923,None,87.3615257,28.15588723,None,Bajo,None,None,Muy bajo,0.872286635,-0.755632,-98.10070056,18.75852,0,0,0,0,0,0
PUEBLA,21,MAZAPILTEPEC DE JUAREZ,21096,3176,1619,50.97607053,1557,49.02392947,927,29.18765743,2001,63.00377834,248,7.808564232,5516.570959,0.575719958,100,0.881612091,None,67.52473327,12.70061429,None,Bajo,None,None,Bajo,0.858753362,-0.121447,-97.70350139,19.11926417,0,0,0,0,0,0
PUEBLA,21,MIXTLA,21097,2668,1398,52.3988006,1270,47.6011994,760,28.48575712,1674,62.74362819,234,8.770614693,946.3825648,2.819155909,100,10.83208396,None,56.86836115,7.722685888,None,Bajo,None,None,Bajo,0.878493414,-0.665294,-97.89548722,18.90308056,0,0,0,0,0,0
PUEBLA,21,MOLCAXAC,21098,6668,3495,52.4145171,3173,47.5854829,1897,28.44931014,4018,60.25794841,753,11.29274145,15606.12618,0.427268108,100,12.5074985,None,70.55446756,15.62071603,None,Medio,None,None,Bajo,0.839233889,0.082325,-97.91185944,18.73790139,0,0,0,0,0,0
PUEBLA,21,CAÑADA MORELOS,21099,20659,10748,52.02575149,9911,47.97424851,6469,31.3132291,12585,60.91775981,1605,7.769011085,24363.75645,0.84793985,100,0.987463091,None,81.84904688,17.48091291,None,Alto,None,None,Medio,0.81743321,0.249678,-97.42209583,18.73699389,0,0,0,0,0,0
PUEBLA,21,NAUPAN,21100,9310,4990,53.59828142,4320,46.40171858,2924,31.40708915,5433,58.3566058,953,10.23630505,6062.907945,1.535566775,100,98.30290011,None,88.27984914,31.93340517,None,Alto,None,None,Alto,0.791544515,1.121633,-98.10973306,20.22847194,0,0,0,0,0,0
PUEBLA,21,NAUZONTLA,21101,3317,1774,53.4820621,1543,46.5179379,856,25.80645161,2012,60.65722038,449,13.53632801,2742.595111,1.209438457,100,35.9059391,None,74.43832262,15.60789715,None,Medio,None,None,Medio,0.824600043,0.439627,-97.60311972,19.95903778,0,0,0,0,0,0
PUEBLA,21,NEALTICAN,21102,14075,7260,51.58081705,6815,48.41918295,4382,31.13321492,8844,62.8348135,849,6.031971581,1878.700887,7.491879148,5.911190053,19.26820604,None,83.38940377,12.16627877,None,Muy bajo,None,None,Bajo,0.887109441,-0.371071,-98.42773028,19.05094667,0,0,0,0,0,0
PUEBLA,21,NICOLAS BRAVO,21103,6644,3414,51.38470801,3230,48.61529199,2030,30.5538832,4159,62.59783263,455,6.848284166,10800.52315,0.615155387,100,2.889825406,None,77.31934588,17.71042888,None,Alto,None,None,Medio,0.822647649,0.378089,-97.30565889,18.61322333,0,0,0,0,0,0
PUEBLA,21,NOPALUCAN,21104,32772,16881,51.51043574,15891,48.48956426,10598,32.33858172,20469,62.4588063,1703,5.196509215,16662.49508,1.966812284,29.81203466,0.631636763,None,72.15690454,16.61552284,None,Bajo,None,None,Bajo,0.874089722,-0.150866,-97.82353778,19.21602917,0,0,0,0,0,0
PUEBLA,21,OCOTEPEC,21105,5077,2644,52.07799882,2433,47.92200118,1466,28.87532007,2968,58.45972031,643,12.66495962,6676.113656,0.760472374,100,7.878668505,None,66.7367688,11.70354158,None,Medio,None,None,Bajo,0.835624233,-0.017201,-97.6492175,19.55549806,0,0,0,0,0,0
PUEBLA,21,OCOYUCAN,21106,42669,22249,52.14324217,20420,47.85675783,12500,29.29527291,27738,65.00738241,2357,5.523916661,11924.90301,3.57814231,21.80505754,6.94180787,None,66.45026953,16.44992681,None,Bajo,None,None,Bajo,0.87671325,-0.547773,-98.30254639,18.97687333,0,0,0,0,0,0
PUEBLA,21,OLINTLA,21107,11993,6158,51.34661886,5835,48.65338114,3862,32.2021179,6685,55.74084883,1446,12.05703327,6257.949003,1.916442591,100,98.34903694,None,89.99371123,46.7476842,None,Muy alto,None,None,Muy alto,0.684057087,2.412314,-97.6847375,20.10177778,0,0,0,0,0,0
PUEBLA,21,ORIENTAL,21108,19903,10225,51.3741647,9678,48.6258353,6119,30.74410893,12538,62.99552831,1246,6.260362759,23824.90017,0.835386501,43.34522434,1.421896197,None,68.61310623,8.75649655,None,Bajo,None,None,Bajo,0.869007952,-0.291075,-97.61935083,19.3758025,0,0,0,0,0,0
PUEBLA,21,PAHUATLAN,21109,20274,10600,52.28371313,9674,47.71628687,6463,31.87826773,11785,58.12863766,2026,9.993094604,9769.629162,2.075206711,100,55.81532998,None,83.2212161,29.11590103,None,Alto,None,None,Medio,0.809479118,0.618424,-98.14991028,20.27572611,0,0,0,0,0,0
PUEBLA,21,PALMAR DE BRAVO,21110,50226,25631,51.03133835,24595,48.96866165,16424,32.70019512,30863,61.44825389,2938,5.849559989,36071.21283,1.392412288,49.01047266,0.565444192,None,84.41618557,20.87956896,None,Medio,None,None,Medio,0.834156391,0.345644,-97.54750667,18.83592639,0,0,0,0,0,0
PUEBLA,21,PANTEPEC,21111,18528,9624,51.94300518,8904,48.05699482,4981,26.88363558,11050,59.63946459,2477,13.36895509,21849.5601,0.847980459,100,54.14507772,None,77.8167247,20.08297409,None,Alto,None,None,Medio,0.782351119,0.933556,-97.93849083,20.52181972,0,0,0,0,0,0
PUEBLA,21,PETLALCINGO,21112,9350,4861,51.98930481,4489,48.01069519,2576,27.55080214,5424,58.01069519,1350,14.43850267,23240.4596,0.402315624,100,6.459893048,None,84.26873271,25.03862756,None,Alto,None,None,Bajo,0.815301374,0.116309,-97.91784806,18.08220139,0,0,0,0,0,0
PUEBLA,21,PIAXTLA,21113,4627,2365,51.1130322,2262,48.8869678,1167,25.22152583,2594,56.06224335,866,18.71623082,22072.20119,0.209630202,100,2.831208126,None,68.83373706,17.91675842,None,Alto,None,None,Bajo,0.816022009,-0.086591,-98.26014472,18.19875611,0,0,0,0,0,0
PUEBLA,21,PUEBLA,21114,1692181,882696,52.16321422,809485,47.83678578,372742,22.02731268,1173783,69.36509747,144652,8.548258136,54017.86918,31.32631897,4.418735348,6.495286261,None,41.42399105,5.41875322,None,Muy bajo,None,None,Muy bajo,0.931130896,-1.128401,-98.19749472,19.04398972,0,0,0,0,0,0
PUEBLA,21,QUECHOLAC,21115,57992,29625,51.08463236,28367,48.91536764,19273,33.23389433,35537,61.27914195,3148,5.428334943,18597.77429,3.118222595,37.11201545,0.394882053,None,89.99366542,20.72952959,None,Medio,None,None,Medio,0.836025042,0.303411,-97.66044861,18.95506333,0,0,0,0,0,0
PUEBLA,21,QUIMIXTLAN,21116,22855,11753,51.42419602,11102,48.57580398,8102,35.4495734,13164,57.5978998,1589,6.952526799,16622.73313,1.374924317,100,6.96127762,None,85.83957724,31.71696602,None,Alto,None,None,Alto,0.79807903,0.977171,-97.1356775,19.25326167,0,0,0,0,0,0
PUEBLA,21,RAFAEL LARA GRAJALES,21117,15952,8327,52.20035105,7625,47.79964895,4673,29.2941324,10278,64.43079238,1001,6.275075226,409.0791218,38.99490135,31.29388164,0.614343029,None,63.41035487,7.658578055,None,Muy bajo,None,None,Bajo,0.891956703,-0.538656,-97.80455083,19.22538417,0,0,0,0,0,0
PUEBLA,21,LOS REYES DE JUAREZ,21118,30021,15415,51.34739016,14606,48.65260984,9995,33.29336131,18342,61.09723194,1681,5.599413744,3063.088956,9.80089068,36.10139569,0.566270277,None,87.49603042,18.75694417,None,Bajo,None,None,Bajo,0.859290506,-0.052057,-97.81310361,18.94678833,0,0,0,0,0,0
PUEBLA,21,SAN ANDRES CHOLULA,21119,154448,80176,51.9113229,74272,48.0886771,31555,20.43082461,110896,71.80151248,9906,6.413809178,6291.560466,24.54844086,1.283927276,6.233813322,None,49.7061218,7.702475349,None,Muy bajo,None,None,Muy bajo,0.938523467,-1.224644,-98.30065556,19.05094389,0,0,0,0,0,0
PUEBLA,21,SAN ANTONIO CAÑADA,21120,5938,3147,52.9976423,2791,47.0023577,1874,31.55944763,3680,61.97372853,384,6.466823846,7977.850226,0.744310789,100,56.31525766,None,85.81145585,32.79577225,None,Alto,None,None,Medio,0.785531006,0.918935,-97.29000139,18.49733833,0,0,0,0,0,0
PUEBLA,21,SAN DIEGO LA MESA TOCHIMILTZINGO,21121,1270,644,50.70866142,626,49.29133858,350,27.55905512,766,60.31496063,154,12.12598425,13247.76289,0.095865242,100,1.57480315,None,79.80032077,20.36327185,None,Alto,None,None,Medio,0.820625907,0.243255,-98.33140306,18.80958667,0,0,0,0,0,0
PUEBLA,21,SAN FELIPE TEOTLALCINGO,21122,11063,5714,51.64964295,5349,48.35035705,3124,28.23827172,7030,63.5451505,908,8.207538642,3917.797754,2.82378027,35.60517039,2.422489379,None,76.30572556,10.41519448,None,Bajo,None,None,Bajo,0.881234294,-0.454968,-98.49545472,19.23572472,0,0,0,0,0,0
PUEBLA,21,SAN FELIPE TEPATLAN,21123,3793,1964,51.77959399,1829,48.22040601,1140,30.05536515,2202,58.05431057,451,11.89032428,4481.876044,0.84629739,100,86.053256,None,83.83798283,26.42596567,None,Alto,None,None,Alto,0.768682661,1.597886,-97.7961675,20.09133556,0,0,0,0,0,0
PUEBLA,21,SAN GABRIEL CHILAC,21124,15954,8385,52.55735239,7569,47.44264761,4376,27.42885797,10302,64.5731478,1275,7.991726213,10897.63202,1.46398777,14.20960261,77.46646609,None,84.68960763,23.59115476,None,Medio,None,None,Bajo,0.850825402,0.024431,-97.34798167,18.32627333,0,0,0,0,0,0
PUEBLA,21,SAN GREGORIO ATZOMPA,21125,9671,4989,51.58721952,4682,48.41278048,2432,25.14734774,6342,65.57749974,832,8.603040017,1173.307433,8.242511492,47.61658567,1.106400579,None,53.28166031,5.268212622,None,Muy bajo,None,None,Muy bajo,0.907857436,-0.892439,-98.34576556,19.02668583,0,0,0,0,0,0
PUEBLA,21,SAN JERONIMO TECUANIPAN,21126,6597,3479,52.73609216,3118,47.26390784,2048,31.04441413,4076,61.78566015,473,7.169925724,3963.97384,1.664239035,100,4.092769441,None,78.03132678,16.87238943,None,Medio,None,None,Bajo,0.836608047,-0.118572,-98.40095694,19.01441194,0,0,0,0,0,0
PUEBLA,21,SAN JERONIMO XAYACATLAN,21127,3606,1872,51.91347754,1734,48.08652246,836,23.18358292,2085,57.8202995,685,18.99611758,14265.51678,0.252777383,100,73.34997227,None,59.38893666,11.64459731,None,Alto,None,None,Bajo,0.822868351,0.068495,-97.91433722,18.22126944,0,0,0,0,0,0
PUEBLA,21,SAN JOSE CHIAPA,21128,10443,5336,51.09642823,5107,48.90357177,3314,31.734176,6438,61.64895145,691,6.616872546,17606.21031,0.593142977,39.95020588,0.67988126,None,70.05306633,9.080312698,None,Bajo,None,None,Bajo,0.880305706,-0.319252,-97.76883333,19.24207056,0,0,0,0,0,0
PUEBLA,21,SAN JOSE MIAHUATLAN,21129,14018,7298,52.06163504,6720,47.93836496,3821,27.25781139,8971,63.99629048,1213,8.653160223,33449.88106,0.419074734,37.32344129,95.96946783,None,85.37236371,27.29488259,None,Medio,None,None,Bajo,0.842159773,-0.000455,-97.287655,18.29023833,0,0,0,0,0,0
PUEBLA,21,SAN JUAN ATENCO,21130,3604,1944,53.94006659,1660,46.05993341,939,26.05438402,2158,59.87791343,507,14.06770255,9578.692891,0.376251754,100,0.332963374,None,67.03420241,9.639192599,None,Medio,None,None,Bajo,0.848143612,-0.156697,-97.54084361,19.08998389,0,0,0,0,0,0
PUEBLA,21,SAN JUAN ATZOMPA,21131,975,467,47.8974359,508,52.1025641,272,27.8974359,618,63.38461538,85,8.717948718,2464.485984,0.395620022,100,1.538461538,None,83.36683938,12.75025907,None,Medio,None,None,Bajo,0.852691616,-0.504566,-98.024315,18.74609361,0,0,0,0,0,0
PUEBLA,21,SAN MARTIN TEXMELUCAN,21132,155738,80816,51.89228063,74922,48.10771937,41012,26.33397116,103330,66.34861113,11333,7.276965159,8908.129681,17.48268218,6.543682338,1.261092347,None,65.28842173,11.61228648,None,Muy bajo,None,None,Muy bajo,0.911650196,-0.917829,-98.43551556,19.28290806,0,0,0,0,0,0
PUEBLA,21,SAN MARTIN TOTOLTEPEC,21133,692,334,48.26589595,358,51.73410405,174,25.14450867,435,62.86127168,83,11.99421965,718.1121158,0.963637829,100,12.13872832,None,63.31484258,7.154422789,None,Medio,None,None,Bajo,0.849470464,-0.474816,-98.34640083,18.64920333,0,0,0,0,0,0
PUEBLA,21,SAN MATIAS TLALANCALECA,21134,20974,10756,51.28254029,10218,48.71745971,5702,27.18603986,13561,64.65624106,1711,8.157719081,5044.192634,4.158048973,44.83169639,0.691332125,None,76.83536429,14.67407537,None,Muy bajo,None,None,Bajo,0.886628822,-0.675187,-98.49816333,19.32442722,0,0,0,0,0,0
PUEBLA,21,SAN MIGUEL IXITLAN,21135,526,272,51.71102662,254,48.28897338,109,20.72243346,276,52.47148289,141,26.80608365,7265.427179,0.07239767,100,2.851711027,None,78.99806576,18.60154739,None,Medio,None,None,Bajo,0.844141959,0.078454,-97.77342417,17.99951806,0,0,0,0,0,0
PUEBLA,21,SAN MIGUEL XOXTLA,21136,12461,6372,51.13554289,6089,48.86445711,3328,26.70732686,8300,66.60781639,833,6.684856753,827.6369861,15.05611785,3.218040286,1.845758767,None,48.12214531,3.882359645,None,Muy bajo,None,None,Muy bajo,0.919001433,-1.034623,-98.30969889,19.16830278,0,0,0,0,0,0
PUEBLA,21,SAN NICOLAS BUENOS AIRES,21137,10464,5344,51.07033639,5120,48.92966361,3300,31.53669725,6515,62.26108563,647,6.183103976,20931.03483,0.499927504,100,0.793195719,None,85.69969408,21.34869532,None,Medio,None,None,Medio,0.832721549,0.148878,-97.54841194,19.16189667,0,0,0,0,0,0
PUEBLA,21,SAN NICOLAS DE LOS RANCHOS,21138,11780,6043,51.29881154,5737,48.70118846,3547,30.11035654,7030,59.67741935,1203,10.21222411,16135.24774,0.730078657,45.3820034,2.453310696,None,83.52315181,19.52353784,None,Bajo,None,None,Bajo,0.858374474,-0.057591,-98.48569694,19.07258917,0,0,0,0,0,0
PUEBLA,21,SAN PABLO ANICANO,21139,3759,1968,52.35434956,1791,47.64565044,1036,27.56052142,2219,59.03165736,504,13.40782123,9667.280556,0.388837376,100,1.223729715,None,70.3462888,18.14763833,None,Medio,None,None,Bajo,0.824396106,-0.175635,-98.0840325,18.12445444,0,0,0,0,0,0
PUEBLA,21,SAN PEDRO CHOLULA,21140,138433,71979,51.99555019,66454,48.00444981,32592,23.54351925,94657,68.37748225,10802,7.80305274,7652.848053,18.08908253,6.639312881,2.862756713,None,49.42743058,8.588202243,None,Muy bajo,None,None,Muy bajo,0.925099338,-1.068962,-98.30750583,19.06248417,0,0,0,0,0,0
PUEBLA,21,SAN PEDRO YELOIXTLAHUACA,21141,3488,1803,51.69151376,1685,48.30848624,946,27.12155963,2002,57.39678899,540,15.48165138,17474.71177,0.19960272,100,1.634174312,None,63.40058055,13.92946299,None,Medio,None,None,Bajo,0.827773934,-0.235837,-98.07809917,18.117105,0,0,0,0,0,0
PUEBLA,21,SAN SALVADOR EL SECO,21142,30639,15649,51.07542674,14990,48.92457326,8741,28.52899899,19675,64.21554228,2223,7.255458729,21916.23315,1.398004839,17.6931362,0.509154999,None,83.52490306,20.5083019,None,Bajo,None,None,Bajo,0.868302684,0.026462,-97.64274972,19.13474528,0,0,0,0,0,0
PUEBLA,21,SAN SALVADOR EL VERDE,21143,34880,17925,51.39048165,16955,48.60951835,9779,28.03612385,22920,65.71100917,2159,6.189793578,11033.39353,3.161312057,58.18233945,1.066513761,None,69.22279299,8.586132354,None,Muy bajo,None,None,Bajo,0.890080824,-0.704996,-98.51716583,19.26902056,0,0,0,0,0,0
PUEBLA,21,SAN SALVADOR HUIXCOLOTLA,21144,16790,8614,51.30434783,8176,48.69565217,5243,31.22692079,10641,63.37701013,904,5.384157236,2372.001971,7.078408958,15.02084574,1.465157832,None,83.08366026,22.11602781,None,Medio,None,None,Bajo,0.842552332,0.078763,-97.77178944,18.92060972,0,0,0,0,0,0
PUEBLA,21,SAN SEBASTIAN TLACOTEPEC,21145,13189,6703,50.82265524,6486,49.17734476,4379,33.20191068,7594,57.57828493,1214,9.20464023,23605.9241,0.558715683,100,97.89976496,None,92.82908697,50.90133974,None,Muy alto,None,None,Muy alto,0.747453639,2.036808,-96.85061028,18.40464611,0,0,0,0,0,0
PUEBLA,21,SANTA CATARINA TLALTEMPAN,21146,749,377,50.33377837,372,49.66622163,162,21.62883845,434,57.94392523,153,20.42723632,4737.720552,0.158092904,100,85.44726302,None,76.97799175,21.130674,None,Alto,None,None,Medio,0.820457318,0.406899,-98.0799,18.6142625,0,0,0,0,0,0
PUEBLA,21,SANTA INES AHUATEMPAN,21147,6341,3303,52.08957578,3038,47.91042422,1796,28.32360826,3627,57.19917994,918,14.4772118,28543.32627,0.222153506,100,13.57829995,None,80.04576954,20.49508461,None,Alto,None,None,Medio,0.795120288,0.616474,-98.01769556,18.41271778,0,0,0,0,0,0
PUEBLA,21,SANTA ISABEL CHOLULA,21148,11498,5885,51.1828144,5613,48.8171856,3686,32.05774917,7091,61.67159506,721,6.270655766,3263.148771,3.523590497,100,4.044181597,None,81.57441809,23.8321116,None,Alto,None,None,Medio,0.808461034,0.239728,-98.37923917,18.99457444,0,0,0,0,0,0
PUEBLA,21,SANTIAGO MIAHUATLAN,21149,30309,15636,51.58863704,14673,48.41136296,8960,29.56217625,19835,65.44260781,1511,4.985317892,9367.096965,3.235687654,45.80487644,18.94816721,None,73.01539094,14.24325425,None,Medio,None,None,Medio,0.837715636,0.19645,-97.44185333,18.55315528,0,0,0,0,0,0
PUEBLA,21,HUEHUETLAN EL GRANDE,21150,6105,3159,51.74447174,2946,48.25552826,1800,29.48402948,3485,57.08435708,820,13.43161343,17962.57392,0.33987334,100,6.388206388,None,79.81743778,20.53064974,None,Alto,None,None,Medio,0.815326966,0.201806,-98.16791056,18.73830556,0,0,0,0,0,0
PUEBLA,21,SANTO TOMAS HUEYOTLIPAN,21151,9315,4791,51.4331723,4524,48.5668277,2667,28.63123994,5949,63.8647343,699,7.504025765,1932.229183,4.820856699,35.0187869,1.921631777,None,84.50451757,17.15047407,None,Bajo,None,None,Bajo,0.878168352,-0.590095,-97.86723111,18.89108917,0,0,0,0,0,0
PUEBLA,21,SOLTEPEC,21152,12631,6528,51.68236878,6103,48.31763122,3594,28.45380413,7776,61.56282163,1260,9.975457208,11370.06684,1.110899362,48.27804608,0.696698599,None,76.62208634,11.26361203,None,Bajo,None,None,Bajo,0.862342202,-0.12138,-97.70844472,19.11922806,0,0,0,0,0,0
PUEBLA,21,TECALI DE HERRERA,21153,23625,12131,51.34814815,11494,48.65185185,6983,29.55767196,14966,63.34814815,1676,7.094179894,17488.58934,1.350880825,74.16296296,1.523809524,None,74.14415244,12.97372478,None,Bajo,None,None,Bajo,0.869108064,-0.511465,-97.96913611,18.9010325,0,0,0,0,0,0
PUEBLA,21,TECAMACHALCO,21154,80771,41990,51.9864803,38781,48.0135197,24219,29.98477176,52080,64.47858761,4431,5.485879833,17962.64021,4.496610691,35.30103626,0.848076661,None,69.34396719,11.6627584,None,Bajo,None,None,Bajo,0.873888662,-0.468017,-97.72841611,18.88469167,0,0,0,0,0,0
PUEBLA,21,TECOMATLAN,21155,6830,3414,49.98535871,3416,50.01464129,1733,25.37335286,4325,63.32357247,772,11.30307467,14497.47258,0.471116601,100,11.33235725,None,65.35889153,17.27677661,None,Medio,None,None,Bajo,0.83373678,-0.164292,-98.3143725,18.11096028,0,0,0,0,0,0
PUEBLA,21,TEHUACAN,21156,327312,172905,52.82574424,154407,47.17425576,86785,26.51445715,219892,67.18116048,20582,6.288189862,55123.71717,5.937770833,6.904115951,20.46487755,None,57.15307921,8.30683153,None,Muy bajo,None,None,Bajo,0.895259469,-0.66141,-97.39199889,18.46218444,0,0,0,0,0,0
PUEBLA,21,TEHUITZINGO,21157,12672,6579,51.91761364,6093,48.08238636,3587,28.30650253,7307,57.66256313,1778,14.03093434,49030.01225,0.258453943,47.56944444,1.483585859,None,75.03688734,19.08622664,None,Alto,None,None,Bajo,0.817652566,0.075558,-98.27612611,18.33171417,0,0,0,0,0,0
PUEBLA,21,TENAMPULCO,21158,6743,3439,51.00103811,3304,48.99896189,1577,23.38721637,4207,62.39062732,959,14.22215631,13922.98614,0.484307025,100,31.27687973,None,66.10363554,16.40458591,None,Alto,None,None,Medio,0.785274257,0.649538,-97.40541333,20.17131917,0,0,0,0,0,0
PUEBLA,21,TEOPANTLAN,21159,3836,2124,55.37017727,1712,44.62982273,800,20.85505735,2211,57.63816475,825,21.50677789,24769.03996,0.154870758,100,76.98123045,None,92.951791,43.19014274,None,Alto,None,None,Alto,0.763137378,1.075963,-98.26237056,18.71325944,0,0,0,0,0,0
PUEBLA,21,TEOTLALCO,21160,3689,1849,50.12198428,1840,49.87801572,1041,28.21902955,2203,59.71808078,419,11.35809162,13631.65691,0.270620074,100,0.731905665,None,67.16986456,15.1721219,None,Medio,None,None,Bajo,0.837334849,-0.255906,-98.77826861,18.46962278,0,0,0,0,0,0
PUEBLA,21,TEPANCO DE LOPEZ,21161,22218,11817,53.18660546,10401,46.81339454,6505,29.27806283,14348,64.57826987,1363,6.134665586,22400.02163,0.991874042,71.9236655,17.3462958,None,71.02139585,14.64879531,None,Bajo,None,None,Bajo,0.858163305,-0.324036,-97.56149806,18.55506861,0,0,0,0,0,0
PUEBLA,21,TEPANGO DE RODRIGUEZ,21162,4155,2236,53.81468111,1919,46.18531889,1221,29.38628159,2465,59.32611312,469,11.28760529,2852.621415,1.456555005,100,96.05294826,None,95.51104024,50.73478901,None,Muy alto,None,None,Alto,0.751474098,1.758268,-97.79627,20.0028125,0,0,0,0,0,0
PUEBLA,21,TEPATLAXCO DE HIDALGO,21163,18854,9734,51.62830169,9120,48.37169831,5786,30.68844807,11966,63.46663838,1102,5.844913546,6100.306653,3.090664301,2.545878859,27.78720696,None,83.43833848,18.2868491,None,Bajo,None,None,Bajo,0.876475198,-0.051324,-97.96661694,19.07730222,0,0,0,0,0,0
PUEBLA,21,TEPEACA,21164,84270,43761,51.92951228,40509,48.07048772,26106,30.97899608,53183,63.11024089,4973,5.901269728,21643.8158,3.893490907,41.91527234,0.885249792,None,74.02980334,14.12039074,None,Bajo,None,None,Bajo,0.870211987,-0.427168,-97.90543444,18.96613278,0,0,0,0,0,0
PUEBLA,21,TEPEMAXALCO,21165,1216,602,49.50657895,614,50.49342105,416,34.21052632,669,55.01644737,131,10.77302632,2944.654942,0.41295161,100,6.414473684,None,85.61139456,30.05867347,None,Alto,None,None,Medio,0.780339168,0.791084,-98.629055,18.73560333,0,0,0,0,0,0
PUEBLA,21,TEPEOJUMA,21166,8918,4779,53.58824849,4139,46.41175151,2497,27.99955147,5490,61.56088809,931,10.43956044,13174.16996,0.676930693,42.28526575,10.60775959,None,78.065337,18.10247593,None,Medio,None,None,Bajo,0.854571425,-0.315133,-98.45028861,18.72244861,0,0,0,0,0,0
PUEBLA,21,TEPETZINTLA,21167,10373,5458,52.61737202,4915,47.38262798,3428,33.04733443,6004,57.88103731,941,9.071628266,7042.629595,1.472887344,100,98.68890389,None,88.71329219,34.13262807,None,Alto,None,None,Muy alto,0.766136565,1.818625,-97.84097528,19.96708583,0,0,0,0,0,0
PUEBLA,21,TEPEXCO,21168,7523,3819,50.76432274,3704,49.23567726,2324,30.89193141,4553,60.52106872,646,8.586999867,11577.37944,0.649801627,26.63830919,0.97035757,None,89.61558585,38.1824315,None,Alto,None,None,Medio,0.791388729,0.908833,-98.69051833,18.64163306,0,0,0,0,0,0
PUEBLA,21,TEPEXI DE RODRIGUEZ,21169,22331,11137,49.87237473,11194,50.12762527,6210,27.80887555,13904,62.26322153,2217,9.927902915,39076.45978,0.571469374,74.4615109,9.735345484,None,68.71889671,16.78317823,None,Alto,None,None,Bajo,0.823953489,0.097335,-97.92619028,18.58101694,0,0,0,0,0,0
PUEBLA,21,TEPEYAHUALCO,21170,19200,9834,51.21875,9366,48.78125,5902,30.73958333,11731,61.09895833,1540,8.020833333,44794.07222,0.428628143,100,0.692708333,None,76.94211088,13.98696084,None,Medio,None,None,Bajo,0.844866322,-0.045747,-97.49225167,19.49200583,0,0,0,0,0,0
PUEBLA,21,TEPEYAHUALCO DE CUAUHTEMOC,21171,3851,2035,52.84341729,1816,47.15658271,1078,27.99272916,2476,64.29498831,297,7.712282524,1557.737199,2.472175668,100,1.68787328,None,73.96577341,6.651897055,None,Bajo,None,None,Bajo,0.868318826,-0.55205,-97.87802861,18.81314917,0,0,0,0,0,0
PUEBLA,21,TETELA DE OCAMPO,21172,27216,14116,51.86654909,13100,48.13345091,7707,28.31790123,16869,61.9819224,2640,9.700176367,32637.12528,0.833896974,79.3797766,30.06687243,None,76.88217981,22.07508221,None,Medio,None,None,Medio,0.829423469,0.327481,-97.80597222,19.81675806,0,0,0,0,0,0
PUEBLA,21,TETELES DE AVILA CASTILLO,21173,6653,3766,56.60604239,2887,43.39395761,1690,25.40207425,4472,67.21779648,491,7.380129265,970.9872528,6.851789229,22.50112731,32.0757553,None,55.74339623,7.220672683,None,Muy bajo,None,None,Bajo,0.905654527,-0.631994,-97.4571525,19.85829,0,0,0,0,0,0
PUEBLA,21,TEZIUTLAN,21174,103583,54934,53.03379898,48649,46.96620102,26541,25.6229304,69337,66.93859031,7689,7.423032737,9189.229371,11.27221836,27.09904135,13.77349565,None,51.13154376,7.146147047,None,Muy bajo,None,None,Muy bajo,0.900701653,-0.762368,-97.3608775,19.81799056,0,0,0,0,0,0
PUEBLA,21,TIANGUISMANALCO,21175,14432,7442,51.56596452,6990,48.43403548,4159,28.81790466,9155,63.43542129,1118,7.746674058,13262.2013,1.08820547,59.93625277,12.05654102,None,77.868893,26.68782596,None,Bajo,None,None,Bajo,0.856122785,-0.18745,-98.44821917,18.97775889,0,0,0,0,0,0
PUEBLA,21,TILAPA,21176,9664,5029,52.03849338,4635,47.96150662,2717,28.11465232,6008,62.16887417,920,9.51986755,8332.662777,1.159773323,100,1.02442053,None,61.44564412,9.721181327,None,Medio,None,None,Bajo,0.852542429,-0.476135,-98.55641,18.59158111,0,0,0,0,0,0
PUEBLA,21,TLACOTEPEC DE BENITO JUAREZ,21177,54757,29003,52.96674398,25754,47.03325602,19261,35.17541136,32222,58.84544442,3274,5.979144219,39491.70779,1.386544241,48.43764268,36.5323155,None,80.64384781,17.70608283,None,Medio,None,None,Medio,0.828432472,0.245591,-97.65353972,18.6827675,0,0,0,0,0,0
PUEBLA,21,TLACUILOTEPEC,21178,15977,8101,50.7041372,7876,49.2958628,4843,30.31232397,9184,57.48263128,1950,12.20504475,17195.17517,0.92915599,100,32.58433999,None,83.8722737,31.93817546,None,Alto,None,None,Alto,0.781162274,1.008493,-98.06890917,20.32626528,0,0,0,0,0,0
PUEBLA,21,TLACHICHUCA,21179,31639,16141,51.01615095,15498,48.98384905,9478,29.95669901,19744,62.40399507,2397,7.576092797,41928.16374,0.754600182,73.19447517,0.625809918,None,82.00672654,15.91091385,None,Medio,None,None,Bajo,0.845503217,0.088434,-97.41911306,19.11563472,0,0,0,0,0,0
PUEBLA,21,TLAHUAPAN,21180,41547,21086,50.7521602,20461,49.2478398,12283,29.56410812,26195,63.04907695,3025,7.280910776,31207.9181,1.331296752,64.38732038,0.902592245,None,78.03802988,10.63888492,None,Bajo,None,None,Bajo,0.872328997,-0.431263,-98.58239889,19.33050361,0,0,0,0,0,0
PUEBLA,21,TLALTENoneGO,21181,7425,3791,51.05723906,3634,48.94276094,2281,30.72053872,4640,62.49158249,504,6.787878788,2137.403185,3.473841553,4.592592593,1.885521886,None,72.05394191,12.66777317,None,Muy bajo,None,None,Bajo,0.891947156,-0.604486,-98.34431639,19.17002333,0,0,0,0,0,0
PUEBLA,21,TLANEPANTLA,21182,5390,2808,52.09647495,2582,47.90352505,1699,31.52133581,3393,62.94990724,298,5.528756957,1485.958234,3.627289029,4.192949907,5.435992579,None,91.84311875,20.28355673,None,Bajo,None,None,Bajo,0.865212718,-0.075226,-97.88739694,18.86536389,0,0,0,0,0,0
PUEBLA,21,TLAOLA,21183,20433,10583,51.79366711,9850,48.20633289,6807,33.31375716,12194,59.67797191,1432,7.008270934,14190.10743,1.439946815,100,76.81201977,None,91.63875799,37.85857889,None,Alto,None,None,Alto,0.773129621,1.412967,-97.92427861,20.13703472,0,0,0,0,0,0
PUEBLA,21,TLAPACOYA,21184,6422,3347,52.11772034,3075,47.88227966,2060,32.07723451,3775,58.78231081,587,9.140454687,6286.150971,1.021610844,100,65.4313298,None,87.04618285,31.35014138,None,Alto,None,None,Alto,0.796899962,1.068517,-97.85137389,20.12315083,0,0,0,0,0,0
PUEBLA,21,TLAPANALA,21185,10344,5294,51.17942769,5050,48.82057231,3202,30.95514308,6236,60.28615623,906,8.758700696,8345.854695,1.239417696,100,1.034416087,None,74.7578624,17.53731212,None,Medio,None,None,Bajo,0.834708491,-0.180108,-98.53779444,18.69614417,0,0,0,0,0,0
PUEBLA,21,TLATLAUQUITEPEC,21186,55576,28959,52.10702461,26617,47.89297539,16030,28.84338563,34898,62.79329207,4648,8.363322297,29212.80848,1.902453167,83.16179646,32.06959839,None,67.34478808,11.90177341,None,Bajo,None,None,Bajo,0.858643891,-0.168891,-97.49666972,19.85132972,0,0,0,0,0,0
PUEBLA,21,TLAXCO,21187,4934,2506,50.79043373,2428,49.20956627,1389,28.15160113,2907,58.91771382,638,12.93068504,5435.250844,0.90777779,100,11.02553709,None,76.91261131,20.36487886,None,Alto,None,None,Alto,0.783121313,1.109729,-98.02864361,20.423815,0,0,0,0,0,0
PUEBLA,21,TOCHIMILCO,21188,19315,10119,52.38933471,9196,47.61066529,5926,30.68081802,11619,60.1553197,1753,9.075847787,21797.06787,0.88612836,100,21.11312451,None,86.93665904,30.35093703,None,Alto,None,None,Medio,0.822862634,0.431647,-98.57216611,18.89292444,0,0,0,0,0,0
PUEBLA,21,TOCHTEPEC,21189,22454,11626,51.77696624,10828,48.22303376,6763,30.11935513,14099,62.7905941,1520,6.769395208,10143.00165,2.213743108,41.92126125,0.895163445,None,76.6133963,12.4574829,None,Bajo,None,None,Bajo,0.861694127,-0.277561,-97.82574889,18.84011417,0,0,0,0,0,0
PUEBLA,21,TOTOLTEPEC DE GUERRERO,21190,1187,634,53.41196293,553,46.58803707,278,23.42038753,651,54.8441449,258,21.73546757,15500.0994,0.076580154,100,2.948609941,None,70.73384354,20.54081633,None,Medio,None,None,Bajo,0.843018373,-0.085727,-97.85513444,18.22254111,0,0,0,0,0,0
PUEBLA,21,TULCINGO,21191,9871,5230,52.98348698,4641,47.01651302,2794,28.30513626,5822,58.980853,1255,12.71401074,27731.82841,0.355944796,38.72961199,3.910444737,None,75.7672588,17.05510052,None,Alto,None,None,Bajo,0.819991092,0.043072,-98.44130972,18.04513583,0,0,0,0,0,0
PUEBLA,21,TUZAMAPAN DE GALEANA,21192,5924,3015,50.89466577,2909,49.10533423,1439,24.29101958,3723,62.84604997,762,12.86293045,4161.562354,1.423503842,100,71.69142471,None,76.62525632,18.41097061,None,Medio,None,None,Medio,0.831941384,0.281549,-97.57510222,20.06561667,0,0,0,0,0,0
PUEBLA,21,TZICATLACOYAN,21193,6476,3286,50.74119827,3190,49.25880173,1867,28.8295244,3918,60.50030883,691,10.67016677,27764.50794,0.233247426,100,0.694873379,None,75.7318331,11.38506017,None,Alto,None,None,Medio,0.8181795,0.323191,-98.04814306,18.8412275,0,0,0,0,0,0
PUEBLA,21,VENUSTIANO CARRANZA,21194,28395,14982,52.76281035,13413,47.23718965,8280,29.16006339,17357,61.12695897,2758,9.712977637,31397.1296,0.904382036,31.6217644,10.0264131,None,72.58086959,17.68586422,None,Medio,None,None,Bajo,0.833121479,-0.087794,-97.66938333,20.50493083,0,0,0,0,0,0
PUEBLA,21,VICENTE GUERRERO,21195,26559,14125,53.18347829,12434,46.81652171,9245,34.80929252,15368,57.86362438,1945,7.323317896,26039.37511,1.019955352,100,44.20347152,None,93.5066229,42.99331985,None,Muy alto,None,None,Muy alto,0.751009872,1.875933,-97.20245611,18.53787167,0,0,0,0,0,0
PUEBLA,21,XAYACATLAN DE BRAVO,21196,1570,844,53.75796178,726,46.24203822,397,25.2866242,884,56.30573248,289,18.40764331,6015.308936,0.261000726,100,72.61146497,None,63.98150594,11.09643329,None,Medio,None,None,Bajo,0.838233522,-0.10925,-97.97553972,18.23557639,0,0,0,0,0,0
PUEBLA,21,XICOTEPEC,21197,80591,42143,52.2924396,38448,47.7075604,23516,29.17943691,50560,62.73653386,6512,8.080306734,31009.43927,2.598918326,36.5400603,10.14009008,None,70.08108127,17.22615708,None,Bajo,None,None,Bajo,0.858612423,-0.212064,-97.95814361,20.27605861,0,0,0,0,0,0
PUEBLA,21,XICOTLAN,21198,1312,684,52.13414634,628,47.86585366,364,27.74390244,789,60.13719512,155,11.81402439,20423.58961,0.064239442,100,1.75304878,None,82.67599068,18.06993007,None,Muy alto,None,None,Medio,0.740818022,0.659773,-98.52494944,18.05874306,0,0,0,0,0,0
PUEBLA,21,XIUTETELCO,21199,42943,22264,51.84546958,20679,48.15453042,13906,32.38246047,26689,62.14982651,2348,5.467713015,14493.56676,2.962900762,64.81382297,2.396199613,None,75.05812683,14.09555392,None,Medio,None,None,Medio,0.834641736,0.27489,-97.32651778,19.79606139,0,0,0,0,0,0
PUEBLA,21,XOCHIAPULCO,21200,3443,1818,52.80278827,1625,47.19721173,922,26.77897183,2032,59.018298,489,14.20273018,5979.181691,0.575831306,100,52.86087714,None,74.42076831,19.92857143,None,Alto,None,None,Medio,0.809730081,0.884733,-97.65869944,19.82121861,0,0,0,0,0,0
PUEBLA,21,XOCHILTEPEC,21201,3375,1807,53.54074074,1568,46.45925926,1007,29.83703704,2019,59.82222222,349,10.34074074,4643.682956,0.726793804,100,8.592592593,None,70.94525875,15.51839665,None,Medio,None,None,Bajo,0.839136434,-0.328528,-98.34348361,18.6500275,0,0,0,0,0,0
PUEBLA,21,XOCHITLAN DE VICENTE SUAREZ,21202,13025,6763,51.92322457,6262,48.07677543,3984,30.58733205,7895,60.61420345,1146,8.798464491,7785.483579,1.672985354,100,95.38579655,None,87.74836147,31.78885356,None,Alto,None,None,Alto,0.788611979,1.255675,-97.63009333,19.96832556,0,0,0,0,0,0
PUEBLA,21,XOCHITLAN TODOS SANTOS,21203,7178,3771,52.53552522,3407,47.46447478,2225,30.99749234,4376,60.96405684,577,8.038450822,16299.44586,0.44038307,16.75954305,0.682641404,None,87.54390416,21.6931642,None,Medio,None,None,Medio,0.841710919,0.157128,-97.77507694,18.70549361,0,0,0,0,0,0
PUEBLA,21,YAONAHUAC,21204,7926,4243,53.53267726,3683,46.46732274,2208,27.85768357,5073,64.00454201,645,8.137774413,2938.506573,2.697288505,100,81.39036084,None,64.04255047,12.00753897,None,Bajo,None,None,Bajo,0.861613912,-0.030647,-97.46644611,19.87089528,0,0,0,0,0,0
PUEBLA,21,YEHUALTEPEC,21205,26392,13683,51.84525614,12709,48.15474386,8601,32.58942104,16289,61.71946044,1414,5.357684147,12724.79256,2.074061316,25.3372234,1.538344953,None,83.27202693,16.48762327,None,Bajo,None,None,Bajo,0.855793198,-0.139734,-97.66286972,18.79329111,0,0,0,0,0,0
PUEBLA,21,ZACAPALA,21206,4647,2442,52.55003228,2205,47.44996772,1425,30.66494513,2613,56.22982569,566,12.17990101,24688.23326,0.188227321,100,2.539272649,None,69.61010507,16.55779119,None,Alto,None,None,Medio,0.802318735,0.299632,-98.06532861,18.59062,0,0,0,0,0,0
PUEBLA,21,ZACAPOAXTLA,21207,57887,30736,53.09655018,27151,46.90344982,17103,29.54549381,36387,62.85867293,4397,7.595833261,17533.10156,3.301583568,74.73353257,60.54209062,None,74.07833008,19.50093474,None,Medio,None,None,Medio,0.841629577,0.166189,-97.58955361,19.87303639,0,0,0,0,0,0
PUEBLA,21,ZACATLAN,21208,87361,45856,52.49024164,41505,47.50975836,25679,29.39412324,54891,62.83238516,6775,7.755176795,48575.70014,1.79845066,55.12528474,17.66463296,None,73.54070452,17.32680765,None,Bajo,None,None,Bajo,0.867876647,-0.287951,-97.96024444,19.932365,0,0,0,0,0,0
PUEBLA,21,ZAPOTITLAN,21209,8595,4610,53.63583479,3985,46.36416521,2275,26.46887725,5398,62.80395579,922,10.72716696,42819.85937,0.20072462,100,16.97498546,None,73.86119986,17.57129334,None,Medio,None,None,Bajo,0.83208434,0.037017,-97.47542083,18.32970889,0,0,0,0,0,0
PUEBLA,21,ZAPOTITLAN DE MENDEZ,21210,5675,2882,50.78414097,2793,49.21585903,1525,26.8722467,3512,61.88546256,638,11.24229075,2020.091362,2.809278881,100,87.48898678,None,79.37396172,23.32213796,None,Medio,None,None,Medio,0.827701757,0.455306,-97.71507917,20.00212306,0,0,0,0,0,0
PUEBLA,21,ZARAGOZA,21211,16752,8998,53.71298949,7754,46.28701051,4609,27.51313276,10844,64.73256925,1299,7.754297994,3056.655245,5.480500304,31.42908309,12.44030564,None,61.16587083,8.996206005,None,Muy bajo,None,None,Bajo,0.896492179,-0.658542,-97.5556475,19.771435,0,0,0,0,0,0
PUEBLA,21,ZAUTLA,21212,20717,10889,52.56069894,9828,47.43930106,6465,31.20625573,12561,60.63136555,1691,8.162378723,26498.23351,0.781825701,100,64.07298354,None,85.54220289,30.82199432,None,Alto,None,None,Alto,0.80160986,1.035638,-97.67233028,19.71512417,0,0,0,0,0,0
PUEBLA,21,ZIHUATEUTLA,21213,11967,6193,51.75064761,5774,48.24935239,3668,30.6509568,7168,59.89805298,1131,9.450990223,17486.23882,0.684366725,100,43.92078215,None,78.69910199,23.16628814,None,Alto,None,None,Medio,0.800503999,0.780749,-97.88639667,20.24962111,0,0,0,0,0,0
PUEBLA,21,ZINACATEPEC,21214,18359,9578,52.17059753,8781,47.82940247,4892,26.6463315,12138,66.11471213,1323,7.206274852,6267.432005,2.929269912,2.402091617,82.59164443,None,82.53851575,21.61165978,None,Medio,None,None,Bajo,0.852647807,-0.067004,-97.24541306,18.33326833,0,0,0,0,0,0
PUEBLA,21,ZONGOZOTLA,21215,4539,2322,51.15664243,2217,48.84335757,1022,22.51597268,2987,65.80744657,530,11.67658074,3624.4893,1.252314361,100,97.00374532,None,90.32819826,18.6988167,None,Alto,None,None,Alto,0.816289436,0.969849,-97.72674167,19.97863833,0,0,0,0,0,0
PUEBLA,21,ZOQUIAPAN,21216,2452,1314,53.58890701,1138,46.41109299,657,26.79445351,1444,58.89070147,351,14.31484502,1901.39908,1.289576726,100,89.39641109,None,78.63995017,23.69725914,None,Alto,None,None,Alto,0.795110296,0.992096,-97.5956425,20.00983833,0,0,0,0,0,0
PUEBLA,21,ZOQUITLAN,21217,20335,10630,52.27440374,9705,47.72559626,7078,34.80698303,11356,55.8446029,1901,9.348414064,26847.49318,0.757426396,100,99.10990902,None,95.24530945,47.84409866,None,Muy alto,None,None,Muy alto,0.753238887,2.052345,-97.01725889,18.33572694,0,0,0,0,0,0
QUERETARO,22,AMEALCO DE BONFIL,22001,66841,34606,51.773612,32235,48.226388,21061,31.50910369,40861,61.13164076,4902,7.333822055,70799.74403,0.944085334,88.10161428,31.52556066,None,56.17843809,12.81499551,None,Medio,None,None,Medio,0.824245197,0.29796,-100.144195,20.18644389,39,18,127,58.34742149,26.92957915,190.0031418
QUERETARO,22,PINAL DE AMOLES,22002,27365,14072,51.423351,13293,48.576649,8997,32.87776357,15881,58.03398502,2487,9.088251416,70554.31582,0.387857209,100,0.336195871,None,72.18853523,13.62581703,None,Alto,None,None,Medio,0.803382502,0.46509,-99.62754028,21.1353025,15,3,83,54.81454413,10.96290883,303.3071442
QUERETARO,22,ARROYO SECO,22003,13142,6872,52.29036676,6270,47.70963324,3689,28.07030893,7721,58.75057069,1732,13.17912038,72516.34254,0.181228114,100,1.034850099,None,49.60661379,5.789249538,None,Medio,None,None,Bajo,0.852174386,-0.325045,-99.68916639,21.54803639,4,1,47,30.43676762,7.609191904,357.6320195
QUERETARO,22,CADEREYTA DE MONTES,22004,69075,36082,52.23597539,32993,47.76402461,20405,29.54035469,43745,63.32971408,4907,7.103872602,133579.4583,0.517107951,77.54325009,4.321389794,None,52.20739897,8.936013156,None,Medio,None,None,Bajo,0.842853993,-0.06146,-99.81563306,20.69502333,92,50,381,133.1885632,72.38508867,551.5743757
QUERETARO,22,COLON,22005,67121,33910,50.52070142,33211,49.47929858,20324,30.27964422,42960,64.00381401,3823,5.695683914,80333.64579,0.835527871,78.76372521,0.673410706,None,43.81372987,5.525471879,None,Bajo,None,None,Bajo,0.857813095,-0.341174,-100.0454306,20.78832639,64,34,199,95.35018847,50.65478762,296.4794923
QUERETARO,22,CORREGIDORA,22006,212567,109535,51.52963536,103032,48.47036464,46997,22.10926437,149861,70.50059511,15460,7.273000983,23299.03501,9.123425065,12.92580692,0.875488669,None,18.43091031,1.302757832,None,Muy bajo,None,None,Muy bajo,0.953876089,-1.378351,-100.4458831,20.55243583,282,109,2416,132.6640542,51.27795001,1136.582819
QUERETARO,22,EZEQUIEL MONTES,22007,45141,23449,51.94612437,21692,48.05387563,12971,28.73440996,29259,64.81690702,2853,6.320196717,29772.20472,1.516212871,47.61968056,1.745641435,None,52.99909239,7.387526254,None,Bajo,None,None,Bajo,0.879107683,-0.585071,-99.89840556,20.665295,61,27,214,135.1321415,59.81258723,474.0701358
QUERETARO,22,HUIMILPAN,22008,36808,19463,52.87709194,17345,47.12290806,11335,30.79493588,23062,62.65485764,2400,6.520321669,38505.33913,0.955919382,100,0.355900891,None,49.2337478,6.545953021,None,Bajo,None,None,Bajo,0.87384424,-0.629631,-100.2743336,20.375245,26,9,126,70.63681808,24.45120626,342.3168876
QUERETARO,22,JALPAN DE SERRA,22009,27343,14307,52.32417803,13036,47.67582197,7834,28.65084299,17103,62.54982994,2340,8.557949018,117500.0196,0.232706344,48.98145778,1.952967853,None,48.27042724,7.83430199,None,Bajo,None,None,Bajo,0.866077857,-0.386882,-99.47291083,21.21680222,20,7,387,73.1448634,25.60070219,1415.353107
QUERETARO,22,LANDA DE MATAMOROS,22010,18794,9806,52.17622646,8988,47.82377354,5323,28.322869,11246,59.83824625,2222,11.82292221,71273.08097,0.263690018,100,0.681068426,None,59.41464663,11.04616135,None,Alto,None,None,Bajo,0.812017092,0.054617,-99.32191472,21.18345583,8,3,48,42.56677663,15.96254124,255.4006598
QUERETARO,22,EL MARQUES,22011,231668,116185,50.15150992,115483,49.84849008,60085,25.93582195,161587,69.74938274,9673,4.175371653,74129.29001,3.125188437,38.52625309,1.497401454,None,34.03115593,2.700354074,None,Muy bajo,None,None,Muy bajo,0.919805129,-1.040843,-100.3310967,20.60656972,333,151,1748,143.7401799,65.17948098,754.5280315
QUERETARO,22,PEDRO ESCOBEDO,22012,77404,39479,51.00382409,37925,48.99617591,22115,28.57087489,50844,65.68652783,4395,5.678001137,32060.89765,2.4142805,51.83582244,0.865588342,None,41.6498079,4.645644012,None,Muy bajo,None,None,Muy bajo,0.891930068,-0.75223,-100.1447303,20.50249361,151,67,650,195.0803576,86.55883417,839.7498837
QUERETARO,22,PEÑAMILLER,22013,19141,9789,51.14152866,9352,48.85847134,5746,30.01933023,11515,60.15882138,1871,9.774828901,68864.32526,0.277952335,100,0.637375268,None,56.47365053,8.701107948,None,Medio,None,None,Medio,0.831433519,0.142512,-99.81452611,21.05363139,8,5,28,41.79509952,26.1219372,146.2828483
QUERETARO,22,QUERETARO,22014,1049777,535188,50.98111313,514589,49.01888687,231542,22.05630339,741089,70.59489777,72340,6.890987324,67694.64202,15.50753455,7.140087847,1.519846596,None,24.65739421,2.234210794,None,Muy bajo,None,None,Muy bajo,0.945231628,-1.247061,-100.3899572,20.59339111,3781,1805,26814,360.1717317,171.941279,2554.256761
QUERETARO,22,SAN JOAQUIN,22015,8359,4484,53.64278024,3875,46.35721976,2652,31.72628305,5059,60.52159349,647,7.740160306,27435.4043,0.304679308,100,1.0288312,None,43.10910431,6.987344883,None,Alto,None,None,Bajo,0.822150886,0.086241,-99.56635917,20.91606139,4,0,38,47.85261395,0,454.5998325
QUERETARO,22,SAN JUAN DEL RIO,22016,297804,152454,51.19273079,145350,48.80726921,75345,25.30019745,201673,67.72004406,19661,6.601993257,76482.86389,3.893734947,27.04228284,1.309586171,None,33.33710074,2.484045332,None,Muy bajo,None,None,Muy bajo,0.920911652,-1.039977,-99.99963167,20.38644139,613,298,2394,205.8400827,100.0658151,803.8844341
QUERETARO,22,TEQUISQUIAPAN,22017,72201,37178,51.4923616,35023,48.5076384,18576,25.72817551,47804,66.20960929,5796,8.027589646,36658.88045,1.969536416,34.64356449,0.641265356,None,48.20010039,5.012660055,None,Muy bajo,None,None,Muy bajo,0.897890323,-0.813512,-99.88384,20.5188175,72,50,268,99.7216105,69.25111841,371.1859947
QUERETARO,22,TOLIMAN,22018,27916,14788,52.97320533,13128,47.02679467,8466,30.32669437,17417,62.39074366,1984,7.107035392,67467.26432,0.413771038,77.46811864,33.53990543,None,61.63395646,12.31260467,None,Medio,None,None,Medio,0.835061311,0.273243,-99.93080083,20.90814917,14,11,108,50.15045135,39.40392606,386.8749104
QUINTANA ROO,23,COZUMEL,23001,88626,44211,49.88490962,44415,50.11509038,21748,24.53907431,61978,69.93207411,4873,5.498386478,48088.74169,1.842967748,4.634080292,20.79638029,None,39.58930361,5.061908007,None,Muy bajo,None,None,Muy bajo,0.918820402,-1.133519,-86.95758833,20.50378417,0,0,0,0,0,0
QUINTANA ROO,23,FELIPE CARRILLO PUERTO,23002,83990,42036,50.04881534,41954,49.95118466,25553,30.42385998,52829,62.89915466,5516,6.567448506,1286877.548,0.065266505,57.15918562,83.06226932,None,81.07527752,31.65502707,None,Medio,None,None,Bajo,0.8243801,-0.014021,-88.04658667,19.57851,0,0,0,0,0,0
QUINTANA ROO,23,ISLA MUJERES,23003,22686,11144,49.12280702,11542,50.87719298,5983,26.37309354,15647,68.97205325,1014,4.469717006,91646.63848,0.247537721,12.53636604,16.61377061,None,50.2987102,7.966201779,None,Muy bajo,None,None,Bajo,0.891640528,-0.699807,-86.74609167,21.25656917,0,0,0,0,0,0
QUINTANA ROO,23,OTHON P. BLANCO,23004,233648,118552,50.73957406,115096,49.26042594,55457,23.735277,161046,68.92676162,16803,7.191587345,855778.2729,0.273023992,25.28119222,13.7501712,None,43.78128747,9.686639246,None,Muy bajo,None,None,Muy bajo,0.905324296,-0.97273,-88.29789889,18.49388944,0,0,0,0,0,0
QUINTANA ROO,23,BENITO JUAREZ,23005,911503,452178,49.60795521,459325,50.39204479,213487,23.42142593,653396,71.68336253,35376,3.881062377,208966.1876,4.36196406,0.320020889,16.23966131,None,37.92467978,6.234157755,None,Muy bajo,None,None,Muy bajo,0.935038226,-1.138995,-86.82481111,21.16141611,0,0,0,0,0,0
QUINTANA ROO,23,JOSE MARIA MORELOS,23006,39165,19310,49.30422571,19855,50.69577429,12065,30.80556619,24251,61.92008171,2819,7.197753096,475777.0768,0.082317963,65.95940253,81.67751819,None,80.77269336,25.09140108,None,Alto,None,None,Bajo,0.822035008,0.098653,-88.82915611,19.41843778,0,0,0,0,0,0
QUINTANA ROO,23,LAZARO CARDENAS,23007,29171,14327,49.11384594,14844,50.88615406,8668,29.71444243,18563,63.63511707,1940,6.650440506,329805.8035,0.08844902,72.11271468,65.5685441,None,65.6727022,20.03642057,None,Medio,None,None,Bajo,0.839185076,-0.216774,-87.4872225,21.10139889,0,0,0,0,0,0
QUINTANA ROO,23,SOLIDARIDAD,23008,333800,163324,48.92869982,170476,51.07130018,82039,24.57729179,233019,69.80796884,7640,2.288795686,209754.3028,1.59138571,1.791491911,16.83822648,None,37.34164189,4.283355862,None,Muy bajo,None,None,Muy bajo,0.932871455,-0.989263,-87.0755,20.6281425,0,0,0,0,0,0
QUINTANA ROO,23,TULUM,23009,46721,22331,47.79649408,24390,52.20350592,13269,28.40050513,32093,68.69073864,1295,2.771772864,196944.0282,0.237229838,28.56745361,42.65961773,None,61.80682791,18.79929112,None,Bajo,None,None,Bajo,0.879198912,-0.393604,-87.46320472,20.21077667,0,0,0,0,0,0
QUINTANA ROO,23,BACALAR,23010,41754,20703,49.58327346,21051,50.41672654,12546,30.04742061,26208,62.76763903,2981,7.139435743,603061.99,0.069236663,69.99808402,43.26771088,None,73.45895897,24.11892923,None,Medio,None,None,Bajo,0.837477146,-0.123589,-88.38935278,18.67614667,0,0,0,0,0,0
QUINTANA ROO,23,PUERTO MORELOS,23011,26921,13090,48.62375098,13831,51.37624902,6585,24.46045838,18802,69.84138776,1474,5.475279522,1044,25.78639847,2.55562572,21.28821366,None,42.67817451,8.739888824,None,Muy bajo,None,None,Muy bajo,0.912108881,-0.879341,-86.87617722,20.8484525,0,0,0,0,0,0
SAN LUIS POTOSI,24,AHUALULCO,24001,18974,10029,52.85654053,8945,47.14345947,5605,29.54042374,11434,60.26141035,1935,10.19816591,76728.72751,0.247286781,72.33582798,0.289870349,None,69.07539167,9.648247875,None,Medio,None,None,Bajo,0.826510599,-0.089413,-100.84902,22.64477167,0,0,0,0,0,0
SAN LUIS POTOSI,24,ALAQUINES,24002,7785,3998,51.3551702,3787,48.6448298,2143,27.52729608,4547,58.40719332,1095,14.0655106,58023.12339,0.134170647,100,2.671804753,None,70.82260201,15.55895601,None,Alto,None,None,Medio,0.802162907,0.36193,-99.60038917,22.12789417,0,0,0,0,0,0
SAN LUIS POTOSI,24,AQUISMON,24003,48359,24346,50.34429992,24013,49.65570008,15305,31.64871068,28787,59.52769908,4251,8.790504353,78635.00783,0.614980545,100,78.50245042,None,91.295338,48.98914772,None,Muy alto,None,None,Alto,0.74752878,1.618465,-99.01953528,21.62136194,0,0,0,0,0,0
SAN LUIS POTOSI,24,ARMADILLO DE LOS INFANTE,24004,4013,2016,50.23673063,1997,49.76326937,929,23.14976327,2376,59.20757538,708,17.64266135,61689.74542,0.06505133,100,0.224271119,None,51.21945585,6.595225873,None,Medio,None,None,Medio,0.828335138,0.313847,-100.6546747,22.24359139,0,0,0,0,0,0
SAN LUIS POTOSI,24,CARDENAS,24005,18317,9582,52.31205984,8735,47.68794016,4809,26.25429928,11170,60.98160179,2326,12.69858601,38653.7256,0.473874115,16.24720205,2.413058907,None,54.38287909,7.945706206,None,Muy bajo,None,None,Bajo,0.890465699,-0.620718,-99.642505,22.00090444,0,0,0,0,0,0
SAN LUIS POTOSI,24,CATORCE,24006,9579,4689,48.95082994,4890,51.04917006,2771,28.92786303,5659,59.07714793,1140,11.90103351,192382.3679,0.049791465,100,0.187911055,None,67.82452409,9.704668723,None,Alto,None,None,Medio,0.802834791,0.180371,-100.8862533,23.69044944,0,0,0,0,0,0
SAN LUIS POTOSI,24,CEDRAL,24007,19840,10164,51.22983871,9676,48.77016129,5656,28.50806452,12395,62.47479839,1778,8.961693548,115670.0293,0.171522391,35.44858871,0.252016129,None,51.66719266,5.277376332,None,Muy bajo,None,None,Muy bajo,0.8902849,-0.795062,-100.7266061,23.81933167,0,0,0,0,0,0
SAN LUIS POTOSI,24,CERRITOS,24008,22075,11293,51.15741789,10782,48.84258211,5564,25.20498301,13494,61.12797282,3008,13.62627407,95232.94053,0.231800046,28.91506229,0.570781427,None,52.77412334,6.751221623,None,Muy bajo,None,None,Bajo,0.891742467,-0.675084,-100.2795967,22.42766611,0,0,0,0,0,0
SAN LUIS POTOSI,24,CERRO DE SAN PEDRO,24009,5050,2497,49.44554455,2553,50.55445545,1288,25.5049505,3305,65.44554455,452,8.95049505,12135.23031,0.41614373,100,0.633663366,None,18.28957055,1.36400818,None,Bajo,None,None,Muy bajo,0.881968106,-0.740937,-100.8004625,22.21778472,0,0,0,0,0,0
SAN LUIS POTOSI,24,CIUDAD DEL MAIZ,24010,30320,15325,50.54419525,14995,49.45580475,9034,29.79551451,17760,58.57519789,3512,11.58311346,311731.8837,0.09726307,63.90831135,1.131266491,None,75.61554879,14.78511528,None,Medio,None,None,Bajo,0.84604016,-0.214014,-99.60057361,22.39984611,0,0,0,0,0,0
SAN LUIS POTOSI,24,CIUDAD FERNoneDEZ,24011,48106,24663,51.26803309,23443,48.73196691,13132,27.29805014,30327,63.04203218,4647,9.659917682,51316.51966,0.937436917,24.59360579,1.149544755,None,60.09052471,8.347243447,None,Muy bajo,None,None,Muy bajo,0.894902332,-0.805639,-100.0110222,21.94351194,0,0,0,0,0,0
SAN LUIS POTOSI,24,TANCANHUITZ,24012,20300,10299,50.73399015,10001,49.26600985,5688,28.01970443,12399,61.07881773,2203,10.85221675,13602.25333,1.492399789,100,81.7044335,None,78.10481747,31.38882298,None,Alto,None,None,Alto,0.76948271,0.97408,-98.96638778,21.59731889,0,0,0,0,0,0
SAN LUIS POTOSI,24,CIUDAD VALLES,24013,179371,93009,51.85286362,86362,48.14713638,42387,23.63091024,119650,66.70532026,17239,9.610806652,239875.0942,0.747768336,23.98381009,12.13406849,None,43.25124866,7.061962064,None,Muy bajo,None,None,Muy bajo,0.89955565,-0.837774,-99.01872111,21.98653667,0,0,0,0,0,0
SAN LUIS POTOSI,24,COXCATLAN,24014,15660,7897,50.42784163,7763,49.57215837,4101,26.18773946,9337,59.62324393,2222,14.1890166,9006.100114,1.738821443,100,91.23243934,None,81.56982068,22.75962459,None,Alto,None,None,Alto,0.792825653,1.006099,-98.90346944,21.54114278,0,0,0,0,0,0
SAN LUIS POTOSI,24,CHARCAS,24015,21814,11158,51.15063721,10656,48.84936279,5758,26.39589255,13636,62.51031448,2393,10.97001925,213334.1667,0.102252726,35.28467956,0.412579078,None,47.0409354,7.82809822,None,Bajo,None,None,Bajo,0.85565095,-0.22591,-101.1133522,23.12981833,0,0,0,0,0,0
SAN LUIS POTOSI,24,EBANO,24016,40899,20968,51.26775716,19931,48.73224284,10823,26.4627497,25618,62.63722829,4453,10.88779677,69133.02626,0.591598578,25.78791657,12.33526492,None,59.46708595,12.85656067,None,Bajo,None,None,Bajo,0.879456901,-0.517482,-98.37780333,22.21233917,0,0,0,0,0,0
SAN LUIS POTOSI,24,GUADALCAZAR,24017,25119,12608,50.19308093,12511,49.80691907,7288,29.01389387,14457,57.55404276,3364,13.39225288,370571.9012,0.067784416,100,0.179147259,None,72.88476251,21.77879707,None,Alto,None,None,Medio,0.767382155,0.755603,-100.3995717,22.61791139,0,0,0,0,0,0
SAN LUIS POTOSI,24,HUEHUETLAN,24018,15334,7852,51.20646928,7482,48.79353072,4311,28.11399504,9472,61.77122734,1549,10.10173471,7076.179258,2.166988631,100,75.96843615,None,72.34278372,22.65739048,None,Alto,None,None,Medio,0.791190624,0.822725,-98.96635444,21.54624917,0,0,0,0,0,0
SAN LUIS POTOSI,24,LAGUNILLAS,24019,5453,2723,49.93581515,2730,50.06418485,1280,23.47331744,3088,56.62937832,1085,19.89730424,53027.29216,0.102833839,100,2.970841738,None,65.4549188,9.625536681,None,Medio,None,None,Medio,0.826086212,0.165546,-99.56696972,21.58597639,0,0,0,0,0,0
SAN LUIS POTOSI,24,MATEHUALA,24020,102199,52548,51.41733285,49651,48.58266715,26926,26.34663744,66809,65.37148113,8449,8.26720418,128754.2877,0.793752207,15.17920919,0.389436296,None,37.22563178,3.362227093,None,Muy bajo,None,None,Muy bajo,0.91165201,-1.03473,-100.6441978,23.64635944,0,0,0,0,0,0
SAN LUIS POTOSI,24,MEXQUITIC DE CARMONA,24021,58469,30598,52.33200499,27871,47.66799501,16367,27.99261147,37313,63.81672339,4782,8.178692983,86800.37509,0.67360308,100,0.309565753,None,54.57215384,7.979879342,None,Medio,None,None,Bajo,0.845953547,-0.408886,-101.1129122,22.26656,0,0,0,0,0,0
SAN LUIS POTOSI,24,MOCTEZUMA,24022,19036,9955,52.29565035,9081,47.70434965,5555,29.18155075,11428,60.03362051,2052,10.77957554,127774.7022,0.148980977,72.47320866,0.299432654,None,64.05751254,7.570768472,None,Medio,None,None,Bajo,0.841893966,-0.21191,-101.0855594,22.74989361,0,0,0,0,0,0
SAN LUIS POTOSI,24,RAYON,24023,15301,7843,51.25808771,7458,48.74191229,4039,26.39696752,8891,58.10731325,2336,15.26697601,77856.07655,0.196529297,59.21835174,10.18234102,None,66.32537982,14.53606525,None,Medio,None,None,Bajo,0.826170917,0.062319,-99.64531528,21.84372361,0,0,0,0,0,0
SAN LUIS POTOSI,24,RIOVERDE,24024,97943,50900,51.96900238,47043,48.03099762,25606,26.1437775,61502,62.7936657,10828,11.05540978,303303.6959,0.322920562,40.62056502,0.843347661,None,56.25019655,11.45201096,None,Bajo,None,None,Bajo,0.880776023,-0.585328,-99.9929225,21.93237806,0,0,0,0,0,0
SAN LUIS POTOSI,24,SALINAS,24025,31107,16233,52.1843958,14874,47.8156042,9741,31.31449513,18919,60.81910824,2428,7.805317131,171135.0296,0.181768748,40.25139036,0.109300158,None,64.35791266,6.519036258,None,Bajo,None,None,Bajo,0.866244007,-0.532088,-101.715735,22.628015,0,0,0,0,0,0
SAN LUIS POTOSI,24,SAN ANTONIO,24026,9382,4678,49.86143679,4704,50.13856321,2660,28.35216372,5717,60.93583458,1005,10.71200171,9376.665513,1.000568911,100,94.53208271,None,90.92984373,37.2051142,None,Alto,None,None,Alto,0.7961129,1.004466,-98.9028475,21.62017694,0,0,0,0,0,0
SAN LUIS POTOSI,24,SAN CIRO DE ACOSTA,24027,10215,5274,51.62995595,4941,48.37004405,2635,25.79539892,5925,58.00293686,1655,16.20166422,63294.86091,0.16138751,27.93930494,0.646108664,None,63.10106994,7.831026986,None,Bajo,None,None,Bajo,0.867115619,-0.317675,-99.818685,21.65000694,0,0,0,0,0,0
SAN LUIS POTOSI,24,SAN LUIS POTOSI,24028,911908,471011,51.65115341,440897,48.34884659,206048,22.5952618,631746,69.27738324,73237,8.03118297,146662.6374,6.217725361,4.373467499,1.209771161,None,20.32099471,1.602456163,None,Muy bajo,None,None,Muy bajo,0.947175832,-1.275415,-100.9769581,22.151655,0,0,0,0,0,0
SAN LUIS POTOSI,24,SAN MARTIN CHALCHICUAUTLA,24029,18468,9361,50.68767598,9107,49.31232402,4545,24.61013645,10827,58.62573099,3086,16.70998484,40920.89303,0.451309799,100,57.15291315,None,84.08044216,30.30531405,None,Alto,None,None,Alto,0.772831128,1.057019,-98.65723833,21.36970333,0,0,0,0,0,0
SAN LUIS POTOSI,24,SAN NICOLAS TOLENTINO,24030,4779,2408,50.38711027,2371,49.61288973,1003,20.98765432,2710,56.70642394,1066,22.30592174,68524.00358,0.069741985,100,0,None,51.30625275,6.759577279,None,Medio,None,None,Bajo,0.840732603,-0.242221,-100.5520758,22.24853472,0,0,0,0,0,0
SAN LUIS POTOSI,24,SANTA CATARINA,24031,12163,6246,51.35246239,5917,48.64753761,3941,32.40154567,7129,58.61218449,1089,8.953383211,63441.64384,0.191719496,100,67.39291293,None,86.14498452,37.83619175,None,Muy alto,None,None,Muy alto,0.696343369,2.076941,-99.49569389,21.65610306,0,0,0,0,0,0
SAN LUIS POTOSI,24,SANTA MARIA DEL RIO,24032,39880,20722,51.96088265,19158,48.03911735,11214,28.11935807,24823,62.2442327,3800,9.528585757,168416.6507,0.236793689,64.04212638,0.18555667,None,53.46760782,8.146504309,None,Medio,None,None,Bajo,0.836735351,0.071424,-100.7371089,21.80043861,0,0,0,0,0,0
SAN LUIS POTOSI,24,SANTO DOMINGO,24033,10785,5506,51.05238758,5279,48.94761242,3008,27.89058878,6315,58.55354659,1431,13.26842837,427572.9654,0.025223765,100,0.064904961,None,63.80216903,10.8378737,None,Medio,None,None,Bajo,0.829758623,-0.160755,-101.7363031,23.32525417,0,0,0,0,0,0
SAN LUIS POTOSI,24,SAN VICENTE TANCUAYALAB,24034,14945,7534,50.41150887,7411,49.58849113,3805,25.46002007,9488,63.48611576,1652,11.05386417,51357.82515,0.290997525,54.96152559,31.09401138,None,77.25894151,24.39596635,None,Medio,None,None,Bajo,0.842824966,0.085047,-98.58571778,21.71494444,0,0,0,0,0,0
SAN LUIS POTOSI,24,SOLEDAD DE GRACIANO SANCHEZ,24035,332072,170195,51.25243923,161877,48.74756077,84302,25.38666313,228640,68.852538,18613,5.605109735,30254.73545,10.97586857,3.685646486,1.103074032,None,22.60922995,1.734527863,None,Muy bajo,None,None,Muy bajo,0.944108884,-1.290627,-100.9372742,22.18788139,0,0,0,0,0,0
SAN LUIS POTOSI,24,TAMASOPO,24036,29184,14438,49.4723136,14746,50.5276864,7947,27.23067434,18028,61.77357456,3205,10.98204496,130960.6178,0.222845619,100,14.10019189,None,63.6328291,20.90954304,None,Alto,None,None,Medio,0.800013642,0.29508,-99.39215972,21.92390167,0,0,0,0,0,0
SAN LUIS POTOSI,24,TAMAZUNCHALE,24037,95037,48828,51.3778844,46209,48.6221156,27603,29.04447741,58359,61.40661006,9075,9.548912529,35042.26711,2.712067678,74.47520439,56.04027905,None,78.19062351,26.01252972,None,Medio,None,None,Medio,0.827243855,0.305162,-98.7915175,21.26273778,0,0,0,0,0,0
SAN LUIS POTOSI,24,TAMPACAN,24038,14348,7067,49.25425146,7281,50.74574854,3685,25.68302202,8621,60.08502927,2039,14.21103987,18553.34393,0.773337683,100,60.55896292,None,77.07011879,27.92732098,None,Alto,None,None,Medio,0.794559478,0.62859,-98.72767583,21.40230778,0,0,0,0,0,0
SAN LUIS POTOSI,24,TAMPAMOLON CORONA,24039,13603,6848,50.34183636,6755,49.65816364,3875,28.4863633,8202,60.29552305,1526,11.21811365,26011.31425,0.522964733,100,79.1443064,None,80.40135565,36.94071691,None,Alto,None,None,Medio,0.800898431,0.815802,-98.81511444,21.56035167,0,0,0,0,0,0
SAN LUIS POTOSI,24,TAMUIN,24040,36968,18859,51.01439082,18109,48.98560918,9778,26.44990262,23435,63.39266393,3754,10.15472841,182439.8758,0.20263114,55.14499026,20.9424367,None,61.74419565,20.99637947,None,Bajo,None,None,Bajo,0.862366451,-0.372804,-98.77516083,22.00414667,0,0,0,0,0,0
SAN LUIS POTOSI,24,TANLAJAS,24041,18208,9097,49.96155536,9111,50.03844464,5137,28.21287346,11199,61.50593146,1861,10.22078207,37108.86189,0.490664469,100,89.65839192,None,85.82760122,42.42928603,None,Alto,None,None,Medio,0.815577697,0.925988,-98.88807028,21.66566389,0,0,0,0,0,0
SAN LUIS POTOSI,24,TANQUIAN DE ESCOBEDO,24042,13448,6875,51.12284355,6573,48.87715645,3537,26.30130874,8280,61.57049375,1627,12.0984533,14200.91713,0.946981091,29.66983938,26.1302796,None,75.19166164,25.82290013,None,Bajo,None,None,Bajo,0.866129342,-0.394895,-98.6620625,21.59808806,0,0,0,0,0,0
SAN LUIS POTOSI,24,TIERRA NUEVA,24043,7966,4246,53.30153151,3720,46.69846849,2209,27.730354,4645,58.31031886,1112,13.95932714,47395.35041,0.168075559,100,0.163193573,None,71.2096732,11.86065359,None,Alto,None,None,Medio,0.815029966,0.19063,-100.5739183,21.66745583,0,0,0,0,0,0
SAN LUIS POTOSI,24,VANEGAS,24044,7557,3751,49.63609898,3806,50.36390102,2250,29.77371973,4575,60.53989678,732,9.686383486,276934.6548,0.027288026,100,0.516077809,None,49.67107037,7.437179833,None,Medio,None,None,Bajo,0.830290789,-0.077914,-100.9505556,23.88388889,0,0,0,0,0,0
SAN LUIS POTOSI,24,VENADO,24045,14188,7172,50.54976036,7016,49.45023964,3488,24.58415562,8876,62.55990978,1824,12.85593459,128700.7424,0.110240234,54.99718072,0.387651537,None,61.92280148,9.870911994,None,Medio,None,None,Bajo,0.840135526,-0.187641,-101.0946294,22.93134389,0,0,0,0,0,0
SAN LUIS POTOSI,24,VILLA DE ARRIAGA,24046,18206,9213,50.60419642,8993,49.39580358,5529,30.36910908,11143,61.20509722,1489,8.178622432,86924.81647,0.209445366,66.35175217,0.351532462,None,58.64374917,7.774391817,None,Medio,None,None,Bajo,0.833174985,0.076604,-101.3833703,21.91013583,0,0,0,0,0,0
SAN LUIS POTOSI,24,VILLA DE GUADALUPE,24047,9277,4646,50.0808451,4631,49.9191549,2466,26.58186914,5499,59.2756279,1312,14.14250296,189173.9097,0.049039532,100,0.323380403,None,68.1532073,12.43667359,None,Alto,None,None,Medio,0.797407465,0.285333,-100.7578972,23.37442472,0,0,0,0,0,0
SAN LUIS POTOSI,24,VILLA DE LA PAZ,24048,5298,2664,50.28312571,2634,49.71687429,1444,27.25556814,3346,63.15590789,508,9.588523971,14228.67842,0.372346598,100,0.547376368,None,30.84450402,1.875335121,None,Bajo,None,None,Muy bajo,0.883203513,-0.903671,-100.7131708,23.67535139,0,0,0,0,0,0
SAN LUIS POTOSI,24,VILLA DE RAMOS,24049,38389,20122,52.41605668,18267,47.58394332,12248,31.90497278,22903,59.66031936,3220,8.387819427,246541.6745,0.155709983,67.0374326,0.213602855,None,83.8863802,14.00427761,None,Medio,None,None,Bajo,0.837105545,-0.164181,-101.9104772,22.83093056,0,0,0,0,0,0
SAN LUIS POTOSI,24,VILLA DE REYES,24050,52912,26749,50.55374962,26163,49.44625038,16179,30.57718476,33199,62.74380103,3487,6.590187481,100967.4032,0.52405032,77.28870578,0.120955549,None,46.66118943,5.337375857,None,Bajo,None,None,Bajo,0.861008642,-0.440778,-100.9324858,21.80312444,0,0,0,0,0,0
SAN LUIS POTOSI,24,VILLA HIDALGO,24051,15458,7803,50.47871652,7655,49.52128348,4026,26.04476646,9399,60.80346746,2033,13.15176608,148061.8723,0.1044023,100,0.297580541,None,48.77082714,7.134385458,None,Medio,None,None,Bajo,0.850094623,-0.468378,-100.6788636,22.44869278,0,0,0,0,0,0
SAN LUIS POTOSI,24,VILLA JUAREZ,24052,10304,5169,50.16498447,5135,49.83501553,2754,26.72748447,5973,57.9677795,1577,15.30473602,63345.17698,0.162664318,100,0.262034161,None,67.35646529,13.79984463,None,Medio,None,None,Bajo,0.838021627,0.043745,-100.2666489,22.32320944,0,0,0,0,0,0
SAN LUIS POTOSI,24,AXTLA DE TERRAZAS,24053,32544,16627,51.09083088,15917,48.90916912,8985,27.60877581,20009,61.48291544,3546,10.8960177,18936.84451,1.718554534,75.27962144,73.95833333,None,81.07853933,28.50030631,None,Medio,None,None,Bajo,0.852948844,-0.020047,-98.875,21.43638889,0,0,0,0,0,0
SAN LUIS POTOSI,24,XILITLA,24054,49741,25311,50.88558734,24430,49.11441266,15272,30.70304176,29273,58.85084739,5189,10.43203796,39483.09921,1.259804853,86.64280975,53.76047928,None,85.51798741,29.39500857,None,Alto,None,None,Medio,0.79632633,0.69153,-98.98957306,21.38519278,0,0,0,0,0,0
SAN LUIS POTOSI,24,ZARAGOZA,24055,27386,13904,50.77046666,13482,49.22953334,8278,30.22712335,17203,62.81676769,1905,6.956108961,60793.68053,0.450474453,58.28160374,0.091287519,None,37.07117481,4.88807634,None,Bajo,None,None,Bajo,0.85567409,-0.242242,-100.7309667,22.035605,0,0,0,0,0,0
SAN LUIS POTOSI,24,VILLA DE ARISTA,24056,17258,8888,51.50075327,8370,48.49924673,5360,31.05806003,10578,61.29331325,1320,7.648626724,58050.7921,0.297291378,50.95607834,0.672152045,None,69.57905104,9.735934117,None,Bajo,None,None,Bajo,0.855639372,-0.291586,-100.84902,22.64477167,0,0,0,0,0,0
SAN LUIS POTOSI,24,MATLAPA,24057,28996,14885,51.33466685,14111,48.66533315,9212,31.7698993,16931,58.39081253,2853,9.839288178,11605.52685,2.498464772,100,75.44488895,None,83.39086918,28.28875039,None,Alto,None,None,Medio,0.818419419,0.559011,-98.82680333,21.33750444,0,0,0,0,0,0
SAN LUIS POTOSI,24,EL NARANJO,24058,20959,10514,50.16460709,10445,49.83539291,5909,28.19313899,13142,62.70337325,1901,9.070089222,81262.00965,0.2579188,47.22553557,0.96378644,None,51.34326455,8.151862766,None,Bajo,None,None,Bajo,0.884327567,-0.708563,-99.32250944,22.52203611,0,0,0,0,0,0
SINALOA,25,AHOME,25001,459310,233994,50.94467789,225316,49.05532211,109552,23.85142932,309762,67.44072631,39930,8.693474995,341591.7105,1.344616939,26.66956957,3.178681065,None,27.74658337,2.444503929,None,Muy bajo,None,None,Muy bajo,0.918613984,-1.114611,-108.9943428,25.78341694,0,0,0,0,0,0
SINALOA,25,ANGOSTURA,25002,44093,21964,49.81289547,22129,50.18710453,9827,22.28698433,28653,64.98310389,5613,12.72991178,139650.8649,0.315737393,72.66459529,0.786972989,None,26.01261493,2.123432744,None,Muy bajo,None,None,Muy bajo,0.896874209,-0.953355,-108.1594886,25.36436,0,0,0,0,0,0
SINALOA,25,BADIRAGUATO,25003,26542,12873,48.50048979,13669,51.49951021,8020,30.21626102,15739,59.29847035,2776,10.45889534,478996.7105,0.055411654,100,0.128098862,None,56.78773087,16.46322486,None,Alto,None,None,Medio,0.801569196,0.303786,-107.5510183,25.36265167,0,0,0,0,0,0
SINALOA,25,CONCORDIA,25004,24899,12360,49.64054781,12539,50.35945219,6559,26.34242339,15109,60.68115185,3231,12.97642476,214374.5195,0.116147199,60.38395116,0.28916824,None,34.55865441,4.312907884,None,Bajo,None,None,Bajo,0.875540243,-0.553608,-106.0686108,23.28762556,0,0,0,0,0,0
SINALOA,25,COSALA,25005,17012,8336,49.00070538,8676,50.99929462,5309,31.20738302,10133,59.56383729,1570,9.228779685,214904.0861,0.079160896,53.63272984,0.241006348,None,51.09528343,11.69198048,None,Bajo,None,None,Bajo,0.857053681,-0.326509,-106.6915347,24.41134583,0,0,0,0,0,0
SINALOA,25,CULIACAN,25006,1003530,512484,51.0681295,491046,48.9318705,248043,24.71704882,678895,67.65069305,74751,7.448805716,602348.3357,1.66602934,13.21285861,0.466054826,None,23.00471247,1.693828078,None,Muy bajo,None,None,Muy bajo,0.93398832,-1.20435,-107.3937561,24.80880806,0,0,0,0,0,0
SINALOA,25,CHOIX,25007,29334,14445,49.24319902,14889,50.75680098,8325,28.38003682,17623,60.0770437,3386,11.54291948,318930.3541,0.091976194,64.79170928,5.287379832,None,54.18915939,14.16074814,None,Medio,None,None,Medio,0.835965625,0.132618,-108.3223519,26.70701083,0,0,0,0,0,0
SINALOA,25,ELOTA,25008,55339,26793,48.41612606,28546,51.58387394,16089,29.07352861,35327,63.83743833,3881,7.013137209,161544.5331,0.342561886,64.32534018,2.804532066,None,38.18185985,5.681743726,None,Bajo,None,None,Bajo,0.873984981,-0.436228,-106.8927117,23.91540389,0,0,0,0,0,0
SINALOA,25,ESCUINAPA,25009,59988,29887,49.82163099,30101,50.17836901,16376,27.29879309,37794,63.00260052,5780,9.635260385,148468.634,0.404044938,29.87097419,6.874708275,None,44.12369319,6.730129078,None,Bajo,None,None,Bajo,0.883618597,-0.553226,-105.7778758,22.83505139,0,0,0,0,0,0
SINALOA,25,EL FUERTE,25010,96593,48137,49.83487416,48456,50.16512584,24192,25.04529314,61819,63.99946166,10565,10.93764559,413379.8767,0.23366643,67.42310519,11.94496496,None,41.3777939,7.733207735,None,Bajo,None,None,Bajo,0.869723522,-0.390713,-108.6199664,26.42159889,0,0,0,0,0,0
SINALOA,25,GUASAVE,25011,289370,146352,50.57607907,143018,49.42392093,70052,24.20845285,189837,65.60355255,29424,10.16829664,267421.4386,1.082074801,49.70764074,1.597954176,None,34.98725687,4.467485133,None,Muy bajo,None,None,Muy bajo,0.899257317,-0.906215,-108.4718175,25.56554722,0,0,0,0,0,0
SINALOA,25,MAZATLAN,25012,501441,256060,51.06483116,245381,48.93516884,115734,23.08028263,341005,68.00500956,44582,8.890776781,249114.0179,2.012897565,6.659208162,0.918951582,None,20.91534511,1.223661715,None,Muy bajo,None,None,Muy bajo,0.934818354,-1.167179,-106.4222214,23.20031583,0,0,0,0,0,0
SINALOA,25,MOCORITO,25013,40358,19783,49.0187819,20575,50.9812181,9729,24.10674464,24448,60.57782844,6166,15.27825958,277295.0375,0.145541732,69.84488825,0.11397988,None,37.64835221,5.445844686,None,Bajo,None,None,Bajo,0.865788873,-0.516022,-107.9215617,25.48187694,0,0,0,0,0,0
SINALOA,25,ROSARIO,25014,52345,25896,49.47177381,26449,50.52822619,13966,26.68067628,32263,61.63530423,6116,11.68401949,260459.8546,0.200971471,67.33785462,2.779635113,None,35.41976744,4.407846536,None,Bajo,None,None,Bajo,0.874518391,-0.576219,-105.8537567,22.99087417,0,0,0,0,0,0
SINALOA,25,SALVADOR ALVARADO,25015,79492,41068,51.66306043,38424,48.33693957,19534,24.57354199,51902,65.29210487,8046,10.12177326,76596.4006,1.037803335,11.39863131,0.52458109,None,29.43436184,1.6865792,None,Muy bajo,None,None,Muy bajo,0.925984175,-1.229933,-108.0807,25.457,0,0,0,0,0,0
SINALOA,25,SAN IGNACIO,25016,19505,9223,47.28531146,10282,52.71468854,4976,25.51140733,11829,60.64598821,2697,13.82722379,501231.541,0.038914151,100,0.322994104,None,46.95117596,7.194393515,None,Bajo,None,None,Bajo,0.855322522,-0.368888,-106.4254969,23.94027583,0,0,0,0,0,0
SINALOA,25,SINALOA,25017,78670,38820,49.34536672,39850,50.65463328,21350,27.13868056,47969,60.97495869,9351,11.88636075,626827.1361,0.125505096,85.30062285,2.413880768,None,46.41209151,8.509398876,None,Medio,None,None,Bajo,0.837516799,-0.178331,-108.2220458,25.82237222,0,0,0,0,0,0
SINALOA,25,NAVOLATO,25018,149122,73653,49.39110259,75469,50.60889741,39271,26.33481311,97816,65.59461381,12026,8.064537761,203886.0702,0.731398667,49.52455037,3.444159815,None,35.2165913,4.068907756,None,Muy bajo,None,None,Bajo,0.887693146,-0.632443,-107.6967603,24.76721889,0,0,0,0,0,0
SONORA,26,ACONCHI,26001,2563,1227,47.87358564,1336,52.12641436,589,22.98088178,1624,63.3632462,350,13.65587202,36858.37479,0.069536435,100,0.156067109,None,11.0452381,1.099206349,None,Muy bajo,None,None,Muy bajo,0.895294594,-1.030027,-110.2285519,29.8258725,10,5,25,390.1677721,195.0838861,975.4194304
SONORA,26,AGUA PRIETA,26002,91929,46118,50.16697669,45811,49.83302331,25287,27.50709787,61326,66.71017851,5261,5.722894843,397342.5741,0.231359552,0.979016415,1.272721339,None,32.8564404,3.513515484,None,Muy bajo,None,None,Muy bajo,0.918097404,-1.180179,-109.5463514,31.32781528,389,214,1122,423.1526504,232.7883475,1220.507131
SONORA,26,ALAMOS,26003,24976,12067,48.31438181,12909,51.68561819,6339,25.38036515,15540,62.21973094,3094,12.38789238,637709.9845,0.039165139,56.11386931,8.247918001,None,49.97983934,15.30552186,None,Medio,None,None,Medio,0.836740154,0.214963,-108.9349258,27.02405,17,10,139,68.06534273,40.0384369,556.5342729
SONORA,26,ALTAR,26004,9492,4780,50.35819638,4712,49.64180362,2752,28.99283607,6058,63.82216603,678,7.142857143,448673.9647,0.021155674,11.09355247,2.00168563,None,47.46549303,6.984447565,None,Muy bajo,None,None,Muy bajo,0.896532303,-0.996178,-111.8335719,30.71333889,10,5,66,105.3518753,52.67593763,695.3223767
SONORA,26,ARIVECHI,26005,1177,583,49.53271028,594,50.46728972,283,24.04418012,707,60.06796941,187,15.88785047,72471.61554,0.016240841,100,2.039082413,None,29.62302285,5.25659051,None,Muy bajo,None,None,Bajo,0.888356953,-0.625656,-109.1870919,28.92864472,3,2,15,254.8853016,169.9235344,1274.426508
SONORA,26,ARIZPE,26006,2788,1342,48.1348637,1446,51.8651363,616,22.09469154,1675,60.07890961,497,17.82639885,308321.0439,0.009042523,100,0.107604017,None,27.5853211,1.999633028,None,Muy bajo,None,None,Muy bajo,0.89607713,-0.891484,-110.1668086,30.33623167,6,3,30,215.2080344,107.6040172,1076.040172
SONORA,26,ATIL,26007,626,316,50.47923323,310,49.52076677,131,20.92651757,384,61.34185304,111,17.73162939,30206.96134,0.0207237,100,0.159744409,None,26.96612903,1.648387097,None,Muy bajo,None,None,Muy bajo,0.903186631,-1.147076,-111.5838917,30.84398889,0,0,0,0,0,0
SONORA,26,BACADEHUACHI,26008,979,457,46.68028601,522,53.31971399,196,20.02042901,608,62.10418795,175,17.87538304,106740.7304,0.009171757,100,0,None,49.87332647,4.334706488,None,Muy bajo,None,None,Muy bajo,0.885897954,-0.90056,-109.1407453,29.80907361,0,0,3,0,0,306.4351379
SONORA,26,BACANORA,26009,759,369,48.61660079,390,51.38339921,169,22.26613966,422,55.59947299,160,21.08036891,112653.7773,0.006737457,100,0,None,28.71659919,4.13900135,None,Bajo,None,None,Muy bajo,0.884300781,-0.786635,-109.4004014,28.9840625,1,1,1,131.7523057,131.7523057,131.7523057
SONORA,26,BACERAC,26010,1221,618,50.61425061,603,49.38574939,308,25.22522523,756,61.91646192,157,12.85831286,134893.7134,0.009051571,100,0,None,40.96591854,4.995843724,None,Bajo,None,None,Muy bajo,0.878188077,-0.741459,-108.9297992,30.35527778,1,0,5,81.9000819,0,409.5004095
SONORA,26,BACOACHI,26011,1475,725,49.15254237,750,50.84745763,312,21.15254237,924,62.6440678,239,16.20338983,123685.4812,0.011925409,100,0.338983051,None,41.25554017,1.529778393,None,Muy bajo,None,None,Muy bajo,0.896077028,-0.89867,-109.9690075,30.63303833,12,7,39,813.559322,474.5762712,2644.067797
SONORA,26,BACUM,26012,23151,11367,49.09939096,11784,50.90060904,5680,24.53457734,15147,65.4269794,2310,9.977970714,157315.5311,0.147162838,72.62321282,13.8352555,None,40.42872724,6.377244739,None,Bajo,None,None,Bajo,0.874534007,-0.49289,-110.0826747,27.55057833,53,36,190,228.9317956,155.5008423,820.6988899
SONORA,26,BANAMICHI,26013,1825,901,49.36986301,924,50.63013699,453,24.82191781,1143,62.63013699,229,12.54794521,80983.18565,0.022535542,100,0,None,19.35204082,1.080498866,None,Muy bajo,None,None,Muy bajo,0.913548975,-1.024593,-110.2155528,30.00777556,6,3,9,328.7671233,164.3835616,493.1506849
SONORA,26,BAVIACORA,26014,3191,1529,47.91601379,1662,52.08398621,707,22.15606393,1959,61.39141335,525,16.45252272,84292.1596,0.037856427,100,0,None,15.64888179,0.542492013,None,Muy bajo,None,None,Muy bajo,0.903439147,-1.023169,-110.1650522,29.715235,9,6,99,282.0432466,188.0288311,3102.475713
SONORA,26,BAVISPE,26015,1169,551,47.13430282,618,52.86569718,323,27.63045338,675,57.74165954,171,14.62788708,172952.3687,0.006759086,100,0.171086399,None,57.84118674,7.157068063,None,Muy bajo,None,None,Muy bajo,0.893964726,-1.009701,-108.9410231,30.48012333,2,2,7,171.0863986,171.0863986,598.8023952
SONORA,26,BENJAMIN HILL,26016,4988,2505,50.22052927,2483,49.77947073,1292,25.9021652,3135,62.85084202,561,11.24699278,141592.0404,0.035227969,100,0.380914194,None,31.16168395,3.295708766,None,Muy bajo,None,None,Muy bajo,0.898920626,-0.934732,-111.1179217,30.16716306,9,6,36,180.4330393,120.2886929,721.7321572
SONORA,26,CABORCA,26017,89122,44386,49.80363995,44736,50.19636005,23690,26.58153991,59010,66.21260744,6370,7.147505666,1072790.702,0.083074918,18.35573708,1.923206391,None,31.35663073,3.594317938,None,Muy bajo,None,None,Muy bajo,0.907235469,-0.961866,-112.1483547,30.71407389,240,168,2271,269.2937771,188.5056439,2548.192366
SONORA,26,CAJEME,26018,436484,221883,50.83416574,214601,49.16583426,99834,22.87231605,296090,67.83524711,40477,9.273421248,482703.1444,0.904249341,8.670650012,1.75378708,None,28.94801302,2.713336836,None,Muy bajo,None,None,Muy bajo,0.933533159,-1.167137,-109.9327161,27.49648889,1540,984,7238,352.8193473,225.4378167,1658.250932
SONORA,26,CANoneEA,26019,39451,19841,50.29276824,19610,49.70723176,10842,27.4821931,25347,64.24932194,3217,8.154419406,233068.7872,0.169267625,3.39154901,0.686928088,None,28.39906541,2.177362204,None,Muy bajo,None,None,Muy bajo,0.934428442,-1.369975,-110.3016714,30.98265278,264,109,1767,669.1845581,276.2921092,4478.973917
SONORA,26,CARBO,26020,4946,2378,48.07925596,2568,51.92074404,1356,27.41609381,3137,63.42498989,453,9.158916296,258396.4773,0.019141128,100,2.729478366,None,46.29485597,4.867695473,None,Bajo,None,None,Bajo,0.879287734,-0.602801,-110.9544314,29.68468861,3,2,9,60.65507481,40.43671654,181.9652244
SONORA,26,LA COLORADA,26021,1848,828,44.80519481,1020,55.19480519,385,20.83333333,1179,63.7987013,284,15.36796537,411106.7877,0.004495182,100,0.649350649,None,20.35718342,1.39068711,None,Bajo,None,None,Bajo,0.884747155,-0.34515,-110.5806653,28.80291194,1,1,2,54.11255411,54.11255411,108.2251082
SONORA,26,CUCURPE,26022,863,393,45.53881808,470,54.46118192,191,22.13209733,562,65.1216686,110,12.74623407,158365.459,0.005449421,100,0.23174971,None,35.53652695,1.65748503,None,Bajo,None,None,Bajo,0.878993129,-0.261716,-110.7058867,30.32919194,3,1,9,347.6245655,115.8748552,1042.873696
SONORA,26,CUMPAS,26023,5829,2864,49.13364213,2965,50.86635787,1306,22.4052153,3722,63.85314805,801,13.74163664,201449.9621,0.028935225,100,0.102933608,None,19.22224218,0.572942867,None,Muy bajo,None,None,Muy bajo,0.918568873,-1.172046,-109.7824969,29.99356361,29,14,63,497.5124378,240.1784183,1080.802882
SONORA,26,DIVISADEROS,26024,753,359,47.67596282,394,52.32403718,180,23.90438247,448,59.49535193,125,16.6002656,38586.67379,0.019514509,100,0.398406375,None,33.45491252,1.497981158,None,Muy bajo,None,None,Muy bajo,0.903015622,-1.142361,-109.4706711,29.61506944,0,0,5,0,0,664.0106242
SONORA,26,EMPALME,26025,51431,25463,49.50905096,25968,50.49094904,12975,25.22797535,33874,65.86300091,4579,8.903190683,59017.25171,0.871457049,24.39190372,1.512706344,None,35.36277719,5.401876593,None,Muy bajo,None,None,Muy bajo,0.916182469,-0.958021,-110.8159933,27.95760583,175,92,823,340.2617099,178.8804418,1600.202213
SONORA,26,ETCHOJOA,26026,61309,30001,48.93408798,31308,51.06591202,15467,25.2279437,39655,64.68055261,6187,10.09150369,92586.84666,0.662178292,70.48067983,33.00820434,None,57.14885594,15.2098213,None,Bajo,None,None,Bajo,0.861385281,-0.042467,-109.6252778,26.91083333,205,81,599,334.3717888,132.1176336,977.0180561
SONORA,26,FRONTERAS,26027,9041,4461,49.34188696,4580,50.65811304,2690,29.75334587,5788,64.01946687,563,6.227187258,263102.3587,0.034363052,19.92036279,3.240791948,None,26.63020775,2.296350365,None,Muy bajo,None,None,Muy bajo,0.924662086,-1.173716,-109.5600078,30.89824583,31,15,42,342.8824245,165.9108506,464.5503816
SONORA,26,GRANADOS,26028,1009,485,48.06739346,524,51.93260654,221,21.90287413,629,62.33894945,159,15.75817641,36425.05235,0.027700715,100,0,None,22.58641975,0.590534979,None,Muy bajo,None,None,Muy bajo,0.907736655,-1.077243,-109.3105222,29.86229333,3,1,12,297.3240833,99.10802775,1189.296333
SONORA,26,GUAYMAS,26029,156863,78876,50.28336829,77987,49.71663171,38544,24.57176007,104569,66.66262917,13633,8.691023377,787489.3372,0.199193808,14.77340099,11.59865615,None,32.43689397,6.47552533,None,Muy bajo,None,None,Muy bajo,0.916328179,-0.83828,-110.8894447,27.92324861,594,306,2540,378.6743847,195.074683,1619.247369
SONORA,26,HERMOSILLO,26030,936263,468773,50.06851707,467490,49.93148293,220771,23.58001972,646237,69.02302024,67282,7.186228656,1689319.796,0.554224844,3.713913719,1.972736293,None,22.42101249,3.043550607,None,Muy bajo,None,None,Muy bajo,0.946465064,-1.256742,-110.9584636,29.07489167,3953,1900,27869,422.2104259,202.9344319,2976.620885
SONORA,26,HUACHINERA,26031,1186,579,48.81956155,607,51.18043845,260,21.92242833,761,64.16526138,165,13.91231029,120048.2026,0.009879365,100,0.590219224,None,43.5626072,4.073756432,None,Muy bajo,None,None,Muy bajo,0.88554769,-0.7615,-108.9588161,30.21148222,3,0,3,252.9510961,0,252.9510961
SONORA,26,HUASABAS,26032,888,421,47.40990991,467,52.59009009,178,20.04504505,550,61.93693694,160,18.01801802,82325.08942,0.010786505,100,0.675675676,None,19.73386183,1.062287656,None,Muy bajo,None,None,Muy bajo,0.909571839,-1.183503,-109.3014694,29.90418806,0,0,8,0,0,900.9009009
SONORA,26,HUATABAMPO,26033,77682,38265,49.25851549,39417,50.74148451,18321,23.5846142,50488,64.99317731,8873,11.42220849,175373.1992,0.442952517,60.96392987,21.512062,None,50.98824906,9.908558329,None,Bajo,None,None,Bajo,0.880002734,-0.39765,-109.6441533,26.82689694,196,116,985,252.3107026,149.3267424,1267.990011
SONORA,26,HUEPAC,26034,943,449,47.61399788,494,52.38600212,204,21.6330859,558,59.1728526,181,19.19406151,42151.27366,0.022371803,100,0.318133616,None,9.74863388,0,None,Muy bajo,None,None,Muy bajo,0.913525902,-1.21765,-110.2137153,29.91126917,2,2,4,212.0890774,212.0890774,424.1781548
SONORA,26,IMURIS,26035,12536,6135,48.93905552,6401,51.06094448,3471,27.68825782,7933,63.28174856,1115,8.894384174,218216.9918,0.057447405,44.76707084,1.084875558,None,36.47984492,3.665401604,None,Muy bajo,None,None,Muy bajo,0.905586953,-0.967173,-110.8615386,30.77732972,25,19,83,199.4256541,151.5634971,662.0931717
SONORA,26,MAGDALENA,26036,33049,16819,50.89110109,16230,49.10889891,8632,26.11879331,21706,65.67823535,2707,8.190868105,124571.2721,0.265301939,7.927622621,0.538594209,None,28.66757241,2.441029439,None,Muy bajo,None,None,Muy bajo,0.93275747,-1.243591,-110.9694044,30.63035556,120,68,516,363.0972193,205.7550909,1561.318043
SONORA,26,MAZATAN,26037,1101,507,46.04904632,594,53.95095368,198,17.98365123,695,63.12443233,208,18.89191644,68170.78989,0.016150612,100,0.363306085,None,30.19162791,2.529302326,None,Muy bajo,None,None,Muy bajo,0.894929295,-0.822293,-110.1402208,29.00335694,0,0,1,0,0,90.82652134
SONORA,26,MOCTEZUMA,26038,5173,2630,50.8409047,2543,49.1590953,1141,22.05683356,3462,66.92441523,523,10.11018751,187914.9199,0.027528416,100,0.173980282,None,22.04121043,0.381445351,None,Muy bajo,None,None,Muy bajo,0.917939776,-1.175451,-109.6803367,29.80217972,15,9,62,289.9671371,173.9802822,1198.530833
SONORA,26,NACO,26039,5774,2877,49.82680984,2897,50.17319016,1715,29.70211292,3630,62.8680291,427,7.395219952,124704.8148,0.04630134,5.005195705,1.21233114,None,47.83538264,7.585979079,None,Muy bajo,None,None,Muy bajo,0.915524912,-1.151578,-109.9481319,31.33154722,15,9,36,259.7852442,155.8711465,623.4845861
SONORA,26,NACORI CHICO,26040,1531,723,47.22403658,808,52.77596342,364,23.77531025,909,59.37295885,258,16.85173089,283412.7647,0.005402015,100,0,None,56.05659121,10.13382157,None,Bajo,None,None,Bajo,0.858795989,-0.26162,-108.9785942,29.68632472,1,1,13,65.31678641,65.31678641,849.1182234
SONORA,26,NACOZARI DE GARCIA,26041,14369,7095,49.37713132,7274,50.62286868,4005,27.87250331,9455,65.80137797,909,6.326118728,174267.6817,0.082453613,9.617927483,1.69114065,None,18.27941444,1.7980369,None,Muy bajo,None,None,Muy bajo,0.941959324,-1.169538,-109.6864703,30.3737225,110,51,298,765.5369198,354.9307537,2073.90911
SONORA,26,NAVOJOA,26042,164387,83123,50.56543401,81264,49.43456599,39304,23.90943323,109181,66.41705244,15873,9.655873031,278883.7518,0.589446316,26.438222,9.532992268,None,38.88554729,6.673578317,None,Muy bajo,None,None,Muy bajo,0.907290687,-0.739149,-109.4455461,27.0815975,580,236,2473,352.8259534,143.5636638,1504.376867
SONORA,26,NOGALES,26043,264782,132522,50.04947466,132260,49.95052534,70320,26.55769652,181090,68.39211125,13293,5.020356369,176687.3037,1.498590982,1.37660415,1.904585659,None,29.49995005,2.381905419,None,Muy bajo,None,None,Muy bajo,0.924208903,-1.257505,-110.9457447,31.32590306,863,473,3868,325.9284997,178.6375207,1460.824376
SONORA,26,ONAVAS,26044,365,181,49.5890411,184,50.4109589,84,23.01369863,211,57.80821918,70,19.17808219,53228.30875,0.006857253,100,0.547945205,None,24.56976744,2.529069767,None,Muy bajo,None,None,Muy bajo,0.895847445,-0.979371,-109.5295183,28.46053917,1,0,6,273.9726027,0,1643.835616
SONORA,26,OPODEPE,26045,2438,1113,45.65217391,1325,54.34782609,562,23.05168171,1480,60.70549631,396,16.24282199,222885.2734,0.010938363,100,0.533223954,None,35.7646559,6.443925234,None,Bajo,None,None,Bajo,0.868368896,-0.490773,-110.6310872,29.92669,1,1,1,41.01722724,41.01722724,41.01722724
SONORA,26,OQUITOA,26046,496,265,53.42741935,231,46.57258065,98,19.75806452,326,65.72580645,72,14.51612903,92115.80562,0.005384527,100,0,None,23.63983903,3.002012072,None,Muy bajo,None,None,Muy bajo,0.907173879,-1.043585,-111.7348181,30.74205389,1,1,2,201.6129032,201.6129032,403.2258065
SONORA,26,PITIQUITO,26047,9122,4428,48.54198641,4694,51.45801359,2252,24.68756852,6012,65.90659943,858,9.405832054,983088.0983,0.009278924,43.66367025,4.494628371,None,29.40193432,5.601214575,None,Muy bajo,None,None,Bajo,0.90140974,-0.651808,-112.0539253,30.67599583,29,15,178,317.9127384,164.4376233,1951.326463
SONORA,26,PUERTO PEÑASCO,26048,62689,31053,49.53500614,31636,50.46499386,17175,27.39715102,41830,66.72621991,3658,5.835154493,624122.2206,0.100443468,0.618928361,2.499641085,None,36.39487996,3.919416816,None,Muy bajo,None,None,Muy bajo,0.918208491,-1.08763,-113.5401308,31.30678083,128,73,411,204.182552,116.4478617,655.6174129
SONORA,26,QUIRIEGO,26049,3090,1472,47.63754045,1618,52.36245955,798,25.82524272,1854,60,437,14.14239482,375816.7016,0.008222093,100,7.475728155,None,54.94338959,18.51265823,None,Alto,None,None,Alto,0.774178582,0.986143,-109.2512294,27.52048778,3,2,11,97.08737864,64.72491909,355.987055
SONORA,26,RAYON,26050,1496,687,45.92245989,809,54.07754011,311,20.78877005,878,58.68983957,307,20.52139037,87989.81337,0.017001968,100,1.069518717,None,38.3385989,4.150412088,None,Bajo,None,None,Bajo,0.881251473,-0.623587,-110.5735044,29.71447861,4,4,9,267.3796791,267.3796791,601.6042781
SONORA,26,ROSARIO,26051,4830,2346,48.57142857,2484,51.42857143,1242,25.71428571,2837,58.73706004,742,15.36231884,350311.1138,0.013787744,100,0.848861284,None,38.70605676,6.196315121,None,Medio,None,None,Bajo,0.850958039,-0.098296,-109.37077,27.84065917,7,6,50,144.9275362,124.2236025,1035.196687
SONORA,26,SAHUARIPA,26052,5257,2538,48.27848583,2719,51.72151417,1186,22.56039566,3238,61.59406506,833,15.84553928,499516.3981,0.010524179,100,0.380445121,None,38.56970536,6.503065058,None,Bajo,None,None,Bajo,0.885065472,-0.674899,-109.2333706,29.05633056,11,6,97,209.2448164,114.1335362,1845.158836
SONORA,26,SAN FELIPE DE JESUS,26053,369,168,45.52845528,201,54.47154472,95,25.74525745,212,57.45257453,62,16.80216802,15156.28613,0.024346334,100,0,None,16.79076087,0.307065217,None,Muy bajo,None,None,Muy bajo,0.907962821,-1.202842,-110.2410581,29.85862417,2,1,5,542.0054201,271.00271,1355.01355
SONORA,26,SAN JAVIER,26054,537,243,45.25139665,294,54.74860335,171,31.84357542,316,58.84543762,50,9.310986965,53430.41682,0.010050455,100,2.234636872,None,23.26029963,2.157303371,None,Muy bajo,None,None,Muy bajo,0.900975596,-0.944233,-109.7394606,28.59528278,0,0,3,0,0,558.6592179
SONORA,26,SAN LUIS RIO COLORADO,26055,199021,98469,49.47668839,100552,50.52331161,50595,25.4219404,133390,67.02307797,14922,7.497701248,896581.8073,0.221977513,8.223252823,0.929550148,None,41.38876,4.796302289,None,Muy bajo,None,None,Muy bajo,0.916555425,-1.084876,-114.7796244,32.47983111,743,470,2805,373.3274378,236.1559835,1409.399008
SONORA,26,SAN MIGUEL DE HORCASITAS,26056,10729,5122,47.73977071,5607,52.26022929,3334,31.07465747,6890,64.2184733,496,4.622984435,111550.5466,0.096180613,11.99552614,38.03709572,None,59.66116869,17.85120277,None,Medio,None,None,Medio,0.847386342,0.385097,-110.7271633,29.48849333,12,5,18,111.8463976,46.60266567,167.7695964
SONORA,26,SAN PEDRO DE LA CUEVA,26057,1458,665,45.61042524,793,54.38957476,265,18.17558299,868,59.53360768,317,21.74211248,222764.7614,0.006545021,100,0.480109739,None,35.20879121,5.109157509,None,Muy bajo,None,None,Bajo,0.88632039,-0.680089,-109.7361089,29.28648194,1,1,1,68.58710562,68.58710562,68.58710562
SONORA,26,SANTA ANA,26058,16203,8214,50.69431587,7989,49.30568413,4129,25.48293526,10507,64.84601617,1567,9.671048571,148224.3088,0.109314053,23.64376967,0.32709992,None,27.27443066,1.72893858,None,Muy bajo,None,None,Muy bajo,0.923782881,-1.165936,-111.1210858,30.54389056,56,44,318,345.6150096,271.5546504,1962.599519
SONORA,26,SANTA CRUZ,26059,1835,873,47.57493188,962,52.42506812,521,28.39237057,1154,62.88828338,160,8.719346049,100837.6756,0.018197563,100,1.144414169,None,35.42745803,2.729616307,None,Muy bajo,None,None,Muy bajo,0.888454017,-0.922962,-110.5959778,31.23153556,2,0,3,108.9918256,0,163.4877384
SONORA,26,SARIC,26060,2058,979,47.57045675,1079,52.42954325,531,25.80174927,1291,62.73080661,227,11.03012634,136008.9629,0.015131356,100,0.631681244,None,46.1963284,5.42172361,None,Bajo,None,None,Muy bajo,0.867148817,-0.77766,-111.3790733,31.102665,2,2,22,97.18172983,97.18172983,1068.999028
SONORA,26,SOYOPA,26061,1368,599,43.78654971,769,56.21345029,320,23.39181287,814,59.50292398,234,17.10526316,171253.1908,0.007988172,100,0.511695906,None,18.51639344,3.394187779,None,Bajo,None,None,Bajo,0.875788876,-0.551061,-109.6346314,28.76421472,0,0,1,0,0,73.0994152
SONORA,26,SUAQUI GRANDE,26062,1114,513,46.0502693,601,53.9497307,241,21.63375224,682,61.22082585,191,17.1454219,91139.00357,0.012223087,100,0,None,25.3134058,1.761775362,None,Muy bajo,None,None,Muy bajo,0.885787775,-0.879704,-109.8882028,28.3955475,1,1,2,89.76660682,89.76660682,179.5332136
SONORA,26,TEPACHE,26063,1178,557,47.28353141,621,52.71646859,218,18.50594228,724,61.46010187,236,20.03395586,77859.99861,0.01512972,100,0,None,31.53196931,1.772378517,None,Muy bajo,None,None,Muy bajo,0.895938902,-1.023359,-109.5323731,29.53439861,2,0,5,169.7792869,0,424.4482173
SONORA,26,TRINCHERAS,26064,1381,642,46.48805214,739,53.51194786,342,24.76466329,843,61.04272266,196,14.19261405,302019.0602,0.004572559,100,0.289645185,None,30.09977827,2.504804139,None,Bajo,None,None,Bajo,0.883920692,-0.673388,-111.5314825,30.39862083,0,0,14,0,0,1013.758146
SONORA,26,TUBUTAMA,26065,1473,690,46.84317719,783,53.15682281,329,22.33536999,921,62.52545825,223,15.13917176,173569.4575,0.008486516,100,0.746775289,None,34.67614424,2.737864078,None,Bajo,None,None,Muy bajo,0.875965007,-0.759758,-111.4658436,30.88485417,1,0,5,67.88866259,0,339.443313
SONORA,26,URES,26066,8548,4097,47.9293402,4451,52.0706598,1674,19.58352831,5453,63.79270005,1421,16.62377164,308630.1486,0.027696581,100,0.339260646,None,20.8680489,1.398370086,None,Muy bajo,None,None,Muy bajo,0.898085952,-0.949141,-110.3895825,29.42807667,17,9,76,198.8769303,105.2877866,889.0968648
SONORA,26,VILLA HIDALGO,26067,1429,681,47.65570329,748,52.34429671,335,23.44296711,865,60.53184045,229,16.02519244,147576.8757,0.009683089,100,0.489853044,None,23.4939759,1.926293409,None,Muy bajo,None,None,Muy bajo,0.900383612,-0.770281,-109.3198694,30.16310611,6,5,11,419.8740378,349.8950315,769.7690693
SONORA,26,VILLA PESQUEIRA,26068,1043,451,43.24065197,592,56.75934803,181,17.35378715,648,62.12847555,214,20.5177373,112158.5119,0.009299339,100,0,None,24.0518591,3.133072407,None,Muy bajo,None,None,Muy bajo,0.886192684,-0.729508,-109.9689094,29.11831722,0,0,4,0,0,383.5091083
SONORA,26,YECORA,26069,4793,2378,49.61402045,2415,50.38597955,1286,26.83079491,2899,60.48403922,594,12.39307323,265800.0562,0.018032351,100,15.98163989,None,74.8396065,27.78443114,None,Medio,None,None,Medio,0.832844123,0.261198,-108.9259056,28.37269472,3,0,26,62.59127895,0,542.4577509
SONORA,26,GENERAL PLUTARCO ELIAS CALLES,26070,13627,6900,50.63476921,6727,49.36523079,4164,30.55698246,8521,62.53027079,942,6.912746753,368194.0129,0.037010379,16.04902033,1.137447714,None,45.54577471,5.289559174,None,Muy bajo,None,None,Muy bajo,0.900892876,-0.987226,-112.8572769,31.86639583,40,20,167,293.534894,146.767447,1225.508182
SONORA,26,BENITO JUAREZ,26071,21692,10791,49.7464503,10901,50.2535497,5655,26.06951872,13854,63.86686336,2183,10.06361792,32582.96926,0.665746569,39.36474276,12.45620505,None,49.40317674,8.640163838,None,Muy bajo,None,None,Bajo,0.890266985,-0.659633,-109.8425733,27.12781,0,0,0,0,0,0
SONORA,26,SAN IGNACIO RIO MUERTO,26072,14279,6937,48.58183346,7342,51.41816654,3751,26.26934659,9201,64.43728552,1327,9.293367883,125644.5777,0.113645971,43.02822326,14.6648925,None,57.17787731,13.01385592,None,Bajo,None,None,Bajo,0.867085422,-0.179755,-110.2415142,27.411415,0,0,0,0,0,0
TABASCO,27,BALANCAN,27001,58524,29282,50.03417401,29242,49.96582599,16855,28.80015037,36458,62.29581027,5206,8.895495865,357357.1025,0.163768957,66.48554439,3.255074841,None,61.80437628,15.74358417,None,Medio,None,None,Bajo,0.845029637,-0.395558,-91.53384611,17.800395,0,0,0,0,0,0
TABASCO,27,CARDENAS,27002,243229,124434,51.15919566,118795,48.84080434,72473,29.79620029,154079,63.34729823,16657,6.848278783,186230.5028,1.306064239,59.86416093,0.941499574,None,56.08264476,14.63810505,None,Bajo,None,None,Bajo,0.87647764,-0.673675,-93.37685556,17.98943,0,0,0,0,0,0
TABASCO,27,CENTLA,27003,107731,54617,50.6975708,53114,49.3024292,32371,30.0479899,68213,63.31789364,7143,6.630403505,255151.3148,0.422223966,69.94551243,20.81573549,None,76.78613512,35.19600468,None,Medio,None,None,Bajo,0.846128349,-0.468657,-92.65218722,18.53011083,0,0,0,0,0,0
TABASCO,27,CENTRO,27004,683607,353527,51.71494733,330080,48.28505267,162885,23.82728673,469127,68.62524813,51331,7.508846457,169382.4186,4.035879318,24.69064828,6.553326692,None,35.80571184,6.402090847,None,Muy bajo,None,None,Muy bajo,0.919639274,-1.215095,-92.91941611,17.9878375,0,0,0,0,0,0
TABASCO,27,COMALCALCO,27005,214877,109594,51.00313202,105283,48.99686798,60620,28.21148843,138856,64.62115536,15322,7.130590989,76616.36379,2.804583634,66.03079902,0.598947305,None,54.9301724,11.80569938,None,Bajo,None,None,Muy bajo,0.882027209,-0.800784,-93.22501722,18.26604806,0,0,0,0,0,0
TABASCO,27,CUNDUACAN,27006,137257,69985,50.98829204,67272,49.01170796,40047,29.17665401,87754,63.93407986,9424,6.865952192,58887.24262,2.330844405,80.46219865,0.79777352,None,60.33657312,16.42235622,None,Bajo,None,None,Bajo,0.868598177,-0.690995,-93.17430028,18.06536333,0,0,0,0,0,0
TABASCO,27,EMILIANO ZAPATA,27007,32181,16728,51.98098257,15453,48.01901743,8483,26.3602747,20847,64.78046052,2847,8.846835089,59188.78283,0.543700993,30.17929834,2.109940648,None,56.24673588,11.19798182,None,Muy bajo,None,None,Muy bajo,0.896853826,-0.910675,-91.76508139,17.74458222,0,0,0,0,0,0
TABASCO,27,HUIMANGUILLO,27008,190885,96975,50.80283941,93910,49.19716059,59092,30.95685884,119048,62.36634623,12728,6.667889043,367044.6783,0.520059304,72.83757236,0.713518611,None,62.09351211,16.89952201,None,Medio,None,None,Bajo,0.848732915,-0.459056,-93.39076917,17.83517444,0,0,0,0,0,0
TABASCO,27,JALAPA,27009,37749,18870,49.98807915,18879,50.01192085,9458,25.05496834,24927,66.03353731,3354,8.885003576,59171.71487,0.637956836,86.75196694,0.831810114,None,51.81887552,10.53998144,None,Bajo,None,None,Muy bajo,0.869176771,-0.802967,-92.81217139,17.71972917,0,0,0,0,0,0
TABASCO,27,JALPA DE MENDEZ,27010,91185,46272,50.74518835,44913,49.25481165,25671,28.15265669,59049,64.75736141,6457,7.081208532,36864.7981,2.473497881,68.54965181,1.533146899,None,57.69541726,17.84784733,None,Bajo,None,None,Muy bajo,0.882082614,-0.903986,-93.06259667,18.1768475,0,0,0,0,0,0
TABASCO,27,JONUTA,27011,30798,15344,49.82141698,15454,50.17858302,8645,28.07000455,19577,63.56581596,2576,8.364179492,160870.7499,0.191445617,76.01467628,5.636729658,None,65.41568626,18.99065225,None,Medio,None,None,Bajo,0.834885597,-0.19926,-92.13872917,18.09070611,0,0,0,0,0,0
TABASCO,27,MACUSPANA,27012,158601,81070,51.11569284,77531,48.88430716,44423,28.00928115,102697,64.75179854,11429,7.206133631,240994.8029,0.658109628,60.28965769,13.50306745,None,69.31529627,24.47443751,None,Medio,None,None,Bajo,0.850723166,-0.457969,-92.59407056,17.75643139,0,0,0,0,0,0
TABASCO,27,NACAJUCA,27013,150300,77406,51.500998,72894,48.499002,40169,26.72588157,101684,67.65402528,8081,5.376580173,52733.63916,2.850173104,49.06919494,20.22288756,None,48.22589707,11.08317097,None,Muy bajo,None,None,Muy bajo,0.904747178,-1.108234,-93.02004278,18.16885722,0,0,0,0,0,0
TABASCO,27,PARAISO,27014,96741,49069,50.72203099,47672,49.27796901,25768,26.63606951,64037,66.1942713,6926,7.159322314,34414.85503,2.811024481,67.03672693,0.491001747,None,50.20082566,14.0059032,None,Muy bajo,None,None,Muy bajo,0.901582752,-1.06776,-93.21423694,18.39577,0,0,0,0,0,0
TABASCO,27,TACOTALPA,27015,47905,24151,50.41436176,23754,49.58563824,13651,28.49598163,30519,63.70733744,3733,7.792506001,73452.55273,0.652189723,83.90564659,34.85439933,None,62.4278577,18.98374966,None,Medio,None,None,Bajo,0.85069393,-0.292976,-92.82628389,17.5917925,0,0,0,0,0,0
TABASCO,27,TEAPA,27016,58718,29954,51.01331789,28764,48.98668211,15754,26.8299329,38733,65.96444021,4230,7.203923839,42062.47534,1.395971101,50.49558909,1.313055622,None,52.92336686,7.633912134,None,Bajo,None,None,Bajo,0.869831089,-0.520337,-92.95299444,17.54828444,0,0,0,0,0,0
TABASCO,27,TENOSIQUE,27017,62310,31649,50.79281014,30661,49.20718986,17268,27.71304766,39845,63.94639705,5195,8.33734553,188271.3454,0.330958489,43.91590435,9.839512117,None,54.06868743,11.81550016,None,Bajo,None,None,Bajo,0.857073273,-0.490228,-91.42594778,17.47749417,0,0,0,0,0,0
TAMAULIPAS,28,ABASOLO,28001,9822,4924,50.13235594,4898,49.86764406,2565,26.11484423,6019,61.28079821,1238,12.60435756,183887.6974,0.053413035,46.49765832,0.305436775,None,56.13878268,4.39237367,None,Bajo,None,None,Bajo,0.882018877,-0.673119,-98.37427889,24.06083667,0,0,0,0,0,0
TAMAULIPAS,28,ALDAMA,28002,28725,14378,50.05395997,14347,49.94604003,7623,26.53785901,17874,62.22454308,3228,11.23759791,367874.8914,0.078083611,50.09921671,0.967798085,None,52.58969908,5.967538904,None,Bajo,None,None,Bajo,0.87931215,-0.442692,-98.07371306,22.91930611,0,0,0,0,0,0
TAMAULIPAS,28,ALTAMIRA,28003,269790,136484,50.58897661,133306,49.41102339,70329,26.06805293,183545,68.03254383,15132,5.60880685,164129.0026,1.643767986,8.299047407,3.424515364,None,42.14308652,5.570780375,None,Muy bajo,None,None,Muy bajo,0.923666744,-1.050093,-97.93668694,22.39155306,0,0,0,0,0,0
TAMAULIPAS,28,ANTIGUO MORELOS,28004,8850,4463,50.42937853,4387,49.57062147,2231,25.20903955,5482,61.94350282,1137,12.84745763,57608.4485,0.153623301,100,0.497175141,None,50.10070873,5.254115226,None,Medio,None,None,Bajo,0.853282031,-0.528548,-99.08361722,22.54942,0,0,0,0,0,0
TAMAULIPAS,28,BURGOS,28005,4256,2055,48.28477444,2201,51.71522556,1016,23.87218045,2539,59.65695489,701,16.47086466,188543.0012,0.0225731,100,0.164473684,None,47.65514651,3.748059103,None,Bajo,None,None,Bajo,0.862208383,-0.314591,-98.79901,24.94663972,0,0,0,0,0,0
TAMAULIPAS,28,BUSTAMANTE,28006,7542,3689,48.91275524,3853,51.08724476,2261,29.97878547,4313,57.1864227,968,12.83479183,143440.4419,0.052579314,100,0.132590825,None,75.50194866,22.21932536,None,Muy alto,None,None,Alto,0.758572223,1.086721,-99.75780806,23.43547722,0,0,0,0,0,0
TAMAULIPAS,28,CAMARGO,28007,16546,7926,47.90281639,8620,52.09718361,3870,23.38933881,10894,65.84068657,1782,10.76997462,92178.44225,0.17949967,43.35186752,0.374712922,None,40.96463821,2.753431713,None,Muy bajo,None,None,Muy bajo,0.896979072,-0.869984,-98.83598861,26.31672389,0,0,0,0,0,0
TAMAULIPAS,28,CASAS,28008,4143,1965,47.42939899,2178,52.57060101,1271,30.67825247,2391,57.71180304,479,11.56167029,298127.6447,0.013896732,100,0.651701665,None,58.26488757,12.08500124,None,Alto,None,None,Medio,0.810802354,0.725696,-98.73784194,23.72713389,0,0,0,0,0,0
TAMAULIPAS,28,CIUDAD MADERO,28009,205933,107685,52.2912792,98248,47.7087208,40141,19.49226205,141402,68.66408006,24116,11.71060491,4566.641232,45.09506868,0,1.779219455,None,23.35462203,2.287162775,None,Muy bajo,None,None,Muy bajo,0.946708161,-1.303297,-97.837,22.24627861,0,0,0,0,0,0
TAMAULIPAS,28,CRUILLAS,28010,1671,845,50.56852184,826,49.43147816,399,23.87791741,1000,59.84440455,272,16.27767804,186958.3442,0.00893782,100,0.538599641,None,53.7282392,6.618604651,None,Medio,None,None,Bajo,0.850708531,-0.047814,-98.53454222,24.75517083,0,0,0,0,0,0
TAMAULIPAS,28,GOMEZ FARIAS,28011,8288,4058,48.96235521,4230,51.03764479,1926,23.23841699,5295,63.88754826,1067,12.87403475,72243.58103,0.114722995,100,0.422297297,None,46.1100691,5.747902271,None,Bajo,None,None,Bajo,0.860835795,-0.481085,-99.02777528,22.88645528,0,0,0,0,0,0
TAMAULIPAS,28,GONZALEZ,28012,41470,21102,50.88497709,20368,49.11502291,11422,27.54280203,25701,61.97492163,4339,10.46298529,320791.306,0.129274077,44.32601881,1.478176995,None,61.30503203,10.85048833,None,Bajo,None,None,Bajo,0.871715401,-0.360833,-98.42596889,22.82732889,0,0,0,0,0,0
TAMAULIPAS,28,GÜEMEZ,28013,15032,7270,48.36349122,7762,51.63650878,3935,26.17748803,9228,61.38903672,1831,12.18068121,119624.9769,0.125659376,100,0.439063332,None,52.42859799,7.587163062,None,Bajo,None,None,Bajo,0.861844333,-0.286958,-99.00832972,23.91914083,0,0,0,0,0,0
TAMAULIPAS,28,GUERRERO,28014,3803,1688,44.38601104,2115,55.61398896,683,17.95950565,2680,70.47068104,440,11.56981331,241912.9731,0.015720529,100,0.289245333,None,31.47412399,0.908355795,None,Bajo,None,None,Bajo,0.874687778,-0.308135,-99.22763,26.56635111,0,0,0,0,0,0
TAMAULIPAS,28,GUSTAVO DIAZ ORDAZ,28015,15677,7811,49.82458379,7866,50.17541621,4017,25.62352491,10015,63.88339606,1622,10.34636729,42838.08666,0.365959389,23.02736493,0.542195573,None,45.76296612,5.040611714,None,Muy bajo,None,None,Muy bajo,0.899258509,-1.041699,-98.59028194,26.23396667,0,0,0,0,0,0
TAMAULIPAS,28,HIDALGO,28016,17012,8323,48.92428874,8689,51.07571126,4031,23.6950388,10080,59.2522925,2901,17.0526687,211315.1874,0.080505335,64.01951564,0.205737127,None,69.78389575,12.42845109,None,Bajo,None,None,Bajo,0.871503615,-0.463133,-99.43805556,24.24694444,0,0,0,0,0,0
TAMAULIPAS,28,JAUMAVE,28017,15994,8002,50.03126172,7992,49.96873828,4411,27.57909216,9656,60.37263974,1891,11.82318369,263441.6042,0.060711747,60.69776166,0.51269226,None,60.68660325,12.47729277,None,Bajo,None,None,Bajo,0.866244606,-0.188213,-99.375675,23.40512028,0,0,0,0,0,0
TAMAULIPAS,28,JIMENEZ,28018,6375,3204,50.25882353,3171,49.74117647,1579,24.76862745,3999,62.72941176,797,12.50196078,165173.4726,0.038595786,100,0.219607843,None,60.49394435,5.977414075,None,Bajo,None,None,Muy bajo,0.878063177,-0.791071,-98.48570444,24.21449333,0,0,0,0,0,0
TAMAULIPAS,28,LLERA,28019,14645,7177,49.00648686,7468,50.99351314,3413,23.30488221,8692,59.35131444,2540,17.34380335,254073.7794,0.057640737,100,0.71013998,None,54.90887594,7.613176185,None,Medio,None,None,Bajo,0.851729842,-0.309072,-99.02363028,23.31896,0,0,0,0,0,0
TAMAULIPAS,28,MAINERO,28020,2048,1027,50.14648438,1021,49.85351563,461,22.50976563,1148,56.0546875,439,21.43554688,36038.7356,0.056827743,100,0.09765625,None,57.00049925,8.298052921,None,Bajo,None,None,Bajo,0.866731479,-0.414985,-99.61268806,24.55903972,0,0,0,0,0,0
TAMAULIPAS,28,EL MANTE,28021,106144,55225,52.02837655,50919,47.97162345,23753,22.37809014,69186,65.18126319,13171,12.40861471,161989.5804,0.655252021,25.08761682,0.518164004,None,39.65046931,3.604833821,None,Muy bajo,None,None,Muy bajo,0.908433924,-0.968299,-98.97171806,22.74399917,0,0,0,0,0,0
TAMAULIPAS,28,MATAMOROS,28022,541979,274081,50.57040955,267898,49.42959045,137470,25.36445139,368765,68.04045913,35069,6.470545907,383561.0269,1.413018951,5.764060969,2.104878602,None,34.6128438,3.358388735,None,Muy bajo,None,None,Muy bajo,0.912346596,-1.008687,-97.5048225,25.87991528,0,0,0,0,0,0
TAMAULIPAS,28,MENDEZ,28023,4280,2138,49.95327103,2142,50.04672897,1066,24.90654206,2595,60.63084112,619,14.46261682,250773.4153,0.0170672,100,0.58411215,None,42.28768426,6.153114598,None,Medio,None,None,Bajo,0.840897598,-0.091191,-98.58621722,25.11654806,0,0,0,0,0,0
TAMAULIPAS,28,MIER,28024,6385,3002,47.01644479,3383,52.98355521,1108,17.3531715,4277,66.98512138,1000,15.66170713,91495.50229,0.069784851,5.074393109,1.096319499,None,34.26925556,0.198517564,None,Muy bajo,None,None,Muy bajo,0.917360041,-0.998138,-99.14869417,26.43047028,0,0,0,0,0,0
TAMAULIPAS,28,MIGUEL ALEMAN,28025,26237,12612,48.06952014,13625,51.93047986,5005,19.07611388,18389,70.0880436,2843,10.83584251,63308.39178,0.41443163,29.13823989,0.777527919,None,39.11614873,4.372740712,None,Muy bajo,None,None,Muy bajo,0.914250768,-1.105724,-99.02610917,26.40101778,0,0,0,0,0,0
TAMAULIPAS,28,MIQUIHUANA,28026,3704,1792,48.38012959,1912,51.61987041,1098,29.64362851,2077,56.07451404,487,13.14794816,87575.84123,0.042294769,100,0,None,81.34375865,24.49211182,None,Alto,None,None,Medio,0.792693767,0.654053,-99.75419722,23.57395028,0,0,0,0,0,0
TAMAULIPAS,28,NUEVO LAREDO,28027,425058,215616,50.72625383,209442,49.27374617,112973,26.5782552,283982,66.81017649,27832,6.547812299,121575.8502,3.496237117,0.28890175,1.192307873,None,33.56990401,3.145638913,None,Muy bajo,None,None,Muy bajo,0.922866425,-1.206608,-99.50849278,27.48629139,0,0,0,0,0,0
TAMAULIPAS,28,NUEVO MORELOS,28028,3810,1833,48.11023622,1977,51.88976378,1097,28.79265092,2301,60.39370079,412,10.81364829,29982.83355,0.127072713,100,2.020997375,None,60.19734748,6.483023873,None,Bajo,None,None,Bajo,0.87306885,-0.697172,-99.22133278,22.53447056,0,0,0,0,0,0
TAMAULIPAS,28,OCAMPO,28029,13190,6460,48.97649735,6730,51.02350265,3375,25.58756634,7847,59.49203942,1966,14.90523124,146132.3793,0.090260626,58.6353298,0.689916603,None,56.61146411,8.751790433,None,Bajo,None,None,Bajo,0.865718603,-0.385041,-99.33602389,22.84504028,0,0,0,0,0,0
TAMAULIPAS,28,PADILLA,28030,13618,6767,49.69158467,6851,50.30841533,3619,26.57512116,8315,61.05889264,1684,12.36598619,134426.2832,0.101304594,59.38463798,0.227639888,None,56.05002101,7.204268343,None,Bajo,None,None,Muy bajo,0.884472167,-0.726893,-98.90029417,24.04879861,0,0,0,0,0,0
TAMAULIPAS,28,PALMILLAS,28031,1917,956,49.8695879,961,50.1304121,496,25.87376109,1110,57.9029734,302,15.75378195,47479.16368,0.040375606,100,0.260824204,None,54.87446352,7.356759657,None,Medio,None,None,Bajo,0.842867126,-0.023033,-99.54753944,23.30175917,0,0,0,0,0,0
TAMAULIPAS,28,REYNOSA,28032,704767,354406,50.28697428,350361,49.71302572,183050,25.97312303,481897,68.37678268,37438,5.312110244,311673.4878,2.261235003,1.874378341,2.274652474,None,27.86628614,2.146760968,None,Muy bajo,None,None,Muy bajo,0.920324459,-1.165953,-98.27812917,26.09235,0,0,0,0,0,0
TAMAULIPAS,28,RIO BRAVO,28033,132484,66363,50.09133178,66121,49.90866822,35409,26.727001,86969,65.64490806,10040,7.578273603,156868.3956,0.844555077,8.225898976,1.219015126,None,45.70586839,6.502180791,None,Muy bajo,None,None,Muy bajo,0.903194724,-0.963249,-98.09013833,25.98099639,0,0,0,0,0,0
TAMAULIPAS,28,SAN CARLOS,28034,7411,3556,47.98272838,3855,52.01727162,1691,22.81743354,4363,58.87194711,1357,18.31061935,288419.0721,0.025695249,100,0,None,72.09824027,16.58999584,None,Medio,None,None,Medio,0.828848815,0.242632,-98.943635,24.58177361,0,0,0,0,0,0
TAMAULIPAS,28,SAN FERNoneDO,28035,51405,25693,49.98151931,25712,50.01848069,14121,27.47009046,32261,62.75848653,5020,9.765587005,589064.6965,0.087265457,45.11234316,0.713938333,None,59.19941075,10.54763613,None,Bajo,None,None,Bajo,0.882346042,-0.377312,-98.15962083,24.84867806,0,0,0,0,0,0
TAMAULIPAS,28,SAN NICOLAS,28036,926,432,46.65226782,494,53.34773218,252,27.21382289,572,61.77105832,98,10.58315335,53893.21117,0.017182127,100,0,None,82.88626126,24.13288288,None,Muy alto,None,None,Muy alto,0.687058093,1.871409,-98.82874528,24.69364056,0,0,0,0,0,0
TAMAULIPAS,28,SOTO LA MARINA,28037,23673,11570,48.87424492,12103,51.12575508,6063,25.61145609,15246,64.40248384,2360,9.969163182,632536.3553,0.037425517,52.2198285,1.478477591,None,51.86237032,7.231473041,None,Bajo,None,None,Bajo,0.862383037,-0.071535,-98.20619,23.76703861,0,0,0,0,0,0
TAMAULIPAS,28,TAMPICO,28038,297562,155805,52.36051646,141757,47.63948354,58750,19.74378449,203139,68.26778957,34973,11.75318085,11230.53041,26.49581001,0.063516175,2.155181105,None,28.76631915,2.121892772,None,Muy bajo,None,None,Muy bajo,0.941256827,-1.315869,-97.85838667,22.21606028,0,0,0,0,0,0
TAMAULIPAS,28,TULA,28039,28230,14220,50.37194474,14010,49.62805526,8426,29.84767977,16446,58.25717322,3358,11.89514701,304290.8433,0.092773084,61.11583422,0.400283386,None,62.38685248,11.7203537,None,Medio,None,None,Bajo,0.840994947,0.114784,-99.71299778,22.99687694,0,0,0,0,0,0
TAMAULIPAS,28,VALLE HERMOSO,28040,60055,30613,50.97493964,29442,49.02506036,15374,25.59986679,38840,64.67404879,5827,9.702772459,89123.72242,0.673838551,19.78686204,0.46457414,None,46.68821536,3.308228625,None,Muy bajo,None,None,Muy bajo,0.900981769,-0.949287,-97.81245417,25.67379972,0,0,0,0,0,0
TAMAULIPAS,28,VICTORIA,28041,349688,180459,51.6057171,169229,48.3942829,83245,23.80550662,236254,67.56136899,29907,8.552481069,144767.7288,2.415510714,5.02962641,0.469847407,None,33.35341318,2.739656477,None,Muy bajo,None,None,Muy bajo,0.932110155,-1.25776,-99.15125028,23.73105306,0,0,0,0,0,0
TAMAULIPAS,28,VILLAGRAN,28042,5361,2626,48.98339862,2735,51.01660138,1310,24.4357396,3116,58.12348442,935,17.44077597,127465.0092,0.042058601,100,0.391717963,None,57.46299847,9.487154908,None,Bajo,None,None,Bajo,0.856424857,-0.194795,-99.48811056,24.47319111,0,0,0,0,0,0
TAMAULIPAS,28,XICOTENCATL,28043,22229,11294,50.80750371,10935,49.19249629,5202,23.40186243,14317,64.40685591,2709,12.18678303,86134.67653,0.258072601,53.54266949,0.296909443,None,28.00877521,2.28111691,None,Muy bajo,None,None,Muy bajo,0.897789372,-0.817117,-98.94567722,22.99677167,0,0,0,0,0,0
TLAXCALA,29,AMAXAC DE GUERRERO,29001,11403,5849,51.29351925,5554,48.70648075,2783,24.40585811,7666,67.22792248,943,8.269753574,1110.520429,10.2681587,8.646847321,3.762167851,None,48.85671081,5.723953846,None,Muy bajo,None,None,Muy bajo,0.922162101,-1.020085,-98.16956944,19.35028583,0,0,0,0,0,0
TLAXCALA,29,APETATITLAN DE ANTONIO CARVAJAL,29002,16003,8258,51.60282447,7745,48.39717553,3967,24.78910204,10670,66.67499844,1270,7.936011998,1155.126814,13.85389016,100,2.693245017,None,42.78403714,5.816132639,None,Muy bajo,None,None,Muy bajo,0.906528833,-1.099618,-98.19682167,19.33226028,0,0,0,0,0,0
TLAXCALA,29,ATLANGATEPEC,29003,7087,3629,51.20643432,3458,48.79356568,2019,28.48878228,4485,63.28488782,583,8.2263299,10749.87874,0.65926325,100,1.876675603,None,58.24407857,6.007943385,None,Bajo,None,None,Bajo,0.862169691,-0.458018,-98.20853444,19.53231722,0,0,0,0,0,0
TLAXCALA,29,ATLTZAYANCA,29004,18111,9168,50.62116946,8943,49.37883054,5196,28.68974656,11367,62.76296174,1539,8.497598145,18872.36999,0.959656896,100,0.463806526,None,73.46554633,15.05673018,None,Bajo,None,None,Bajo,0.855479701,-0.228582,-97.79653194,19.43136417,0,0,0,0,0,0
TLAXCALA,29,APIZACO,29005,80725,42258,52.34809539,38467,47.65190461,18768,23.24930319,54696,67.7559616,7192,8.909259833,4339.423889,18.60269982,10.42923506,1.968411273,None,44.19981213,3.511293623,None,Muy bajo,None,None,Muy bajo,0.930350884,-1.162919,-98.14061167,19.41633472,0,0,0,0,0,0
TLAXCALA,29,CALPULALPAN,29006,51172,26556,51.89556789,24616,48.10443211,14219,27.78668022,33399,65.26811538,3518,6.874853435,25238.90902,2.027504436,26.31908075,0.822715548,None,59.86966451,7.199753319,None,Muy bajo,None,None,Muy bajo,0.905348504,-0.879147,-98.57047556,19.58852583,0,0,0,0,0,0
TLAXCALA,29,EL CARMEN TEQUEXQUITLA,29007,17332,8927,51.50588507,8405,48.49411493,5223,30.13501039,11030,63.63951073,1079,6.225478883,5810.645749,2.982801008,19.20147704,0.444264943,None,87.84573762,22.86437049,None,Bajo,None,None,Bajo,0.864534623,0.026757,-97.65915917,19.32458611,0,0,0,0,0,0
TLAXCALA,29,CUAPIAXTLA,29008,16222,8250,50.85686105,7972,49.14313895,4727,29.13944027,10432,64.30773024,1059,6.528171619,8216.395109,1.97434517,37.92380718,0.27740106,None,75.30041642,13.46957653,None,Bajo,None,None,Bajo,0.884335948,-0.419892,-97.76937528,19.29666056,0,0,0,0,0,0
TLAXCALA,29,CUAXOMULCO,29009,5928,3026,51.04588394,2902,48.95411606,1564,26.38326586,3843,64.82793522,499,8.417678812,1657.877258,3.575656745,100,1.265182186,None,55.45792768,5.117524339,None,Bajo,None,None,Bajo,0.884115077,-0.708618,-98.10312222,19.35580722,0,0,0,0,0,0
TLAXCALA,29,CHIAUTEMPAN,29010,73215,37964,51.85276241,35251,48.14723759,17854,24.38571331,47910,65.43741037,5825,7.956019941,7679.931264,9.533288448,27.10100389,6.586082087,None,58.18672574,9.060957146,None,Muy bajo,None,None,Muy bajo,0.912481449,-0.835722,-98.19296139,19.31398,0,0,0,0,0,0
TLAXCALA,29,MUÑOZ DE DOMINGO ARENAS,29011,4755,2464,51.81913775,2291,48.18086225,1296,27.2555205,3066,64.47949527,393,8.264984227,3615.97255,1.314998921,100,0.231335436,None,43.66389422,2.307314993,None,Muy bajo,None,None,Muy bajo,0.885398498,-0.893946,-98.20888583,19.47604972,0,0,0,0,0,0
TLAXCALA,29,ESPAÑITA,29012,9416,4830,51.29566695,4586,48.70433305,2742,29.12064571,5754,61.10875106,902,9.579439252,13887.56757,0.678016503,100,1.030161427,None,69.36567657,7.150715072,None,Bajo,None,None,Bajo,0.871265814,-0.445976,-98.42380667,19.46229944,0,0,0,0,0,0
TLAXCALA,29,HUAMANTLA,29013,98764,51003,51.6412863,47761,48.3587137,28197,28.54987647,64298,65.10266899,6186,6.26341582,34685.18903,2.847440154,18.40650439,0.650034425,None,63.88996752,13.73205253,None,Muy bajo,None,None,Bajo,0.893777024,-0.496353,-97.92310278,19.31265972,0,0,0,0,0,0
TLAXCALA,29,HUEYOTLIPAN,29014,15190,7764,51.11257406,7426,48.88742594,4191,27.59052008,9591,63.14022383,1373,9.038841343,17493.78214,0.868308515,61.09282423,0.770243581,None,76.63504616,8.73831661,None,Muy bajo,None,None,Bajo,0.885837648,-0.657118,-98.34849806,19.46998806,0,0,0,0,0,0
TLAXCALA,29,IXTACUIXTLA DE MARIANO MATAMOROS,29015,38970,20054,51.46009751,18916,48.53990249,9837,25.24249423,25721,66.00205286,3400,8.724659995,16058.01485,2.426825505,69.03258917,1.164998717,None,55.75275889,6.693328926,None,Muy bajo,None,None,Muy bajo,0.891242132,-0.84292,-98.377115,19.32664583,0,0,0,0,0,0
TLAXCALA,29,IXTENCO,29016,7504,3882,51.73240938,3622,48.26759062,1884,25.10660981,4815,64.16577825,805,10.72761194,4416.098779,1.699237353,0.906183369,10.76759062,None,68.22862554,8.035579004,None,Muy bajo,None,None,Bajo,0.900979213,-0.630277,-97.89511111,19.25114417,0,0,0,0,0,0
TLAXCALA,29,MAZATECOCHCO DE JOSE MARIA MORELOS,29017,11592,5773,49.8015873,5819,50.1984127,3257,28.09696342,7495,64.65665977,754,6.504485852,1456.551765,7.958522504,0.103519669,24.89648033,None,90.40664759,27.30223727,None,Bajo,None,None,Bajo,0.879683156,-0.183706,-98.19067944,19.17972583,0,0,0,0,0,0
TLAXCALA,29,CONTLA DE JUAN CUAMATZI,29018,38579,19787,51.28956168,18792,48.71043832,9710,25.16913347,25913,67.16866689,2831,7.33818917,2600.408002,14.83574884,21.15658778,28.88358952,None,64.78560347,13.15326167,None,Muy bajo,None,None,Bajo,0.898092733,-0.622992,-98.16790639,19.33451778,0,0,0,0,0,0
TLAXCALA,29,TEPETITLA DE LARDIZABAL,29019,22274,11575,51.96641825,10699,48.03358175,5852,26.27278441,14993,67.31166382,1424,6.393104068,2298.210724,9.691887592,22.0526174,1.881116997,None,72.06336807,11.2236993,None,Muy bajo,None,None,Muy bajo,0.907234764,-0.826652,-98.38200889,19.26753,0,0,0,0,0,0
TLAXCALA,29,SANCTORUM DE LAZARO CARDENAS,29020,9432,4849,51.4100933,4583,48.5899067,2651,28.10644614,6077,64.42960136,704,7.463952502,9863.289442,0.956273265,44.24300254,0.498303647,None,81.30648288,6.834266638,None,Muy bajo,None,None,Muy bajo,0.895953676,-0.731258,-98.47204111,19.49270472,0,0,0,0,0,0
TLAXCALA,29,NoneACAMILPA DE MARIANO ARISTA,29021,18686,9624,51.50379964,9062,48.49620036,5085,27.21288665,11940,63.89810553,1643,8.792679011,10758.09501,1.736924612,28.28320668,0.733169218,None,67.93549779,5.50040279,None,Muy bajo,None,None,Muy bajo,0.897728882,-0.776124,-98.5363425,19.49316,0,0,0,0,0,0
TLAXCALA,29,ACUAMANALA DE MIGUEL HIDALGO,29022,6432,3248,50.49751244,3184,49.50248756,1720,26.74129353,4324,67.22636816,369,5.736940299,1491.677494,4.311924009,100,5.19278607,None,40.45815972,4.0515625,None,Muy bajo,None,None,Muy bajo,0.892016485,-0.901081,-98.20081306,19.22467472,0,0,0,0,0,0
TLAXCALA,29,NATIVITAS,29023,26309,13584,51.63252119,12725,48.36747881,7030,26.72089399,17077,64.90934661,2197,8.350754495,5221.78729,5.038313232,100,0.927439279,None,61.87746898,10.30342841,None,Bajo,None,None,Bajo,0.878659567,-0.677329,-98.31519417,19.23450833,0,0,0,0,0,0
TLAXCALA,29,PANOTLA,29024,28357,14938,52.67835102,13419,47.32164898,6677,23.54621434,18905,66.66784216,2756,9.71894065,6061.160987,4.678476625,69.33385055,2.084141482,None,44.26962997,6.218004349,None,Muy bajo,None,None,Muy bajo,0.907355366,-0.936495,-98.26723306,19.31512917,0,0,0,0,0,0
TLAXCALA,29,SAN PABLO DEL MONTE,29025,82688,41886,50.65547601,40802,49.34452399,24146,29.20133514,54519,65.93338816,3880,4.692337461,5862.62204,14.10426929,1.194852941,24.81375774,None,73.81513868,17.97515472,None,Muy bajo,None,None,Bajo,0.891704328,-0.383277,-98.17041583,19.11973778,0,0,0,0,0,0
TLAXCALA,29,SANTA CRUZ TLAXCALA,29026,24116,12514,51.89086084,11602,48.10913916,6325,26.2274009,16116,66.82700282,1663,6.895836789,2574.313356,9.367934927,36.1378338,6.982915906,None,48.22515109,5.351718928,None,Muy bajo,None,None,Muy bajo,0.909654026,-0.887356,-98.15037972,19.35579528,0,0,0,0,0,0
TLAXCALA,29,TENoneCINGO,29027,12974,6664,51.364267,6310,48.635733,3456,26.63789117,8280,63.81994759,1120,8.632649915,1317.968481,9.84393799,0.632033297,11.63095422,None,76.30550099,15.56107233,None,Muy bajo,None,None,Bajo,0.901096815,-0.570281,-98.20253,19.14775778,0,0,0,0,0,0
TLAXCALA,29,TEOLOCHOLCO,29028,25257,12881,50.99972285,12376,49.00027715,7118,28.1822861,16502,65.3363424,1611,6.378429742,7622.498011,3.313480694,24.1913133,12.7093479,None,63.12859146,13.68262753,None,Muy bajo,None,None,Bajo,0.898065477,-0.667966,-98.19235139,19.24439444,0,0,0,0,0,0
TLAXCALA,29,TEPEYANCO,29029,13328,6970,52.29591837,6358,47.70408163,3408,25.57022809,8783,65.89885954,1079,8.095738295,1629.610437,8.178641777,100,2.866146459,None,47.2940578,5.208518257,None,Muy bajo,None,None,Muy bajo,0.894194333,-0.904091,-98.23603528,19.24556722,0,0,0,0,0,0
TLAXCALA,29,TERRENATE,29030,15475,7791,50.3457189,7684,49.6542811,4760,30.75928918,9600,62.0355412,1105,7.140549273,15374.49778,1.006536943,63.53473344,0.775444265,None,73.69770446,6.880548258,None,Bajo,None,None,Bajo,0.867769669,-0.279761,-97.91910472,19.4774375,0,0,0,0,0,0
TLAXCALA,29,TETLA DE LA SOLIDARIDAD,29031,35284,18031,51.10248271,17253,48.89751729,9409,26.66647772,23534,66.69878699,2260,6.405169482,16880.29258,2.09024813,11.80421721,1.334882666,None,53.39071566,5.417513292,None,Muy bajo,None,None,Muy bajo,0.91227199,-0.839734,-98.10405222,19.44141556,0,0,0,0,0,0
TLAXCALA,29,TETLATLAHUCA,29032,13561,7040,51.9135757,6521,48.0864243,3384,24.95391195,8966,66.11606814,1211,8.93001991,2599.99134,5.215786603,100,0.626797434,None,52.48385647,5.893174883,None,Muy bajo,None,None,Muy bajo,0.891305214,-0.932933,-98.29572833,19.23163944,0,0,0,0,0,0
TLAXCALA,29,TLAXCALA,29033,99896,52644,52.69880676,47252,47.30119324,21755,21.77764875,69712,69.78457596,8368,8.37671178,5169.085117,19.32566358,11.89837431,2.832946264,None,25.0366668,1.353542693,None,Muy bajo,None,None,Muy bajo,0.942090741,-1.280656,-98.23764028,19.31655278,0,0,0,0,0,0
TLAXCALA,29,TLAXCO,29034,45438,23361,51.4129143,22077,48.5870857,13363,29.40930499,28736,63.24222017,3326,7.319864431,57186.55558,0.794557384,60.43399798,0.693252344,None,67.5362082,8.200046964,None,Bajo,None,None,Bajo,0.87185215,-0.452463,-98.11920111,19.61488944,0,0,0,0,0,0
TLAXCALA,29,TOCATLAN,29035,6294,3175,50.44486813,3119,49.55513187,1728,27.45471878,4097,65.09374007,442,7.022561169,1417.057874,4.441596999,1.016841436,0.921512552,None,71.68105127,8.379299156,None,Muy bajo,None,None,Muy bajo,0.904625736,-0.750991,-98.03193111,19.39045194,0,0,0,0,0,0
TLAXCALA,29,TOTOLAC,29036,22529,11801,52.38137512,10728,47.61862488,5338,23.69390563,15136,67.18451773,1952,8.664388122,1373.372496,16.40414386,66.33672156,3.77291491,None,42.11768267,5.018177567,None,Muy bajo,None,None,Muy bajo,0.915445903,-1.147048,-98.25841333,19.32564417,0,0,0,0,0,0
TLAXCALA,29,ZILTLALTEPEC DE TRINIDAD SANCHEZ SANTOS,29037,9207,4768,51.78668404,4439,48.21331596,2745,29.81427175,5588,60.69295102,861,9.351580319,7668.44988,1.200633784,24.774628,1.824698599,None,78.73029366,17.13336277,None,Medio,None,None,Bajo,0.851748449,0.065168,-97.90875639,19.20472972,0,0,0,0,0,0
TLAXCALA,29,TZOMPANTEPEC,29038,18006,9270,51.48283905,8736,48.51716095,4607,25.58591581,12205,67.78296124,1151,6.392313673,3818.352269,4.715646628,29.86782184,1.621681662,None,47.28390736,6.619914206,None,Muy bajo,None,None,Muy bajo,0.909907964,-0.818972,-98.09117139,19.37606222,0,0,0,0,0,0
TLAXCALA,29,XALOZTOC,29039,25607,12861,50.22454798,12746,49.77545202,7254,28.32819151,16682,65.14624907,1645,6.424024681,4127.128161,6.204556534,53.77045339,0.972390362,None,65.84346714,10.19921956,None,Muy bajo,None,None,Muy bajo,0.894886734,-0.808225,-98.04882306,19.40418028,0,0,0,0,0,0
TLAXCALA,29,XALTOCAN,29040,10601,5588,52.7120083,5013,47.2879917,2673,25.2146024,6822,64.35241958,1073,10.12168663,10221.42555,1.037135177,100,0.490519762,None,55.86670123,5.823482293,None,Bajo,None,None,Muy bajo,0.878984812,-0.748285,-98.21064889,19.42380889,0,0,0,0,0,0
TLAXCALA,29,PAPALOTLA DE XICOHTENCATL,29041,33499,17317,51.69408042,16182,48.30591958,8986,26.82468133,22094,65.95420759,2326,6.94349085,2312.626799,14.4852598,14.45416281,4.904624019,None,64.58137398,12.14582345,None,Muy bajo,None,None,Muy bajo,0.90955749,-0.781124,-98.20458639,19.1698525,0,0,0,0,0,0
TLAXCALA,29,XICOHTZINCO,29042,14197,7435,52.37021906,6762,47.62978094,3451,24.30795238,9487,66.8239769,1239,8.727195886,728.1982013,19.49606573,0,1.760935409,None,51.15161263,6.6910535,None,Muy bajo,None,None,Muy bajo,0.923283813,-0.976577,-98.23372222,19.17503389,0,0,0,0,0,0
TLAXCALA,29,YAUHQUEMEHCAN,29043,42242,21854,51.73523981,20388,48.26476019,10336,24.46853842,29023,68.70650064,2769,6.555087354,3717.953557,11.36162659,41.76885564,1.311490933,None,48.97974361,6.186663052,None,Muy bajo,None,None,Muy bajo,0.920908903,-1.118082,-98.18401083,19.40501,0,0,0,0,0,0
TLAXCALA,29,ZACATELCO,29044,45717,23777,52.00909946,21940,47.99090054,11662,25.5091104,30485,66.68197826,3497,7.649233327,2934.320424,15.58009808,0.284358116,1.472100094,None,57.73139135,6.613420069,None,Muy bajo,None,None,Muy bajo,0.914002453,-0.902429,-98.24022639,19.21615,0,0,0,0,0,0
TLAXCALA,29,BENITO JUAREZ,29045,6211,3248,52.29431654,2963,47.70568346,1826,29.39945258,3997,64.35356625,378,6.085976493,2545.066377,2.440407864,0.41861214,0.434712607,None,80.68391085,4.464128843,None,Muy bajo,None,None,Bajo,0.910536944,-0.62745,-98.4263575,19.58451361,0,0,0,0,0,0
TLAXCALA,29,EMILIANO ZAPATA,29046,4951,2524,50.97960008,2427,49.02039992,1514,30.57968087,3124,63.09836397,305,6.160371642,4959.023045,0.998382132,100,0.222177338,None,83.68857143,4.774693878,None,Medio,None,None,Bajo,0.853498428,-0.214266,-97.91720056,19.55880583,0,0,0,0,0,0
TLAXCALA,29,LAZARO CARDENAS,29047,3534,1799,50.90548953,1735,49.09451047,1033,29.2303339,2250,63.6672326,251,7.102433503,2528.810762,1.397494843,100,0.311262026,None,75.91455235,3.364246136,None,Bajo,None,None,Muy bajo,0.872823376,-0.733188,-97.98319056,19.53876389,0,0,0,0,0,0
TLAXCALA,29,LA MAGDALENA TLALTELULCO,29048,19036,9596,50.40974995,9440,49.59025005,443,2.327169573,1140,5.988653078,103,0.541080059,1175.106941,16.1993767,0,0.462281992,None,None,None,None,Muy bajo,None,None,Alto,0.920055993,1.348312,-98.19496167,19.277355,0,0,0,0,0,0
TLAXCALA,29,SAN DAMIAN TEXOLOC,29049,5884,2962,50.33990483,2922,49.66009517,1364,23.18150918,3892,66.14547927,574,9.755268525,1015.175709,5.796040969,0.883752549,0.832766825,None,56.59332748,3.952941177,None,Muy bajo,None,None,Muy bajo,0.924703026,-0.971469,-98.28462389,19.27843167,0,0,0,0,0,0
TLAXCALA,29,SAN FRANCISCO TETLANOHCAN,29050,11761,6119,52.02788878,5642,47.97211122,3195,27.16605731,7628,64.85843041,926,7.873480146,3929.375141,2.993096759,0.127540175,33.81515177,None,67.37610275,12.62748223,None,Muy bajo,None,None,Bajo,0.902770287,-0.620389,-98.16355028,19.26007833,0,0,0,0,0,0
TLAXCALA,29,SAN JERONIMO ZACUALPAN,29051,4092,2152,52.59042033,1940,47.40957967,999,24.41348974,2679,65.46920821,408,9.970674487,774.4235312,5.28393035,100,0.684261975,None,53.59452674,4.479538037,None,Muy bajo,None,None,Bajo,0.894404297,-0.708141,-98.26261722,19.24171194,0,0,0,0,0,0
TLAXCALA,29,SAN JOSE TEACALCO,29052,6436,3279,50.94779366,3157,49.05220634,1792,27.84338098,4095,63.62647607,549,8.530142946,3578.527435,1.798505144,4.008701057,1.041019267,None,81.03873631,11.78726782,None,Muy bajo,None,None,Bajo,0.889591211,-0.445369,-98.06442306,19.33570417,0,0,0,0,0,0
TLAXCALA,29,SAN JUAN HUACTZINCO,29053,7688,4011,52.17221644,3677,47.82778356,2005,26.07960458,5038,65.53069719,598,7.778355879,453.4349574,16.95502271,0.117065557,3.563995838,None,64.92450047,10.08153413,None,Muy bajo,None,None,Muy bajo,0.913557706,-0.890125,-98.25030056,19.23794556,0,0,0,0,0,0
TLAXCALA,29,SAN LORENZO AXOCOMANITLA,29054,5689,2922,51.36227808,2767,48.63772192,1392,24.4682721,3790,66.61979258,507,8.911935314,447.2528383,12.71987456,0.087888908,0.914044648,None,53.63480794,3.886947024,None,Muy bajo,None,None,Muy bajo,0.923998176,-0.978092,-98.24887389,19.22522361,0,0,0,0,0,0
TLAXCALA,29,SAN LUCAS TECOPILCO,29055,3077,1536,49.91875203,1541,50.08124797,756,24.56938577,1996,64.86837829,313,10.17224569,2863.009655,1.074743145,100,0.909977251,None,75.22104567,6.197220384,None,Bajo,None,None,Muy bajo,0.881923464,-0.792813,-98.25654222,19.48498917,0,0,0,0,0,0
TLAXCALA,29,SANTA ANA NOPALUCAN,29056,7952,4052,50.95573441,3900,49.04426559,2040,25.65392354,5305,66.71277666,592,7.444668008,914.850079,8.692134572,0.012575453,1.244969819,None,69.96574803,7.042650919,None,Muy bajo,None,None,Muy bajo,0.910640826,-0.826751,-98.33418917,19.29983556,0,0,0,0,0,0
TLAXCALA,29,SANTA APOLONIA TEACALCO,29057,4636,2392,51.59620362,2244,48.40379638,1152,24.84900777,3022,65.18550475,437,9.426229508,792.350823,5.850943629,100,0.539257981,None,62.85458212,9.311673762,None,Muy bajo,None,None,Muy bajo,0.893297524,-0.915106,-98.30866917,19.23716833,0,0,0,0,0,0
TLAXCALA,29,SANTA CATARINA AYOMETLA,29058,9463,4896,51.73834936,4567,48.26165064,2371,25.05547923,6289,66.45883969,803,8.485681074,1003.667646,9.428419893,0.052837367,3.899397654,None,61.3614927,6.126987561,None,Muy bajo,None,None,Muy bajo,0.911257136,-0.786732,-98.21441833,19.19991889,0,0,0,0,0,0
TLAXCALA,29,SANTA CRUZ QUILEHTLA,29059,7750,3921,50.59354839,3829,49.40645161,2251,29.04516129,5016,64.72258065,474,6.116129032,540.8105466,14.33034183,28.29677419,7.84516129,None,72.68983028,6.25497795,None,Muy bajo,None,None,Muy bajo,0.89936087,-0.749886,-98.22201778,19.21317972,0,0,0,0,0,0
TLAXCALA,29,SANTA ISABEL XILOXOXTLA,29060,5443,2786,51.18500827,2657,48.81499173,1430,26.27227632,3660,67.2423296,341,6.26492743,601.2101791,9.053406262,0,2.976299835,None,60.80545113,5.198496241,None,Muy bajo,None,None,Muy bajo,0.916641656,-0.78129,-98.21355806,19.26806444,0,0,0,0,0,0
VERACRUZ,30,ACAJETE,30001,9701,4781,49.28357901,4920,50.71642099,2675,27.57447686,6309,65.03453252,717,7.39099062,9689.552916,1.001181384,100,0.329862901,None,72.76631403,20.67005342,None,Medio,None,None,Medio,0.830879925,0.264612,-97.01045361,19.58697444,0,0,0,0,0,0
VERACRUZ,30,ACATLAN,30002,3441,1775,51.58384191,1666,48.41615809,964,28.01511189,2192,63.70241209,285,8.282476024,1815.137559,1.895724092,100,1.336820692,None,77.54053254,12.80059172,None,Medio,None,None,Bajo,0.851532823,-0.125629,-96.84217472,19.69692417,0,0,0,0,0,0
VERACRUZ,30,ACAYUCAN,30003,80815,42298,52.33929345,38517,47.66070655,19818,24.52267525,53279,65.92711749,7706,9.535358535,65446.78799,1.234819958,39.90348326,8.139578049,None,63.06395182,14.30680989,None,Bajo,None,None,Bajo,0.860780701,-0.406473,-94.91387083,17.9488225,0,0,0,0,0,0
VERACRUZ,30,ACTOPAN,30004,41742,21132,50.62526951,20610,49.37473049,8388,20.09486848,27624,66.17795027,5727,13.71999425,85240.57033,0.489696395,100,0.325810934,None,50.95430871,9.318548823,None,Bajo,None,None,Bajo,0.861011045,-0.499064,-96.61688139,19.50405111,0,0,0,0,0,0
VERACRUZ,30,ACULA,30005,5253,2583,49.17190177,2670,50.82809823,1208,22.99638302,3337,63.52560442,708,13.47801256,18256.94066,0.287726191,100,0.380734818,None,57.47010711,7.628627069,None,Alto,None,None,Medio,0.811354753,0.12576,-95.77458389,18.50603056,0,0,0,0,0,0
VERACRUZ,30,ACULTZINGO,30006,23100,11922,51.61038961,11178,48.38961039,6932,30.00865801,14559,63.02597403,1609,6.965367965,16823.6145,1.373069979,66.35064935,27.08225108,None,81.21813436,30.54134832,None,Alto,None,None,Medio,0.801078368,0.756299,-97.30283722,18.71876278,0,0,0,0,0,0
VERACRUZ,30,CAMARON DE TEJEDA,30007,6538,3343,51.1318446,3195,48.8681554,1573,24.05934537,4203,64.28571429,762,11.65494035,12347.88048,0.529483583,100,0.015295197,None,56.40296663,11.06566749,None,Medio,None,None,Bajo,0.830827547,0.116971,-96.61497556,19.02117472,0,0,0,0,0,0
VERACRUZ,30,ALPATLAHUAC,30008,10338,5304,51.30586187,5034,48.69413813,3403,32.91739215,6086,58.87018766,849,8.212420197,7052.675927,1.465826604,100,1.035016444,None,82.56267251,29.8287554,None,Alto,None,None,Medio,0.805837092,0.947502,-97.09315194,19.11995083,0,0,0,0,0,0
VERACRUZ,30,ALTO LUCERO DE GUTIERREZ BARRIOS,30009,28184,14178,50.30513767,14006,49.69486233,6083,21.58316775,18198,64.56854953,3898,13.83054215,64143.87581,0.439387231,81.41498723,0.439965938,None,63.14549939,4.773141709,None,Bajo,None,None,Bajo,0.855540816,-0.350893,-96.73361944,19.62352472,0,0,0,0,0,0
VERACRUZ,30,ALTOTONGA,30010,64234,33707,52.47532459,30527,47.52467541,20297,31.59853037,39314,61.20434661,4623,7.197123019,32629.98162,1.968557652,66.31067659,3.010866519,None,87.24239719,28.14423891,None,Medio,None,None,Medio,0.830003104,0.41248,-97.24552611,19.76614889,0,0,0,0,0,0
VERACRUZ,30,ALVARADO,30011,57035,29097,51.01604278,27938,48.98395722,11487,20.14026475,38904,68.21074779,6637,11.6367143,69097.83899,0.825423788,52.51862891,0.666257561,None,30.01723167,3.547436064,None,Muy bajo,None,None,Muy bajo,0.901316691,-0.788004,-95.76392917,18.7742775,0,0,0,0,0,0
VERACRUZ,30,AMATITLAN,30012,7866,4018,51.08060005,3848,48.91939995,1611,20.4805492,5110,64.96313247,1145,14.55631833,12966.03198,0.606662085,100,0.228832952,None,43.15691318,4.667781351,None,Medio,None,None,Bajo,0.833157513,-0.073473,-95.73327944,18.43234389,0,0,0,0,0,0
VERACRUZ,30,NARANJOS AMATLAN,30013,26843,14174,52.80333793,12669,47.19666207,5999,22.34847074,17264,64.31471892,3580,13.33681034,13467.75773,1.993130597,28.20474612,5.67745781,None,48.73057719,8.682720983,None,Muy bajo,None,None,Muy bajo,0.892032758,-0.763646,-97.68625167,21.3469025,0,0,0,0,0,0
VERACRUZ,30,AMATLAN DE LOS REYES,30014,46955,24181,51.498243,22774,48.501757,11106,23.65243318,31585,67.26653179,4259,9.07038654,15078.33892,3.114069809,65.28804174,2.860185284,None,55.47311037,11.11756526,None,Bajo,None,None,Bajo,0.868791303,-0.461374,-96.91548389,18.84757833,0,0,0,0,0,0
VERACRUZ,30,ANGEL R. CABADA,30015,33839,17325,51.19832146,16514,48.80167854,7295,21.55796566,21976,64.94281746,4565,13.49035137,42899.97895,0.788788266,60.91787582,0.877685511,None,59.73288823,12.76970963,None,Medio,None,None,Bajo,0.844153977,-0.091346,-95.44272528,18.59548167,0,0,0,0,0,0
VERACRUZ,30,LA ANTIGUA,30016,28682,14945,52.10585036,13737,47.89414964,6293,21.94058992,19451,67.81605188,2937,10.2398717,12872.33188,2.228189909,29.69458197,0.850707761,None,43.91250595,5.595428406,None,Muy bajo,None,None,Muy bajo,0.905739822,-0.964394,-96.37138944,19.36683028,0,0,0,0,0,0
VERACRUZ,30,APAZAPAN,30017,4709,2346,49.81949458,2363,50.18050542,1046,22.21278403,3007,63.85644511,656,13.93077086,6730.827379,0.699616813,100,0.191123381,None,45.06123779,6.547665581,None,Bajo,None,None,Bajo,0.87209041,-0.646345,-96.71864944,19.3204225,0,0,0,0,0,0
VERACRUZ,30,AQUILA,30018,1978,1049,53.03336704,929,46.96663296,703,35.54095046,1124,56.82507583,151,7.633973711,2060.243205,0.960080827,100,4.095045501,None,91.12043232,40.36850232,None,Alto,None,None,Alto,0.779512321,1.004,-97.30812333,18.79573528,0,0,0,0,0,0
VERACRUZ,30,ASTACINGA,30019,6909,3708,53.66912723,3201,46.33087277,2526,36.56100738,3962,57.34549139,421,6.09350123,2973.309339,2.32367346,100,98.7986684,None,93.6630133,45.19625895,None,Alto,None,None,Muy alto,0.769926135,2.232565,-97.10207611,18.56683,0,0,0,0,0,0
VERACRUZ,30,ATLAHUILCO,30020,11577,5983,51.68005528,5594,48.31994472,3678,31.76988857,7186,62.07134836,713,6.158763065,6194.94146,1.868782792,100,97.90964844,None,94.59628423,53.73478912,None,Muy alto,None,None,Muy alto,0.756018614,2.400073,-97.09068556,18.69742722,0,0,0,0,0,0
VERACRUZ,30,ATOYAC,30021,23461,12110,51.61757811,11351,48.38242189,5642,24.04842078,15182,64.71164912,2637,11.2399301,12228.70835,1.918518238,39.05204382,0.924939261,None,58.871338,9.40246059,None,Bajo,None,None,Bajo,0.86181005,-0.258284,-96.77827389,18.91428861,0,0,0,0,0,0
VERACRUZ,30,ATZACAN,30022,22651,11526,50.88517063,11125,49.11482937,6492,28.66098627,14524,64.12078937,1635,7.218224361,6506.928148,3.481058878,32.14427619,1.280296676,None,81.90419195,30.15488763,None,Medio,None,None,Medio,0.832385792,0.508128,-97.08390472,18.90696778,0,0,0,0,0,0
VERACRUZ,30,ATZALAN,30023,49180,24801,50.42903619,24379,49.57096381,13831,28.12322082,30356,61.72427816,4992,10.15046767,51830.60457,0.948860242,100,0.744204961,None,73.03271638,18.09928291,None,Alto,None,None,Medio,0.80769108,0.383122,-97.24414278,19.78907583,0,0,0,0,0,0
VERACRUZ,30,TLALTETELA,30024,16485,8167,49.54200789,8318,50.45799211,4654,28.23172581,10580,64.17955717,1251,7.588717015,27628.25156,0.596671851,65.50803761,0.873521383,None,80.21685452,20.37129326,None,Medio,None,None,Medio,0.830188508,0.379312,-96.90258556,19.31465972,0,0,0,0,0,0
VERACRUZ,30,AYAHUALULCO,30025,27217,13979,51.36128155,13238,48.63871845,9904,36.38902157,15315,56.26997832,1998,7.34100011,17202.45434,1.582157956,100,0.701767278,None,95.90783014,24.15036608,None,Alto,None,None,Alto,0.777016045,1.157355,-97.14880333,19.35158556,0,0,0,0,0,0
VERACRUZ,30,BANDERILLA,30026,25993,13772,52.98349556,12221,47.01650444,6139,23.61789713,17970,69.13399761,1878,7.225022121,1967.508065,13.21112755,12.43796407,0.981033355,None,46.1366149,5.861134729,None,Muy bajo,None,None,Muy bajo,0.914332855,-0.938104,-96.94088444,19.59160667,0,0,0,0,0,0
VERACRUZ,30,BENITO JUAREZ,30027,16120,8332,51.68734491,7788,48.31265509,4257,26.40818859,9681,60.05583127,2182,13.53598015,23060.36045,0.69903504,100,94.65880893,None,81.82911861,30.84578169,None,Alto,None,None,Alto,0.766942978,1.588508,-98.20544472,20.88656083,0,0,0,0,0,0
VERACRUZ,30,BOCA DEL RIO,30028,144550,76565,52.9678312,67985,47.0321688,25379,17.55724663,99846,69.07367693,19091,13.20719474,3695.797139,39.11199521,1.764787271,1.33863715,None,35.06947626,4.000311075,None,Muy bajo,None,None,Muy bajo,0.938551218,-1.253,-96.10665139,19.10543889,0,0,0,0,0,0
VERACRUZ,30,CALCAHUALCO,30029,13701,6939,50.64593825,6762,49.35406175,4887,35.66892928,7934,57.90818188,880,6.42288884,13340.34256,1.027035096,100,3.167651996,None,92.71174751,45.11275208,None,Alto,None,None,Alto,0.787600229,1.412914,-97.08526389,19.12229111,0,0,0,0,0,0
VERACRUZ,30,CAMERINO Z. MENDOZA,30030,41835,22148,52.94131708,19687,47.05868292,9684,23.14808175,27407,65.51213099,4734,11.31588383,2081.636463,20.0971691,16.70371698,24.25242022,None,63.18012225,21.84615614,None,Bajo,None,None,Bajo,0.875675879,-0.326265,-97.18471722,18.80424083,0,0,0,0,0,0
VERACRUZ,30,CARRILLO PUERTO,30031,18888,9551,50.56649725,9337,49.43350275,5253,27.81130877,12091,64.0141889,1544,8.17450233,24860.84939,0.75974878,100,0.455315544,None,75.23645136,23.11031575,None,Alto,None,None,Medio,0.793972913,0.541724,-96.57105972,18.79989139,0,0,0,0,0,0
VERACRUZ,30,CATEMACO,30032,49451,25852,52.27801258,23599,47.72198742,13002,26.29269378,31649,64.00072799,4790,9.686356191,64558.18551,0.765991169,42.05375018,1.2780328,None,81.52826681,27.83525477,None,Medio,None,None,Bajo,0.847621484,-0.03236,-95.11233917,18.42461472,0,0,0,0,0,0
VERACRUZ,30,CAZONES DE HERRERA,30033,24421,12575,51.49256787,11846,48.50743213,6618,27.09962737,15135,61.97534908,2666,10.91683387,26606.09612,0.917872351,100,24.67548421,None,76.86822772,25.10452242,None,Alto,None,None,Medio,0.810280828,0.259668,-97.31232056,20.703285,0,0,0,0,0,0
VERACRUZ,30,CERRO AZUL,30034,25011,13413,53.6284035,11598,46.3715965,5469,21.86637879,15922,63.6599896,3607,14.42165447,9017.597055,2.773577024,14.76550318,3.498460677,None,57.26331012,12.37658765,None,Muy bajo,None,None,Muy bajo,0.897901229,-0.881375,-97.74231861,21.19146667,0,0,0,0,0,0
VERACRUZ,30,CITLALTEPETL,30035,11165,5687,50.93596059,5478,49.06403941,3028,27.12046574,6481,58.04746977,1650,14.77832512,8048.608679,1.387196278,54.59023735,28.75951635,None,83.6754684,31.56517478,None,Medio,None,None,Medio,0.832987866,0.23809,-97.879275,21.32846806,0,0,0,0,0,0
VERACRUZ,30,COACOATZINTLA,30036,11018,5689,51.63369032,5329,48.36630968,3291,29.86930477,7008,63.60500998,719,6.525685242,4366.195037,2.52347866,27.60029043,0.599019786,None,84.35189984,20.01146001,None,Bajo,None,None,Bajo,0.859082983,-0.085091,-96.94514083,19.65310611,0,0,0,0,0,0
VERACRUZ,30,COAHUITLAN,30037,8176,4186,51.19863014,3990,48.80136986,2512,30.72407045,4969,60.77544031,695,8.500489237,4144.255342,1.972851411,100,65.03180039,None,93.75312697,45.20631712,None,Alto,None,None,Alto,0.773058969,1.009407,-97.71487472,20.27506167,0,0,0,0,0,0
VERACRUZ,30,COATEPEC,30038,93911,48815,51.98006623,45096,48.01993377,20404,21.72695424,64138,68.29657868,9312,9.915771315,20113.03276,4.669161589,31.82907221,0.646356657,None,52.98024482,7.649638532,None,Muy bajo,None,None,Muy bajo,0.90283389,-0.797276,-96.96027417,19.45466056,0,0,0,0,0,0
VERACRUZ,30,COATZACOALCOS,30039,310698,161559,51.99872545,149139,48.00127455,68080,21.91195309,214577,69.06288422,27371,8.809519212,29307.62585,10.60126813,2.847137735,4.847150609,None,43.48890064,6.121947748,None,Muy bajo,None,None,Muy bajo,0.920431122,-1.077944,-94.45300139,18.13788278,0,0,0,0,0,0
VERACRUZ,30,COATZINTLA,30040,55016,28724,52.2102661,26292,47.7897339,13116,23.84033736,36854,66.98778537,5016,9.117347681,27545.17729,1.997300632,38.12890795,13.0689254,None,46.50365592,10.31068359,None,Muy bajo,None,None,Muy bajo,0.893429609,-0.741693,-97.46078194,20.48236333,0,0,0,0,0,0
VERACRUZ,30,COETZALA,30041,2355,1199,50.91295117,1156,49.08704883,596,25.30785563,1545,65.60509554,214,9.087048832,940.1794023,2.504841091,100,44.50106157,None,72.01305483,28.44691036,None,Muy alto,None,None,Alto,0.747622015,1.294715,-96.91669222,18.78563639,0,0,0,0,0,0
VERACRUZ,30,COLIPA,30042,5743,2899,50.47884381,2844,49.52115619,1473,25.64861571,3479,60.57809507,791,13.77328922,12950.20876,0.443467755,100,0.296012537,None,67.68358474,20.81774623,None,Alto,None,None,Medio,0.805666932,0.35393,-96.72673,19.92399972,0,0,0,0,0,0
VERACRUZ,30,COMAPA,30043,19876,9901,49.81384584,9975,50.18615416,5397,27.15335077,12722,64.00684242,1757,8.839806802,30933.26388,0.642544546,73.94848058,0.246528477,None,88.34972734,27.96625022,None,Alto,None,None,Medio,0.785213394,0.817829,-96.88623139,19.16462889,0,0,0,0,0,0
VERACRUZ,30,CORDOBA,30044,204721,108761,53.12645014,95960,46.87354986,47093,23.00350233,137810,67.31600569,19779,9.661441669,15912.86315,12.86512666,22.59660709,3.706019412,None,47.35914304,6.368414218,None,Muy bajo,None,None,Muy bajo,0.904036568,-0.874182,-96.93534917,18.89438389,0,0,0,0,0,0
VERACRUZ,30,COSAMALOAPAN DE CARPIO,30045,54737,28858,52.72119407,25879,47.27880593,11792,21.54301478,36115,65.9791366,6828,12.47419479,50965.22177,1.074006903,46.87140326,6.536711913,None,47.52611615,8.314416166,None,Bajo,None,None,Bajo,0.874768501,-0.531272,-95.79635861,18.36477389,0,0,0,0,0,0
VERACRUZ,30,COSAUTLAN DE CARVAJAL,30046,16167,8187,50.64019299,7980,49.35980701,4211,26.04688563,10378,64.19249088,1578,9.760623492,7616.86298,2.12252735,100,0.179377745,None,80.80977981,15.00082596,None,Medio,None,None,Medio,0.827267593,0.384483,-96.99136444,19.33264361,0,0,0,0,0,0
VERACRUZ,30,COSCOMATEPEC,30047,59471,30756,51.7159624,28715,48.2840376,19573,32.91183938,36282,61.0078862,3579,6.018059222,15733.64743,3.77986098,48.65901027,0.607018547,None,89.08383787,37.16314119,None,Alto,None,None,Medio,0.82381465,0.785139,-97.04642056,19.07289833,0,0,0,0,0,0
VERACRUZ,30,COSOLEACAQUE,30048,130903,68746,52.51674904,62157,47.48325096,30698,23.45095223,89816,68.61263684,10255,7.834045056,26895.74329,4.8670527,30.95116231,9.510095261,None,53.21923432,9.399743866,None,Muy bajo,None,None,Muy bajo,0.887909682,-0.777904,-94.63569417,17.998595,0,0,0,0,0,0
VERACRUZ,30,COTAXTLA,30049,22050,11182,50.71201814,10868,49.28798186,5200,23.58276644,14655,66.46258503,2195,9.954648526,53499.22649,0.412155492,100,0.725623583,None,52.36494609,13.02691831,None,Medio,None,None,Bajo,0.838515481,-0.222578,-96.39541972,18.83552583,0,0,0,0,0,0
VERACRUZ,30,COXQUIHUI,30050,16333,8431,51.6194208,7902,48.3805792,4719,28.89242638,9761,59.76244413,1852,11.33900692,7965.697309,2.050416852,100,86.32829241,None,86.92863509,41.95583733,None,Muy alto,None,None,Alto,0.737427305,1.271154,-97.58627056,20.18473722,0,0,0,0,0,0
VERACRUZ,30,COYUTLA,30051,23096,11955,51.76220991,11141,48.23779009,6646,28.77554555,14143,61.23571181,2307,9.988742639,23221.37855,0.994600728,60.54295116,78.57204711,None,83.93729776,30.02292898,None,Alto,None,None,Medio,0.797810895,0.560961,-97.65769722,20.24712167,0,0,0,0,0,0
VERACRUZ,30,CUICHAPA,30052,11869,6224,52.43912714,5645,47.56087286,3125,26.32909259,7590,63.94810009,1149,9.680680765,3457.147856,3.433176854,100,4.541241891,None,64.28116652,19.25851468,None,Medio,None,None,Bajo,0.853499692,-0.283663,-96.86922389,18.77351,0,0,0,0,0,0
VERACRUZ,30,CUITLAHUAC,30053,28075,14565,51.87889581,13510,48.12110419,7404,26.37221728,18020,64.18521817,2636,9.389136242,14970.46113,1.875359734,49.0507569,1.649154052,None,54.63903919,8.995895854,None,Bajo,None,None,Bajo,0.87784192,-0.562989,-96.72232278,18.81453944,0,0,0,0,0,0
VERACRUZ,30,CHACALTIANGUIS,30054,11461,5887,51.36550039,5574,48.63449961,2429,21.19361312,7300,63.69426752,1732,15.11211936,28641.84521,0.4001488,100,0.444987348,None,57.22674832,9.285668973,None,Medio,None,None,Bajo,0.843283818,-0.246782,-95.84139028,18.30533639,0,0,0,0,0,0
VERACRUZ,30,CHALMA,30055,13527,7006,51.79271087,6521,48.20728913,3492,25.81503659,8017,59.26665188,2018,14.91831153,15059.61979,0.898229848,100,53.3673394,None,67.76908145,18.95781476,None,Alto,None,None,Medio,0.793138997,0.700864,-98.39760306,21.20839111,0,0,0,0,0,0
VERACRUZ,30,CHICONAMEL,30056,6610,3467,52.45083207,3143,47.54916793,1920,29.04689864,3774,57.09531014,916,13.85779123,9177.714825,0.720222858,100,79.24357035,None,73.53975606,27.03952447,None,Alto,None,None,Medio,0.788411135,0.809519,-98.45951306,21.23055556,0,0,0,0,0,0
VERACRUZ,30,CHICONQUIACO,30057,13881,6951,50.07564297,6930,49.92435703,4254,30.64620705,8537,61.50133276,1090,7.852460197,13284.76361,1.044881219,100,0.56191917,None,94.0833578,27.82734516,None,Alto,None,None,Medio,0.798685591,0.751513,-96.81880833,19.74209611,0,0,0,0,0,0
VERACRUZ,30,CHICONTEPEC,30058,53858,27644,51.32756508,26214,48.67243492,12484,23.17947194,32536,60.41070964,8838,16.40981841,92808.91039,0.58031066,100,84.20476067,None,73.18766663,25.23184912,None,Alto,None,None,Medio,0.81546873,0.731693,-98.17834417,20.971975,0,0,0,0,0,0
VERACRUZ,30,CHINAMECA,30059,22638,11708,51.71834968,10930,48.28165032,5604,24.754837,15019,66.34420002,2015,8.900962983,17414.07248,1.299983104,38.27193215,6.113614277,None,63.03430828,16.18210213,None,Medio,None,None,Bajo,0.848329135,-0.141379,-94.68305556,18.01777778,0,0,0,0,0,0
VERACRUZ,30,CHINAMPA DE GOROSTIZA,30060,16283,8356,51.31732482,7927,48.68267518,4272,26.23595161,10190,62.58060554,1787,10.97463612,13888.27497,1.172427824,63.22544986,11.77915618,None,73.39402475,20.6108472,None,Alto,None,None,Medio,0.815851173,0.30622,-97.73533806,21.35959944,0,0,0,0,0,0
VERACRUZ,30,LAS CHOAPAS,30061,81080,41731,51.46891959,39349,48.53108041,24875,30.67957573,49423,60.95584608,6765,8.343611248,350077.1158,0.231606113,42.14479526,8.131475086,None,74.00413989,25.32194733,None,Alto,None,None,Bajo,0.821586748,0.112537,-94.09027611,17.90932583,0,0,0,0,0,0
VERACRUZ,30,CHOCAMAN,30062,20839,10561,50.67901531,10278,49.32098469,5879,28.21152646,13443,64.50885359,1517,7.279619943,4410.841014,4.724495835,43.04909065,1.17088152,None,78.30128935,29.7469873,None,Medio,None,None,Medio,0.843687234,0.457143,-97.0332375,19.01087111,0,0,0,0,0,0
VERACRUZ,30,CHONTLA,30063,13359,6833,51.1490381,6526,48.8509619,3198,23.93891758,7956,59.55535594,2205,16.50572648,38678.81356,0.345382879,100,40.96863538,None,68.42946083,18.86467632,None,Alto,None,None,Medio,0.818898698,0.660015,-97.92492972,21.29343472,0,0,0,0,0,0
VERACRUZ,30,CHUMATLAN,30064,4008,2114,52.74451098,1894,47.25548902,1126,28.09381238,2460,61.37724551,422,10.52894212,2281.779679,1.756523663,100,98.87724551,None,88.24256178,45.38250126,None,Muy alto,None,None,Alto,0.71942979,1.383311,-97.59463639,20.2075325,0,0,0,0,0,0
VERACRUZ,30,EMILIANO ZAPATA,30065,85489,44327,51.85111535,41162,48.14888465,19398,22.69063856,59144,69.18316976,6924,8.099287628,41335.42363,2.068177667,67.98535484,1.126460714,None,39.48498999,6.481580946,None,Muy bajo,None,None,Muy bajo,0.906916816,-0.966438,-96.79808333,19.48309833,0,0,0,0,0,0
VERACRUZ,30,ESPINAL,30066,26830,13809,51.4685054,13021,48.5314946,7249,27.01826314,16726,62.34066344,2845,10.60380171,23904.99013,1.122359802,100,53.76071562,None,77.72480592,25.35231757,None,Alto,None,None,Medio,0.797658521,0.401929,-97.39851444,20.25942833,0,0,0,0,0,0
VERACRUZ,30,FILOMENO MATA,30067,19179,9885,51.54074769,9294,48.45925231,7283,37.97382554,10863,56.64007508,1033,5.38609938,4296.60139,4.4637606,19.61520413,99.41081391,None,94.85019241,48.95962259,None,Alto,None,None,Alto,0.764992602,1.498553,-97.70373861,20.20024639,0,0,0,0,0,0
VERACRUZ,30,FORTIN,30068,66372,35130,52.92894594,31242,47.07105406,15107,22.76110408,44902,67.65202194,6353,9.571807389,6091.356793,10.89609462,38.46200205,2.256975833,None,50.87545913,10.39421087,None,Muy bajo,None,None,Muy bajo,0.901976712,-0.884115,-96.99934556,18.90366306,0,0,0,0,0,0
VERACRUZ,30,GUTIERREZ ZAMORA,30069,24085,12897,53.54785136,11188,46.45214864,5282,21.93066224,15308,63.55823126,3494,14.50695454,17204.35787,1.399936004,42.01370147,5.895785759,None,57.78615364,10.14890997,None,Bajo,None,None,Bajo,0.859149058,-0.391769,-97.08756583,20.45193222,0,0,0,0,0,0
VERACRUZ,30,HIDALGOTITLAN,30070,18275,9127,49.94254446,9148,50.05745554,5183,28.36114911,11312,61.89876881,1774,9.707250342,105480.7772,0.173254317,100,5.3625171,None,75.31630837,23.35128537,None,Alto,None,None,Medio,0.778263611,0.270096,-94.64651639,17.77101667,0,0,0,0,0,0
VERACRUZ,30,HUATUSCO,30071,59920,31310,52.25300401,28610,47.74699599,16003,26.70727637,39312,65.60747664,4601,7.678571429,20187.77164,2.968133436,44.25567423,0.824432577,None,68.30923729,15.7797111,None,Bajo,None,None,Bajo,0.859119168,-0.178982,-96.96734972,19.14697139,0,0,0,0,0,0
VERACRUZ,30,HUAYACOCOTLA,30072,21796,11329,51.97742705,10467,48.02257295,6398,29.35400991,13366,61.32317856,2032,9.322811525,51802.0815,0.420755293,71.95356946,7.863828225,None,78.28415056,21.34508158,None,Alto,None,None,Medio,0.819549561,0.569443,-98.47915194,20.53727722,0,0,0,0,0,0
VERACRUZ,30,HUEYAPAN DE OCAMPO,30073,41670,21469,51.52147828,20201,48.47852172,10882,26.11471082,26225,62.9349652,4562,10.94792417,70827.16512,0.588333585,85.07319414,31.16390689,None,77.05887042,26.26156078,None,Alto,None,None,Medio,0.821741947,0.322686,-95.14268444,18.15185806,0,0,0,0,0,0
VERACRUZ,30,HUILOAPAN DE CUAUHTEMOC,30074,7293,3836,52.59838201,3457,47.40161799,1762,24.16015357,4883,66.95461401,648,8.885232415,1864.262647,3.912002427,100,6.924448101,None,55.0351025,9.5154451,None,Bajo,None,None,Bajo,0.870916295,-0.665729,-97.15591972,18.81657722,0,0,0,0,0,0
VERACRUZ,30,IGNACIO DE LA LLAVE,30075,16525,8566,51.8366112,7959,48.1633888,3825,23.14674735,10207,61.76701967,2493,15.08623298,37565.42829,0.439899151,100,0.859304085,None,70.48436585,17.05824729,None,Alto,None,None,Bajo,0.808042503,0.095251,-95.98563528,18.72430556,0,0,0,0,0,0
VERACRUZ,30,ILAMATLAN,30076,13377,7027,52.53046273,6350,47.46953727,4124,30.82903491,7741,57.86798236,1512,11.30298273,15399.99404,0.8686367,100,94.31113105,None,91.73757094,42.85554294,None,Muy alto,None,None,Muy alto,0.71413693,2.36904,-98.44325278,20.78098111,0,0,0,0,0,0
VERACRUZ,30,ISLA,30077,42807,22092,51.60838181,20715,48.39161819,10820,25.27623987,27958,65.31174808,4027,9.407339921,92502.80715,0.462764335,40.17800827,4.908075782,None,65.50813165,13.84602611,None,Bajo,None,None,Bajo,0.861890583,-0.286066,-95.52762806,18.02751389,0,0,0,0,0,0
VERACRUZ,30,IXCATEPEC,30078,12379,6299,50.88456257,6080,49.11543743,2874,23.21673802,7563,61.09540351,1942,15.68785847,17521.14118,0.706517907,100,74.10937879,None,79.08038717,27.96327287,None,Alto,None,None,Alto,0.796609832,1.006832,-98.00595194,21.23763444,0,0,0,0,0,0
VERACRUZ,30,IXHUACAN DE LOS REYES,30079,11387,5770,50.67181874,5617,49.32818126,3253,28.56766488,7183,63.08070607,941,8.263809607,14897.92531,0.764334615,100,1.106524985,None,89.28028228,18.65645445,None,Alto,None,None,Medio,0.81677564,0.679309,-97.11527972,19.35594583,0,0,0,0,0,0
VERACRUZ,30,IXHUATLAN DEL CAFE,30080,23132,11672,50.45823967,11460,49.54176033,6640,28.70482449,14699,63.5440083,1793,7.751167214,12876.66446,1.796427955,69.9723327,1.08507695,None,85.69747395,23.85079918,None,Medio,None,None,Medio,0.834664847,0.343248,-96.984325,19.05115667,0,0,0,0,0,0
VERACRUZ,30,IXHUATLANCILLO,30081,27295,14386,52.70562374,12909,47.29437626,6943,25.4368932,18571,68.03810222,1781,6.52500458,5214.460668,5.234481903,43.61238322,30.82982231,None,64.24336488,19.98316953,None,Bajo,None,None,Bajo,0.864868371,-0.178356,-97.14893472,18.89792361,0,0,0,0,0,0
VERACRUZ,30,IXHUATLAN DEL SURESTE,30082,15831,8063,50.93171625,7768,49.06828375,3991,25.21003095,10563,66.72351715,1272,8.034868296,15452.36506,1.024503365,34.10397322,4.187985598,None,57.99868166,12.144238,None,Bajo,None,None,Bajo,0.862478652,-0.360206,-94.3937275,18.02275361,0,0,0,0,0,0
VERACRUZ,30,IXHUATLAN DE MADERO,30083,50836,26113,51.3671414,24723,48.6328586,12935,25.44456684,30973,60.92729562,6927,13.62617043,66347.57289,0.76620738,100,85.47092612,None,86.47510458,40.63128437,None,Alto,None,None,Alto,0.780994691,1.33468,-98.01255028,20.68938111,0,0,0,0,0,0
VERACRUZ,30,IXMATLAHUACAN,30084,5574,2862,51.34553283,2712,48.65446717,1191,21.36706136,3625,65.03408683,758,13.59885181,33030.76068,0.16875179,100,0.574094008,None,48.43076642,6.25169197,None,Medio,None,None,Bajo,0.827585232,-0.032303,-95.82988194,18.44856861,0,0,0,0,0,0
VERACRUZ,30,IXTACZOQUITLAN,30085,74004,38641,52.21474515,35363,47.78525485,18126,24.49327063,50009,67.57607697,5869,7.930652397,13677.32533,5.410707007,48.20144857,12.79390303,None,52.78982405,14.23609427,None,Muy bajo,None,None,Bajo,0.88829243,-0.587976,-97.06306722,18.85106639,0,0,0,0,0,0
VERACRUZ,30,JALACINGO,30086,46794,24150,51.60918066,22644,48.39081934,15294,32.68367739,28644,61.21297602,2843,6.075565243,20671.43575,2.26370343,66.22002821,0.681711331,None,81.45862386,20.96285262,None,Medio,None,None,Medio,0.83306757,0.426694,-97.30868167,19.80596611,0,0,0,0,0,0
VERACRUZ,30,XALAPA,30087,488531,261710,53.57080717,226821,46.42919283,100456,20.56287114,339509,69.49589688,48285,9.8837126,12387.45147,39.43757125,3.739987841,1.339116658,None,38.28222755,4.508040692,None,Muy bajo,None,None,Muy bajo,0.928693808,-1.127002,-96.92264472,19.52708472,0,0,0,0,0,0
VERACRUZ,30,JALCOMULCO,30088,5054,2517,49.80213692,2537,50.19786308,999,19.76652157,3383,66.93707954,672,13.29639889,7231.129408,0.698922632,100,1.088246933,None,71.98337007,7.696052895,None,Medio,None,None,Bajo,0.846999393,-0.043798,-96.7618225,19.33168556,0,0,0,0,0,0
VERACRUZ,30,JALTIPAN,30089,38669,20477,52.95456309,18192,47.04543691,8689,22.47019576,25539,66.04515245,4438,11.47689364,31042.18409,1.245691988,17.61876438,3.721327161,None,64.64741223,16.82976903,None,Bajo,None,None,Bajo,0.866158287,-0.471079,-94.72173472,17.96606806,0,0,0,0,0,0
VERACRUZ,30,JAMAPA,30090,11132,5712,51.31153432,5420,48.68846568,2592,23.28422566,7305,65.62163133,1235,11.09414301,13150.38402,0.846515203,100,0.350341358,None,55.15053857,10.84538918,None,Medio,None,None,Bajo,0.852052491,-0.52332,-96.24059083,19.04202639,0,0,0,0,0,0
VERACRUZ,30,JESUS CARRANZA,30091,28524,14445,50.641565,14079,49.358435,8029,28.14822606,17614,61.7515075,2863,10.03716169,140596.5153,0.202878428,100,10.41228439,None,73.96669086,24.07911674,None,Alto,None,None,Bajo,0.813756636,0.014686,-95.0262525,17.43492694,0,0,0,0,0,0
VERACRUZ,30,XICO,30092,39623,20370,51.40953487,19253,48.59046513,10212,25.77290967,26057,65.76230977,3320,8.378971809,17798.35562,2.226216896,25.9950029,0.820230674,None,76.75643424,17.34206589,None,Bajo,None,None,Bajo,0.866013894,-0.103661,-97.00723278,19.42126944,0,0,0,0,0,0
VERACRUZ,30,JILOTEPEC,30093,16585,8570,51.67319867,8015,48.32680133,3911,23.58154959,11129,67.10280374,1545,9.315646669,5592.864866,2.965385433,100,0.64516129,None,62.97305302,11.40019032,None,Bajo,None,None,Bajo,0.857189573,-0.443228,-96.95027972,19.61130389,0,0,0,0,0,0
VERACRUZ,30,JUAN RODRIGUEZ CLARA,30094,38367,19677,51.28626163,18690,48.71373837,9850,25.67310449,24324,63.39823286,4184,10.90520499,99046.91567,0.387361885,59.56942164,5.431751245,None,67.02590766,15.1405593,None,Medio,None,None,Bajo,0.848575731,-0.239071,-95.40135389,17.99400361,0,0,0,0,0,0
VERACRUZ,30,JUCHIQUE DE FERRER,30095,15059,7581,50.34198818,7478,49.65801182,3739,24.82900591,9196,61.06647188,2124,14.10452221,18655.03328,0.807235226,100,0.239059699,None,72.52714183,16.10814389,None,Alto,None,None,Medio,0.821612116,0.265295,-96.69473028,19.84116111,0,0,0,0,0,0
VERACRUZ,30,LANDERO Y COSS,30096,1543,787,51.00453662,756,48.99546338,355,23.00712897,941,60.98509397,247,16.00777706,1749.312869,0.882060624,100,3.499675956,None,76.80933063,8.185936444,None,Medio,None,None,Bajo,0.854231461,-0.049915,-96.85158778,19.73519194,0,0,0,0,0,0
VERACRUZ,30,LERDO DE TEJADA,30097,19123,10139,53.01992365,8984,46.98007635,3674,19.21246666,12561,65.68530042,2888,15.10223291,8366.669851,2.28561666,7.300109815,0.371280657,None,51.58398097,5.957310969,None,Muy bajo,None,None,Muy bajo,0.901433297,-0.752812,-95.52322194,18.62819972,0,0,0,0,0,0
VERACRUZ,30,MAGDALENA,30098,3299,1708,51.77326463,1591,48.22673537,1063,32.22188542,2024,61.35192483,212,6.426189754,1371.031343,2.406217784,100,97.48408609,None,88.71936389,33.79887746,None,Alto,None,None,Medio,0.816027851,0.930001,-97.0454675,18.76058944,0,0,0,0,0,0
VERACRUZ,30,MALTRATA,30099,18327,9549,52.10345392,8778,47.89654608,5489,29.95034648,11474,62.60708245,1364,7.44257107,11011.76593,1.664310712,27.94238009,0.518360888,None,84.28827969,23.92224156,None,Medio,None,None,Medio,0.829040469,0.20779,-97.27830389,18.81040083,0,0,0,0,0,0
VERACRUZ,30,MANLIO FABIO ALTAMIRANO,30100,23918,12181,50.92817125,11737,49.07182875,5265,22.01271009,15810,66.10084455,2843,11.88644535,24591.08756,0.972628801,74.59653817,0.334476127,None,56.12240435,12.17954884,None,Bajo,None,None,Bajo,0.867500748,-0.508786,-96.33323028,19.09443417,0,0,0,0,0,0
VERACRUZ,30,MARIANO ESCOBEDO,30101,38670,20150,52.10757693,18520,47.89242307,11258,29.1130075,24942,64.4996121,2470,6.387380398,6920.619507,5.587650059,59.73622964,1.492112749,None,78.60155688,33.3628164,None,Bajo,None,None,Bajo,0.857643768,-0.010833,-97.13002417,18.91288556,0,0,0,0,0,0
VERACRUZ,30,MARTINEZ DE LA TORRE,30102,108842,56666,52.06262288,52176,47.93737712,27067,24.86815751,72280,66.40818802,9482,8.711710553,39570.62055,2.75057602,25.68861285,2.132448871,None,55.49648788,10.60300581,None,Bajo,None,None,Bajo,0.876282843,-0.584901,-97.05384,20.07338778,0,0,0,0,0,0
VERACRUZ,30,MECATLAN,30103,12799,6503,50.80865693,6296,49.19134307,4246,33.17446676,7638,59.67653723,915,7.148996015,4329.328697,2.956347484,55.86373935,99.04680053,None,94.662003,50.1105051,None,Muy alto,None,None,Alto,0.749340655,1.624983,-97.68174,20.21065556,0,0,0,0,0,0
VERACRUZ,30,MECAYAPAN,30104,17134,8906,51.97852224,8228,48.02147776,4806,28.04949224,11044,64.45663593,1267,7.394653905,29566.68244,0.579503637,66.32426754,84.51616669,None,83.05656676,32.68622327,None,Alto,None,None,Alto,0.793766514,0.995563,-94.83764306,18.22145722,0,0,0,0,0,0
VERACRUZ,30,MEDELLIN DE BRAVO,30105,95202,49517,52.01256276,45685,47.98743724,21144,22.20961745,67687,71.09829625,6281,6.597550472,39536.24753,2.407967522,36.20092015,1.028339741,None,39.77615231,7.139553101,None,Muy bajo,None,None,Muy bajo,0.912532983,-0.984881,-96.15817194,19.05924056,0,0,0,0,0,0
VERACRUZ,30,MIAHUATLAN,30106,4841,2435,50.29952489,2406,49.70047511,1458,30.11774427,3025,62.48708944,358,7.395166288,2928.051977,1.653317645,100,0.165255113,None,89.75138858,20.60542102,None,Medio,None,None,Bajo,0.842935411,0.019105,-96.86985556,19.70745944,0,0,0,0,0,0
VERACRUZ,30,LAS MINAS,30107,2934,1481,50.47716428,1453,49.52283572,974,33.19700068,1749,59.61145194,211,7.191547376,5043.979798,0.581683535,100,0.81799591,None,88.10649261,28.08553762,None,Alto,None,None,Medio,0.804836934,0.622706,-97.14611694,19.69092417,0,0,0,0,0,0
VERACRUZ,30,MINATITLAN,30108,144776,75987,52.48590927,68789,47.51409073,32465,22.42429684,96089,66.37080732,16199,11.18900923,207583.8359,0.69743388,30.0049732,6.83193347,None,43.88220138,9.835119012,None,Muy bajo,None,None,Bajo,0.885870014,-0.695176,-94.54844417,17.9909775,0,0,0,0,0,0
VERACRUZ,30,MISANTLA,30109,65761,33731,51.29331975,32030,48.70668025,15786,24.00510941,42610,64.79524338,7365,11.19964721,51971.12296,1.265337292,54.02746309,0.799866182,None,60.75831708,10.2539611,None,Bajo,None,None,Bajo,0.868159075,-0.437941,-96.85273611,19.92863444,0,0,0,0,0,0
VERACRUZ,30,MIXTLA DE ALTAMIRANO,30110,12125,6143,50.66391753,5982,49.33608247,4129,34.05360825,7229,59.62061856,767,6.325773196,6627.142105,1.829597104,100,99.23298969,None,93.98091667,52.43408333,None,Muy alto,None,None,Muy alto,0.640434401,3.771054,-96.99273389,18.59561833,0,0,0,0,0,0
VERACRUZ,30,MOLOACAN,30111,16493,8540,51.77954284,7953,48.22045716,4313,26.15048809,10557,64.0089735,1623,9.84053841,24917.60447,0.661901509,50.04547384,2.613229855,None,59.61972153,11.37971008,None,Bajo,None,None,Bajo,0.861858383,-0.336695,-94.34708194,17.98877194,0,0,0,0,0,0
VERACRUZ,30,NAOLINCO,30112,22835,11709,51.27654916,11126,48.72345084,5455,23.88876724,15208,66.59951828,2172,9.511714473,10772.52679,2.11974409,58.1607182,0.674403328,None,67.85053316,13.60397127,None,Bajo,None,None,Bajo,0.871940675,-0.460693,-96.87367556,19.6552675,0,0,0,0,0,0
VERACRUZ,30,NARANJAL,30113,4614,2382,51.62548765,2232,48.37451235,1252,27.13480711,2918,63.24230603,422,9.146077156,1851.251332,2.492368227,100,20.32943216,None,72.10122358,25.92458287,None,Alto,None,None,Medio,0.817410774,0.33805,-96.96134111,18.81082611,0,0,0,0,0,0
VERACRUZ,30,NAUTLA,30114,10130,5080,50.14807502,5050,49.85192498,2169,21.41164857,6449,63.66238894,1512,14.92596249,35175.74349,0.287982541,100,0.987166831,None,48.23622354,7.426848934,None,Medio,None,None,Bajo,0.850132044,-0.332336,-96.77414722,20.20919167,0,0,0,0,0,0
VERACRUZ,30,NOGALES,30115,37314,19539,52.36372407,17775,47.63627593,9211,24.68510479,24287,65.08817066,3795,10.17044541,6417.593267,5.814329212,43.02138607,9.106501581,None,68.34246615,15.21342471,None,Bajo,None,None,Bajo,0.874617143,-0.401524,-97.16255639,18.82253722,0,0,0,0,0,0
VERACRUZ,30,OLUTA,30116,17027,8849,51.97039995,8178,48.02960005,4324,25.39496094,11167,65.58407236,1534,9.00922065,7790.675648,2.185561403,17.80701239,1.885241088,None,71.29569864,18.71374031,None,Bajo,None,None,Bajo,0.858214009,-0.327566,-94.89694389,17.92818528,0,0,0,0,0,0
VERACRUZ,30,OMEALCA,30117,23773,12353,51.96231018,11420,48.03768982,6145,25.84865183,15282,64.28301014,2346,9.868338031,21296.88264,1.116266658,100,7.550582594,None,68.58159229,17.47226608,None,Medio,None,None,Bajo,0.827151649,0.100951,-96.78620306,18.74730528,0,0,0,0,0,0
VERACRUZ,30,ORIZABA,30118,123182,66442,53.93807537,56740,46.06192463,24396,19.80484162,82354,66.85554708,16407,13.31931613,2756.480359,44.68814719,2.177266159,3.614164407,None,32.17869494,3.394104019,None,Muy bajo,None,None,Muy bajo,0.93238665,-1.224792,-97.09891444,18.85096083,0,0,0,0,0,0
VERACRUZ,30,OTATITLAN,30119,5651,2912,51.53070253,2739,48.46929747,1395,24.6858963,3538,62.6083879,717,12.68801982,4748.040373,1.190175221,10.45832596,5.061051141,None,66.26072845,9.926974396,None,Bajo,None,None,Bajo,0.869780896,-0.398654,-96.03457444,18.1767125,0,0,0,0,0,0
VERACRUZ,30,OTEAPAN,30120,10343,5430,52.49927487,4913,47.50072513,2614,25.27313159,6986,67.54326598,741,7.164265687,2229.178829,4.639825152,0,14.51223049,None,76.15375147,19.79397203,None,Bajo,None,None,Bajo,0.859661325,-0.26305,-94.66658944,17.99950333,0,0,0,0,0,0
VERACRUZ,30,OZULUAMA DE MASCAREÑAS,30121,22756,11144,48.97169977,11612,51.02830023,5273,23.1719107,14403,63.2931974,3080,13.5348919,196529.3645,0.115789312,100,2.627878362,None,44.64750036,6.863405139,None,Alto,None,None,Medio,0.790666897,0.421564,-97.85050639,21.66126056,0,0,0,0,0,0
VERACRUZ,30,PAJAPAN,30122,18051,9171,50.80604953,8880,49.19395047,4842,26.82399867,11761,65.15428508,1442,7.988477093,30386.51246,0.594046455,43.73718908,82.30014958,None,85.81763271,38.98347333,None,Alto,None,None,Medio,0.805277212,0.759838,-94.69178472,18.26174361,0,0,0,0,0,0
VERACRUZ,30,PANUCO,30123,96185,48966,50.90814576,47219,49.09185424,24290,25.25341789,61984,64.44248064,9889,10.28122888,313415.6721,0.306892758,45.59962572,3.085720227,None,48.86664553,7.616567489,None,Bajo,None,None,Bajo,0.875223296,-0.54962,-98.18130528,22.0536125,0,0,0,0,0,0
VERACRUZ,30,PAPANTLA,30124,159910,82732,51.73660184,77178,48.26339816,38438,24.03727096,103367,64.64073541,18097,11.31699081,144443.5469,1.10707611,61.56150335,36.22099931,None,69.67052334,21.60523724,None,Alto,None,None,Medio,0.812121321,0.304297,-97.32274917,20.4467325,0,0,0,0,0,0
VERACRUZ,30,PASO DEL MACHO,30125,31894,16277,51.03467737,15617,48.96532263,8170,25.61610334,20972,65.75531448,2752,8.628582178,39881.04783,0.799728235,54.27980184,0.576911018,None,57.17251974,11.32360541,None,Medio,None,None,Bajo,0.8423043,-0.106705,-96.72451111,18.972155,0,0,0,0,0,0
VERACRUZ,30,PASO DE OVEJAS,30126,33442,16911,50.56814784,16531,49.43185216,7242,21.65540338,22144,66.2161354,4041,12.08360744,38597.81534,0.866422094,79.40314574,0.541235572,None,52.13073046,10.56923304,None,Bajo,None,None,Bajo,0.871196497,-0.478902,-96.43845278,19.28504694,0,0,0,0,0,0
VERACRUZ,30,LA PERLA,30127,28258,14541,51.4579942,13717,48.5420058,10943,38.72531672,16124,57.05994763,1191,4.21473565,13722.93632,2.059180291,100,0.969636917,None,95.25083516,55.5552642,None,Alto,None,None,Muy alto,0.76389729,1.96701,-97.13402361,18.92761917,0,0,0,0,0,0
VERACRUZ,30,PEROTE,30128,77432,39137,50.54370286,38295,49.45629714,22815,29.46456245,49840,64.36615353,4775,6.166701105,60537.74276,1.279069824,38.53703895,0.630230396,None,73.51887059,13.11112345,None,Bajo,None,None,Bajo,0.878673012,-0.449355,-97.24407194,19.56065333,0,0,0,0,0,0
VERACRUZ,30,PLATON SANCHEZ,30129,18053,9366,51.88057387,8687,48.11942613,4808,26.63269263,10662,59.0594361,2583,14.30787127,24250.34848,0.74444291,37.77765468,40.2481582,None,71.71279755,20.58001069,None,Alto,None,None,Medio,0.824082029,0.488609,-98.37414528,21.27319778,0,0,0,0,0,0
VERACRUZ,30,PLAYA VICENTE,30130,39327,20483,52.08381011,18844,47.91618989,10739,27.30693925,24073,61.21239861,4512,11.47303379,119162.4997,0.330028323,77.19378544,41.30749867,None,72.21155762,20.7714573,None,Medio,None,None,Bajo,0.824738952,-0.008651,-95.81205667,17.83213278,0,0,0,0,0,0
VERACRUZ,30,POZA RICA DE HIDALGO,30131,189457,101253,53.44378936,88204,46.55621064,39707,20.95831772,126666,66.85738716,22967,12.12253968,6358.928298,29.79385694,4.961548003,4.817451981,None,49.83016198,10.40431975,None,Muy bajo,None,None,Muy bajo,0.911284157,-0.954428,-97.44356694,20.5340875,0,0,0,0,0,0
VERACRUZ,30,LAS VIGAS DE RAMIREZ,30132,20300,10338,50.92610837,9962,49.07389163,6211,30.59605911,12828,63.19211823,1261,6.21182266,9912.925025,2.047831488,51.11330049,0.354679803,None,83.01860442,17.57333911,None,Medio,None,None,Bajo,0.843791107,0.022092,-97.10337778,19.63847972,0,0,0,0,0,0
VERACRUZ,30,PUEBLO VIEJO,30133,57909,29153,50.34277919,28756,49.65722081,14700,25.38465523,38296,66.13134401,4907,8.473639676,28029.53277,2.065999475,18.48935399,4.396553213,None,55.12184707,9.382567228,None,Bajo,None,None,Bajo,0.876994526,-0.479061,-97.83667611,22.18363278,0,0,0,0,0,0
VERACRUZ,30,PUENTE NACIONAL,30134,23544,12051,51.18501529,11493,48.81498471,5286,22.45158002,15650,66.4712878,2608,11.07713218,38197.67208,0.61637264,70.63795447,0.547910296,None,54.24721091,8.460769679,None,Bajo,None,None,Bajo,0.871823868,-0.540984,-96.48163889,19.32737417,0,0,0,0,0,0
VERACRUZ,30,RAFAEL DELGADO,30135,24127,12323,51.0755585,11804,48.9244415,6627,27.46715298,16117,66.80067974,1383,5.732167281,2633.250411,9.162440419,15.19874,67.27732416,None,79.21700537,28.94688071,None,Medio,None,None,Bajo,0.850850805,0.110114,-97.0734375,18.81052167,0,0,0,0,0,0
VERACRUZ,30,RAFAEL LUCIO,30136,8343,4319,51.76794918,4024,48.23205082,2281,27.34028527,5528,66.2591394,534,6.400575333,1145.19112,7.28524685,100,0.575332614,None,64.44314157,6.38976426,None,Bajo,None,None,Bajo,0.858746017,-0.454926,-96.98955833,19.59310556,0,0,0,0,0,0
VERACRUZ,30,LOS REYES,30137,6308,3211,50.90361446,3097,49.09638554,1992,31.57894737,3936,62.39695625,380,6.024096386,3407.413058,1.8512578,100,98.44641725,None,93.89682285,41.56883825,None,Muy alto,None,None,Muy alto,0.755939663,2.190899,-97.0442575,18.67257778,0,0,0,0,0,0
VERACRUZ,30,RIO BLANCO,30138,41795,22483,53.79351597,19312,46.20648403,8879,21.24416796,27837,66.60366072,5075,12.14260079,1517.595931,27.54026889,0.023926307,3.313793516,None,43.69842407,4.675471087,None,Muy bajo,None,None,Muy bajo,0.925864155,-1.131531,-97.139525,18.838865,0,0,0,0,0,0
VERACRUZ,30,SALTABARRANCA,30139,6126,3174,51.81194907,2952,48.18805093,1317,21.49853085,3936,64.25073457,873,14.25073457,10810.91457,0.566649561,100,0.195886386,None,54.10049834,6.726744186,None,Medio,None,None,Bajo,0.833038989,-0.152565,-95.53187889,18.59024028,0,0,0,0,0,0
VERACRUZ,30,SAN ANDRES TENEJAPAN,30140,3134,1614,51.49968092,1520,48.50031908,910,29.03637524,2052,65.47543076,172,5.488194001,2181.523539,1.436610673,100,98.05360562,None,86.21052632,37.07244964,None,Alto,None,None,Medio,0.786349625,0.897679,-97.09322528,18.7887025,0,0,0,0,0,0
VERACRUZ,30,SAN ANDRES TUXTLA,30141,162428,85442,52.60299948,76986,47.39700052,41695,25.66983525,105160,64.74253208,15557,9.577782156,95380.22372,1.7029526,56.98340188,0.926564385,None,79.34785587,31.39674814,None,Medio,None,None,Medio,0.840899814,0.185115,-95.21257083,18.44866833,0,0,0,0,0,0
VERACRUZ,30,SAN JUAN EVANGELISTA,30142,32631,16633,50.97300113,15998,49.02699887,8322,25.5033557,20707,63.45806135,3585,10.98648524,126049.3581,0.258874781,100,1.814225736,None,69.05001882,14.50191658,None,Medio,None,None,Bajo,0.825203737,0.021495,-95.14008,17.88605222,0,0,0,0,0,0
VERACRUZ,30,SANTIAGO TUXTLA,30143,57085,29981,52.51992643,27104,47.48007357,13558,23.75054743,36622,64.15345537,6901,12.0889901,61597.99536,0.926734704,72.43934484,0.609617237,None,75.54630217,25.6999429,None,Medio,None,None,Medio,0.825498411,0.259205,-95.30175361,18.46564278,0,0,0,0,0,0
VERACRUZ,30,SAYULA DE ALEMAN,30144,32400,16771,51.76234568,15629,48.23765432,8979,27.71296296,20387,62.92283951,3034,9.364197531,66194.52706,0.489466447,53.34567901,34.56790123,None,78.44826755,27.37952644,None,Medio,None,None,Bajo,0.826605766,-0.102978,-94.96010889,17.88096944,0,0,0,0,0,0
VERACRUZ,30,SOCONUSCO,30145,16574,8648,52.17811029,7926,47.82188971,4085,24.64703753,11227,67.73862676,1255,7.572100881,9610.563076,1.724560764,61.88608664,3.366718957,None,68.17753951,18.65025852,None,Bajo,None,None,Bajo,0.861066683,-0.520716,-94.88105083,17.96288056,0,0,0,0,0,0
VERACRUZ,30,SOCHIAPA,30146,3925,1969,50.1656051,1956,49.8343949,1157,29.47770701,2502,63.74522293,266,6.777070064,1625.137914,2.415179639,100,1.044585987,None,76.49560496,18.02094105,None,Medio,None,None,Bajo,0.83976459,0.003067,-96.94064556,19.19329528,0,0,0,0,0,0
VERACRUZ,30,SOLEDAD ATZOMPA,30147,24578,12577,51.17177964,12001,48.82822036,8303,33.78224428,14992,60.99764017,1283,5.22011555,11428.11352,2.150661171,100,98.09992676,None,96.18617198,62.50448207,None,Muy alto,None,None,Muy alto,0.747039336,2.562014,-97.14941333,18.755315,0,0,0,0,0,0
VERACRUZ,30,SOLEDAD DE DOBLADO,30148,28130,14258,50.68610025,13872,49.31389975,6571,23.35940277,18382,65.34660505,3177,11.29399218,41405.79458,0.67937351,51.24066833,0.337717739,None,67.70696158,17.47190174,None,Bajo,None,None,Bajo,0.865149689,-0.345265,-96.42328917,19.04474583,0,0,0,0,0,0
VERACRUZ,30,SOTEAPAN,30149,34385,17854,51.92380398,16531,48.07619602,11138,32.39203141,21172,61.57336048,2062,5.996800931,47858.36348,0.718474212,84.62992584,89.96073869,None,90.7659519,47.80511061,None,Muy alto,None,None,Alto,0.758595463,1.432842,-94.87275639,18.22951,0,0,0,0,0,0
VERACRUZ,30,TAMALIN,30150,11631,5810,49.95271258,5821,50.04728742,2735,23.51474508,7488,64.37967501,1396,12.00240736,25577.12858,0.454742211,51.89579572,16.33565472,None,72.23295987,17.3641308,None,Medio,None,None,Medio,0.832554461,0.156546,-97.81323,21.33793861,0,0,0,0,0,0
VERACRUZ,30,TAMIAHUA,30151,21902,10910,49.81280248,10992,50.18719752,4365,19.92968679,13843,63.20427358,3693,16.86147384,79206.32552,0.276518319,100,2.876449639,None,62.74416796,14.64264774,None,Alto,None,None,Medio,0.793900447,0.429646,-97.44652472,21.27974194,0,0,0,0,0,0
VERACRUZ,30,TAMPICO ALTO,30152,11561,5634,48.73280858,5927,51.26719142,2521,21.80607214,7275,62.92708243,1765,15.26684543,83022.74626,0.139250995,100,1.868350489,None,54.18404415,11.25052888,None,Alto,None,None,Bajo,0.810135995,0.096809,-97.801625,22.11304611,0,0,0,0,0,0
VERACRUZ,30,TANCOCO,30153,5795,3010,51.94132873,2785,48.05867127,1344,23.19240725,3563,61.48403796,888,15.32355479,15471.4397,0.374561134,100,16.15185505,None,64.07772112,15.28591525,None,Medio,None,None,Bajo,0.835903545,-0.014844,-97.79141917,21.28638111,0,0,0,0,0,0
VERACRUZ,30,TANTIMA,30154,11991,5916,49.33700275,6075,50.66299725,2620,21.84972062,7329,61.12084063,2042,17.02943875,33040.02624,0.362923441,100,11.89225252,None,73.88317904,23.58472867,None,Alto,None,None,Medio,0.816009862,0.400557,-97.83329222,21.32963694,0,0,0,0,0,0
VERACRUZ,30,TANTOYUCA,30155,99959,51826,51.84725738,48133,48.15274262,28878,28.88984484,60084,60.10864454,10996,11.00051021,128996.678,0.774895924,66.76037175,58.55900919,None,78.66078761,33.70519975,None,Muy alto,None,None,Alto,0.757137356,1.380277,-98.22991944,21.35181417,0,0,0,0,0,0
VERACRUZ,30,TATATILA,30156,6041,2950,48.83297467,3091,51.16702533,1951,32.29597749,3662,60.6191028,428,7.084919715,9129.398199,0.661708457,100,0.297963913,None,87.96064043,29.96981321,None,Alto,None,None,Medio,0.80717944,0.678132,-97.11214194,19.69345694,0,0,0,0,0,0
VERACRUZ,30,CASTILLO DE TEAYO,30157,20145,10209,50.67758749,9936,49.32241251,4969,24.66617027,12609,62.5912137,2567,12.74261603,27032.35102,0.745218201,100,19.69719533,None,69.0351645,21.28068505,None,Muy alto,None,None,Medio,0.76224279,0.56337,-97.63274944,20.74973306,0,0,0,0,0,0
VERACRUZ,30,TECOLUTLA,30158,24551,12449,50.70669219,12102,49.29330781,5722,23.30658629,15796,64.3395381,3033,12.35387561,52149.25367,0.470783343,77.87462832,8.370331147,None,66.00719088,14.66806214,None,Alto,None,None,Bajo,0.819511509,0.047175,-97.00845083,20.4773925,0,0,0,0,0,0
VERACRUZ,30,TEHUIPANGO,30159,29686,15461,52.0817894,14225,47.9182106,10926,36.80522805,17505,58.96718992,1255,4.227582025,8762.870901,3.387702539,100,99.39028498,None,97.1235367,64.84909103,None,Muy alto,None,None,Muy alto,0.654257432,3.691854,-97.05612722,18.51776,0,0,0,0,0,0
VERACRUZ,30,ALAMO TEMAPACHE,30160,107270,54522,50.82688543,52748,49.17311457,26853,25.03309406,68479,63.83797893,11884,11.07858674,126091.724,0.850729902,75.54209005,13.13041857,None,63.44041253,13.79991596,None,Medio,None,None,Bajo,0.837350598,-0.071373,-97.67553139,20.9171425,0,0,0,0,0,0
VERACRUZ,30,TEMPOAL,30161,34408,17542,50.98232969,16866,49.01767031,8819,25.63066729,20791,60.42490119,4747,13.79621018,114121.6132,0.301502923,63.68867705,14.14787259,None,69.99151591,18.53980614,None,Alto,None,None,Medio,0.812621839,0.580253,-98.38812528,21.52228056,0,0,0,0,0,0
VERACRUZ,30,TENAMPA,30162,6448,3223,49.98449132,3225,50.01550868,1636,25.37220844,4224,65.50868486,588,9.1191067,6485.406266,0.99423224,100,1.271712159,None,81.51208412,23.69758318,None,Alto,None,None,Medio,0.787255378,0.874118,-96.88485361,19.248555,0,0,0,0,0,0
VERACRUZ,30,TENOCHTITLAN,30163,5040,2558,50.75396825,2482,49.24603175,1474,29.24603175,3068,60.87301587,498,9.880952381,8622.110353,0.584543667,100,0.694444444,None,81.21159654,22.97543789,None,Alto,None,None,Medio,0.814821313,0.361112,-96.91636583,19.81013306,0,0,0,0,0,0
VERACRUZ,30,TEOCELO,30164,16957,8740,51.54213599,8217,48.45786401,4018,23.69522911,11086,65.37713039,1853,10.9276405,6045.8375,2.804739625,37.60099074,0.53665153,None,71.18409483,10.22500437,None,Bajo,None,None,Bajo,0.87868904,-0.310969,-96.97217694,19.38625056,0,0,0,0,0,0
VERACRUZ,30,TEPATLAXCO,30165,8925,4395,49.24369748,4530,50.75630252,2480,27.78711485,5672,63.55182073,773,8.661064426,5990.165543,1.489942129,100,0.425770308,None,76.61058943,25.09005544,None,Muy alto,None,None,Alto,0.748534203,1.312717,-96.84203861,19.067345,0,0,0,0,0,0
VERACRUZ,30,TEPETLAN,30166,9405,4598,48.88888889,4807,51.11111111,2160,22.96650718,6228,66.22009569,993,10.55821372,9491.209098,0.990916953,100,0.202020202,None,70.84385776,14.96497845,None,Medio,None,None,Medio,0.82494575,0.217156,-96.79598667,19.67386889,0,0,0,0,0,0
VERACRUZ,30,TEPETZINTLA,30167,14619,7423,50.77638689,7196,49.22361311,3854,26.36295232,8937,61.13277242,1828,12.50427526,22524.42184,0.649028868,61.71420754,21.05479171,None,80.85920958,29.41687653,None,Medio,None,None,Medio,0.840082033,0.24732,-97.8510575,21.16611333,0,0,0,0,0,0
VERACRUZ,30,TEQUILA,30168,16343,8277,50.64553632,8066,49.35446368,5180,31.69552714,10128,61.97148626,1035,6.3329866,9960.199854,1.640830529,100,96.11454445,None,89.96801294,44.81019354,None,Muy alto,None,None,Muy alto,0.73758186,2.154208,-97.06942472,18.72980528,0,0,0,0,0,0
VERACRUZ,30,JOSE AZUETA,30169,22709,11573,50.96217359,11136,49.03782641,5637,24.8227575,14258,62.78567969,2814,12.39156282,53436.66089,0.424970416,72.61438196,3.487604034,None,62.0402103,11.02326237,None,Alto,None,None,Bajo,0.822261066,-0.029318,-95.707965,18.075635,0,0,0,0,0,0
VERACRUZ,30,TEXCATEPEC,30170,10824,5550,51.27494457,5274,48.72505543,3675,33.95232816,6321,58.39800443,828,7.649667406,19362.42299,0.559020945,100,85.31966001,None,93.16164461,49.5895053,None,Muy alto,None,None,Muy alto,0.724942914,2.669523,-98.36456444,20.58481944,0,0,0,0,0,0
VERACRUZ,30,TEXHUACAN,30171,5575,2931,52.57399103,2644,47.42600897,1657,29.72197309,3478,62.38565022,440,7.892376682,4251.751782,1.31122424,100,93.41704036,None,86.87317518,41.32737226,None,Alto,None,None,Alto,0.783224407,1.349798,-97.03873333,18.62063806,0,0,0,0,0,0
VERACRUZ,30,TEXISTEPEC,30172,19925,10124,50.81053952,9801,49.18946048,5216,26.17816813,12590,63.18695107,2119,10.6348808,44470.81829,0.448046624,54.98619824,5.942283563,None,77.71111246,26.69520117,None,Alto,None,None,Medio,0.796552215,0.312232,-94.81520889,17.89420722,0,0,0,0,0,0
VERACRUZ,30,TEZONAPA,30173,54537,27726,50.83888003,26811,49.16111997,15255,27.97183563,33925,62.20547518,5357,9.822689183,52066.43617,1.04745022,89.63456002,32.67506464,None,75.18644381,24.42199676,None,Muy alto,None,None,Alto,0.761579072,1.042493,-96.68753361,18.60680694,0,0,0,0,0,0
VERACRUZ,30,TIERRA BLANCA,30174,95602,49843,52.13593858,45759,47.86406142,22402,23.43256417,62547,65.42436351,10647,11.1367963,150616.5746,0.63473758,50.80123847,3.747829543,None,53.86228005,9.247543849,None,Bajo,None,None,Bajo,0.869737961,-0.510805,-96.36031472,18.44744889,0,0,0,0,0,0
VERACRUZ,30,TIHUATLAN,30175,92726,48069,51.83982917,44657,48.16017083,23488,25.33054375,59784,64.47382611,9433,10.17298277,71237.36396,1.301648389,62.17134353,6.454500356,None,68.72510365,18.30932386,None,Medio,None,None,Bajo,0.832559154,-0.123652,-97.537945,20.71667222,0,0,0,0,0,0
VERACRUZ,30,TLACOJALPAN,30176,4489,2270,50.56805525,2219,49.43194475,1116,24.86077077,2863,63.7781243,510,11.36110492,9941.831893,0.451526444,100,3.074181332,None,68.21956821,10.88194763,None,Medio,None,None,Bajo,0.82839802,-0.061596,-95.9476275,18.23088556,0,0,0,0,0,0
VERACRUZ,30,TLACOLULAN,30177,11685,5934,50.7830552,5751,49.2169448,3855,32.99101412,7145,61.14676936,685,5.862216517,13259.46331,0.881257388,100,0.196833547,None,82.21800925,17.89593458,None,Alto,None,None,Medio,0.815855609,0.372074,-97.00137083,19.66485861,0,0,0,0,0,0
VERACRUZ,30,TLACOTALPAN,30178,12898,6675,51.75220964,6223,48.24779036,2472,19.16576213,8489,65.81640564,1937,15.01783222,55972.71868,0.230433688,43.50286866,0.434175841,None,59.86661567,8.130608915,None,Medio,None,None,Bajo,0.854186291,-0.286097,-95.65631111,18.61327167,0,0,0,0,0,0
VERACRUZ,30,TLACOTEPEC DE MEJIA,30179,4284,2154,50.28011204,2130,49.71988796,1128,26.33053221,2747,64.12231559,409,9.547152194,6497.154817,0.659365541,100,1.050420168,None,78.07010456,18.21007605,None,Medio,None,None,Bajo,0.846513528,-0.14083,-96.8365075,19.19213417,0,0,0,0,0,0
VERACRUZ,30,TLACHICHILCO,30180,10900,5593,51.31192661,5307,48.68807339,3107,28.50458716,6469,59.34862385,1324,12.14678899,22387.19691,0.48688543,100,59.13761468,None,85.34077117,27.38605172,None,Muy alto,None,None,Muy alto,0.75336736,1.920038,-98.19904861,20.62156861,0,0,0,0,0,0
VERACRUZ,30,TLALIXCOYAN,30181,37795,19415,51.36922873,18380,48.63077127,8533,22.57706046,24292,64.27305199,4970,13.14988755,91419.14801,0.413425424,75.67403096,0.719671914,None,52.61689971,8.876509233,None,Medio,None,None,Bajo,0.846204938,-0.28591,-96.06088806,18.80216139,0,0,0,0,0,0
VERACRUZ,30,TLALNELHUAYOCAN,30182,19664,10079,51.25610252,9585,48.74389748,5200,26.44426363,13199,67.1226607,1158,5.888934093,3647.97819,5.390383104,63.75101709,0.554312449,None,69.59045421,19.98607501,None,Bajo,None,None,Bajo,0.869078201,-0.475652,-96.97389694,19.5647375,0,0,0,0,0,0
VERACRUZ,30,TLAPACOYAN,30183,61377,31779,51.77672418,29598,48.22327582,16028,26.11401665,40086,65.31111002,5262,8.573244049,16676.62844,3.680420189,33.32518696,2.481385535,None,70.60946287,12.25509087,None,Bajo,None,None,Bajo,0.865346016,-0.377805,-97.21252972,19.96265222,0,0,0,0,0,0
VERACRUZ,30,TLAQUILPA,30184,7933,4222,53.22072356,3711,46.77927644,2549,32.13160217,4879,61.50258414,505,6.36581369,5619.648157,1.411654214,100,98.96634312,None,93.90532091,47.63736124,None,Alto,None,None,Muy alto,0.773146004,2.287084,-97.11888083,18.61227056,0,0,0,0,0,0
VERACRUZ,30,TLILAPAN,30185,5548,2855,51.45998558,2693,48.54001442,1618,29.16366258,3596,64.81614996,334,6.020187455,1116.604116,4.96863653,100,60.97692862,None,77.14729255,27.72962484,None,Medio,None,None,Medio,0.824681568,0.290414,-97.09905833,18.80574556,0,0,0,0,0,0
VERACRUZ,30,TOMATLAN,30186,7197,3659,50.84062804,3538,49.15937196,1740,24.17674031,4728,65.69403918,729,10.12922051,1868.739494,3.85125911,100,0.764207309,None,66.23245676,12.28969203,None,Bajo,None,None,Bajo,0.861162812,-0.282927,-97.01026056,19.03153944,0,0,0,0,0,0
VERACRUZ,30,TONAYAN,30187,6105,3149,51.58067158,2956,48.41932842,1979,32.41605242,3724,60.999181,402,6.584766585,4991.129701,1.223169977,100,0.458640459,None,91.6456229,23.41885522,None,Alto,None,None,Medio,0.820365715,0.512591,-96.92150694,19.68289028,0,0,0,0,0,0
VERACRUZ,30,TOTUTLA,30188,17217,8692,50.48498577,8525,49.51501423,4323,25.10890399,11302,65.64442121,1589,9.22925016,9739.943937,1.767669312,100,0.296218853,None,83.76578118,21.21457291,None,Medio,None,None,Medio,0.829348997,0.212938,-96.96129472,19.21128583,0,0,0,0,0,0
VERACRUZ,30,TUXPAN,30189,154600,80405,52.0084088,74195,47.9915912,35140,22.72962484,103217,66.76390686,16213,10.48706339,92756.64256,1.666726994,23.5996119,3.415265201,None,45.25595164,7.13449893,None,Muy bajo,None,None,Muy bajo,0.887703387,-0.759331,-97.40392722,20.96429667,0,0,0,0,0,0
VERACRUZ,30,TUXTILLA,30190,2258,1144,50.66430469,1114,49.33569531,481,21.3020372,1360,60.23029229,417,18.4676705,5548.532648,0.406954441,100,0.088573959,None,41.83996424,5.16048279,None,Medio,None,None,Bajo,0.83653352,-0.203666,-95.89474611,18.23895972,0,0,0,0,0,0
VERACRUZ,30,URSULO GALVAN,30191,30097,15629,51.92876366,14468,48.07123634,6093,20.24454265,20113,66.82725853,3883,12.9016181,12217.69071,2.463395147,49.13114264,0.428614148,None,39.36034998,4.875251613,None,Muy bajo,None,None,Muy bajo,0.903789486,-0.917159,-96.35996028,19.40644611,0,0,0,0,0,0
VERACRUZ,30,VEGA DE ALATORRE,30192,20204,10432,51.63333993,9772,48.36666007,4602,22.77766779,13011,64.39813898,2591,12.82419323,33432.47383,0.604322615,33.16175015,0.757275787,None,62.42964,10.85669413,None,Bajo,None,None,Bajo,0.874831232,-0.4995,-96.649765,20.02746583,0,0,0,0,0,0
VERACRUZ,30,VERACRUZ,30193,607209,319545,52.62520812,287664,47.37479188,120336,19.81788807,426992,70.32043333,59050,9.724822919,24406.57556,24.87891013,11.20092093,1.620199964,None,40.98974687,5.252803516,None,Muy bajo,None,None,Muy bajo,0.92814419,-1.178155,-96.1530275,19.19032333,0,0,0,0,0,0
VERACRUZ,30,VILLA ALDAMA,30194,12492,6379,51.0646814,6113,48.9353186,4263,34.12584054,7586,60.72686519,643,5.147294268,5112.539421,2.443404143,100,0.416266411,None,85.90397284,17.45170384,None,Medio,None,None,Bajo,0.831069589,0.084474,-97.223025,19.64888639,0,0,0,0,0,0
VERACRUZ,30,XOXOCOTLA,30195,5900,2939,49.81355932,2961,50.18644068,1845,31.27118644,3661,62.05084746,394,6.677966102,3721.437928,1.585408682,100,54.83050847,None,93.88657487,46.68743546,None,Muy alto,None,None,Muy alto,0.754053918,2.368422,-97.15189778,18.64780528,0,0,0,0,0,0
VERACRUZ,30,YANGA,30196,17902,9477,52.93821919,8425,47.06178081,4150,23.1817674,11562,64.58496257,2190,12.23327003,8751.863232,2.045507285,68.26611552,1.284772651,None,51.67365741,10.32799901,None,Bajo,None,None,Bajo,0.865641114,-0.411179,-96.79849806,18.83383611,0,0,0,0,0,0
VERACRUZ,30,YECUATLA,30197,11205,5662,50.53101294,5543,49.46898706,2836,25.31012941,6755,60.28558679,1614,14.4042838,11170.40373,1.003097137,100,4.194556002,None,74.00484971,19.08396257,None,Medio,None,None,Medio,0.8257968,0.171097,-96.77622667,19.86618639,0,0,0,0,0,0
VERACRUZ,30,ZACUALPAN,30198,6788,3550,52.29817325,3238,47.70182675,1928,28.40306423,4004,58.98644667,856,12.6104891,26161.42667,0.259465972,100,4.449027696,None,80.9754555,22.38683933,None,Alto,None,None,Alto,0.765733511,1.327433,-98.34869694,20.43370667,0,0,0,0,0,0
VERACRUZ,30,ZARAGOZA,30199,11899,6262,52.62627112,5637,47.37372888,3334,28.01916127,7863,66.08118329,702,5.899655433,2166.340519,5.492672964,12.1018573,68.6696361,None,84.14373653,28.25213848,None,Medio,None,None,Bajo,0.850333645,0.055681,-94.64241361,17.9557475,0,0,0,0,0,0
VERACRUZ,30,ZENTLA,30200,12581,6293,50.01987123,6288,49.98012877,2893,22.99499245,8370,66.52889277,1318,10.47611478,17718.17266,0.710061937,100,0.31793975,None,63.60097368,14.52629753,None,Medio,None,None,Bajo,0.847524286,-0.178103,-96.85875889,19.1153025,0,0,0,0,0,0
VERACRUZ,30,ZONGOLICA,30201,45028,23263,51.66340943,21765,48.33659057,12962,28.78653282,28253,62.74540286,3753,8.334813894,28153.95338,1.5993491,83.44363507,88.08519144,None,86.04794875,38.73965353,None,Alto,None,None,Muy alto,0.764127734,1.800849,-96.99836444,18.66689083,0,0,0,0,0,0
VERACRUZ,30,ZONTECOMATLAN DE LOPEZ Y FUENTES,30202,14644,7490,51.14722753,7154,48.85277247,4852,33.13302376,8486,57.94864791,1306,8.918328326,24006.38479,0.610004385,100,87.69461896,None,91.856656,46.44289887,None,Muy alto,None,None,Muy alto,0.736242945,2.255991,-98.34291667,20.76198139,0,0,0,0,0,0
VERACRUZ,30,ZOZOCOLCO DE HIDALGO,30203,14524,7504,51.66620766,7020,48.33379234,4231,29.13109336,8633,59.43954833,1660,11.4293583,6843.20441,2.12239751,100,92.41944368,None,88.6030126,48.05912578,None,Muy alto,None,None,Alto,0.728740267,1.622083,-97.57551333,20.14084528,0,0,0,0,0,0
VERACRUZ,30,AGUA DULCE,30204,44104,23040,52.24015962,21064,47.75984038,10200,23.127154,29008,65.77181208,4892,11.09196445,36518.01681,1.207732617,22.94122982,2.169871213,None,52.89083303,9.207938654,None,Bajo,None,None,Muy bajo,0.884011491,-0.758548,-94.14723889,18.13827222,0,0,0,0,0,0
VERACRUZ,30,EL HIGO,30205,19402,9767,50.34017112,9635,49.65982888,4818,24.8324915,12431,64.07071436,2153,11.09679414,38727.48221,0.5009879,54.06143697,2.46366354,None,47.98822456,8.036389186,None,Bajo,None,None,Bajo,0.876303307,-0.526998,-98.45372417,21.76873417,0,0,0,0,0,0
VERACRUZ,30,NoneCHITAL DE LAZARO CARDENAS DEL RIO,30206,29209,15322,52.45643466,13887,47.54356534,6604,22.60946968,19849,67.95508234,2756,9.435447978,2685.421021,10.87687918,3.878941422,6.145366154,None,44.77275264,6.178613352,None,Muy bajo,None,None,Muy bajo,0.919297357,-1.089536,-94.41117583,18.07214139,0,0,0,0,0,0
VERACRUZ,30,TRES VALLES,30207,44978,23279,51.75641425,21699,48.24358575,11165,24.82324692,29059,64.60714127,4754,10.56961181,54440.03159,0.826193496,62.74178487,13.80230335,None,57.03527712,12.14592001,None,Medio,None,None,Bajo,0.844341995,-0.26253,-96.13479694,18.24092194,0,0,0,0,0,0
VERACRUZ,30,CARLOS A. CARRILLO,30208,23376,12286,52.55817933,11090,47.44182067,4840,20.70499658,15283,65.37902122,3245,13.88175907,24012.29777,0.973501171,23.34445585,0.616016427,None,39.90529066,4.430662819,None,Bajo,None,None,Bajo,0.884194378,-0.518036,-95.74475972,18.37173444,0,0,0,0,0,0
VERACRUZ,30,TATAHUICAPAN DE JUAREZ,30209,15044,7861,52.25339006,7183,47.74660994,4272,28.396703,9694,64.43764956,1078,7.165647434,29408.96482,0.511544697,42.76123371,77.9779314,None,86.738239,40.1538753,None,Alto,None,None,Medio,0.806853376,0.862971,-94.76023917,18.24644722,0,0,0,0,0,0
VERACRUZ,30,UXPANAPA,30210,30891,15451,50.01780454,15440,49.98219546,10035,32.48518986,18547,60.04014114,2307,7.46819462,190788.8884,0.161911945,100,55.98718073,None,83.20327548,30.6983892,None,Alto,None,None,Medio,0.803953662,0.374145,-94.45133278,17.27602361,0,0,0,0,0,0
VERACRUZ,30,SAN RAFAEL,30211,30351,15454,50.91759744,14897,49.08240256,6666,21.96303252,20143,66.36684129,3542,11.67012619,28752.64191,1.055589956,77.47026457,2.055945438,None,56.07551696,7.061769365,None,Bajo,None,None,Bajo,0.86777292,-0.623157,-96.87095417,20.18802528,0,0,0,0,0,0
VERACRUZ,30,SANTIAGO SOCHIAPAN,30212,13062,6747,51.65365181,6315,48.34634819,3916,29.98009493,7826,59.91425509,1320,10.10564998,39893.95282,0.327418044,100,71.41325984,None,85.35496309,41.35916652,None,Alto,None,None,Medio,0.781636011,0.7232,-95.73460194,17.66373194,0,0,0,0,0,0
YUCATAN,31,ABALA,31001,6550,3247,49.57251908,3303,50.42748092,1672,25.52671756,4286,65.4351145,592,9.038167939,29023.78313,0.225676989,100,79.34351145,None,58.158388,10.87769447,None,Alto,None,None,Medio,0.815256091,0.325301,-89.68088639,20.64757778,0,0,0,0,0,0
YUCATAN,31,ACANCEH,31002,16772,8393,50.04173623,8379,49.95826377,3988,23.77772478,11551,68.87073694,1231,7.339613642,13606.33132,1.232661443,28.94705461,62.36584784,None,47.81699451,6.861369001,None,Bajo,None,None,Bajo,0.862528086,-0.326058,-89.45354667,20.81242167,0,0,0,0,0,0
YUCATAN,31,AKIL,31003,12285,6185,50.34595035,6100,49.65404965,3610,29.38542939,7885,64.18396418,790,6.430606431,7587.1593,1.619183085,2.140822141,88.62026862,None,84.44090834,32.96180546,None,Medio,None,None,Bajo,0.842791091,0.108751,-89.34682556,20.26705278,0,0,0,0,0,0
YUCATAN,31,BACA,31004,6195,3152,50.87974173,3043,49.12025827,1372,22.14689266,4117,66.45682002,706,11.39628733,10747.84949,0.576394376,100,31.91283293,None,39.92752188,4.288591712,None,Bajo,None,None,Muy bajo,0.861645217,-0.741107,-89.39938222,21.10954833,0,0,0,0,0,0
YUCATAN,31,BOKOBA,31005,2167,1078,49.74619289,1089,50.25380711,474,21.87355791,1462,67.46654361,231,10.65989848,7106.498347,0.304932175,100,66.77434241,None,43.07031619,5.951392166,None,Medio,None,None,Bajo,0.851563393,-0.483887,-89.179525,21.00693972,0,0,0,0,0,0
YUCATAN,31,BUCTZOTZ,31006,9159,4525,49.40495687,4634,50.59504313,2332,25.4612949,5883,64.23190305,944,10.30680205,64828.64324,0.141280143,12.9490119,42.43913091,None,76.41387025,17.77136465,None,Medio,None,None,Bajo,0.847853043,-0.066774,-88.79446222,21.20189667,0,0,0,0,0,0
YUCATAN,31,CACALCHEN,31007,7490,3721,49.67957276,3769,50.32042724,1777,23.72496662,5025,67.0894526,662,8.838451268,10057.05052,0.744751156,0.400534045,45.27369826,None,56.76793425,9.233737289,None,Bajo,None,None,Bajo,0.880901092,-0.536384,-89.22818,20.98309861,0,0,0,0,0,0
YUCATAN,31,CALOTMUL,31008,3949,1962,49.68346417,1987,50.31653583,1004,25.42415801,2416,61.18004558,528,13.37047354,28814.56002,0.13704877,100,80.24816409,None,87.42728443,29.27516088,None,Alto,None,None,Bajo,0.816112605,0.115042,-88.17704639,21.01928944,0,0,0,0,0,0
YUCATAN,31,CANSAHCAB,31009,4466,2278,51.00761308,2188,48.99238692,950,21.27183162,2898,64.89028213,616,13.79310345,12762.65665,0.349927145,100,39.02821317,None,53.76080561,9.507807196,None,Medio,None,None,Bajo,0.841313699,-0.383724,-89.10234139,21.15810278,0,0,0,0,0,0
YUCATAN,31,CANTAMAYEC,31010,2755,1332,48.34845735,1423,51.65154265,898,32.59528131,1622,58.87477314,235,8.529945554,35342.2046,0.077952126,100,98.43920145,None,80.02595978,29.11846435,None,Alto,None,None,Alto,0.768240326,1.092876,-89.08094417,20.47055556,0,0,0,0,0,0
YUCATAN,31,CELESTUN,31011,8389,4154,49.51722494,4235,50.48277506,2337,27.85790917,5510,65.68124925,526,6.270115628,57599.73255,0.145643037,0.274168554,11.68196448,None,85.02309666,25.2486863,None,Bajo,None,None,Bajo,0.864373488,-0.191432,-90.39946361,20.86009167,0,0,0,0,0,0
YUCATAN,31,CENOTILLO,31012,3736,1880,50.32119914,1856,49.67880086,966,25.85653105,2199,58.85974304,571,15.28372591,53766.77717,0.069485288,100,60.92077088,None,85.8280654,25.07275204,None,Medio,None,None,Bajo,0.841399695,-0.251223,-88.60442,20.96577167,0,0,0,0,0,0
YUCATAN,31,CONKAL,31013,16671,8501,50.99274189,8170,49.00725811,3803,22.81206886,11548,69.2699898,1319,7.911942895,6276.617333,2.656048492,16.35774699,19.54891728,None,29.9301023,5.052408881,None,Muy bajo,None,None,Muy bajo,0.922027149,-1.170578,-89.52128389,21.07389389,0,0,0,0,0,0
YUCATAN,31,CUNCUNUL,31014,1714,829,48.3663944,885,51.6336056,454,26.48774796,1098,64.06067678,162,9.451575263,13476.7182,0.127182299,100,97.78296383,None,79.45629898,21.77576854,None,Alto,None,None,Bajo,0.823691638,-0.073808,-88.29663139,20.64116306,0,0,0,0,0,0
YUCATAN,31,CUZAMA,31015,5560,2739,49.26258993,2821,50.73741007,1379,24.80215827,3738,67.23021583,443,7.967625899,9269.075838,0.599844051,100,86.70863309,None,61.83973894,10.84554025,None,Alto,None,None,Medio,0.809726095,0.332337,-89.31696111,20.74148417,0,0,0,0,0,0
YUCATAN,31,CHACSINKIN,31016,3104,1516,48.84020619,1588,51.15979381,909,29.28479381,1979,63.7564433,216,6.958762887,11379.189,0.272778666,100,99.29123711,None,95.77460964,33.51221996,None,Alto,None,None,Medio,0.819005593,0.306288,-89.01640889,20.17260083,0,0,0,0,0,0
YUCATAN,31,CHANKOM,31017,4686,2327,49.65855741,2359,50.34144259,1344,28.68117798,2917,62.24925309,425,9.069568929,43989.86118,0.106524546,100,98.54886897,None,87.4571116,32.03501094,None,Alto,None,None,Medio,0.781183671,0.757073,-88.51234639,20.56858306,0,0,0,0,0,0
YUCATAN,31,CHAPAB,31018,3385,1687,49.83751846,1698,50.16248154,857,25.31757755,2146,63.39734121,382,11.28508124,16803.44562,0.201446779,100,89.30576071,None,60.15372907,13.22191781,None,Alto,None,None,Medio,0.82326812,0.127134,-89.45655222,20.45875056,0,0,0,0,0,0
YUCATAN,31,CHEMAX,31019,38934,19359,49.72260749,19575,50.27739251,13122,33.70319001,23621,60.66933785,2191,5.627472132,138641.3217,0.280825367,40.84347871,98.80310269,None,93.23740624,41.63528828,None,Alto,None,None,Alto,0.763816533,1.234606,-87.93732806,20.65501639,0,0,0,0,0,0
YUCATAN,31,CHICXULUB PUEBLO,31020,4497,2218,49.32177007,2279,50.67822993,1042,23.17100289,3042,67.64509673,413,9.183900378,4386.839681,1.025111544,100,17.7229264,None,53.20969586,9.745026298,None,Bajo,None,None,Muy bajo,0.872011672,-0.861336,-89.51507611,21.13728944,0,0,0,0,0,0
YUCATAN,31,CHICHIMILA,31021,9406,4631,49.23453115,4775,50.76546885,3059,32.5217946,5692,60.51456517,655,6.96364023,46620.64252,0.201756121,30.46991282,98.52221986,None,89.68406654,42.02735828,None,Alto,None,None,Medio,0.785613191,0.723207,-88.21739667,20.63127,0,0,0,0,0,0
YUCATAN,31,CHIKINDZONOT,31022,4363,2171,49.7593399,2192,50.2406601,1369,31.37749255,2671,61.21934449,323,7.403162961,47016.16725,0.092797866,100,99.03735961,None,97.63494285,46.14159086,None,Alto,None,None,Medio,0.768664573,0.748465,-88.48648556,20.33365528,0,0,0,0,0,0
YUCATAN,31,CHOCHOLA,31023,4863,2373,48.79703886,2490,51.20296114,1132,23.27781205,3228,66.37877853,503,10.34340942,29036.73978,0.16747748,100,50.70943862,None,56.11223629,7.112869198,None,Bajo,None,None,Bajo,0.858515578,-0.598296,-89.83069861,20.75023139,0,0,0,0,0,0
YUCATAN,31,CHUMAYEL,31024,3244,1647,50.77065351,1597,49.22934649,824,25.40073983,2068,63.74845869,352,10.85080148,8316.273767,0.390078549,100,98.27373613,None,88.71346522,29.99042757,None,Alto,None,None,Medio,0.802134845,0.305844,-89.30251917,20.42953472,0,0,0,0,0,0
YUCATAN,31,DZAN,31025,6003,3064,51.04114609,2939,48.95885391,1771,29.50191571,3759,62.61869065,473,7.879393637,7927.993649,0.757190314,0.033316675,95.93536565,None,81.13073666,22.89551228,None,Bajo,None,None,Bajo,0.860570851,-0.322491,-89.46887056,20.38776417,0,0,0,0,0,0
YUCATAN,31,DZEMUL,31026,3622,1825,50.38652678,1797,49.61347322,755,20.84483711,2398,66.20651574,469,12.94864716,17247.72011,0.20999877,100,43.73274434,None,46.16032457,5.918298825,None,Bajo,None,None,Muy bajo,0.862615031,-0.729177,-89.30881389,21.21150306,0,0,0,0,0,0
YUCATAN,31,DZIDZANTUN,31027,8345,4134,49.5386459,4211,50.4613541,1750,20.9706411,5476,65.62013182,1083,12.97783104,20559.23199,0.405900376,9.766327142,13.36129419,None,54.63365735,11.03134872,None,Muy bajo,None,None,Bajo,0.888014887,-0.616459,-89.042975,21.24667833,0,0,0,0,0,0
YUCATAN,31,DZILAM DE BRAVO,31028,2936,1462,49.79564033,1474,50.20435967,743,25.30653951,1918,65.32697548,275,9.366485014,41683.50702,0.070435532,100,8.378746594,None,49.37661883,7.398319916,None,Bajo,None,None,Bajo,0.859719437,-0.705804,-88.89187972,21.39322917,0,0,0,0,0,0
YUCATAN,31,DZILAM GONZALEZ,31029,6240,3067,49.15064103,3173,50.84935897,1368,21.92307692,4079,65.36858974,780,12.5,50170.98982,0.124374664,1.137820513,23.73397436,None,76.89564069,20.07050859,None,Bajo,None,None,Bajo,0.868460597,-0.321151,-88.92974056,21.280125,0,0,0,0,0,0
YUCATAN,31,DZITAS,31030,4015,1959,48.79202989,2056,51.20797011,1119,27.87048568,2490,62.01743462,406,10.1120797,30686.9397,0.130837419,100,83.96014944,None,80.27272727,26.78600613,None,Alto,None,None,Medio,0.771374653,0.78867,-88.52782222,20.83986556,0,0,0,0,0,0
YUCATAN,31,DZONCAUICH,31031,2818,1396,49.53867991,1422,50.46132009,661,23.45635202,1758,62.38466998,399,14.158978,13220.03942,0.21316124,100,84.20865862,None,66.59017569,16.26855504,None,Alto,None,None,Medio,0.802696182,0.233742,-88.89093111,21.12916389,0,0,0,0,0,0
YUCATAN,31,ESPITA,31032,16779,8267,49.26992073,8512,50.73007927,4731,28.19595923,10621,63.2993623,1388,8.272245068,72868.75568,0.230263298,26.57488527,86.54270219,None,90.54490056,38.859704,None,Alto,None,None,Medio,0.818190703,0.516249,-88.3068225,21.0110525,0,0,0,0,0,0
YUCATAN,31,HALACHO,31033,21255,10582,49.78593272,10673,50.21406728,5546,26.09268407,13855,65.18466243,1844,8.67560574,58148.90765,0.365527073,52.09127264,84.23429781,None,67.89163717,14.19111393,None,Alto,None,None,Medio,0.815969306,0.162803,-90.08222889,20.47774583,0,0,0,0,0,0
YUCATAN,31,HOCABA,31034,6514,3265,50.1228124,3249,49.8771876,1680,25.79060485,4182,64.20018422,652,10.00921093,9409.100259,0.692308491,100,83.63524716,None,67.00235073,13.49506347,None,Alto,None,None,Medio,0.798067186,0.27887,-89.24509917,20.81624,0,0,0,0,0,0
YUCATAN,31,HOCTUN,31035,6384,3210,50.28195489,3174,49.71804511,1521,23.82518797,4183,65.52318296,679,10.63596491,11960.00451,0.533779063,19.31390977,62.71929825,None,72.16816287,21.91006733,None,Medio,None,None,Medio,0.824584772,0.274871,-89.20206583,20.86521222,0,0,0,0,0,0
YUCATAN,31,HOMUN,31036,8090,4021,49.70333745,4069,50.29666255,2025,25.03090235,5401,66.76143387,664,8.207663782,19813.17988,0.408314064,15.82200247,80.72929543,None,68.14449484,15.97467876,None,Medio,None,None,Bajo,0.830382102,0.121542,-89.28575444,20.73951528,0,0,0,0,0,0
YUCATAN,31,HUHI,31037,5250,2552,48.60952381,2698,51.39047619,1251,23.82857143,3463,65.96190476,507,9.657142857,19590.28302,0.267990003,1.066666667,67.25714286,None,81.95920723,20.79911487,None,Medio,None,None,Medio,0.846944015,0.142144,-89.16219889,20.72499056,0,0,0,0,0,0
YUCATAN,31,HUNUCMA,31038,35137,17680,50.31732931,17457,49.68267069,9338,26.57597404,23315,66.35455503,2468,7.023934883,81883.93106,0.429107391,19.13936876,39.23499445,None,65.32243218,14.94675272,None,Medio,None,None,Bajo,0.853287378,-0.332842,-89.87705167,21.01615417,0,0,0,0,0,0
YUCATAN,31,IXIL,31039,4186,2086,49.83277592,2100,50.16722408,976,23.31581462,2851,68.10797898,359,8.576206402,13547.32575,0.308990872,100,24.53416149,None,59.66470876,11.09960842,None,Bajo,None,None,Muy bajo,0.862879206,-0.79341,-89.48121111,21.15300028,0,0,0,0,0,0
YUCATAN,31,IZAMAL,31040,28555,14355,50.27140606,14200,49.72859394,7303,25.57520574,18400,64.4370513,2807,9.830152338,45470.85974,0.627984607,37.52057433,58.21747505,None,58.72135514,10.12376697,None,Bajo,None,None,Bajo,0.861578053,-0.368708,-89.01971472,20.9329975,0,0,0,0,0,0
YUCATAN,31,KANASIN,31041,141939,71527,50.39277436,70412,49.60722564,38308,26.98905868,97493,68.68654845,5906,4.160942377,10134.06011,14.00613362,1.540098211,29.80576163,None,44.44591292,6.729577935,None,Muy bajo,None,None,Muy bajo,0.910109924,-0.971943,-89.55805944,20.93463972,0,0,0,0,0,0
YUCATAN,31,KANTUNIL,31042,5553,2823,50.8373852,2730,49.1626148,1553,27.96686476,3398,61.19214839,602,10.84098685,19797.44409,0.280490753,100,73.58184765,None,81.95905369,30.26369427,None,Alto,None,None,Bajo,0.822658687,-0.115209,-89.03651917,20.79644,0,0,0,0,0,0
YUCATAN,31,KAUA,31043,3405,1681,49.36857562,1724,50.63142438,1022,30.01468429,2155,63.28928047,228,6.696035242,13621.29659,0.249976203,100,97.76798825,None,88.0143928,28.35862069,None,Alto,None,None,Bajo,0.813321159,0.125321,-88.41461667,20.62008556,0,0,0,0,0,0
YUCATAN,31,KINCHIL,31044,7530,3738,49.64143426,3792,50.35856574,2034,27.01195219,4908,65.17928287,588,7.80876494,35274.64879,0.213467753,4.515272244,57.59628154,None,66.75583458,13.09512761,None,Medio,None,None,Bajo,0.843086647,-0.091274,-89.94758278,20.91646194,0,0,0,0,0,0
YUCATAN,31,KOPOMA,31045,2677,1290,48.18827045,1387,51.81172955,629,23.49645125,1765,65.93201345,283,10.5715353,15642.06797,0.171141054,100,69.89166978,None,44.96136364,5.689772727,None,Bajo,None,None,Bajo,0.856123384,-0.54352,-89.89952583,20.64897,0,0,0,0,0,0
YUCATAN,31,MAMA,31046,3296,1681,51.00121359,1615,48.99878641,892,27.0631068,2093,63.50121359,311,9.435679612,9959.495867,0.330940446,100,94.35679612,None,82.64821046,23.33282349,None,Alto,None,None,Bajo,0.812106092,0.087091,-89.36557944,20.47739806,0,0,0,0,0,0
YUCATAN,31,MANI,31047,5968,3024,50.67024129,2944,49.32975871,1550,25.97184987,3884,65.08042895,534,8.94772118,12577.78472,0.474487371,100,97.15147453,None,75.80204897,20.18978989,None,Alto,None,None,Bajo,0.814219833,-0.002754,-89.39297083,20.38770139,0,0,0,0,0,0
YUCATAN,31,MAXCANU,31048,23991,11883,49.53107415,12108,50.46892585,6077,25.33033221,15962,66.53328331,1928,8.036346963,90326.28687,0.265603744,41.7906715,68.62156642,None,57.28418686,8.967478547,None,Medio,None,None,Bajo,0.842048139,-0.041726,-90.00064028,20.58505944,0,0,0,0,0,0
YUCATAN,31,MAYAPAN,31049,3965,1896,47.8184111,2069,52.1815889,1336,33.69482976,2385,60.15132409,217,5.472887768,9286.026593,0.426985639,100,98.81462799,None,93.05218509,39.20745501,None,Muy alto,None,None,Alto,0.728209821,1.22981,-89.21517111,20.46874417,0,0,0,0,0,0
YUCATAN,31,MERIDA,31050,995129,515760,51.82845641,479369,48.17154359,199593,20.05699764,696445,69.98539888,96559,9.703164112,87557.65266,11.36541433,4.236435678,17.76171733,None,25.65387471,2.928759269,None,Muy bajo,None,None,Muy bajo,0.93816391,-1.277108,-89.62439167,20.96753722,0,0,0,0,0,0
YUCATAN,31,MOCOCHA,31051,3430,1673,48.7755102,1757,51.2244898,721,21.02040816,2347,68.42565598,362,10.55393586,4678.733902,0.733104312,100,23.41107872,None,28.36972779,3.238408615,None,Bajo,None,None,Bajo,0.868882985,-0.709068,-89.45205556,21.10568444,0,0,0,0,0,0
YUCATAN,31,MOTUL,31052,37804,19127,50.59517511,18677,49.40482489,9227,24.40747011,24933,65.95333827,3559,9.414347688,31766.89479,1.19004392,31.00994604,46.78076394,None,50.57236979,10.30389349,None,Bajo,None,None,Bajo,0.867234447,-0.48289,-89.28392472,21.09555056,0,0,0,0,0,0
YUCATAN,31,MUNA,31053,13494,6747,50,6747,50,3236,23.98102861,8964,66.42952423,1294,9.589447162,39415.35043,0.342353927,6.97346969,74.87772343,None,69.8895932,19.43456378,None,Bajo,None,None,Bajo,0.865761651,-0.406402,-89.7133775,20.48395333,0,0,0,0,0,0
YUCATAN,31,MUXUPIP,31054,2990,1531,51.20401338,1459,48.79598662,676,22.60869565,1990,66.55518395,305,10.2006689,7099.324487,0.421166832,100,66.95652174,None,48.58728011,4.880581867,None,Medio,None,None,Bajo,0.8443905,-0.384885,-89.32989111,21.04282306,0,0,0,0,0,0
YUCATAN,31,OPICHEN,31055,7080,3503,49.47740113,3577,50.52259887,1814,25.62146893,4705,66.45480226,561,7.923728814,25726.17828,0.275206054,23.55932203,96.72316384,None,77.74963967,21.06442779,None,Medio,None,None,Bajo,0.841618486,-0.030779,-89.85624444,20.55065139,0,0,0,0,0,0
YUCATAN,31,OXKUTZCAB,31056,33854,17544,51.82253205,16310,48.17746795,10019,29.59473031,21275,62.84338631,2508,7.408282625,85652.08432,0.39525016,22.68269628,86.98528977,None,77.35806918,22.83158586,None,Medio,None,None,Bajo,0.837714358,-0.030704,-89.41875167,20.3019325,0,0,0,0,0,0
YUCATAN,31,PANABA,31057,7766,3930,50.60520216,3836,49.39479784,1923,24.76178213,4976,64.07416946,867,11.16404842,65899.95129,0.117845307,31.52201906,48.4290497,None,75.46163832,18.1400753,None,Medio,None,None,Bajo,0.854222886,-0.231343,-88.27118333,21.29686111,0,0,0,0,0,0
YUCATAN,31,PETO,31058,25954,13067,50.34676736,12887,49.65323264,7909,30.47314479,15720,60.56869847,2314,8.915774062,104735.993,0.247804019,17.33066194,84.85782538,None,85.32234028,33.20884773,None,Medio,None,None,Bajo,0.836674511,0.098815,-88.92398528,20.12591833,0,0,0,0,0,0
YUCATAN,31,PROGRESO,31059,66008,33029,50.0378742,32979,49.9621258,15478,23.44867289,44480,67.38577142,5933,8.988304448,39979.56285,1.651043566,13.77257302,11.00321173,None,42.08649533,6.297325476,None,Muy bajo,None,None,Muy bajo,0.902518356,-0.971699,-89.663595,21.28257722,0,0,0,0,0,0
YUCATAN,31,QUINTANA ROO,31060,976,496,50.81967213,480,49.18032787,253,25.92213115,594,60.86065574,127,13.01229508,10255.76665,0.095165972,100,62.29508197,None,74.8701973,22.07061267,None,Medio,None,None,Bajo,0.835549981,-0.085659,-88.63175111,20.8671875,0,0,0,0,0,0
YUCATAN,31,RIO LAGARTOS,31061,3974,1941,48.84247609,2033,51.15752391,957,24.08152994,2658,66.88475088,343,8.631102164,32403.00368,0.122642951,100,25.69199799,None,27.4118999,4.281154239,None,Medio,None,None,Bajo,0.848475281,-0.537697,-88.1579775,21.59775056,0,0,0,0,0,0
YUCATAN,31,SACALUM,31062,4962,2402,48.40790004,2560,51.59209996,1330,26.80370818,3214,64.77226925,418,8.424022572,19716.11222,0.251672335,100,86.86013704,None,69.3108304,17.00124249,None,Medio,None,None,Bajo,0.843390195,-0.285135,-89.59116528,20.49582917,0,0,0,0,0,0
YUCATAN,31,SAMAHIL,31063,5631,2796,49.65370272,2835,50.34629728,1411,25.05771621,3776,67.05736104,418,7.423193039,15924.52934,0.353605427,100,71.2484461,None,48.95246669,7.287900612,None,Medio,None,None,Bajo,0.841897836,-0.346962,-89.88881556,20.8834175,0,0,0,0,0,0
YUCATAN,31,SANAHCAT,31064,1701,843,49.55908289,858,50.44091711,457,26.86654909,1037,60.96413874,207,12.16931217,2594.000983,0.655743776,100,80.893592,None,56.13555291,10.38406659,None,Medio,None,None,Bajo,0.843087766,-0.114831,-89.21476056,20.77126222,0,0,0,0,0,0
YUCATAN,31,SAN FELIPE,31065,2118,1029,48.58356941,1089,51.41643059,504,23.79603399,1413,66.71388102,201,9.490084986,43962.35692,0.048177581,100,16.19452314,None,32.23106609,3.428364689,None,Bajo,None,None,Muy bajo,0.875288885,-0.874724,-88.23206333,21.56759889,0,0,0,0,0,0
YUCATAN,31,SANTA ELENA,31066,4220,2118,50.18957346,2102,49.81042654,1138,26.96682464,2740,64.92890995,342,8.104265403,50987.69941,0.08276506,100,98.17535545,None,81.87341469,22.66882029,None,Alto,None,None,Medio,0.812535939,0.14193,-89.64325944,20.3288975,0,0,0,0,0,0
YUCATAN,31,SEYE,31067,10053,4924,48.98040386,5129,51.01959614,2391,23.78394509,6782,67.46244902,880,8.753605889,17657.65631,0.569328105,9.07191883,43.84760768,None,62.35101004,13.28379875,None,Bajo,None,None,Bajo,0.868196525,-0.272913,-89.37225278,20.83698667,0,0,0,0,0,0
YUCATAN,31,SINoneCHE,31068,3206,1558,48.59638178,1648,51.40361822,679,21.1790393,2075,64.72239551,452,14.09856519,13301.44085,0.24102652,100,38.55271366,None,65.53633441,11.24308682,None,Medio,None,None,Bajo,0.850553484,-0.509177,-89.18578333,21.225595,0,0,0,0,0,0
YUCATAN,31,SOTUTA,31069,8967,4385,48.90152782,4582,51.09847218,2475,27.60120442,5611,62.57388201,881,9.824913572,54141.63884,0.165621141,35.78677373,80.43938887,None,83.96841986,32.57764399,None,Alto,None,None,Medio,0.816843769,0.395219,-89.00670556,20.59501778,0,0,0,0,0,0
YUCATAN,31,SUCILA,31070,3971,1990,50.11332158,1981,49.88667842,972,24.4774616,2502,63.00679929,495,12.46537396,30438.06309,0.130461652,100,76.45429363,None,76.81322357,19.62078724,None,Medio,None,None,Bajo,0.854303709,-0.415093,-88.31393833,21.15616556,0,0,0,0,0,0
YUCATAN,31,SUDZAL,31071,1949,950,48.7429451,999,51.2570549,581,29.81015906,1183,60.69779374,185,9.492047204,21964.62243,0.088733599,100,85.53104156,None,66.88158581,20.92331768,None,Alto,None,None,Medio,0.816296768,0.181766,-88.98879194,20.87209556,0,0,0,0,0,0
YUCATAN,31,SUMA,31072,1857,894,48.14216478,963,51.85783522,393,21.1631664,1164,62.68174475,300,16.15508885,8710.639775,0.213187555,100,55.62735595,None,46.88091354,7.058727569,None,Bajo,None,None,Bajo,0.867025109,-0.686462,-89.14827861,21.08649139,0,0,0,0,0,0
YUCATAN,31,TAHDZIU,31073,5854,2845,48.59924838,3009,51.40075162,2287,39.06730441,3309,56.52545268,232,3.963102152,23957.27222,0.244351692,100,99.23129484,None,98.07661777,53.13822261,None,Alto,None,None,Alto,0.774245092,1.003035,-88.94490361,20.20382056,0,0,0,0,0,0
YUCATAN,31,TAHMEK,31074,3774,1865,49.41706412,1909,50.58293588,793,21.01218866,2475,65.58028617,506,13.40752517,10158.9756,0.371494149,100,85.53259141,None,59.74610425,7.148307362,None,Medio,None,None,Bajo,0.836337773,-0.157658,-89.25579472,20.875535,0,0,0,0,0,0
YUCATAN,31,TEABO,31075,6921,3475,50.2095073,3446,49.7904927,2011,29.05649473,4325,62.49096951,585,8.452535761,22284.27822,0.310577706,0.447912151,97.34142465,None,87.24560384,32.2957419,None,Alto,None,None,Medio,0.79322491,0.763863,-89.28491917,20.40041111,0,0,0,0,0,0
YUCATAN,31,TECOH,31076,17939,8898,49.60142706,9041,50.39857294,4480,24.97352138,11923,66.46412844,1536,8.562350187,36444.41602,0.492229042,44.16076704,75.91281565,None,54.80325568,11.21886474,None,Medio,None,None,Bajo,0.829741724,0.093726,-89.47430222,20.74172611,0,0,0,0,0,0
YUCATAN,31,TEKAL DE VENEGAS,31077,2683,1312,48.90048453,1371,51.09951547,660,24.59932911,1725,64.29370108,298,11.10696981,19782.83139,0.135622649,100,79.68691763,None,82.0266101,24.65869649,None,Alto,None,None,Medio,0.793386575,0.33516,-88.94700528,21.0140725,0,0,0,0,0,0
YUCATAN,31,TEKANTO,31078,3747,1863,49.71977582,1884,50.28022418,873,23.29863891,2370,63.25060048,504,13.45076061,7907.76113,0.473838289,100,60.1547905,None,65.31676679,11.11196068,None,Medio,None,None,Bajo,0.825202712,-0.003315,-89.10608389,21.01164722,0,0,0,0,0,0
YUCATAN,31,TEKAX,31079,45062,22934,50.89432338,22128,49.10567662,12423,27.56868315,29132,64.64870623,3451,7.658337402,274910.1462,0.163915376,36.84035329,81.98260175,None,74.82516854,21.957206,None,Medio,None,None,Bajo,0.842391232,-0.082831,-89.28838806,20.20346472,0,0,0,0,0,0
YUCATAN,31,TEKIT,31080,11020,5434,49.31034483,5586,50.68965517,2836,25.73502722,7368,66.86025408,816,7.404718693,27869.26435,0.395417685,0.045372051,82.676951,None,82.06044957,24.3560124,None,Medio,None,None,Bajo,0.847879447,0.006359,-89.33309472,20.53349333,0,0,0,0,0,0
YUCATAN,31,TEKOM,31081,3355,1690,50.37257824,1665,49.62742176,995,29.65722802,2025,60.35767511,335,9.98509687,27091.75078,0.123838434,100,98.71833085,None,91.54322901,39.54818717,None,Alto,None,None,Medio,0.797495304,0.392322,-88.26443778,20.60222472,0,0,0,0,0,0
YUCATAN,31,TELCHAC PUEBLO,31082,3512,1801,51.28132118,1711,48.71867882,712,20.27334852,2258,64.29384966,542,15.43280182,5741.223233,0.611716329,100,23.91799544,None,56.42236385,13.90556199,None,Bajo,None,None,Muy bajo,0.867026533,-0.81952,-89.27126722,21.20334889,0,0,0,0,0,0
YUCATAN,31,TELCHAC PUERTO,31083,1915,962,50.23498695,953,49.76501305,457,23.86422977,1257,65.63968668,201,10.49608355,6436.554521,0.297519425,100,24.75195822,None,42.49918963,8.331712588,None,Bajo,None,None,Muy bajo,0.865435496,-0.855155,-89.264225,21.34300389,0,0,0,0,0,0
YUCATAN,31,TEMAX,31084,7037,3494,49.65184027,3543,50.34815973,1752,24.89697314,4441,63.10927952,825,11.72374591,33447.34885,0.210390367,8.028989626,48.00341054,None,77.87838419,21.12247529,None,Medio,None,None,Bajo,0.834559265,0.106702,-88.93863417,21.15184111,0,0,0,0,0,0
YUCATAN,31,TEMOZON,31085,16680,8260,49.52038369,8420,50.47961631,4751,28.48321343,10648,63.83693046,1281,7.679856115,70036.05973,0.238163027,55.84532374,96.37290168,None,81.48339236,22.12628424,None,Alto,None,None,Medio,0.810296285,0.377488,-88.20115778,20.80368028,0,0,0,0,0,0
YUCATAN,31,TEPAKAN,31086,2133,1065,49.92967651,1068,50.07032349,515,24.14439756,1325,62.11908111,277,12.98640413,10771.84129,0.198016285,100,87.0604782,None,56.9368471,11.82051282,None,Alto,None,None,Medio,0.792593521,0.428783,-89.03944667,21.04937722,0,0,0,0,0,0
YUCATAN,31,TETIZ,31087,5464,2680,49.04831625,2784,50.95168375,1523,27.87335286,3504,64.12884334,437,7.997803807,33387.5422,0.163653855,100,63.67130307,None,65.17764137,12.2172619,None,Alto,None,None,Medio,0.800777215,0.218948,-89.93344889,20.96191167,0,0,0,0,0,0
YUCATAN,31,TEYA,31088,1917,962,50.18257694,955,49.81742306,520,27.12571727,1144,59.67657799,253,13.19770475,7716.065228,0.24844269,100,85.44600939,None,62.94204426,10.64541623,None,Alto,None,None,Bajo,0.822711849,-0.047081,-89.07370889,21.04853833,0,0,0,0,0,0
YUCATAN,31,TICUL,31089,40495,20558,50.76676133,19937,49.23323867,10296,25.42536116,26699,65.93159649,3421,8.447956538,33725.42811,1.200726048,13.11766885,70.10495123,None,70.57065956,19.44954987,None,Bajo,None,None,Bajo,0.877292791,-0.607958,-89.53444667,20.39834,0,0,0,0,0,0
YUCATAN,31,TIMUCUY,31090,7503,3715,49.51352792,3788,50.48647208,1840,24.52352392,5113,68.1460749,550,7.330401173,13342.08424,0.562355916,100,98.44062375,None,68.9113067,17.46486121,None,Alto,None,None,Medio,0.812432368,0.226349,-89.513505,20.81050806,0,0,0,0,0,0
YUCATAN,31,TINUM,31091,12700,6315,49.72440945,6385,50.27559055,3522,27.73228346,8186,64.45669291,957,7.535433071,46652.23835,0.272227024,48.8503937,87.46456693,None,84.82405254,32.14128794,None,Medio,None,None,Bajo,0.836995687,-0.048517,-88.3912375,20.76714139,0,0,0,0,0,0
YUCATAN,31,TIXCACALCUPUL,31092,7888,3949,50.06338742,3939,49.93661258,2525,32.01064909,4827,61.19421907,530,6.719066937,49840.48559,0.158264911,100,99.13793103,None,92.73716871,47.70510666,None,Alto,None,None,Medio,0.766422676,0.94475,-88.27026694,20.53708861,0,0,0,0,0,0
YUCATAN,31,TIXKOKOB,31093,18420,9383,50.93919653,9037,49.06080347,3975,21.57980456,12646,68.65363735,1755,9.527687296,17073.37552,1.078872773,35.37459283,28.38762215,None,36.5723897,5.849666669,None,Muy bajo,None,None,Muy bajo,0.88977254,-0.793845,-89.39505139,21.0024825,0,0,0,0,0,0
YUCATAN,31,TIXMEHUAC,31094,5444,2726,50.07347539,2718,49.92652461,1647,30.25349008,3406,62.56429096,391,7.182218957,22844.97866,0.23830182,100,98.7325496,None,90.19422181,32.305685,None,Alto,None,None,Medio,0.790900145,0.702905,-89.10900111,20.23572083,0,0,0,0,0,0
YUCATAN,31,TIXPEHUAL,31095,5690,2874,50.50966608,2816,49.49033392,1174,20.63268893,3941,69.26186292,575,10.10544815,7026.392852,0.809803852,100,52.12653779,None,35.59824624,4.380100215,None,Bajo,None,None,Bajo,0.861225532,-0.594701,-89.44190278,20.97816833,0,0,0,0,0,0
YUCATAN,31,TIZIMIN,31096,80672,40618,50.34956367,40054,49.65043633,22212,27.53371678,51585,63.9441194,6832,8.468861563,384659.9287,0.209722911,34.80637644,63.96519238,None,71.84841648,24.46214293,None,Medio,None,None,Bajo,0.836423483,0.00464,-88.15226611,21.14352306,0,0,0,0,0,0
YUCATAN,31,TUNKAS,31097,3684,1795,48.72421281,1889,51.27578719,1000,27.14440825,2228,60.47774159,456,12.37785016,40960.82153,0.089939602,100,78.50162866,None,85.24114859,33.47895177,None,Alto,None,None,Medio,0.807044997,0.2057,-88.75227944,20.90234972,0,0,0,0,0,0
YUCATAN,31,TZUCACAB,31098,15346,7677,50.02606542,7669,49.97393458,4547,29.62987098,9588,62.47882184,1211,7.891307181,76023.97115,0.201857385,29.10856249,83.4810374,None,83.43826622,27.56927805,None,Medio,None,None,Bajo,0.836240817,0.018077,-89.05033028,20.07193167,0,0,0,0,0,0
YUCATAN,31,UAYMA,31099,4191,2100,50.10737294,2091,49.89262706,1186,28.29873539,2673,63.77952756,332,7.921737056,18606.22296,0.22524722,100,99.02171319,None,90.77574591,39.39340712,None,Alto,None,None,Medio,0.778002302,0.594417,-88.31713861,20.7177875,0,0,0,0,0,0
YUCATAN,31,UCU,31100,4049,2034,50.23462583,2015,49.76537417,970,23.95653248,2732,67.47345023,347,8.570017288,12962.56343,0.312361056,100,46.65349469,None,43.59869084,6.02366566,None,Medio,None,None,Bajo,0.851502948,-0.510938,-89.74644028,21.03173472,0,0,0,0,0,0
YUCATAN,31,UMAN,31101,69147,34725,50.21909844,34422,49.78090156,17571,25.41108074,47494,68.68555396,4060,5.871549019,34605.64577,1.998142166,18.4216235,36.7130895,None,39.68434961,5.043681154,None,Muy bajo,None,None,Muy bajo,0.894734684,-0.863106,-89.74828333,20.88189,0,0,0,0,0,0
YUCATAN,31,VALLADOLID,31102,85460,43535,50.94196115,41925,49.05803885,23134,27.06997426,56067,65.60613152,6191,7.24432483,106924.3566,0.799256621,33.89421952,73.55019892,None,61.89635225,19.58441428,None,Medio,None,None,Bajo,0.853661523,-0.306951,-88.20098,20.68972556,0,0,0,0,0,0
YUCATAN,31,XOCCHEL,31103,3451,1701,49.29006085,1750,50.70993915,935,27.09359606,2205,63.89452333,311,9.011880614,10981.10335,0.314267145,100,87.48188931,None,76.97198716,20.98307558,None,Alto,None,None,Medio,0.80582402,0.205183,-89.18371944,20.83348889,0,0,0,0,0,0
YUCATAN,31,YAXCABA,31104,16350,7994,48.89296636,8356,51.10703364,5097,31.17431193,9924,60.69724771,1329,8.128440367,146234.5641,0.111806672,100,92.70336391,None,88.80127782,35.49055996,None,Alto,None,None,Medio,0.772411702,0.801063,-88.82720611,20.54912556,0,0,0,0,0,0
YUCATAN,31,YAXKUKUL,31105,3293,1665,50.56179775,1628,49.43820225,746,22.65411479,2258,68.56969329,269,8.168843,4905.555816,0.671279693,100,23.50440328,None,49.98526184,6.424584509,None,Bajo,None,None,Muy bajo,0.873951683,-0.812782,-89.41923833,21.06347889,0,0,0,0,0,0
YUCATAN,31,YOBAIN,31106,2215,1105,49.88713318,1110,50.11286682,530,23.92776524,1396,63.0248307,289,13.04740406,13051.8443,0.169707817,100,37.29119639,None,42.34508009,7.475514874,None,Medio,None,None,Bajo,0.851160337,-0.5179,-89.11650028,21.2334675,0,0,0,0,0,0
ZACATECAS,32,APOZOL,32001,6260,3219,51.42172524,3041,48.57827476,1638,26.16613419,3754,59.96805112,868,13.8658147,29003.78115,0.215833928,100,0.415335463,None,45.00838264,1.572156476,None,Bajo,None,None,Muy bajo,0.874328878,-0.773557,-103.09119,21.47087694,0,0,0,0,0,0
ZACATECAS,32,APULCO,32002,4942,2603,52.67098341,2339,47.32901659,1482,29.98785917,2846,57.58802104,614,12.42411979,20054.65052,0.246426633,100,0.222581951,None,51.65201238,4.376676987,None,Bajo,None,None,Bajo,0.86057261,-0.588395,-102.6812089,21.38843833,0,0,0,0,0,0
ZACATECAS,32,ATOLINGA,32003,2277,1146,50.32938076,1131,49.67061924,530,23.27624067,1313,57.66359245,434,19.06016689,27843.09222,0.08177971,100,0.131752306,None,50.14054054,2.577027027,None,Bajo,None,None,Muy bajo,0.881840334,-0.752056,-103.4655833,21.80694861,0,0,0,0,0,0
ZACATECAS,32,BENITO JUAREZ,32004,4493,2251,50.1001558,2242,49.8998442,1320,29.37903405,2622,58.35744491,543,12.08546628,32565.59252,0.137967703,100,0.667705319,None,67.36721612,4.992673993,None,Bajo,None,None,Muy bajo,0.87791442,-0.759145,-103.5559503,21.50447778,0,0,0,0,0,0
ZACATECAS,32,CALERA,32005,45759,23180,50.65670141,22579,49.34329859,14244,31.12830263,28892,63.13949168,2566,5.607640027,38327.15143,1.193905581,3.437575122,0.590047859,None,39.07929883,2.720935386,None,Muy bajo,None,None,Muy bajo,0.916062122,-0.994369,-102.7022625,22.94903722,0,0,0,0,0,0
ZACATECAS,32,CAÑITAS DE FELIPE PESCADOR,32006,8255,4228,51.21744397,4027,48.78255603,2342,28.37068443,4967,60.16959419,896,10.85402786,44458.54397,0.185678595,22.73773471,0.169594185,None,56.52872565,4.292468048,None,Muy bajo,None,None,Muy bajo,0.900164492,-0.93664,-102.72659,23.60697611,0,0,0,0,0,0
ZACATECAS,32,CONCEPCION DEL ORO,32007,12115,6050,49.93809327,6065,50.06190673,3152,26.01733388,7591,62.65786215,1372,11.32480396,239258.0043,0.050635715,42.92199752,0.123813454,None,26.78340805,2.763818572,None,Muy bajo,None,None,Muy bajo,0.909635729,-0.976339,-101.4204839,24.61316889,0,0,0,0,0,0
ZACATECAS,32,CUAUHTEMOC,32008,13466,6918,51.37383039,6548,48.62616961,4213,31.28620229,8126,60.34457151,1127,8.369226199,32097.60418,0.41953287,29.72671914,0.148522204,None,61.67729159,7.90195398,None,Bajo,None,None,Muy bajo,0.885075356,-0.782844,-102.3501019,22.44921833,0,0,0,0,0,0
ZACATECAS,32,CHALCHIHUITES,32009,10086,5194,51.49712473,4892,48.50287527,2780,27.56295856,5935,58.8439421,1371,13.59309935,89111.11322,0.113184536,100,0.039658933,None,54.81736441,7.480775356,None,Bajo,None,None,Muy bajo,0.877943455,-0.965814,-103.8840458,23.47735,0,0,0,0,0,0
ZACATECAS,32,FRESNILLO,32010,240532,122765,51.038947,117767,48.961053,69954,29.08303261,153166,63.67801374,17225,7.161209319,503730.7764,0.4775011,35.50878885,0.461477059,None,40.12434796,3.438739349,None,Muy bajo,None,None,Muy bajo,0.908444147,-1.001529,-102.8682294,23.17489472,0,0,0,0,0,0
ZACATECAS,32,TRINIDAD GARCIA DE LA CADENA,32011,3362,1706,50.743605,1656,49.256395,847,25.1933373,1998,59.42891136,511,15.19928614,30426.56697,0.110495542,100,4.759071981,None,54.16096324,3.584600761,None,Bajo,None,None,Muy bajo,0.88521044,-0.796572,-103.4648708,21.20979,0,0,0,0,0,0
ZACATECAS,32,GENARO CODINA,32012,8168,4225,51.72624878,3943,48.27375122,2604,31.8805093,4770,58.3986288,794,9.7208619,78641.76391,0.103863388,100,0.073457395,None,68.77983617,9.056206679,None,Medio,None,None,Bajo,0.846921052,-0.381018,-102.4565739,22.48761389,0,0,0,0,0,0
ZACATECAS,32,GENERAL ENRIQUE ESTRADA,32013,6644,3363,50.61709813,3281,49.38290187,1953,29.39494281,4117,61.96568332,574,8.639373871,19557.46361,0.339716853,100,3.145695364,None,46.23270827,4.12158008,None,Bajo,None,None,Muy bajo,0.884791285,-0.954832,-102.7400131,22.99512333,0,0,0,0,0,0
ZACATECAS,32,GENERAL FRANCISCO R. MURGUIA,32014,20191,10417,51.5922936,9774,48.4077064,5481,27.14575801,12310,60.96775791,2383,11.80228815,478381.8783,0.042206866,71.05641127,0.099054034,None,58.55089309,3.861618125,None,Bajo,None,None,Muy bajo,0.881662794,-0.846011,-103.0198253,23.99466806,0,0,0,0,0,0
ZACATECAS,32,EL PLATEADO DE JOAQUIN AMARO,32015,1579,798,50.53831539,781,49.46168461,353,22.35592147,877,55.54148195,349,22.10259658,34999.2126,0.045115301,100,0,None,48.02572347,2.237299035,None,Bajo,None,None,Bajo,0.864814164,-0.569122,-103.0923936,21.93665306,0,0,0,0,0,0
ZACATECAS,32,GENERAL PANFILO NATERA,32016,23526,12085,51.36869846,11441,48.63130154,7202,30.61293888,14197,60.34600017,2122,9.019807872,43737.12725,0.53789541,100,0.063759245,None,65.1082527,6.908657698,None,Bajo,None,None,Bajo,0.860983448,-0.690236,-102.1099233,22.66437139,0,0,0,0,0,0
ZACATECAS,32,GUADALUPE,32017,211740,109285,51.61282705,102455,48.38717295,57345,27.08274299,143213,67.63625201,10607,5.009445546,80832.20319,2.619500541,12.299046,0.586096156,None,23.85692092,1.383323069,None,Muy bajo,None,None,Muy bajo,0.93904877,-1.319996,-102.5188017,22.74678194,0,0,0,0,0,0
ZACATECAS,32,HUANUSCO,32018,4547,2290,50.36287662,2257,49.63712338,1155,25.40136354,2633,57.90631185,759,16.69232461,36860.5818,0.123356707,100,0.197932703,None,46.819522,3.528702256,None,Bajo,None,None,Muy bajo,0.872339552,-0.801828,-102.9720242,21.77216889,0,0,0,0,0,0
ZACATECAS,32,JALPA,32019,25296,12868,50.86970272,12428,49.13029728,7270,28.7397217,15184,60.02530044,2811,11.11242884,71086.33385,0.355848989,39.55170778,0.679949399,None,43.06329259,2.458537813,None,Muy bajo,None,None,Muy bajo,0.898948044,-1.016379,-102.9758342,21.63223917,0,0,0,0,0,0
ZACATECAS,32,JEREZ,32020,59910,30745,51.31864463,29165,48.68135537,14855,24.79552662,37716,62.95443165,7328,12.23168085,152690.7385,0.392361715,22.99783008,0.449006844,None,45.48791412,2.793981422,None,Muy bajo,None,None,Muy bajo,0.912976923,-1.059732,-102.9899236,22.64940333,0,0,0,0,0,0
ZACATECAS,32,JIMENEZ DEL TEUL,32021,4465,2255,50.50391937,2210,49.49608063,1425,31.91489362,2527,56.59574468,513,11.4893617,115841.3354,0.0385441,100,0.335946249,None,64.71022727,12.67795455,None,Alto,None,None,Medio,0.809458743,0.137896,-103.7983839,23.25411028,0,0,0,0,0,0
ZACATECAS,32,JUAN ALDAMA,32022,19749,10184,51.56716796,9565,48.43283204,5579,28.24953162,12221,61.88161426,1949,9.868854119,61692.10713,0.320121988,23.81892754,0.248113829,None,57.52518001,4.173589916,None,Muy bajo,None,None,Muy bajo,0.902459341,-0.99919,-103.3935903,24.29048111,0,0,0,0,0,0
ZACATECAS,32,JUCHIPILA,32023,12251,6364,51.94677985,5887,48.05322015,3001,24.49595951,7481,61.06440291,1767,14.42331238,33537.12718,0.365296644,52.3630724,0.261203167,None,38.31372508,2.085781858,None,Muy bajo,None,None,Muy bajo,0.903887107,-1.015916,-103.1192433,21.41150389,0,0,0,0,0,0
ZACATECAS,32,LORETO,32024,53709,27442,51.09385764,26267,48.90614236,17351,32.30557262,32719,60.91902661,3547,6.604107319,42465.81894,1.264758371,51.05661993,0.29603977,None,51.72207549,4.079276836,None,Muy bajo,None,None,Muy bajo,0.90017965,-1.010186,-101.9865639,22.27218667,0,0,0,0,0,0
ZACATECAS,32,LUIS MOYA,32025,13184,6750,51.19842233,6434,48.80157767,4151,31.4851335,7905,59.95904126,1128,8.555825243,17502.7946,0.753251141,47.03428398,0.204793689,None,49.90314282,4.123200399,None,Muy bajo,None,None,Muy bajo,0.89403729,-1.04525,-102.2492494,22.43247778,0,0,0,0,0,0
ZACATECAS,32,MAZAPIL,32026,17774,8663,48.73973219,9111,51.26026781,5433,30.56712051,10283,57.85416901,2042,11.48869135,1198759.991,0.014826988,100,0.106897716,None,44.06694332,7.055503447,None,Medio,None,None,Bajo,0.844669246,-0.329103,-101.5549667,24.63809694,0,0,0,0,0,0
ZACATECAS,32,MELCHOR OCAMPO,32027,2736,1281,46.82017544,1455,53.17982456,815,29.7880117,1652,60.38011696,269,9.831871345,186204.8602,0.014693494,100,0,None,56.01974934,6.61868591,None,Medio,None,None,Bajo,0.848796472,-0.374912,-101.6422264,24.83172444,0,0,0,0,0,0
ZACATECAS,32,MEZQUITAL DEL ORO,32028,2451,1235,50.3875969,1216,49.6124031,653,26.64218686,1440,58.75152999,358,14.60628315,48200.85039,0.050849725,100,0.57119543,None,57.55394191,4.549377593,None,Bajo,None,None,Bajo,0.869866847,-0.260498,-103.3629011,21.21672167,0,0,0,0,0,0
ZACATECAS,32,MIGUEL AUZA,32029,23713,12138,51.18711255,11575,48.81288745,7720,32.55598195,14158,59.70564669,1835,7.738371357,109392.1198,0.216770642,37.52372117,0.080124826,None,61.39649802,3.656397025,None,Muy bajo,None,None,Muy bajo,0.901007554,-0.866805,-103.4514494,24.29444639,0,0,0,0,0,0
ZACATECAS,32,MOMAX,32030,2446,1261,51.55355683,1185,48.44644317,578,23.63041701,1469,60.0572363,399,16.31234669,16017.41092,0.152708825,100,0.286181521,None,44.54854772,2.290871369,None,Bajo,None,None,Muy bajo,0.883359462,-0.938611,-103.3139753,21.92201417,0,0,0,0,0,0
ZACATECAS,32,MONTE ESCOBEDO,32031,8683,4399,50.66221352,4284,49.33778648,2133,24.56524243,5066,58.34389036,1484,17.09086721,158297.6177,0.054852373,100,0.840723252,None,46.42512929,2.085213916,None,Bajo,None,None,Muy bajo,0.878305193,-0.796895,-103.5616431,22.30278472,0,0,0,0,0,0
ZACATECAS,32,MORELOS,32032,13207,6655,50.38994473,6552,49.61005527,3484,26.37995003,8677,65.70000757,1023,7.74589233,17897.78969,0.737912347,42.92420686,0.77231771,None,29.10115219,1.613488589,None,Muy bajo,None,None,Muy bajo,0.916392545,-1.211482,-102.609535,22.86219444,0,0,0,0,0,0
ZACATECAS,32,MOYAHUA DE ESTRADA,32033,4530,2312,51.03752759,2218,48.96247241,1104,24.37086093,2622,57.8807947,804,17.74834437,53527.22587,0.08462983,100,0.331125828,None,44.42802605,3.128452729,None,Bajo,None,None,Muy bajo,0.876101942,-0.801772,-103.1656967,21.26559361,0,0,0,0,0,0
ZACATECAS,32,NOCHISTLAN DE MEJIA,32034,27945,14463,51.75523349,13482,48.24476651,7317,26.18357488,16625,59.49185901,3996,14.29951691,86931.38494,0.321460426,39.83181249,0.239756665,None,40.33244084,1.386806333,None,Muy bajo,None,None,Muy bajo,0.903143905,-0.987657,-102.847165,21.36325333,0,0,0,0,0,0
ZACATECAS,32,NORIA DE ANGELES,32035,16284,8384,51.48612135,7900,48.51387865,5150,31.62613608,9792,60.13264554,1331,8.173667404,40419.92404,0.402870624,100,0.085973962,None,61.28057561,6.449922657,None,Bajo,None,None,Muy bajo,0.865404257,-0.715435,-101.9088961,22.44270111,0,0,0,0,0,0
ZACATECAS,32,OJOCALIENTE,32036,44144,22882,51.83490395,21262,48.16509605,14158,32.07230881,26566,60.18031896,3385,7.668086263,63799.04365,0.691922597,49.49483509,0.285429503,None,56.31857799,6.962883743,None,Bajo,None,None,Muy bajo,0.883636787,-0.836357,-102.2529339,22.57196667,0,0,0,0,0,0
ZACATECAS,32,PANUCO,32037,17577,8797,50.04835865,8780,49.95164135,5431,30.89833305,10868,61.83080162,1278,7.270865335,67493.77582,0.260424014,71.08721625,0.972862263,None,56.63344492,6.370568509,None,Bajo,None,None,Bajo,0.863364565,-0.562567,-102.5408839,22.87596389,0,0,0,0,0,0
ZACATECAS,32,PINOS,32038,72241,37485,51.8888166,34756,48.1111834,22846,31.62470065,42913,59.40255534,6458,8.939521878,313579.7639,0.230375197,91.27365347,0.07336554,None,67.60877122,7.17210195,None,Medio,None,None,Bajo,0.849867773,-0.404372,-101.5751672,22.29884194,0,0,0,0,0,0
ZACATECAS,32,RIO GRANDE,32039,64535,33255,51.53017742,31280,48.46982258,17326,26.84744712,41271,63.95134423,5934,9.195010459,181875.492,0.354830655,45.68838615,0.305260711,None,45.57399075,3.308948097,None,Muy bajo,None,None,Muy bajo,0.903210569,-1.006735,-103.0343317,23.82743417,0,0,0,0,0,0
ZACATECAS,32,SAIN ALTO,32040,21844,11201,51.2772386,10643,48.7227614,6812,31.1847647,12974,59.3938839,2058,9.421351401,139960.7377,0.156072341,75.75993408,0.036623329,None,61.89661931,3.478882706,None,Bajo,None,None,Muy bajo,0.874797704,-0.772976,-103.2474792,23.57983028,0,0,0,0,0,0
ZACATECAS,32,EL SALVADOR,32041,2509,1235,49.22279793,1274,50.77720207,662,26.38501395,1446,57.63252292,401,15.98246313,61723.69647,0.040648894,100,0.11956955,None,55.02070646,9.719041819,None,Alto,None,None,Bajo,0.82321779,-0.183938,-100.86783,24.52057667,0,0,0,0,0,0
ZACATECAS,32,SOMBRERETE,32042,63665,32198,50.5740988,31467,49.4259012,18390,28.88557292,39472,61.99952878,5760,9.047357261,359356.4615,0.177163922,60.62514726,0.080106809,None,38.06115986,2.796913673,None,Muy bajo,None,None,Muy bajo,0.896499034,-0.906904,-103.6413422,23.63137778,0,0,0,0,0,0
ZACATECAS,32,SUSTICACAN,32043,1365,701,51.35531136,664,48.64468864,329,24.1025641,821,60.14652015,215,15.75091575,19747.81098,0.069121585,100,0.146520147,None,56.50709485,5.623599701,None,Medio,None,None,Bajo,0.854324984,-0.59355,-103.0996886,22.61108889,0,0,0,0,0,0
ZACATECAS,32,TABASCO,32044,16588,8481,51.12732095,8107,48.87267905,4678,28.20110924,10055,60.61610803,1854,11.17675428,40605.1162,0.408519949,51.21774777,0.355678804,None,55.26994013,4.665903654,None,Muy bajo,None,None,Muy bajo,0.888964352,-0.900503,-102.9130569,21.86527694,0,0,0,0,0,0
ZACATECAS,32,TEPECHITLAN,32045,8321,4337,52.12113929,3984,47.87886071,2229,26.78764572,4916,59.07943757,1176,14.13291672,53912.29627,0.154343268,100,0.324480231,None,54.9148043,2.863686875,None,Bajo,None,None,Muy bajo,0.884296586,-0.861009,-103.3276253,21.67112611,0,0,0,0,0,0
ZACATECAS,32,TEPETONGO,32046,6490,3284,50.6009245,3206,49.3990755,1409,21.71032357,3756,57.87365177,1325,20.41602465,71692.14822,0.090525952,100,0.046224961,None,51.3154469,2.824734085,None,Bajo,None,None,Muy bajo,0.871642362,-0.754512,-103.1478981,22.46126472,0,0,0,0,0,0
ZACATECAS,32,TEUL DE GONZALEZ ORTEGA,32047,5356,2744,51.23226288,2612,48.76773712,1396,26.06422704,3234,60.38088125,725,13.53622106,67305.47722,0.079577476,100,0.429424944,None,38.94886037,1.339590117,None,Muy bajo,None,None,Muy bajo,0.891311666,-0.947675,-103.4620394,21.46409139,0,0,0,0,0,0
ZACATECAS,32,TLALTENoneGO DE SANCHEZ ROMAN,32048,27302,14078,51.56398799,13224,48.43601201,7595,27.81847484,16912,61.94417991,2792,10.22635704,73854.69364,0.369671833,34.50296682,2.571240202,None,37.4584111,3.12121835,None,Muy bajo,None,None,Muy bajo,0.901304377,-0.88021,-103.3058133,21.78304167,0,0,0,0,0,0
ZACATECAS,32,VALPARAISO,32049,32461,16432,50.62074489,16029,49.37925511,9042,27.85496442,18560,57.17630387,4520,13.92440159,564739.7078,0.057479578,58.17442469,3.567357752,None,47.33460699,5.39512119,None,Bajo,None,None,Bajo,0.857175749,-0.483801,-103.5672333,22.77190028,0,0,0,0,0,0
ZACATECAS,32,VETAGRANDE,32050,10276,5271,51.29427793,5005,48.70572207,3104,30.20630596,6463,62.89412223,709,6.899571818,15824.41683,0.649376221,100,0.019462826,None,51.49156411,3.298082746,None,Bajo,None,None,Muy bajo,0.879859038,-0.967902,-102.5556425,22.83281472,0,0,0,0,0,0
ZACATECAS,32,VILLA DE COS,32051,34623,17368,50.16318632,17255,49.83681368,10394,30.0205066,21216,61.27718569,2973,8.586777576,659703.8901,0.052482637,65.90994426,0.909799844,None,69.40721211,7.027239835,None,Bajo,None,None,Bajo,0.872306558,-0.621235,-102.3468883,23.2938925,0,0,0,0,0,0
ZACATECAS,32,VILLA GARCIA,32052,19525,9898,50.69398207,9627,49.30601793,5816,29.78745198,12167,62.31498079,1542,7.897567222,33823.05202,0.577269017,64.0921895,0.020486556,None,33.26753301,1.761734886,None,Muy bajo,None,None,Muy bajo,0.898065826,-0.984915,-101.9563189,22.16489806,0,0,0,0,0,0
ZACATECAS,32,VILLA GONZALEZ ORTEGA,32053,13208,6933,52.4909146,6275,47.5090854,4281,32.41217444,7759,58.74470018,1168,8.843125379,42737.51933,0.30904929,49.94700182,0.030284676,None,62.49694618,7.703861521,None,Bajo,None,None,Muy bajo,0.883958276,-0.787429,-101.9137606,22.51299167,0,0,0,0,0,0
ZACATECAS,32,VILLA HIDALGO,32054,19446,9942,51.12619562,9504,48.87380438,6365,32.73166718,11560,59.44667284,1512,7.77537797,37142.59876,0.523549796,100,0.03599712,None,74.89061315,9.009266775,None,Bajo,None,None,Bajo,0.861914725,-0.69224,-101.7125989,22.35708833,0,0,0,0,0,0
ZACATECAS,32,VILLANUEVA,32055,31558,15968,50.59889727,15590,49.40110273,8110,25.69871348,19165,60.72945054,4281,13.56549845,215650.5602,0.146338595,56.7748273,0.104569364,None,50.57284591,4.291262711,None,Muy bajo,None,None,Muy bajo,0.888579956,-0.884952,-102.8837261,22.35425861,0,0,0,0,0,0
ZACATECAS,32,ZACATECAS,32056,149607,77635,51.89262535,71972,48.10737465,34530,23.08047083,102517,68.52420007,12369,8.267661273,43678.57089,3.425180745,7.461549259,0.72055452,None,23.39070246,2.550299264,None,Muy bajo,None,None,Muy bajo,0.942275398,-1.336926,-102.5718364,22.77609611,0,0,0,0,0,0
ZACATECAS,32,TRANCOSO,32057,20455,10416,50.92153508,10039,49.07846492,6570,32.11928624,12620,61.69640675,1197,5.851869958,21844.70068,0.936382709,16.78807138,0.19066243,None,63.94517454,6.366059036,None,Muy bajo,None,None,Muy bajo,0.891884148,-0.748505,-102.3660378,22.73538917,0,0,0,0,0,0
ZACATECAS,32,SANTA MARIA DE LA PAZ,32058,2767,1417,51.21069751,1350,48.78930249,717,25.91254066,1641,59.3061077,409,14.78135164,27566.66479,0.100374856,100,0.650524033,None,47.9550353,2.441471572,None,Bajo,None,None,Muy bajo,0.877755858,-0.729746,-103.4070419,21.51217833,0,0,0,0,0,0
