NOM_REGION,CLAVE_REGION,NOM_MUN,CVEGEO,POBTOT,POB_HOM,POR_HOM,POB_MUJ,POR_MUJ,POB_EDAD_0_14,POR_EDAD_0_14,POB_EDAD_15_64,POR_EDAD_15_64,POB_EDAD_65+,POR_EDAD_65+,SUPERFICIE,DENSIDAD,POB_RURAL,POB_ETNIA,POB_MIGRANTE,POBREZA_ING,POBREZA_ING_EXTR,POBREZA_MULTI,MARGINACION_1,VULNERABILIDAD_SOCIAL,PRIORIDAD_SOCIAL,REZAGO_SOCIAL_1,IMN_num,REZAGO_SOCIAL_NUM,longitud,latitud,Hospitalizados,Muertes,Positivos,TASA_HospitalizadoS,TASA_Muertes,TASA_Positivos
AGUASCALIENTES,1,AGUASCALIENTES,1001,948990,486917,51.31,462073,48.69,240583,25.35,639532,67.39,67941,7.16,116635.92,8.14,7.52,0.43,,23.68,1.97,,Muy bajo,,,Muy bajo,0.94,-1.32,-102.3,21.88,0,0,0,0,0,0
AGUASCALIENTES,1,ASIENTOS,1002,51536,26275,50.98,25261,49.02,16266,31.56,31919,61.94,3331,6.46,54337.43,0.95,78.22,0.08,,40.13,4.14,,Muy bajo,,,Muy bajo,0.89,-0.86,-102.09,22.24,0,0,0,0,0,0
AGUASCALIENTES,1,CALVILLO,1003,58250,29687,50.96,28563,49.04,16720,28.7,35854,61.55,5641,9.68,92335.78,0.63,51.3,0.3,,45.76,4.5,,Muy bajo,,,Muy bajo,0.89,-0.92,-102.72,21.85,0,0,0,0,0,0
AGUASCALIENTES,1,COSIO,1004,17000,8708,51.22,8292,48.78,5183,30.49,10699,62.94,1118,6.58,12838.35,1.32,65.47,0.09,,37.04,3.38,,Muy bajo,,,Muy bajo,0.89,-1,-102.3,22.37,0,0,0,0,0,0
AGUASCALIENTES,1,JESUS MARIA,1005,129929,65710,50.57,64219,49.43,38303,29.48,84949,65.38,6538,5.03,49989.51,2.6,37.16,0.3,,26.34,3.29,,Muy bajo,,,Muy bajo,0.92,-1.17,-102.34,21.96,0,0,0,0,0,0
AGUASCALIENTES,1,PABELLON DE ARTEAGA,1006,47646,24269,50.94,23377,49.06,14140,29.68,30491,63.99,2977,6.25,19573.59,2.43,32.76,0.24,,28.92,2.88,,Muy bajo,,,Muy bajo,0.92,-1.17,-102.28,22.15,0,0,0,0,0,0
AGUASCALIENTES,1,RINCON DE ROMOS,1007,57369,29268,51.02,28101,48.98,17703,30.86,35926,62.62,3579,6.24,37229.52,1.54,44.29,0.71,,40.51,5.56,,Muy bajo,,,Muy bajo,0.9,-1.07,-102.32,22.23,0,0,0,0,0,0
AGUASCALIENTES,1,SAN JOSE DE GRACIA,1008,9552,5020,52.55,4532,47.45,3033,31.75,5838,61.12,681,7.13,85779.06,0.11,41.3,0.31,,45.77,2.32,,Muy bajo,,,Muy bajo,0.9,-0.96,-102.42,22.15,0,0,0,0,0,0
AGUASCALIENTES,1,TEPEZALA,1009,22485,11371,50.57,11114,49.43,6858,30.5,14007,62.29,1566,6.96,22966.1,0.98,76.76,0.16,,37.65,3.15,,Muy bajo,,,Muy bajo,0.89,-0.9,-102.17,22.22,0,0,0,0,0,0
AGUASCALIENTES,1,EL LLANO,1010,20853,10407,49.91,10446,50.09,6249,29.97,13211,63.35,1392,6.68,50405.1,0.41,69.75,0.1,,40.61,4.81,,Muy bajo,,,Muy bajo,0.89,-0.83,-101.97,21.92,0,0,0,0,0,0
AGUASCALIENTES,1,SAN FRANCISCO DE LOS ROMO,1011,61997,31292,50.47,30705,49.53,20157,32.51,39408,63.56,2306,3.72,13777.02,4.5,41.12,0.43,,37.79,5.93,,Muy bajo,,,Muy bajo,0.92,-1.08,-102.27,22.07,0,0,0,0,0,0
BAJA CALIFRONIA,2,ENSENADA,2001,443807,222500,50.13,221307,49.87,103674,23.36,304500,68.61,35220,7.94,5298226.98,0.08,13.57,5.37,,22.3,2.06,,Muy bajo,,,Muy bajo,0.91,-0.97,-116.6,31.81,0,0,0,0,0,0
BAJA CALIFRONIA,2,MEXICALI,2002,1049792,520544,49.59,529248,50.41,234367,22.33,734081,69.93,80587,7.68,1574297.45,0.67,11.39,0.92,,20.22,1.08,,Muy bajo,,,Muy bajo,0.93,-1.24,-115.48,32.64,0,0,0,0,0,0
BAJA CALIFRONIA,2,TECATE,2003,108440,51310,47.32,57130,52.68,25657,23.66,74969,69.13,7576,6.99,272286.03,0.4,20.4,1.47,,21.11,1.21,,Muy bajo,,,Muy bajo,0.91,-1.02,-116.63,32.57,0,0,0,0,0,0
BAJA CALIFRONIA,2,TIJUANA,2004,1922523,953783,49.61,968740,50.39,449147,23.36,1359876,70.73,107406,5.59,125246.95,15.35,1.7,1.5,,23.7,1.86,,Muy bajo,,,Muy bajo,0.93,-1.15,-117.02,32.53,0,0,0,0,0,0
BAJA CALIFRONIA,2,PLAYAS DE ROSARITO,2005,126890,62504,49.26,64386,50.74,29326,23.11,87401,68.88,9530,7.51,50599.34,2.51,15.76,2.25,,31.23,2.16,,Muy bajo,,,Muy bajo,0.91,-0.96,-117.05,32.36,0,0,0,0,0,0
BAJA CALIFRONIA,2,SAN QUINTIN,2006,117568,57790,49.15,59778,50.85,36132,30.73,76391,64.98,4961,4.22,35191.9,3.34,54.4,30.5,,34.9,3.79,,Medio,,,Medio,0.84,0.35,-115.94,30.56,0,0,0,0,0,0
BAJA CALIFORNIA SUR,3,COMONDU,3001,73021,36217,49.6,36804,50.4,17812,24.39,48719,66.72,6449,8.83,1715026.08,0.04,19.64,2.19,,34.95,4.28,,Muy bajo,,,Muy bajo,0.91,-0.81,-111.67,25.03,0,0,0,0,0,0
BAJA CALIFORNIA SUR,3,MULEGE,3002,64022,30951,48.34,33071,51.66,16999,26.55,42453,66.31,4460,6.97,3067014.63,0.02,39.32,9.85,,24.11,3.16,,Muy bajo,,,Bajo,0.9,-0.57,-112.27,27.34,0,0,0,0,0,0
BAJA CALIFORNIA SUR,3,LA PAZ,3003,292241,146438,50.11,145803,49.89,64197,21.97,203031,69.47,24109,8.25,1523950.86,0.19,9.82,2.21,,20.61,1.89,,Muy bajo,,,Muy bajo,0.94,-1.1,-110.31,24.15,0,0,0,0,0,0
BAJA CALIFORNIA SUR,3,LOS CABOS,3008,351111,170167,48.47,180944,51.53,93513,26.63,242624,69.1,12209,3.48,370993.76,0.95,3.46,4.15,,31.7,4.77,,Muy bajo,,,Muy bajo,0.92,-0.76,-109.69,23.06,0,0,0,0,0,0
BAJA CALIFORNIA SUR,3,LORETO,3009,18052,8795,48.72,9257,51.28,4532,25.11,12212,67.65,1286,7.12,458071.57,0.04,9.64,2.61,,34.08,2.94,,Muy bajo,,,Muy bajo,0.92,-0.89,-111.34,26.01,0,0,0,0,0,0
CAMPECHE,4,CALKINI,4001,59232,30062,50.75,29170,49.25,15423,26.04,38406,64.84,5311,8.97,207355,0.29,28.34,76.13,,62.84,17.78,,Bajo,,,Bajo,0.87,-0.43,-90.05,20.37,0,0,0,0,0,0
CAMPECHE,4,CAMPECHE,4002,294077,152522,51.86,141555,48.14,67071,22.81,201182,68.41,25297,8.6,322214.1,0.91,9.93,11.79,,32.53,4.7,,Muy bajo,,,Muy bajo,0.92,-1.14,-90.54,19.84,0,0,0,0,0,0
CAMPECHE,4,CARMEN,4003,248845,125802,50.55,123043,49.45,60958,24.5,169105,67.96,15332,6.16,657055.75,0.38,14.86,3.2,,35.36,7.63,,Muy bajo,,,Muy bajo,0.91,-0.92,-91.84,18.64,0,0,0,0,0,0
CAMPECHE,4,CHAMPOTON,4004,78170,39140,50.07,39030,49.93,22355,28.6,49988,63.95,5779,7.39,681914.53,0.11,54.2,21.21,,57.17,12.11,,Bajo,,,Bajo,0.86,-0.45,-90.72,19.36,0,0,0,0,0,0
CAMPECHE,4,HECELCHAKAN,4005,31917,16204,50.77,15713,49.23,8551,26.79,20759,65.04,2607,8.17,126545.96,0.25,34.12,64.64,,66.68,16.6,,Bajo,,,Bajo,0.87,-0.45,-90.13,20.18,0,0,0,0,0,0
CAMPECHE,4,HOPELCHEN,4006,42140,20812,49.39,21328,50.61,13067,31.01,25858,61.36,3155,7.49,773400.51,0.05,80.9,62.85,,74.85,21.72,,Medio,,,Bajo,0.84,0.04,-89.85,19.75,0,0,0,0,0,0
CAMPECHE,4,PALIZADA,4007,8683,4260,49.06,4423,50.94,2442,28.12,5379,61.95,862,9.93,216468.4,0.04,100,2.5,,59.86,13.72,,Medio,,,Bajo,0.83,-0.31,-92.09,18.25,0,0,0,0,0,0
CAMPECHE,4,TENABO,4008,11452,5655,49.38,5797,50.62,3120,27.24,7406,64.67,926,8.09,105068.7,0.11,23.61,41.54,,53.86,10.6,,Bajo,,,Bajo,0.86,-0.34,-90.23,20.04,0,0,0,0,0,0
CAMPECHE,4,ESCARCEGA,4009,59923,30455,50.82,29468,49.18,18061,30.14,37749,63,4090,6.83,476683.16,0.13,47.64,12.05,,68.06,17.83,,Bajo,,,Bajo,0.86,-0.38,-90.73,18.6,0,0,0,0,0,0
CAMPECHE,4,CALAKMUL,4010,31714,15613,49.23,16101,50.77,11278,35.56,18621,58.72,1804,5.69,1394456.96,0.02,81.94,38.94,,82.97,30.26,,Alto,,,Medio,0.79,0.32,-89.4,18.51,0,0,0,0,0,0
CAMPECHE,4,CANDELARIA,4011,46913,23239,49.54,23674,50.46,15039,32.06,28478,60.7,3314,7.06,565545.92,0.08,76.29,12.06,,80.45,30.96,,Alto,,,Medio,0.79,0.41,-91.05,18.18,0,0,0,0,0,0
CAMPECHE,4,SEYBAPLAYA,4012,15297,7660,50.08,7637,49.92,3753,24.53,10182,66.56,1361,8.9,289.9,52.77,37.8,8.21,,,,,Bajo,,,Bajo,0.87,-0.7,-90.69,19.64,0,0,0,0,0,0
COAHUILA,5,ABASOLO,5001,1022,487,47.65,535,52.35,208,20.35,643,62.92,171,16.73,73795.65,0.01,100,0.29,,10.97,0.64,,Muy bajo,,,Muy bajo,0.91,-1.28,-101.43,27.18,0,0,0,0,0,0
COAHUILA,5,ACUNA,5002,163058,81115,49.75,81943,50.25,45621,27.98,109827,67.35,7387,4.53,1145257.61,0.14,1.74,0.7,,23.45,1.51,,Muy bajo,,,Muy bajo,0.92,-1.19,-100.98,29.33,0,0,0,0,0,0
COAHUILA,5,ALLENDE,5003,23056,11610,50.36,11446,49.64,6310,27.37,14933,64.77,1813,7.86,25062.53,0.92,7.29,0.12,,24.8,1.4,,Muy bajo,,,Muy bajo,0.94,-1.22,-100.85,28.35,0,0,0,0,0,0
COAHUILA,5,ARTEAGA,5004,29578,14623,49.44,14955,50.56,8074,27.3,19186,64.87,2308,7.8,161915.31,0.18,47.48,0.46,,29.01,3.19,,Muy bajo,,,Muy bajo,0.91,-1.05,-100.85,25.45,0,0,0,0,0,0
COAHUILA,5,CANDELA,5005,1643,800,48.69,843,51.31,457,27.81,975,59.34,211,12.84,210281.65,0.01,100,0,,33.39,4.61,,Bajo,,,Bajo,0.88,-0.71,-100.66,26.84,0,0,0,0,0,0
COAHUILA,5,CASTANOS,5006,29128,14532,49.89,14596,50.11,8028,27.56,18857,64.74,2243,7.7,331609.17,0.09,6.23,0.1,,33.75,4.22,,Muy bajo,,,Muy bajo,0.93,-1.17,-101.43,26.79,0,0,0,0,0,0
COAHUILA,5,CUATRO CIENEGAS,5007,12715,6350,49.94,6365,50.06,3676,28.91,7819,61.49,1218,9.58,1058864.96,0.01,18.25,0.26,,33,6.46,,Muy bajo,,,Muy bajo,0.9,-0.77,-102.07,26.99,0,0,0,0,0,0
COAHUILA,5,ESCOBEDO,5008,3047,1518,49.82,1529,50.18,860,28.22,1874,61.5,313,10.27,101816.35,0.03,100,0.03,,29.07,3.83,,Bajo,,,Muy bajo,0.88,-0.96,-101.41,27.23,0,0,0,0,0,0
COAHUILA,5,FRANCISCO I. MADERO,5009,59035,29818,50.51,29217,49.49,16808,28.47,37902,64.2,4319,7.32,278611.36,0.21,44.6,0.21,,31.77,3.47,,Muy bajo,,,Muy bajo,0.91,-1.03,-103.27,25.78,0,0,0,0,0,0
COAHUILA,5,FRONTERA,5010,82409,41200,49.99,41209,50.01,22111,26.83,54231,65.81,6019,7.3,45409.12,1.81,8.7,0.15,,22.25,1.74,,Muy bajo,,,Muy bajo,0.94,-1.3,-101.45,26.93,0,0,0,0,0,0
COAHUILA,5,GENERAL CEPEDA,5011,11898,5807,48.81,6091,51.19,3341,28.08,7207,60.57,1323,11.12,261530.34,0.05,53.48,0.03,,37.06,3.1,,Muy bajo,,,Muy bajo,0.89,-0.92,-101.48,25.38,0,0,0,0,0,0
COAHUILA,5,GUERRERO,5012,1643,760,46.26,883,53.74,413,25.14,1038,63.18,192,11.69,291285.25,0.01,100,1.03,,23.83,3.07,,Bajo,,,Muy bajo,0.87,-0.74,-100.38,28.31,0,0,0,0,0,0
COAHUILA,5,HIDALGO,5013,1735,839,48.36,896,51.64,590,34.01,1016,58.56,126,7.26,112320.8,0.02,100,0,,24.15,5.85,,Bajo,,,Muy bajo,0.88,-0.9,-99.88,27.79,0,0,0,0,0,0
COAHUILA,5,JIMENEZ,5014,9502,4645,48.88,4857,51.12,2609,27.46,6093,64.12,800,8.42,219673.8,0.04,100,0.06,,24.07,3.76,,Bajo,,,Muy bajo,0.87,-0.72,-100.67,29.07,0,0,0,0,0,0
COAHUILA,5,JUAREZ,5015,1584,798,50.38,786,49.62,433,27.34,995,62.82,156,9.85,244403.8,0.01,100,0,,29.38,1.85,,Muy bajo,,,Muy bajo,0.89,-1.01,-100.73,27.61,0,0,0,0,0,0
COAHUILA,5,LAMADRID,5016,1764,836,47.39,928,52.61,412,23.36,1111,62.98,241,13.66,66870.09,0.03,100,0.17,,16.46,0.82,,Muy bajo,,,Muy bajo,0.9,-1.1,-101.79,27.05,0,0,0,0,0,0
COAHUILA,5,MATAMOROS,5017,118337,59645,50.4,58692,49.6,32049,27.08,77421,65.42,8774,7.41,79827.1,1.48,41.71,0.14,,27.91,2.37,,Muy bajo,,,Muy bajo,0.91,-1.04,-103.23,25.53,0,0,0,0,0,0
COAHUILA,5,MONCLOVA,5018,237951,119893,50.39,118058,49.61,60186,25.29,157411,66.15,20161,8.47,124217.09,1.92,0.33,0.22,,22.81,2.41,,Muy bajo,,,Muy bajo,0.95,-1.36,-101.42,26.9,0,0,0,0,0,0
COAHUILA,5,MORELOS,5019,7928,3993,50.37,3935,49.63,2147,27.08,5088,64.18,693,8.74,63666.05,0.12,15.24,0.05,,22.94,2.11,,Muy bajo,,,Muy bajo,0.93,-1.28,-100.89,28.41,0,0,0,0,0,0
COAHUILA,5,MUZQUIZ,5020,71627,35771,49.94,35856,50.06,19489,27.21,44899,62.68,6429,8.98,825830.09,0.09,10.18,0.35,,28.97,2.07,,Muy bajo,,,Muy bajo,0.92,-1.1,-101.52,27.88,0,0,0,0,0,0
COAHUILA,5,NADADORES,5021,6539,3296,50.41,3243,49.59,1593,24.36,4336,66.31,610,9.33,71173.76,0.09,100,0.28,,16.79,0.65,,Muy bajo,,,Muy bajo,0.9,-1.16,-101.59,27.03,0,0,0,0,0,0
COAHUILA,5,NAVA,5022,33129,16530,49.9,16599,50.1,9544,28.81,21594,65.18,1964,5.93,90485.43,0.37,2.76,0.18,,24.41,1.5,,Muy bajo,,,Muy bajo,0.92,-1.23,-100.77,28.42,0,0,0,0,0,0
COAHUILA,5,OCAMPO,5023,9642,4650,48.23,4992,51.77,2785,28.88,6008,62.31,849,8.81,2589698.47,0,100,0.08,,34.15,4.52,,Bajo,,,Bajo,0.86,-0.43,-102.4,27.31,0,0,0,0,0,0
COAHUILA,5,PARRAS,5024,44472,21938,49.33,22534,50.67,11762,26.45,28556,64.21,4103,9.23,1051778.11,0.04,21.75,0.22,,30,3.21,,Muy bajo,,,Muy bajo,0.91,-1.03,-102.18,25.44,0,0,0,0,0,0
COAHUILA,5,PIEDRAS NEGRAS,5025,176327,87616,49.69,88711,50.31,47189,26.76,118048,66.95,10817,6.13,47308.4,3.73,1.34,0.37,,22.55,1.67,,Muy bajo,,,Muy bajo,0.93,-1.3,-100.53,28.71,0,0,0,0,0,0
COAHUILA,5,PROGRESO,5026,3239,1605,49.55,1634,50.45,837,25.84,2008,61.99,349,10.77,286830.48,0.01,100,0,,27.73,2.18,,Bajo,,,Muy bajo,0.88,-0.84,-100.99,27.43,0,0,0,0,0,0
COAHUILA,5,RAMOS ARIZPE,5027,122243,59521,48.69,62722,51.31,34157,27.94,83352,68.19,4644,3.8,669250.28,0.18,6.73,0.73,,16.81,1.43,,Muy bajo,,,Muy bajo,0.94,-1.26,-100.95,25.54,0,0,0,0,0,0
COAHUILA,5,SABINAS,5028,64811,32574,50.26,32237,49.74,16685,25.74,42616,65.75,5462,8.43,196632.93,0.33,8.66,0.31,,20.64,1.27,,Muy bajo,,,Muy bajo,0.94,-1.27,-101.12,27.85,0,0,0,0,0,0
COAHUILA,5,SACRAMENTO,5029,2471,1229,49.74,1242,50.26,653,26.43,1604,64.91,214,8.66,28722.83,0.09,100,0,,16.63,1.96,,Muy bajo,,,Muy bajo,0.9,-1.16,-101.73,27,0,0,0,0,0,0
COAHUILA,5,SALTILLO,5030,879958,442166,50.25,437792,49.75,229165,26.04,590090,67.06,57919,6.58,556230.52,1.58,1.76,0.51,,17.63,1.55,,Muy bajo,,,Muy bajo,0.95,-1.38,-101,25.42,0,0,0,0,0,0
COAHUILA,5,SAN BUENAVENTURA,5031,24759,12484,50.42,12275,49.58,6301,25.45,16154,65.24,2277,9.2,640945.76,0.04,5.44,0.14,,23.11,1.94,,Muy bajo,,,Muy bajo,0.94,-1.29,-101.55,27.06,0,0,0,0,0,0
COAHUILA,5,SAN JUAN DE SABINAS,5032,42260,21338,50.49,20922,49.51,10207,24.15,27223,64.42,4823,11.41,79866.97,0.53,7.58,0.11,,22.41,1.31,,Muy bajo,,,Muy bajo,0.94,-1.25,-101.3,27.93,0,0,0,0,0,0
COAHUILA,5,SAN PEDRO,5033,101041,51092,50.57,49949,49.43,28607,28.31,63648,62.99,8762,8.67,708024.83,0.14,43.13,0.35,,41.38,7.09,,Muy bajo,,,Muy bajo,0.89,-0.95,-102.98,25.76,0,0,0,0,0,0
COAHUILA,5,SIERRA MOJADA,5034,6744,3217,47.7,3527,52.3,2011,29.82,4333,64.25,400,5.93,787353.79,0.01,100,0.42,,25.5,1.87,,Muy bajo,,,Muy bajo,0.91,-1.04,-103.7,27.29,0,0,0,0,0,0
COAHUILA,5,TORREON,5035,720848,369095,51.2,351753,48.8,177805,24.67,483827,67.12,57889,8.03,126984.43,5.68,4.25,0.27,,26,2.71,,Muy bajo,,,Muy bajo,0.94,-1.33,-103.45,25.54,0,0,0,0,0,0
COAHUILA,5,VIESCA,5036,20305,10075,49.62,10230,50.38,5713,28.14,12708,62.59,1843,9.08,435768.41,0.05,100,0.1,,43.25,6.86,,Bajo,,,Bajo,0.86,-0.59,-102.81,25.34,0,0,0,0,0,0
COAHUILA,5,VILLA UNION,5037,6188,3058,49.42,3130,50.58,1759,28.43,3876,62.64,553,8.94,184608.04,0.03,12.04,0.05,,26.59,2.53,,Muy bajo,,,Muy bajo,0.91,-1.1,-100.73,28.22,0,0,0,0,0,0
COAHUILA,5,ZARAGOZA,5038,13135,6578,50.08,6557,49.92,3685,28.05,8238,62.72,1212,9.23,791984.93,0.02,15.11,0.15,,32.78,2.27,,Muy bajo,,,Muy bajo,0.9,-0.91,-100.92,28.49,0,0,0,0,0,0
COLIMA,6,ARMERIA,6001,27626,13686,49.54,13940,50.46,7151,25.89,17625,63.8,2829,10.24,40633.26,0.68,44.37,0.74,,38.43,4.14,,Bajo,,,Bajo,0.88,-0.49,-103.96,18.94,0,0,0,0,0,0
COLIMA,6,COLIMA,6002,157048,80893,51.51,76155,48.49,33125,21.09,105685,67.29,17714,11.28,74224.52,2.12,6.42,0.81,,24.96,2.23,,Muy bajo,,,Muy bajo,0.94,-1.16,-103.73,19.24,0,0,0,0,0,0
COLIMA,6,COMALA,6003,21661,10768,49.71,10893,50.29,4969,22.94,14256,65.81,2341,10.81,31253.93,0.69,55.45,0.52,,46.39,7.92,,Muy bajo,,,Muy bajo,0.9,-0.72,-103.76,19.32,0,0,0,0,0,0
COLIMA,6,COQUIMATLAN,6004,20837,10353,49.69,10484,50.31,5067,24.32,13666,65.59,2090,10.03,52423.78,0.4,28.53,1.35,,44.04,6.09,,Muy bajo,,,Bajo,0.89,-0.65,-103.81,19.2,0,0,0,0,0,0
COLIMA,6,CUAUHTEMOC,6005,31267,15538,49.69,15729,50.31,7083,22.65,20637,66,3483,11.14,40996.04,0.76,37.07,5.65,,29.08,1.85,,Muy bajo,,,Muy bajo,0.91,-0.88,-103.6,19.33,0,0,0,0,0,0
COLIMA,6,IXTLAHUACAN,6006,5623,2736,48.66,2887,51.34,1271,22.6,3684,65.52,668,11.88,37501.47,0.15,100,0.87,,41.78,6.36,,Bajo,,,Bajo,0.86,-0.42,-103.74,19,0,0,0,0,0,0
COLIMA,6,MANZANILLO,6007,191031,95914,50.21,95117,49.79,46527,24.36,131002,68.58,12994,6.8,134683.89,1.42,11.26,1.13,,24.74,1.63,,Muy bajo,,,Muy bajo,0.94,-1.09,-104.32,19.05,0,0,0,0,0,0
COLIMA,6,MINATITLAN,6008,10231,4997,48.84,5234,51.16,2795,27.32,6480,63.34,835,8.16,41254.1,0.25,40.62,0.52,,28,3.12,,Muy bajo,,,Bajo,0.9,-0.62,-104.05,19.39,0,0,0,0,0,0
COLIMA,6,TECOMAN,6009,116305,58476,50.28,57829,49.72,31268,26.88,76039,65.38,8838,7.6,91862.91,1.27,11.41,2.59,,37.89,5.54,,Muy bajo,,,Bajo,0.9,-0.49,-103.87,18.91,0,0,0,0,0,0
COLIMA,6,VILLA DE ALVAREZ,6010,149762,77408,51.69,72354,48.31,33907,22.64,105436,70.4,9970,6.66,28641.43,5.23,1.51,0.58,,19.42,0.97,,Muy bajo,,,Muy bajo,0.95,-1.33,-103.74,19.26,0,0,0,0,0,0
CHIAPAS,7,ACACOYAGUA,7001,17994,8997,50,8997,50,6112,33.97,10572,58.75,1310,7.28,25022.39,0.72,55.03,0.78,,77,21.6,,Medio,,,Bajo,0.83,0.08,-92.67,15.34,0,0,0,0,0,0
CHIAPAS,7,ACALA,7002,21187,10773,50.85,10414,49.15,6404,30.23,13153,62.08,1630,7.69,48294.12,0.44,29.2,11.38,,77.52,28.11,,Medio,,,Bajo,0.83,-0.03,-92.81,16.55,0,0,0,0,0,0
CHIAPAS,7,ACAPETAHUA,7003,26899,13714,50.98,13185,49.02,7977,29.66,16522,61.42,2397,8.91,54541.31,0.49,76.78,0.26,,57.94,11.76,,Alto,,,Bajo,0.82,0.04,-92.69,15.28,0,0,0,0,0,0
CHIAPAS,7,ALTAMIRANO,7004,36160,18128,50.13,18032,49.87,12608,34.87,21086,58.31,1563,4.32,95818.48,0.38,70.64,77.3,,94.64,44.63,,Alto,,,Alto,0.78,1.42,-92.04,16.74,0,0,0,0,0,0
CHIAPAS,7,AMATAN,7005,24512,12184,49.71,12328,50.29,8828,36.02,14415,58.81,1269,5.18,31606.19,0.78,100,39.3,,90.44,38.2,,Alto,,,Alto,0.76,1.26,-92.82,17.37,0,0,0,0,0,0
CHIAPAS,7,AMATENANGO DE LA FRONTERA,7006,31735,16307,51.38,15428,48.62,10600,33.4,18756,59.1,2376,7.49,25354.19,1.25,100,4.43,,80.31,20.22,,Alto,,,Medio,0.82,0.23,-92.12,15.44,0,0,0,0,0,0
CHIAPAS,7,AMATENANGO DEL VALLE,7007,11283,5910,52.38,5373,47.62,3989,35.35,6718,59.54,576,5.11,15267.77,0.74,47.53,82.1,,94.27,42.92,,Muy alto,,,Muy alto,0.72,2.32,-92.44,16.53,0,0,0,0,0,0
CHIAPAS,7,ANGEL ALBINO CORZO,7008,31947,16042,50.21,15905,49.79,10662,33.37,19357,60.59,1928,6.03,58568.19,0.55,62.83,6.42,,84.96,29.32,,Alto,,,Medio,0.81,0.52,-92.73,15.87,0,0,0,0,0,0
CHIAPAS,7,ARRIAGA,7009,41135,21181,51.49,19954,48.51,10562,25.68,26233,63.77,4340,10.55,81137.25,0.51,38.33,1.25,,62.1,15.07,,Medio,,,Bajo,0.85,-0.43,-93.9,16.24,0,0,0,0,0,0
CHIAPAS,7,BEJUCAL DE OCAMPO,7010,7365,3713,50.41,3652,49.59,2582,35.06,4236,57.52,547,7.43,7938.49,0.93,100,0.96,,93.88,28.79,,Alto,,,Medio,0.78,0.68,-92.16,15.46,0,0,0,0,0,0
CHIAPAS,7,BELLA VISTA,7011,20157,10155,50.38,10002,49.62,6786,33.67,11768,58.38,1603,7.95,21539.46,0.94,100,2.09,,82.62,19.61,,Alto,,,Medio,0.81,0.61,-92.24,15.58,0,0,0,0,0,0
CHIAPAS,7,BERRIOZABAL,7012,64632,32718,50.62,31914,49.38,20377,31.53,40864,63.23,3388,5.24,35273.31,1.83,32.79,7.24,,61.64,21.06,,Medio,,,Bajo,0.83,0.05,-93.27,16.8,0,0,0,0,0,0
CHIAPAS,7,BOCHIL,7013,37263,19055,51.14,18208,48.86,13125,35.22,20022,53.73,1500,4.03,36586.91,1.02,61.89,53.35,,78.28,34.65,,Alto,,,Medio,0.81,0.68,-92.89,17,0,0,0,0,0,0
CHIAPAS,7,EL BOSQUE,7014,24273,12562,51.75,11711,48.25,9452,38.94,13889,57.22,932,3.84,15943.31,1.52,75.97,97.66,,96.27,47.6,,Alto,,,Alto,0.78,1.3,-92.72,17.06,0,0,0,0,0,0
CHIAPAS,7,CACAHOATAN,7015,50112,25685,51.26,24427,48.74,15538,31.01,30585,61.03,3989,7.96,17522.04,2.86,61.87,6.91,,76.63,29.63,,Medio,,,Bajo,0.85,-0.22,-92.17,14.99,0,0,0,0,0,0
CHIAPAS,7,CATAZAJA,7016,17619,8737,49.59,8882,50.41,4577,25.98,11073,62.85,1969,11.18,62911.07,0.28,100,4.52,,67.41,19.69,,Alto,,,Bajo,0.82,-0.07,-92.02,17.73,0,0,0,0,0,0
CHIAPAS,7,CINTALAPA,7017,88106,44429,50.43,43677,49.57,25876,29.37,55144,62.59,7033,7.98,244691.22,0.36,44.16,9.34,,71.95,18.33,,Medio,,,Bajo,0.84,-0.14,-93.72,16.7,0,0,0,0,0,0
CHIAPAS,7,COAPILLA,7018,9900,5027,50.78,4873,49.22,3363,33.97,5848,59.07,689,6.96,15522.86,0.64,100,20.66,,82.9,25.72,,Alto,,,Medio,0.82,0.38,-93.16,17.13,0,0,0,0,0,0
CHIAPAS,7,COMITAN DE DOMINGUEZ,7019,166178,86738,52.2,79440,47.8,46496,27.98,108466,65.27,11105,6.68,98250.07,1.69,31.71,7.25,,68.77,18.64,,Bajo,,,Bajo,0.86,-0.28,-92.14,16.25,0,0,0,0,0,0
CHIAPAS,7,LA CONCORDIA,7020,49920,24787,49.65,25133,50.35,15678,31.41,30667,61.43,3565,7.14,258788.9,0.19,83.2,10.52,,76.24,23.32,,Alto,,,Medio,0.79,0.53,-92.69,16.12,0,0,0,0,0,0
CHIAPAS,7,COPAINALA,7021,22192,11346,51.13,10846,48.87,6676,30.08,13587,61.22,1929,8.69,34417.52,0.64,67.89,17.26,,74.78,19.05,,Medio,,,Bajo,0.83,0.08,-93.21,17.09,0,0,0,0,0,0
CHIAPAS,7,CHALCHIHUITAN,7022,21915,11042,50.39,10873,49.61,9964,45.47,11381,51.93,566,2.58,18562.24,1.18,100,99.86,,98.87,76.44,,Muy alto,,,Muy alto,0.59,4.26,-92.62,16.96,0,0,0,0,0,0
CHIAPAS,7,CHAMULA,7023,101967,55019,53.96,46948,46.04,40999,40.21,56336,55.25,4630,4.54,34549.69,2.95,100,99.63,,96.32,52.31,,Muy alto,,,Muy alto,0.73,2.56,-92.69,16.79,0,0,0,0,0,0
CHIAPAS,7,CHANAL,7024,13678,6944,50.77,6734,49.23,6617,48.38,6496,47.49,564,4.12,40808.42,0.34,30.3,99.51,,99.11,67.96,,Muy alto,,,Muy alto,0.73,2.45,-92.26,16.66,0,0,0,0,0,0
CHIAPAS,7,CHAPULTENNANGO,7025,7472,3737,50.01,3735,49.99,2441,32.67,4471,59.84,560,7.49,18153.9,0.41,100,94.35,,86.12,28.81,,Alto,,,Medio,0.81,0.73,-93.13,17.34,0,0,0,0,0,0
CHIAPAS,7,CHENALHO,7026,47371,24177,51.04,23194,48.96,19416,40.99,26453,55.84,1499,3.16,25184.58,1.88,100,99.27,,98.63,69.42,,Muy alto,,,Muy alto,0.71,2.88,-92.63,16.89,0,0,0,0,0,0
CHIAPAS,7,CHIAPA DE CORZO,7027,112075,56909,50.78,55166,49.22,31734,28.31,72958,65.1,6999,6.24,83353.9,1.34,42.96,6.45,,60.47,17.37,,Bajo,,,Bajo,0.86,-0.45,-93.02,16.71,0,0,0,0,0,0
CHIAPAS,7,CHIAPILLA,7028,6156,3050,49.55,3106,50.45,1656,26.9,4012,65.17,488,7.93,5159.15,1.19,100,5.96,,82.61,20.57,,Alto,,,Bajo,0.81,0.05,-92.72,16.57,0,0,0,0,0,0
CHIAPAS,7,CHICOASEN,7029,5402,2701,50,2701,50,1657,30.67,3339,61.81,406,7.52,11555.38,0.47,100,12.87,,77.66,26.17,,Medio,,,Bajo,0.84,-0.17,-93.11,16.97,0,0,0,0,0,0
CHIAPAS,7,CHICOMUSELO,7030,36785,18646,50.69,18139,49.31,12102,32.9,22189,60.32,2494,6.78,100339.59,0.37,80.74,1.31,,81.56,26.27,,Alto,,,Medio,0.79,0.53,-92.28,15.74,0,0,0,0,0,0
CHIAPAS,7,CHILON,7031,137262,69945,50.96,67317,49.04,56745,41.34,75546,55.04,4944,3.6,168201.8,0.82,88.59,97.51,,96.89,53.19,,Muy alto,,,Muy alto,0.71,2.17,-92.27,17.11,0,0,0,0,0,0
CHIAPAS,7,ESCUINTLA,7032,30896,15682,50.76,15214,49.24,9876,31.97,18452,59.72,2568,8.31,42066.13,0.73,65.61,1.08,,70.47,20.1,,Alto,,,Medio,0.82,0.15,-92.66,15.32,0,0,0,0,0,0
CHIAPAS,7,FRANCISCO LEON,7033,7245,3572,49.3,3673,50.7,2529,34.91,4328,59.74,388,5.36,21025.2,0.34,100,83.67,,86.51,32.47,,Alto,,,Medio,0.78,0.79,0,0,0,0,0,0,0,0
CHIAPAS,7,FRONTERA COMALAPA,7034,80897,41738,51.59,39159,48.41,25351,31.34,50211,62.07,5295,6.55,76849.86,1.05,73.14,3.34,,77.55,26.78,,Medio,,,Bajo,0.83,-0.09,-92.14,15.66,0,0,0,0,0,0
CHIAPAS,7,FRONTERA HIDALGO,7035,14556,7380,50.7,7176,49.3,4535,31.16,9002,61.84,1019,7,9499.21,1.53,100,0.48,,69.13,19.53,,Alto,,,Bajo,0.82,0.06,-92.18,14.78,0,0,0,0,0,0
CHIAPAS,7,LA GRANDEZA,7036,7701,3936,51.11,3765,48.89,2826,36.7,4318,56.07,557,7.23,4909.63,1.57,100,1.97,,88.43,12.27,,Alto,,,Medio,0.82,0.28,-92.23,15.51,0,0,0,0,0,0
CHIAPAS,7,HUEHUETAN,7037,36333,18622,51.25,17711,48.75,10613,29.21,22823,62.82,2873,7.91,30645.29,1.19,57.9,0.57,,56.18,13.41,,Alto,,,Medio,0.82,0.18,-92.38,15.02,0,0,0,0,0,0
CHIAPAS,7,HUIXTAN,7038,22975,11711,50.97,11264,49.03,8497,36.98,12992,56.55,1483,6.45,31173.49,0.74,100,97.56,,96.65,49.29,,Muy alto,,,Muy alto,0.76,1.88,-92.45,16.71,0,0,0,0,0,0
CHIAPAS,7,HUITIUPAN,7039,27893,13898,49.83,13995,50.17,10274,36.83,16128,57.82,1491,5.35,33942.38,0.82,100,73.61,,94.14,58,,Alto,,,Alto,0.77,1.39,-92.69,17.17,0,0,0,0,0,0
CHIAPAS,7,HUIXTLA,7040,53242,27163,51.02,26079,48.98,15202,28.55,33771,63.43,4263,8.01,40011.08,1.33,39.69,0.93,,56.98,12.29,,Medio,,,Bajo,0.85,-0.22,-92.47,15.14,0,0,0,0,0,0
CHIAPAS,7,LA INDEPENDENCIA,7041,46409,23832,51.35,22577,48.65,14172,30.54,29209,62.94,3024,6.52,51688.47,0.9,75.52,7.09,,91.6,34.28,,Alto,,,Medio,0.82,0.77,-92.02,16.25,0,0,0,0,0,0
CHIAPAS,7,IXHUATAN,7042,11377,5838,51.31,5539,48.69,4167,36.63,6526,57.36,684,6.01,9443.41,1.2,100,49.68,,84.79,23.19,,Medio,,,Medio,0.83,0.39,-93.01,17.29,0,0,0,0,0,0
CHIAPAS,7,IXTACOMITAN,7043,10961,5542,50.56,5419,49.44,3517,32.09,6685,60.99,759,6.92,12528.65,0.87,51.56,32.92,,65.67,16.16,,Medio,,,Bajo,0.84,0.04,-93.1,17.43,0,0,0,0,0,0
CHIAPAS,7,IXTAPA,7044,28999,14713,50.74,14286,49.26,9559,32.96,17866,61.61,1574,5.43,27980.28,1.04,77.65,28.24,,87.01,40.92,,Alto,,,Medio,0.81,0.66,-92.91,16.8,0,0,0,0,0,0
CHIAPAS,7,IXTAPANGAJOYA,7045,6284,3162,50.32,3122,49.68,1939,30.86,3928,62.51,412,6.56,10725.66,0.59,100,18.27,,71.91,20.75,,Alto,,,Medio,0.8,0.57,-93,17.5,0,0,0,0,0,0
CHIAPAS,7,JIQUIPILAS,7046,41063,20693,50.39,20370,49.61,11519,28.05,24971,60.81,4573,11.14,130627.61,0.31,71.76,8.87,,64.62,19.44,,Medio,,,Bajo,0.84,-0.12,-93.65,16.67,0,0,0,0,0,0
CHIAPAS,7,JITOTOL,7047,24966,12539,50.22,12427,49.78,9594,38.43,13230,52.99,993,3.98,23594.94,1.06,77.65,76.29,,94.57,51.33,,Alto,,,Medio,0.82,0.7,-92.86,17.07,0,0,0,0,0,0
CHIAPAS,7,JUAREZ,7048,21807,11035,50.6,10772,49.4,6271,28.76,13582,62.28,1954,8.96,74227.59,0.29,64.19,6.78,,54.64,11.1,,Medio,,,Bajo,0.84,-0.33,-93.19,17.61,0,0,0,0,0,0
CHIAPAS,7,LARRAINZAR,7049,31259,16055,51.36,15204,48.64,14143,45.24,16071,51.41,1040,3.33,14911.7,2.1,100,99.4,,95.73,39,,Alto,,,Alto,0.79,1.26,-92.71,16.88,0,0,0,0,0,0
CHIAPAS,7,LA LIBERTAD,7050,5232,2625,50.17,2607,49.83,1331,25.44,3287,62.82,614,11.74,45643.6,0.11,100,4.89,,42.77,8.15,,Medio,,,Bajo,0.83,-0.19,-91.72,17.69,0,0,0,0,0,0
CHIAPAS,7,MAPASTEPEC,7051,46130,23349,50.62,22781,49.38,13893,30.12,28370,61.5,3863,8.37,122880.97,0.38,58.22,0.91,,70.84,20.57,,Medio,,,Bajo,0.83,-0.06,-92.89,15.44,0,0,0,0,0,0
CHIAPAS,7,LAS MARGARITAS,7052,141027,72136,51.15,68891,48.85,47722,33.84,83534,59.23,7216,5.12,302861.22,0.47,82.75,55.91,,94.08,41.05,,Alto,,,Alto,0.77,1.6,-91.98,16.32,0,0,0,0,0,0
CHIAPAS,7,MAZAPA DE MADERO,7053,7901,4006,50.7,3895,49.3,2729,34.54,4414,55.87,758,9.59,11030.74,0.72,100,10.5,,82.57,17.39,,Alto,,,Medio,0.82,0.33,-92.19,15.39,0,0,0,0,0,0
CHIAPAS,7,MAZATAN,7054,28250,14233,50.38,14017,49.62,8155,28.87,17628,62.4,2467,8.73,38590.56,0.73,72.48,0.61,,56.29,13.14,,Alto,,,Bajo,0.82,0.06,-92.45,14.86,0,0,0,0,0,0
CHIAPAS,7,METAPA,7055,5876,3120,53.1,2756,46.9,1672,28.45,3627,61.73,505,8.59,2296.45,2.56,100,1.21,,59.99,18.81,,Medio,,,Bajo,0.84,-0.31,-92.19,14.84,0,0,0,0,0,0
CHIAPAS,7,MITONTIC,7056,13755,7022,51.05,6733,48.95,6302,45.82,7079,51.46,374,2.72,3662.18,3.76,100,98.63,,98.39,49.27,,Muy alto,,,Muy alto,0.71,2.87,-92.63,16.86,0,0,0,0,0,0
CHIAPAS,7,MOTOZINTLA,7057,76398,38973,51.01,37425,48.99,26304,34.43,44886,58.75,5202,6.81,58973.27,1.3,63.59,3.79,,71.17,12.02,,Medio,,,Medio,0.83,0.28,-92.25,15.36,0,0,0,0,0,0
CHIAPAS,7,NICOLAS RUIZ,7058,4765,2325,48.79,2440,51.21,1634,34.29,2897,60.8,234,4.91,2965.07,1.61,100,1.62,,96.65,46.6,,Alto,,,Medio,0.81,0.28,-92.59,16.44,0,0,0,0,0,0
CHIAPAS,7,OCOSINGO,7059,234661,118892,50.67,115769,49.33,89669,38.21,133941,57.08,8862,3.78,959677.12,0.24,69.76,84.54,,92.5,46.33,,Muy alto,,,Alto,0.74,1.74,-92.1,16.91,0,0,0,0,0,0
CHIAPAS,7,OCOTEPEC,7060,14088,7209,51.17,6879,48.83,6006,42.63,7313,51.91,769,5.46,6120.18,2.3,62.17,99.05,,91.98,46.75,,Alto,,,Alto,0.76,1.65,-93.16,17.23,0,0,0,0,0,0
CHIAPAS,7,OCOZOCOAUTLA DE ESPINOSA,7061,97397,49327,50.65,48070,49.35,31247,32.08,60270,61.88,5866,6.02,203861.11,0.48,55.6,21.4,,72.55,23.95,,Medio,,,Medio,0.83,0.17,-93.38,16.76,0,0,0,0,0,0
CHIAPAS,7,OSTUACAN,7062,18469,9281,50.25,9188,49.75,6274,33.97,10936,59.21,1259,6.82,56097.69,0.33,100,10,,58.29,14.25,,Alto,,,Medio,0.81,0.14,-93.34,17.41,0,0,0,0,0,0
CHIAPAS,7,OSUMACINTA,7063,3983,2004,50.31,1979,49.69,1241,31.16,2474,62.11,263,6.6,9250.85,0.43,100,14.59,,69.24,21.09,,Medio,,,Bajo,0.85,-0.33,-93.09,16.94,0,0,0,0,0,0
CHIAPAS,7,OXCHUC,7064,54932,27418,49.91,27514,50.09,23466,42.72,29144,53.05,2322,4.23,41760.83,1.32,81.15,98.4,,98.08,62.45,,Muy alto,,,Muy alto,0.64,3.38,-92.33,16.79,0,0,0,0,0,0
CHIAPAS,7,PALENQUE,7065,132265,67189,50.8,65076,49.2,43195,32.66,81583,61.68,7156,5.41,288815.55,0.46,60.84,53.68,,69.88,21.71,,Medio,,,Bajo,0.82,0.09,-91.98,17.51,0,0,0,0,0,0
CHIAPAS,7,PANTELHO,7066,26391,13441,50.93,12950,49.07,11096,42.04,14364,54.43,918,3.48,19285.55,1.37,67.3,96.56,,97.78,63.81,,Muy alto,,,Muy alto,0.71,2.49,-92.47,17.01,0,0,0,0,0,0
CHIAPAS,7,PANTEPEC,7067,12266,6212,50.64,6054,49.36,4319,35.21,7212,58.8,735,5.99,10579.6,1.16,100,62.87,,88.76,34.88,,Alto,,,Alto,0.78,1.14,-93.05,17.19,0,0,0,0,0,0
CHIAPAS,7,PICHUCALCO,7068,31919,16267,50.96,15652,49.04,8986,28.15,20382,63.86,2536,7.95,59155.38,0.54,52.24,4.66,,60.95,13.02,,Medio,,,Bajo,0.84,-0.22,-93.12,17.51,0,0,0,0,0,0
CHIAPAS,7,PIJIJIAPAN,7069,51193,26082,50.95,25111,49.05,14518,28.36,31756,62.03,4915,9.6,176034.55,0.29,64.41,1.62,,68.26,17.79,,Alto,,,Bajo,0.82,-0.05,-93.21,15.69,0,0,0,0,0,0
CHIAPAS,7,EL PORVENIR,7070,12263,6159,50.22,6104,49.78,4408,35.95,6923,56.45,891,7.27,8338.15,1.47,100,6.65,,94.63,14.13,,Medio,,,Medio,0.83,0.53,-92.28,15.46,0,0,0,0,0,0
CHIAPAS,7,VILLA COMALTITLAN,7071,30297,14719,48.58,15578,51.42,9048,29.86,18712,61.76,2535,8.37,44992.81,0.67,72.86,1.1,,55.45,13.7,,Alto,,,Bajo,0.82,0.08,-92.58,15.21,0,0,0,0,0,0
CHIAPAS,7,PUEBLO NUEVO SOLISTAHUACAN,7072,29636,15204,51.3,14432,48.7,11406,38.49,16911,57.06,1287,4.34,24769.05,1.2,56.79,41.89,,92.09,43.48,,Alto,,,Alto,0.79,1.12,-92.9,17.16,0,0,0,0,0,0
CHIAPAS,7,RAYON,7073,10866,5518,50.78,5348,49.22,3815,35.11,6458,59.43,593,5.46,6775.53,1.6,36.87,57.16,,85.32,30.11,,Alto,,,Medio,0.81,0.77,-93.01,17.2,0,0,0,0,0,0
CHIAPAS,7,REFORMA,7074,44829,22921,51.13,21908,48.87,13995,31.22,28058,62.59,2771,6.18,43434.59,1.03,35.27,1.39,,56.78,14.67,,Bajo,,,Muy bajo,0.88,-0.72,-93.15,17.87,0,0,0,0,0,0
CHIAPAS,7,LAS ROSAS,7075,28829,14695,50.97,14134,49.03,8976,31.14,17957,62.29,1896,6.58,23585.74,1.22,26.48,13.43,,89.62,38.13,,Alto,,,Alto,0.78,1.05,-92.37,16.36,0,0,0,0,0,0
CHIAPAS,7,SABANILLA,7076,29889,14968,50.08,14921,49.92,10611,35.5,17680,59.15,1598,5.35,25011.65,1.2,100,86.83,,93.4,32.86,,Alto,,,Alto,0.77,1.36,-92.55,17.28,0,0,0,0,0,0
CHIAPAS,7,SALTO DE AGUA,7077,64251,32405,50.44,31846,49.56,21730,33.82,38691,60.22,3830,5.96,122852.49,0.52,90.38,86.82,,86.37,31.21,,Muy alto,,,Alto,0.75,1.25,-92.33,17.56,0,0,0,0,0,0
CHIAPAS,7,SAN CRISTOBAL DE LAS CASAS,7078,215874,113582,52.61,102292,47.39,61981,28.71,143178,66.32,10562,4.89,39541.64,5.46,14.99,48.11,,66.12,24.99,,Bajo,,,Bajo,0.87,-0.12,-92.64,16.74,0,0,0,0,0,0
CHIAPAS,7,SAN FERNNANDO,7079,41793,20921,50.06,20872,49.94,12560,30.05,26636,63.73,2589,6.19,35847.68,1.17,71.61,4.76,,62.2,14.45,,Medio,,,Bajo,0.83,0,-93.21,16.87,0,0,0,0,0,0
CHIAPAS,7,SILTEPEC,7080,25937,12911,49.78,13026,50.22,9457,36.46,14798,57.05,1682,6.48,88315.22,0.29,100,0.99,,91.89,13.99,,Alto,,,Medio,0.8,0.56,-92.32,15.56,0,0,0,0,0,0
CHIAPAS,7,SIMOJOVEL,7081,52935,27047,51.09,25888,48.91,21661,40.92,29201,55.16,2029,3.83,31436.47,1.68,72.39,85.3,,95.36,60.86,,Muy alto,,,Alto,0.76,1.51,-92.72,17.14,0,0,0,0,0,0
CHIAPAS,7,SITALA,7082,15518,7894,50.87,7624,49.13,6474,41.72,8510,54.84,534,3.44,10558.48,1.47,100,97.51,,97.17,69.6,,Muy alto,,,Muy alto,0.56,4.17,-92.31,17.03,0,0,0,0,0,0
CHIAPAS,7,SOCOLTENNANGO,7083,19092,9679,50.7,9413,49.3,5702,29.87,12009,62.9,1381,7.23,63628.36,0.3,72.53,11.85,,73.87,19.21,,Alto,,,Medio,0.81,0.32,-92.35,16.24,0,0,0,0,0,0
CHIAPAS,7,SOLOSUCHIAPA,7084,8561,4217,49.26,4344,50.74,2917,34.07,5040,58.87,604,7.06,15639.19,0.55,100,32.32,,75.54,22.28,,Alto,,,Medio,0.82,0.37,-93.03,17.43,0,0,0,0,0,0
CHIAPAS,7,SOYALO,7085,10890,5425,49.82,5465,50.18,3595,33.01,6615,60.74,680,6.24,9629.21,1.13,100,43.54,,90.43,34.83,,Alto,,,Medio,0.82,0.42,-92.93,16.89,0,0,0,0,0,0
CHIAPAS,7,SUCHIAPA,7086,25627,12871,50.22,12756,49.78,7620,29.73,16322,63.69,1682,6.56,28488.9,0.9,23.63,1.44,,70.94,23.09,,Medio,,,Bajo,0.85,-0.28,-93.1,16.62,0,0,0,0,0,0
CHIAPAS,7,SUCHIATE,7087,41672,21191,50.85,20481,49.15,13396,32.15,25821,61.96,2453,5.89,23806.9,1.75,45.81,0.61,,62.75,15.44,,Alto,,,Medio,0.8,0.6,-92.15,14.68,0,0,0,0,0,0
CHIAPAS,7,SUNUAPA,7088,2308,1133,49.09,1175,50.91,754,32.67,1382,59.88,172,7.45,7833.83,0.29,100,2.56,,66.31,16.38,,Alto,,,Medio,0.81,0.22,-93.24,17.49,0,0,0,0,0,0
CHIAPAS,7,TAPACHULA,7089,353706,182096,51.48,171610,48.52,97458,27.55,227836,64.41,25575,7.23,98954.61,3.57,31.93,2.41,,58.49,17.1,,Bajo,,,Bajo,0.87,-0.4,-92.26,14.91,0,0,0,0,0,0
CHIAPAS,7,TAPALAPA,7090,4547,2338,51.42,2209,48.58,1600,35.19,2551,56.1,396,8.71,6616.69,0.69,100,96.2,,78.8,27.15,,Alto,,,Medio,0.81,0.61,-93.1,17.19,0,0,0,0,0,0
CHIAPAS,7,TAPILULA,7091,13592,7030,51.72,6562,48.28,4302,31.65,8388,61.71,902,6.64,4263.34,3.19,38.04,17.93,,73.12,16.14,,Bajo,,,Bajo,0.86,-0.07,-93.02,17.25,0,0,0,0,0,0
CHIAPAS,7,TECPATAN,7092,21426,10762,50.23,10664,49.77,6668,31.12,13005,60.7,1752,8.18,101516.85,0.21,100,28.88,,83.23,30.79,,Alto,,,Medio,0.79,0.32,-93.31,17.14,0,0,0,0,0,0
CHIAPAS,7,TENEJAPA,7093,48162,24854,51.6,23308,48.4,19937,41.4,26210,54.42,2015,4.18,19294.76,2.5,100,99.44,,97.08,47.81,,Alto,,,Alto,0.78,1.68,-92.51,16.82,0,0,0,0,0,0
CHIAPAS,7,TEOPISCA,7094,49499,25555,51.63,23944,48.37,17908,36.18,29220,59.03,2371,4.79,28454,1.74,59.51,53.27,,91.58,37.09,,Alto,,,Alto,0.78,1.26,-92.47,16.54,0,0,0,0,0,0
CHIAPAS,7,TILA,7096,83505,41804,50.06,41701,49.94,25527,30.57,41867,50.14,4339,5.2,80161.24,1.04,79.61,84.81,,98.07,56.03,,Muy alto,,,Alto,0.76,1.75,-92.43,17.3,0,0,0,0,0,0
CHIAPAS,7,TONALA,7097,91913,46632,50.73,45281,49.27,25307,27.53,58493,63.64,8104,8.82,164132.36,0.56,51.18,0.91,,60.94,16.98,,Bajo,,,Bajo,0.86,-0.55,-93.75,16.09,0,0,0,0,0,0
CHIAPAS,7,TOTOLAPA,7098,7211,3571,49.52,3640,50.48,2374,32.92,4420,61.3,417,5.78,16917.41,0.43,100,11.33,,94.14,40.98,,Alto,,,Medio,0.78,0.72,-92.68,16.54,0,0,0,0,0,0
CHIAPAS,7,LA TRINITARIA,7099,83111,42999,51.74,40112,48.26,25510,30.69,51183,61.58,6414,7.72,161185.15,0.52,86.7,14.34,,87.76,31.11,,Alto,,,Medio,0.81,0.47,-92.05,16.12,0,0,0,0,0,0
CHIAPAS,7,TUMBALA,7100,38025,19518,51.33,18507,48.67,13701,36.03,22024,57.92,2300,6.05,40248.77,0.94,100,98.86,,95.83,48.08,,Muy alto,,,Alto,0.74,1.67,-92.32,17.28,0,0,0,0,0,0
CHIAPAS,7,TUXTLA GUTIERREZ,7101,604147,316623,52.41,287524,47.59,145953,24.16,413489,68.44,42523,7.04,33585.33,17.99,1.6,4.45,,46.17,9.77,,Muy bajo,,,Muy bajo,0.91,-1.07,-93.12,16.75,0,0,0,0,0,0
CHIAPAS,7,TUXTLA CHICO,7102,41024,21247,51.79,19777,48.21,11741,28.62,25926,63.2,3353,8.17,16733.18,2.45,81.32,0.56,,64.58,19.53,,Alto,,,Bajo,0.82,0.05,-92.17,14.94,0,0,0,0,0,0
CHIAPAS,7,TUZANTAN,7103,30302,15402,50.83,14900,49.17,9477,31.28,18441,60.86,2384,7.87,17601.61,1.72,100,1.53,,68.77,21.64,,Alto,,,Bajo,0.82,0.03,-92.42,15.15,0,0,0,0,0,0
CHIAPAS,7,TZIMOL,7104,16560,8442,50.98,8118,49.02,4597,27.76,10581,63.89,1382,8.35,36016.49,0.46,61.11,2.6,,80.97,20.93,,Medio,,,Medio,0.83,0.18,-92.19,16.18,0,0,0,0,0,0
CHIAPAS,7,UNION JUAREZ,7105,16008,8161,50.98,7847,49.02,4661,29.12,9744,60.87,1599,9.99,5858.88,2.73,100,3.02,,69.99,17.36,,Medio,,,Bajo,0.84,-0.14,-92.08,15.06,0,0,0,0,0,0
CHIAPAS,7,VENUSTIANO CARRANZA,7106,67292,33793,50.22,33499,49.78,19917,29.6,42499,63.16,4810,7.15,136634.33,0.49,64.16,29.99,,85.32,43.97,,Alto,,,Medio,0.8,0.54,-92.57,16.34,0,0,0,0,0,0
CHIAPAS,7,VILLA CORZO,7107,65643,33298,50.73,32345,49.27,20129,30.66,40601,61.85,4899,7.46,277032.35,0.24,54.07,10.09,,81.73,34.2,,Alto,,,Medio,0.8,0.23,-93.27,16.18,0,0,0,0,0,0
CHIAPAS,7,VILLAFLORES,7108,109536,55728,50.88,53808,49.12,31123,28.41,69626,63.56,8763,8,191004.17,0.57,58.37,3.65,,69.52,20.97,,Medio,,,Bajo,0.84,-0.25,-93.27,16.24,0,0,0,0,0,0
CHIAPAS,7,YAJALON,7109,40285,20695,51.37,19590,48.63,13861,34.41,24130,59.9,2282,5.66,20950.74,1.92,53.02,80.06,,90.4,40.58,,Alto,,,Alto,0.77,1.29,-92.33,17.17,0,0,0,0,0,0
CHIAPAS,7,SAN LUCAS,7110,7526,3734,49.61,3792,50.39,2682,35.64,4408,58.57,436,5.79,9435.41,0.8,100,21.27,,87.77,37.61,,Alto,,,Medio,0.79,0.67,-92.72,16.61,0,0,0,0,0,0
CHIAPAS,7,ZINACANTAN,7111,45373,24258,53.46,21115,46.54,16480,36.32,26803,59.07,2089,4.6,19518.59,2.32,64.68,99.31,,96.85,53.86,,Muy alto,,,Muy alto,0.73,2.29,-92.72,16.76,0,0,0,0,0,0
CHIAPAS,7,SAN JUAN CANCUC,7112,37948,19431,51.2,18517,48.8,17018,44.85,19720,51.97,1206,3.18,17341.16,2.19,77.66,99.87,,99.26,65.64,,Muy alto,,,Muy alto,0.69,2.95,-92.37,16.89,0,0,0,0,0,0
CHIAPAS,7,ALDAMA,7113,8480,4440,52.36,4040,47.64,3758,44.32,4472,52.74,250,2.95,2686.8,3.16,100,99.94,,98.95,58.98,,Alto,,,Alto,0.77,1.69,-92.69,16.92,0,0,0,0,0,0
CHIAPAS,7,BENEMERITO DE LAS AMERICAS,7114,23603,11789,49.95,11814,50.05,8857,37.52,13698,58.03,1015,4.3,108851.53,0.22,57.52,37.32,,75.85,23.15,,Alto,,,Medio,0.81,0.41,-90.65,16.52,0,0,0,0,0,0
CHIAPAS,7,MARAVILLA TENEJAPA,7115,14714,7382,50.17,7332,49.83,5884,39.99,8213,55.82,617,4.19,54566.58,0.27,100,55.27,,95.36,51.11,,Muy alto,,,Alto,0.76,1.65,-91.3,16.14,0,0,0,0,0,0
CHIAPAS,7,MARQUES DE COMILLAS,7116,12892,6394,49.6,6498,50.4,4903,38.03,7428,57.62,561,4.35,91354.71,0.14,100,54.93,,77.16,22.99,,Alto,,,Medio,0.77,0.85,-90.77,16.33,0,0,0,0,0,0
CHIAPAS,7,MONTECRISTO DE GUERRERO,7117,8412,4197,49.89,4215,50.11,3069,36.48,4902,58.27,441,5.24,19939.9,0.42,100,2.69,,92.53,21.1,,Alto,,,Medio,0.8,0.64,-92.62,15.69,0,0,0,0,0,0
CHIAPAS,7,SAN ANDRES DURAZNAL,7118,6047,3119,51.58,2928,48.42,2535,41.92,3261,53.93,251,4.15,3838.57,1.58,100,98.36,,98.52,61.28,,Alto,,,Alto,0.77,1.69,-92.8,17.13,0,0,0,0,0,0
CHIAPAS,7,SANTIAGO EL PINAR,7119,4959,2508,50.57,2451,49.43,2174,43.84,2645,53.34,140,2.82,1657,2.99,100,100,,97.29,59.92,,Muy alto,,,Muy alto,0.75,1.87,-92.71,16.94,0,0,0,0,0,0
CHIAPAS,7,CAPITAN LUIS ANGEL VIDAL,7120,4315,2041,47.3,2274,52.7,1514,35.09,2584,59.88,217,5.03,225.4,19.14,100,0.65,,92.11,19.38,,Alto,,,Alto,0.78,1.14,-92.63,15.6,0,0,0,0,0,0
CHIAPAS,7,RINCON CHAMULA SAN PEDRO,7121,8718,4691,53.81,4027,46.19,3618,41.5,4724,54.19,376,4.31,77.93,111.87,22.78,93.61,,97.88,56.64,,Alto,,,Alto,0.78,1.7,-92.94,17.21,0,0,0,0,0,0
CHIAPAS,7,EL PARRAL,7122,15587,7996,51.3,7591,48.7,4437,28.47,9734,62.45,1412,9.06,369.9,42.14,23.34,4.95,,77.6,23.06,,Medio,,,Bajo,0.84,-0.13,-93.01,16.37,0,0,0,0,0,0
CHIAPAS,7,EMILIANO ZAPATA,7123,10783,5412,50.19,5371,49.81,2983,27.66,6898,63.97,902,8.37,179.14,60.19,51.4,24.66,,72.2,25.81,,Medio,,,Bajo,0.83,-0.07,-92.9,16.54,0,0,0,0,0,0
CHIAPAS,7,MEZCALAPA,7124,23847,12148,50.94,11699,49.06,8173,34.27,14106,59.15,1552,6.51,847.31,28.14,66.59,33.82,,79.7,28.17,,Alto,,,Medio,0.8,0.34,-93.6,17.19,0,0,0,0,0,0
CHIAPAS,7,HONDURAS DE LA SIERRA,7125,11650,5753,49.38,5897,50.62,4192,35.98,6813,58.48,645,5.54,200,58.25,100,0.34,,,,,Alto,,,Medio,0.78,0.83,-92.48,15.59,0,0,0,0,0,0
CHIHUAHUA,8,AHUMADA,8001,14635,7258,49.59,7377,50.41,4689,32.04,9015,61.6,927,6.33,1697530.63,0.01,28.19,0.85,,37.88,1.94,,Muy bajo,,,Muy bajo,0.91,-0.82,-106.51,30.62,0,0,0,0,0,0
CHIHUAHUA,8,ALDAMA,8002,26047,13205,50.7,12842,49.3,6863,26.35,17057,65.49,2125,8.16,920246.4,0.03,13.36,1.65,,25.38,1.07,,Muy bajo,,,Muy bajo,0.93,-1.17,-105.91,28.84,0,0,0,0,0,0
CHIHUAHUA,8,ALLENDE,8003,8487,4231,49.85,4256,50.15,1944,22.91,5322,62.71,1221,14.39,211812.51,0.04,100,3.06,,21.27,1.25,,Muy bajo,,,Muy bajo,0.9,-0.98,-105.4,26.94,0,0,0,0,0,0
CHIHUAHUA,8,AQUILES SERDAN,8004,24344,10850,44.57,13494,55.43,6373,26.18,17219,70.73,667,2.74,49382.79,0.49,17.67,2.03,,30.07,1.25,,Muy bajo,,,Muy bajo,0.94,-1.17,-105.89,28.59,0,0,0,0,0,0
CHIHUAHUA,8,ASCENSION,8005,26093,12862,49.29,13231,50.71,7929,30.39,16304,62.48,1774,6.8,1296091.26,0.02,19.1,3.28,,43.51,6.13,,Muy bajo,,,Bajo,0.89,-0.68,-108,31.09,0,0,0,0,0,0
CHIHUAHUA,8,BACHINIVA,8006,5807,2865,49.34,2942,50.66,1377,23.71,3547,61.08,882,15.19,95003.05,0.06,100,5.29,,12.19,0.9,,Bajo,,,Bajo,0.88,-0.59,-107.25,28.76,0,0,0,0,0,0
CHIHUAHUA,8,BALLEZA,8007,16440,8298,50.47,8142,49.53,5552,33.77,9559,58.14,1329,8.08,532898.87,0.03,100,57.07,,64.34,33.48,,Muy alto,,,Muy alto,0.58,3.33,-106.35,26.95,0,0,0,0,0,0
CHIHUAHUA,8,BATOPILAS DE MANUEL GOMEZ MORIN,8008,11270,5673,50.34,5597,49.66,4353,38.62,6168,54.73,748,6.64,212138.67,0.05,100,67.69,,92.21,64.85,,Muy alto,,,Muy alto,0.34,6.83,-107.74,27.03,0,0,0,0,0,0
CHIHUAHUA,8,BOCOYNA,8009,23351,12373,52.99,10978,47.01,6859,29.37,14599,62.52,1890,8.09,269153.14,0.09,54,16.79,,56.51,12.22,,Alto,,,Medio,0.8,0.92,-107.59,27.84,0,0,0,0,0,0
CHIHUAHUA,8,BUENAVENTURA,8010,25146,12637,50.25,12509,49.75,7328,29.14,15734,62.57,2071,8.24,792943.94,0.03,41.22,5.42,,46.8,6.6,,Muy bajo,,,Muy bajo,0.9,-0.81,-107.47,29.84,0,0,0,0,0,0
CHIHUAHUA,8,CAMARGO,8011,49499,25052,50.61,24447,49.39,12240,24.73,32560,65.78,4672,9.44,1368236.41,0.04,15.11,2.55,,27.19,1.63,,Muy bajo,,,Muy bajo,0.93,-1.15,-105.17,27.69,0,0,0,0,0,0
CHIHUAHUA,8,CARICHI,8012,8113,4117,50.75,3996,49.25,2668,32.89,4559,56.19,886,10.92,257686.8,0.03,100,53.78,,55.32,25.4,,Muy alto,,,Muy alto,0.57,3.49,-107.06,27.92,0,0,0,0,0,0
CHIHUAHUA,8,CASAS GRANDES,8013,11815,5790,49.01,6025,50.99,3258,27.58,7342,62.14,1205,10.2,376538.92,0.03,39.62,3.64,,32.7,3.65,,Muy bajo,,,Muy bajo,0.9,-0.85,-107.95,30.38,0,0,0,0,0,0
CHIHUAHUA,8,CORONADO,8014,2034,975,47.94,1059,52.06,483,23.75,1207,59.34,334,16.42,187499.45,0.01,100,0.88,,23.47,0.76,,Bajo,,,Muy bajo,0.89,-0.87,-105.16,26.74,0,0,0,0,0,0
CHIHUAHUA,8,COYAME DEL SOTOL,8015,1230,597,48.54,633,51.46,267,21.71,746,60.65,192,15.61,1166271.29,0,100,1.87,,24.06,1.05,,Bajo,,,Bajo,0.88,-0.46,-105.09,29.46,0,0,0,0,0,0
CHIHUAHUA,8,LA CRUZ,8016,3704,1823,49.22,1881,50.78,902,24.35,2346,63.34,456,12.31,104763.93,0.04,100,2.19,,15.21,0.77,,Muy bajo,,,Muy bajo,0.9,-1,-105.2,27.86,0,0,0,0,0,0
CHIHUAHUA,8,CUAUHTEMOC,8017,180638,92221,51.05,88417,48.95,47319,26.2,119369,66.08,13615,7.54,359859.34,0.5,19.3,2.58,,24.72,1.24,,Muy bajo,,,Muy bajo,0.94,-1.09,-106.87,28.41,0,0,0,0,0,0
CHIHUAHUA,8,CUSIHUIRIACHI,8018,5099,2439,47.83,2660,52.17,1214,23.81,3203,62.82,682,13.38,160135.83,0.03,100,7.65,,28.44,2.55,,Bajo,,,Bajo,0.87,-0.32,-106.84,28.24,0,0,0,0,0,0
CHIHUAHUA,8,CHIHUAHUA,8019,937674,480434,51.24,457240,48.76,209881,22.38,648462,69.16,77343,8.25,836764.87,1.12,1.27,1.83,,15.68,0.87,,Muy bajo,,,Muy bajo,0.96,-1.39,-106.08,28.64,0,0,0,0,0,0
CHIHUAHUA,8,CHINIPAS,8020,6222,3066,49.28,3156,50.72,1869,30.04,3753,60.32,586,9.42,197753.26,0.03,100,15.85,,52.32,13,,Muy alto,,,Muy alto,0.74,1.9,-108.54,27.39,0,0,0,0,0,0
CHIHUAHUA,8,DELICIAS,8021,150506,76679,50.95,73827,49.05,37504,24.92,100033,66.46,12923,8.59,53072.22,2.84,10.32,0.94,,21.81,1.37,,Muy bajo,,,Muy bajo,0.94,-1.28,-105.47,28.19,0,0,0,0,0,0
CHIHUAHUA,8,DR. BELISARIO DOMINGUEZ,8022,2456,1212,49.35,1244,50.65,414,16.86,1381,56.23,661,26.91,102809.19,0.02,100,6.39,,38.15,3.7,,Bajo,,,Bajo,0.86,-0.38,-106.48,28.15,0,0,0,0,0,0
CHIHUAHUA,8,GALEANA,8023,6656,3357,50.44,3299,49.56,2340,35.16,3908,58.71,401,6.02,173412.58,0.04,100,8.02,,32.3,2.49,,Bajo,,,Bajo,0.88,-0.6,-107.62,30.11,0,0,0,0,0,0
CHIHUAHUA,8,SANTA ISABEL,8024,3791,1927,50.83,1864,49.17,774,20.42,2412,63.62,605,15.96,66690.71,0.06,100,2.45,,20.94,0.47,,Muy bajo,,,Muy bajo,0.9,-0.86,-106.37,28.34,0,0,0,0,0,0
CHIHUAHUA,8,GOMEZ FARIAS,8025,7023,3558,50.66,3465,49.34,1680,23.92,4252,60.54,1091,15.53,85282.76,0.08,100,0.74,,31.78,2.1,,Muy bajo,,,Muy bajo,0.89,-0.92,-107.74,29.36,0,0,0,0,0,0
CHIHUAHUA,8,GRAN MORELOS,8026,2448,1197,48.9,1251,51.1,443,18.1,1436,58.66,569,23.24,48349.49,0.05,100,3.72,,23.19,1.8,,Bajo,,,Muy bajo,0.88,-0.73,-106.51,28.25,0,0,0,0,0,0
CHIHUAHUA,8,GUACHOCHI,8027,50180,25882,51.58,24298,48.42,16768,33.42,30256,60.29,3152,6.28,692418.33,0.07,65.3,64.45,,63.74,22.82,,Muy alto,,,Muy alto,0.63,2.94,-107.07,26.82,0,0,0,0,0,0
CHIHUAHUA,8,GUADALUPE,8028,4237,2104,49.66,2133,50.34,1086,25.63,2737,64.6,414,9.77,602640.66,0.01,100,0.09,,19.71,0.49,,Bajo,,,Muy bajo,0.88,-0.92,-106.1,31.39,0,0,0,0,0,0
CHIHUAHUA,8,GUADALUPE Y CALVO,8029,50514,25336,50.16,25178,49.84,18731,37.08,28974,57.36,2809,5.56,953464.57,0.05,87.46,42.9,,75.84,25.58,,Muy alto,,,Muy alto,0.62,3.26,-106.96,26.09,0,0,0,0,0,0
CHIHUAHUA,8,GUAZAPARES,8030,8196,4091,49.91,4105,50.09,2919,35.61,4600,56.12,677,8.26,181127.82,0.05,100,30.99,,66.63,24.57,,Muy alto,,,Muy alto,0.72,1.86,-108.28,27.28,0,0,0,0,0,0
CHIHUAHUA,8,GUERRERO,8031,35473,17771,50.1,17702,49.9,9184,25.89,22183,62.53,4097,11.55,570837.57,0.06,54.21,4.5,,42.44,6.77,,Bajo,,,Bajo,0.88,-0.39,-107.49,28.55,0,0,0,0,0,0
CHIHUAHUA,8,HIDALGO DEL PARRAL,8032,116662,60415,51.79,56247,48.21,29150,24.99,76738,65.78,10669,9.15,191018.81,0.61,2.42,1.8,,31.17,2.27,,Muy bajo,,,Muy bajo,0.94,-1.24,-105.67,26.92,0,0,0,0,0,0
CHIHUAHUA,8,HUEJOTITAN,8033,824,413,50.12,411,49.88,203,24.64,468,56.8,153,18.57,84682.72,0.01,100,3.88,,37.23,1.99,,Bajo,,,Bajo,0.88,-0.51,-106.18,27.05,0,0,0,0,0,0
CHIHUAHUA,8,IGNACIO ZARAGOZA,8034,5196,2591,49.87,2605,50.13,1106,21.29,3177,61.14,913,17.57,286323.16,0.02,100,0.5,,27.55,0.79,,Muy bajo,,,Muy bajo,0.89,-0.81,-107.76,29.64,0,0,0,0,0,0
CHIHUAHUA,8,JANOS,8035,11005,5245,47.66,5760,52.34,3433,31.19,6709,60.96,844,7.67,745511.54,0.01,100,5.66,,35.12,2.67,,Bajo,,,Bajo,0.87,-0.3,-108.19,30.89,0,0,0,0,0,0
CHIHUAHUA,8,JIMENEZ,8036,40859,20671,50.59,20188,49.41,11302,27.66,25991,63.61,3557,8.71,1069522.55,0.04,14.13,1.76,,38.03,2.42,,Muy bajo,,,Muy bajo,0.92,-1.1,-104.92,27.13,0,0,0,0,0,0
CHIHUAHUA,8,JUAREZ,8037,1512450,755473,49.95,756977,50.05,380302,25.14,1042232,68.91,85438,5.65,357651.51,4.23,0.72,1.21,,23.7,2.16,,Muy bajo,,,Muy bajo,0.92,-1.27,-106.49,31.75,0,0,0,0,0,0
CHIHUAHUA,8,JULIMES,8038,4980,2463,49.46,2517,50.54,1231,24.72,3114,62.53,629,12.63,410629.88,0.01,100,0.98,,21.64,0.66,,Muy bajo,,,Muy bajo,0.89,-0.82,-105.43,28.42,0,0,0,0,0,0
CHIHUAHUA,8,LOPEZ,8039,4122,2005,48.64,2117,51.36,1027,24.92,2498,60.6,597,14.48,133794.01,0.03,100,2.84,,21.04,1.31,,Muy bajo,,,Muy bajo,0.89,-0.83,-105.03,27,0,0,0,0,0,0
CHIHUAHUA,8,MADERA,8040,25144,12738,50.66,12406,49.34,6710,26.69,15490,61.61,2793,11.11,873212.81,0.03,41.32,2.42,,42.68,4.91,,Muy bajo,,,Bajo,0.9,-0.63,-108.14,29.19,0,0,0,0,0,0
CHIHUAHUA,8,MAGUARICHI,8041,1302,681,52.3,621,47.7,387,29.72,775,59.52,140,10.75,100112.7,0.01,100,22.04,,75.86,26.78,,Muy alto,,,Muy alto,0.69,3.29,-107.99,27.86,0,0,0,0,0,0
CHIHUAHUA,8,MANUEL BENAVIDES,8042,1178,552,46.86,626,53.14,199,16.89,785,66.64,194,16.47,501329.65,0,100,0.42,,22.51,1.02,,Bajo,,,Bajo,0.86,-0.28,-103.91,29.11,0,0,0,0,0,0
CHIHUAHUA,8,MATACHI,8043,2742,1328,48.43,1414,51.57,607,22.14,1687,61.52,448,16.34,72536.02,0.04,100,1.46,,29.09,1.85,,Bajo,,,Bajo,0.88,-0.66,-107.75,28.84,0,0,0,0,0,0
CHIHUAHUA,8,MATAMOROS,8044,4314,2151,49.86,2163,50.14,1069,24.78,2662,61.71,583,13.51,117287.29,0.04,100,1.69,,29.02,1.28,,Bajo,,,Muy bajo,0.89,-0.86,-105.58,26.76,0,0,0,0,0,0
CHIHUAHUA,8,MEOQUI,8045,44853,22472,50.1,22381,49.9,11709,26.11,28945,64.53,4132,9.21,42752.29,1.05,26.47,1.79,,30.83,2.77,,Muy bajo,,,Muy bajo,0.92,-1.02,-105.48,28.27,0,0,0,0,0,0
CHIHUAHUA,8,MORELOS,8046,7266,3601,49.56,3665,50.44,2627,36.15,4135,56.91,504,6.94,216532.69,0.03,100,45.42,,77.26,35.65,,Muy alto,,,Muy alto,0.62,3.41,-107.68,26.67,0,0,0,0,0,0
CHIHUAHUA,8,MORIS,8047,4447,2113,47.52,2334,52.48,1329,29.89,2655,59.7,437,9.83,179911.75,0.02,100,4.74,,61.5,12.43,,Medio,,,Medio,0.83,0.48,-108.52,28.15,0,0,0,0,0,0
CHIHUAHUA,8,NAMIQUIPA,8048,22712,11322,49.85,11390,50.15,5700,25.1,13802,60.77,3201,14.09,485638.24,0.05,100,1.76,,17.56,0.96,,Muy bajo,,,Muy bajo,0.9,-0.86,-107.41,29.25,0,0,0,0,0,0
CHIHUAHUA,8,NONOAVA,8049,2757,1380,50.05,1377,49.95,746,27.06,1666,60.43,345,12.51,198827.85,0.01,100,18.79,,42.91,10.75,,Alto,,,Medio,0.77,0.51,-106.74,27.47,0,0,0,0,0,0
CHIHUAHUA,8,NUEVO CASAS GRANDES,8050,65753,33614,51.12,32139,48.88,17150,26.08,43021,65.43,5568,8.47,261308.68,0.25,5.65,1.33,,29.15,2.14,,Muy bajo,,,Muy bajo,0.94,-1.24,-107.91,30.41,0,0,0,0,0,0
CHIHUAHUA,8,OCAMPO,8051,8127,4017,49.43,4110,50.57,2728,33.57,4833,59.47,566,6.96,178780.77,0.05,100,2.33,,40.25,6.89,,Medio,,,Medio,0.84,0.24,-108.37,28.19,0,0,0,0,0,0
CHIHUAHUA,8,OJINAGA,8052,24534,12341,50.3,12193,49.7,6262,25.52,15764,64.25,2493,10.16,678065.7,0.04,10.06,0.65,,29.04,0.91,,Muy bajo,,,Muy bajo,0.92,-1.04,-104.42,29.56,0,0,0,0,0,0
CHIHUAHUA,8,PRAXEDIS G. GUERRERO,8053,5111,2512,49.15,2599,50.85,1314,25.71,3194,62.49,592,11.58,37300.66,0.14,100,0.23,,13.77,0.57,,Bajo,,,Muy bajo,0.88,-0.73,-106.01,31.37,0,0,0,0,0,0
CHIHUAHUA,8,RIVA PALACIO,8054,7695,3802,49.41,3893,50.59,2281,29.64,4741,61.61,673,8.75,225770.68,0.03,100,1.7,,9.87,0.21,,Muy bajo,,,Bajo,0.9,-0.36,-106.5,28.55,0,0,0,0,0,0
CHIHUAHUA,8,ROSALES,8055,16776,8361,49.84,8415,50.16,3965,23.63,11018,65.68,1777,10.59,191866.52,0.09,65.03,2.1,,26.85,1.39,,Muy bajo,,,Muy bajo,0.9,-1.01,-105.55,28.19,0,0,0,0,0,0
CHIHUAHUA,8,ROSARIO,8056,2079,997,47.96,1082,52.04,413,19.87,1312,63.11,354,17.03,116433.92,0.02,100,2.26,,33.08,2.08,,Bajo,,,Bajo,0.86,-0.47,-106.3,27.32,0,0,0,0,0,0
CHIHUAHUA,8,SAN FRANCISCO DE BORJA,8057,2197,1045,47.56,1152,52.44,449,20.44,1307,59.49,441,20.07,131281.29,0.02,100,11.24,,28.93,3.27,,Medio,,,Bajo,0.84,-0.13,-106.68,27.9,0,0,0,0,0,0
CHIHUAHUA,8,SAN FRANCISCO DE CONCHOS,8058,2696,1295,48.03,1401,51.97,581,21.55,1714,63.58,401,14.87,87336.55,0.03,100,1.59,,13.33,0.49,,Muy bajo,,,Muy bajo,0.9,-0.9,-105.33,27.59,0,0,0,0,0,0
CHIHUAHUA,8,SAN FRANCISCO DEL ORO,8059,5004,2520,50.36,2484,49.64,1308,26.14,3110,62.15,584,11.67,47631.99,0.11,100,1.46,,24.51,1.63,,Muy bajo,,,Muy bajo,0.91,-1.01,-105.85,26.86,0,0,0,0,0,0
CHIHUAHUA,8,SANTA BARBARA,8060,11582,5765,49.78,5817,50.22,3073,26.53,7277,62.83,1191,10.28,34290.23,0.34,20.83,1.66,,26.85,1.38,,Muy bajo,,,Muy bajo,0.92,-1.06,-105.82,26.8,0,0,0,0,0,0
CHIHUAHUA,8,SATEVO,8061,3414,1609,47.13,1805,52.87,654,19.16,2086,61.1,674,19.74,353732.59,0.01,100,3.49,,32.73,1.79,,Bajo,,,Bajo,0.88,-0.54,-106.11,27.96,0,0,0,0,0,0
CHIHUAHUA,8,SAUCILLO,8062,29862,15034,50.34,14828,49.66,7466,25,19135,64.08,3261,10.92,302505.64,0.1,63.82,0.84,,20.64,1.06,,Muy bajo,,,Muy bajo,0.91,-1.1,-105.29,28.03,0,0,0,0,0,0
CHIHUAHUA,8,TEMOSACHIC,8063,5320,2654,49.89,2666,50.11,1317,24.76,3212,60.38,791,14.87,426333.94,0.01,100,9.27,,31.88,4.43,,Medio,,,Medio,0.84,0.19,-107.83,28.95,0,0,0,0,0,0
CHIHUAHUA,8,EL TULE,8064,1448,722,49.86,726,50.14,323,22.31,879,60.7,246,16.99,46634.17,0.03,100,4.77,,38.19,5.34,,Bajo,,,Bajo,0.86,-0.34,-106.27,27.05,0,0,0,0,0,0
CHIHUAHUA,8,URIQUE,8065,17043,8685,50.96,8358,49.04,5861,34.39,9834,57.7,1348,7.91,327943.21,0.05,100,56.94,,59.39,24.99,,Muy alto,,,Muy alto,0.58,3.89,-107.91,27.21,0,0,0,0,0,0
CHIHUAHUA,8,URUACHI,8066,6512,3224,49.51,3288,50.49,1993,30.61,3903,59.94,616,9.46,264511.33,0.02,100,25.72,,79.28,38.6,,Muy alto,,,Muy alto,0.65,3.18,-108.22,27.87,0,0,0,0,0,0
CHIHUAHUA,8,VALLE DE ZARAGOZA,8067,4775,2356,49.34,2419,50.66,1137,23.81,2835,59.37,803,16.82,293613.25,0.02,100,1.97,,31.22,1.57,,Bajo,,,Bajo,0.88,-0.69,-105.81,27.46,0,0,0,0,0,0
CIUDAD DE MEXICO,9,AZCAPOTZALCO,9002,432205,227255,52.58,204950,47.42,70366,16.28,306611,70.94,54863,12.69,3332.31,129.7,0,1.68,,24.19,2.47,,Muy bajo,,,Muy bajo,0.95,-1.39,-99.18,19.48,3246,1575,20857,751.03,364.41,4825.72
CIUDAD DE MEXICO,9,COYOACAN,9003,614447,325337,52.95,289110,47.05,91327,14.86,432544,70.4,90448,14.72,5362.23,114.59,0,2.5,,27.08,2.95,,Muy bajo,,,Muy bajo,0.95,-1.45,-99.16,19.35,3374,1587,23541,549.11,258.28,3831.25
CIUDAD DE MEXICO,9,CUAJIMALPA DE MORELOS,9004,217686,113537,52.16,104149,47.84,45307,20.81,155503,71.43,16760,7.7,7107.11,30.63,2.27,1.85,,32.48,4.45,,Muy bajo,,,Muy bajo,0.95,-1.28,-99.3,19.36,791,376,8404,363.37,172.73,3860.61
CIUDAD DE MEXICO,9,GUSTAVO A. MADERO,9005,1173351,609477,51.94,563874,48.06,212345,18.1,819397,69.83,141375,12.05,8737.83,134.28,0,2.82,,33.78,3.69,,Muy bajo,,,Muy bajo,0.94,-1.3,-99.11,19.48,6967,3757,43420,593.77,320.19,3700.51
CIUDAD DE MEXICO,9,IZTACALCO,9006,404695,212343,52.47,192352,47.53,69312,17.13,286131,70.7,49074,12.13,2296.28,176.24,0,2.49,,25.2,2.61,,Muy bajo,,,Muy bajo,0.95,-1.39,-99.1,19.4,2921,1562,15809,721.78,385.97,3906.4
CIUDAD DE MEXICO,9,IZTAPALAPA,9007,1835486,947835,51.64,887651,48.36,366835,19.99,1293944,70.5,174312,9.5,11252.81,163.11,0,3.98,,43.89,6.56,,Muy bajo,,,Muy bajo,0.93,-1.24,-99.09,19.36,9018,4766,54869,491.31,259.66,2989.34
CIUDAD DE MEXICO,9,LA MAGDALENA CONTRERAS,9008,247622,129335,52.23,118287,47.77,47378,19.13,174135,70.32,26066,10.53,6307.48,39.26,0.48,2.74,,42.5,6.71,,Muy bajo,,,Muy bajo,0.93,-1.26,-99.24,19.3,946,509,12663,382.03,205.56,5113.84
CIUDAD DE MEXICO,9,MILPA ALTA,9009,152685,78314,51.29,74371,48.71,36311,23.78,105619,69.17,10741,7.03,29672.89,5.15,24.41,8.52,,54.69,9.15,,Muy bajo,,,Muy bajo,0.9,-0.85,-99.02,19.19,444,209,7863,290.79,136.88,5149.82
CIUDAD DE MEXICO,9,ALVARO OBREGON,9010,759137,398130,52.45,361007,47.55,136052,17.92,538449,70.93,83813,11.04,9535.83,79.61,0.02,2.43,,37.69,5.64,,Muy bajo,,,Muy bajo,0.95,-1.32,-99.2,19.39,3856,1945,40930,507.95,256.21,5391.65
CIUDAD DE MEXICO,9,TLAHUAC,9011,392313,202123,51.52,190190,48.48,84051,21.42,278514,70.99,29603,7.55,8538.33,45.95,3.81,3.36,,42.41,5.11,,Muy bajo,,,Muy bajo,0.93,-1.18,-99,19.27,1428,669,19689,364,170.53,5018.7
CIUDAD DE MEXICO,9,TLALPAN,9012,699928,365051,52.16,334877,47.84,129152,18.45,496189,70.89,74056,10.58,31285.27,22.37,3.09,4.11,,39.7,7.08,,Muy bajo,,,Muy bajo,0.93,-1.27,-99.17,19.29,2968,1227,35834,424.04,175.3,5119.67
CIUDAD DE MEXICO,9,XOCHIMILCO,9013,442178,226726,51.27,215452,48.73,89049,20.14,312227,70.61,40693,9.2,11350.43,38.96,2.87,5.85,,48.19,9.3,,Muy bajo,,,Muy bajo,0.92,-1.08,-99.1,19.26,1893,834,20627,428.11,188.61,4664.86
CIUDAD DE MEXICO,9,BENITO JUAREZ,9014,434153,232032,53.44,202121,46.56,51243,11.8,321279,74,61593,14.19,2654.89,163.53,0,1.29,,7.88,0.31,,Muy bajo,,,Muy bajo,0.98,-1.55,-99.16,19.37,1870,849,13775,430.72,195.55,3172.84
CIUDAD DE MEXICO,9,CUAUHTEMOC,9015,545884,284933,52.2,260951,47.8,83469,15.29,398058,72.92,64291,11.78,3233.52,168.82,0,3.38,,20.89,2.45,,Muy bajo,,,Muy bajo,0.96,-1.41,-99.15,19.44,3210,1631,20794,588.04,298.78,3809.23
CIUDAD DE MEXICO,9,MIGUEL HIDALGO,9016,414470,219003,52.84,195467,47.16,62495,15.08,295866,71.38,50183,12.11,4612.19,89.86,0,1.48,,13.47,0.93,,Muy bajo,,,Muy bajo,0.96,-1.42,-99.19,19.41,2168,905,15006,523.08,218.35,3620.53
CIUDAD DE MEXICO,9,VENUSTIANO CARRANZA,9017,443704,233586,52.64,210118,47.36,78081,17.6,310974,70.09,54234,12.22,3366.61,131.8,0,2.29,,29.99,2.91,,Muy bajo,,,Muy bajo,0.95,-1.36,-99.11,19.42,2637,1378,19390,594.32,310.57,4370.03
DURANGO,10,CANATLAN,10001,31454,15803,50.24,15651,49.76,8369,26.61,19742,62.76,3328,10.58,345501.07,0.09,62.03,0.4,,43.22,2.05,,Muy bajo,,,Muy bajo,0.89,-0.89,-104.78,24.53,0,0,0,0,0,0
DURANGO,10,CANELAS,10002,4321,2111,48.85,2210,51.15,1436,33.23,2571,59.5,314,7.27,88348.54,0.05,100,0.07,,67.42,11.13,,Alto,,,Medio,0.8,0.68,-106.55,25.12,0,0,0,0,0,0
DURANGO,10,CONETO DE COMONFORT,10003,4084,2020,49.46,2064,50.54,1255,30.73,2421,59.28,397,9.72,106351.83,0.04,100,0.22,,64.89,5.95,,Bajo,,,Bajo,0.87,-0.59,-104.77,24.98,0,0,0,0,0,0
DURANGO,10,CUENCAME,10004,34955,17440,49.89,17515,50.11,10084,28.85,21610,61.82,3195,9.14,529350.63,0.07,66.86,0.19,,35.63,2.41,,Muy bajo,,,Muy bajo,0.89,-0.91,-103.7,24.87,0,0,0,0,0,0
DURANGO,10,DURANGO,10005,688697,353285,51.3,335412,48.7,181469,26.35,454946,66.06,50310,7.31,918510.07,0.75,10.55,1.19,,32.1,2,,Muy bajo,,,Muy bajo,0.93,-1.25,-104.67,24.02,0,0,0,0,0,0
DURANGO,10,GENERAL SIMON BOLIVAR,10006,10038,5057,50.38,4981,49.62,3024,30.13,5883,58.61,1127,11.23,216651.56,0.05,100,0,,40.15,2.59,,Medio,,,Bajo,0.85,-0.51,-103.23,24.69,0,0,0,0,0,0
DURANGO,10,GOMEZ PALACIO,10007,372750,188213,50.49,184537,49.51,101901,27.34,244327,65.55,25962,6.96,83446.45,4.47,19.05,0.19,,28.87,1.94,,Muy bajo,,,Muy bajo,0.93,-1.2,-103.5,25.57,0,0,0,0,0,0
DURANGO,10,GUADALUPE VICTORIA,10008,36695,18635,50.78,18060,49.22,9659,26.32,23673,64.51,3311,9.02,130310.35,0.28,49.05,0.26,,45.87,3.4,,Muy bajo,,,Muy bajo,0.91,-1.08,-104.12,24.45,0,0,0,0,0,0
DURANGO,10,GUANACEVI,10009,9869,4716,47.79,5153,52.21,2907,29.46,6003,60.83,959,9.72,543594.35,0.02,100,2.71,,53.22,10.33,,Medio,,,Medio,0.83,0.42,-105.95,25.93,0,0,0,0,0,0
DURANGO,10,HIDALGO,10010,3843,1907,49.62,1936,50.38,969,25.21,2258,58.76,616,16.03,464789.2,0.01,100,0.36,,39.97,2.32,,Muy bajo,,,Muy bajo,0.89,-0.91,-104.91,26.25,0,0,0,0,0,0
DURANGO,10,INDE,10011,4748,2374,50,2374,50,1228,25.86,2718,57.25,799,16.83,248151.97,0.02,100,1.83,,44.96,3.05,,Bajo,,,Bajo,0.87,-0.68,-105.22,25.91,0,0,0,0,0,0
DURANGO,10,LERDO,10012,163313,82457,50.49,80856,49.51,43978,26.93,107289,65.7,11837,7.25,212678.89,0.77,31.26,0.22,,29.51,1.76,,Muy bajo,,,Muy bajo,0.92,-1.12,-103.52,25.54,0,0,0,0,0,0
DURANGO,10,MAPIMI,10013,26932,13462,49.99,13470,50.01,8708,32.33,16108,59.81,2079,7.72,766206.41,0.04,37.78,0.35,,36.44,2.01,,Muy bajo,,,Muy bajo,0.89,-0.75,-103.85,25.83,0,0,0,0,0,0
DURANGO,10,MEZQUITAL,10014,48583,24725,50.89,23858,49.11,21390,44.03,25085,51.63,2057,4.23,828342.3,0.06,100,84.92,,91.1,65.49,,Muy alto,,,Muy alto,0.44,5.16,-104.4,23.47,0,0,0,0,0,0
DURANGO,10,NAZAS,10015,12894,6369,49.4,6525,50.6,3710,28.77,7607,59,1575,12.21,236361.97,0.05,100,0.26,,47.82,2.18,,Bajo,,,Muy bajo,0.87,-0.81,-104.11,25.23,0,0,0,0,0,0
DURANGO,10,NOMBRE DE DIOS,10016,19060,9552,50.12,9508,49.88,5337,28,11642,61.08,2081,10.92,117301.75,0.16,68.77,0.1,,42.38,2.35,,Muy bajo,,,Muy bajo,0.89,-0.86,-104.24,23.85,0,0,0,0,0,0
DURANGO,10,OCAMPO,10017,8003,3911,48.87,4092,51.13,1930,24.12,4801,59.99,1272,15.89,361388.02,0.02,100,2.74,,46.31,3.71,,Bajo,,,Bajo,0.87,-0.71,-105.51,26.44,0,0,0,0,0,0
DURANGO,10,EL ORO,10018,10384,5201,50.09,5183,49.91,2591,24.95,6302,60.69,1491,14.36,349598.79,0.03,38.93,0.99,,37.08,1.83,,Muy bajo,,,Muy bajo,0.91,-0.94,-105.36,25.95,0,0,0,0,0,0
DURANGO,10,OTAEZ,10019,4924,2332,47.36,2592,52.64,1643,33.37,2928,59.46,353,7.17,169203.06,0.03,100,0,,79.98,20.27,,Alto,,,Medio,0.79,0.79,-105.99,24.7,0,0,0,0,0,0
DURANGO,10,PANUCO DE CORONADO,10020,12656,6353,50.2,6303,49.8,3237,25.58,7898,62.41,1484,11.73,101531.73,0.12,58.47,0.1,,50.59,3.51,,Muy bajo,,,Muy bajo,0.9,-1.04,-104.32,24.4,0,0,0,0,0,0
DURANGO,10,PENON BLANCO,10021,11118,5506,49.52,5612,50.48,3234,29.09,6679,60.07,1193,10.73,166609.74,0.07,46.83,0.07,,52.99,3.39,,Muy bajo,,,Muy bajo,0.89,-0.76,-104.03,24.79,0,0,0,0,0,0
DURANGO,10,POANAS,10022,25623,13004,50.75,12619,49.25,6978,27.23,16071,62.72,2555,9.97,111528.98,0.23,55.08,0.17,,50.08,2.89,,Muy bajo,,,Muy bajo,0.9,-0.91,-104.04,23.98,0,0,0,0,0,0
DURANGO,10,PUEBLO NUEVO,10023,51269,25887,50.49,25382,49.51,17778,34.68,30766,60.01,2707,5.28,686904.16,0.07,47.96,8.2,,54.95,7.67,,Alto,,,Medio,0.81,0.39,-105.36,23.78,0,0,0,0,0,0
DURANGO,10,RODEO,10024,12818,6314,49.26,6504,50.74,3777,29.47,7557,58.96,1484,11.58,141853.77,0.09,60.38,0.02,,46.63,2.5,,Muy bajo,,,Muy bajo,0.89,-0.98,-104.56,25.18,0,0,0,0,0,0
DURANGO,10,SAN BERNARDO,10025,2837,1308,46.11,1529,53.89,628,22.14,1633,57.56,576,20.3,228699.34,0.01,100,2.22,,44.08,3.57,,Bajo,,,Bajo,0.86,-0.32,-105.52,26,0,0,0,0,0,0
DURANGO,10,SAN DIMAS,10026,17333,8462,48.82,8871,51.18,5628,32.47,10545,60.84,1157,6.68,542452.49,0.03,66.44,0.19,,61.21,5.04,,Bajo,,,Medio,0.86,0.14,-105.93,24.1,0,0,0,0,0,0
DURANGO,10,SAN JUAN DE GUADALUPE,10027,5251,2630,50.09,2621,49.91,1464,27.88,3098,59,677,12.89,238440.06,0.02,100,0,,59.43,8.56,,Alto,,,Bajo,0.82,-0.27,-102.78,24.63,0,0,0,0,0,0
DURANGO,10,SAN JUAN DEL RIO,10028,12013,6092,50.71,5921,49.29,3528,29.37,7090,59.02,1381,11.5,138490.4,0.09,100,0.22,,53.95,2.11,,Muy bajo,,,Muy bajo,0.89,-0.86,-104.46,24.78,0,0,0,0,0,0
DURANGO,10,SAN LUIS DEL CORDERO,10029,2103,1037,49.31,1066,50.69,595,28.29,1234,58.68,274,13.03,59879.56,0.04,100,0,,53.55,3.3,,Bajo,,,Muy bajo,0.87,-0.77,-104.28,25.42,0,0,0,0,0,0
DURANGO,10,SAN PEDRO DEL GALLO,10030,1633,782,47.89,851,52.11,405,24.8,993,60.81,235,14.39,177975.84,0.01,100,0,,50.17,1.87,,Bajo,,,Muy bajo,0.87,-0.76,-104.29,25.57,0,0,0,0,0,0
DURANGO,10,SANTA CLARA,10031,6727,3373,50.14,3354,49.86,1951,29,3920,58.27,856,12.72,97484.9,0.07,100,0.06,,59.71,4.93,,Bajo,,,Muy bajo,0.87,-0.92,-103.36,24.48,0,0,0,0,0,0
DURANGO,10,SANTIAGO PAPASQUIARO,10032,49207,24260,49.3,24947,50.7,14074,28.6,30918,62.83,4206,8.55,633732.92,0.08,38.91,0.84,,42.88,2.33,,Bajo,,,Bajo,0.88,-0.67,-105.42,25.04,0,0,0,0,0,0
DURANGO,10,SUCHIL,10033,6917,3524,50.95,3393,49.05,2042,29.52,4089,59.12,782,11.31,145236.26,0.05,100,11.39,,61.46,13.08,,Medio,,,Bajo,0.84,-0.39,-103.92,23.62,0,0,0,0,0,0
DURANGO,10,TAMAZULA,10034,26300,12794,48.65,13506,51.35,9195,34.96,15435,58.69,1666,6.33,574131.17,0.05,100,0.74,,74.42,13.72,,Muy alto,,,Alto,0.74,1.42,-106.97,24.97,0,0,0,0,0,0
DURANGO,10,TEPEHUANES,10035,11378,5629,49.47,5749,50.53,3048,26.79,6832,60.05,1498,13.17,600988.62,0.02,51.75,1.89,,58.92,5.73,,Medio,,,Bajo,0.85,0.04,-105.72,25.34,0,0,0,0,0,0
DURANGO,10,TLAHUALILO,10036,21143,10606,50.16,10537,49.84,6227,29.45,12894,60.98,1994,9.43,470137.19,0.04,56.96,0.12,,32.29,2.01,,Muy bajo,,,Muy bajo,0.89,-0.9,-103.44,26.11,0,0,0,0,0,0
DURANGO,10,TOPIA,10037,9320,4561,48.94,4759,51.06,3068,32.92,5601,60.1,651,6.98,161139.2,0.06,100,0.43,,75.28,17.19,,Alto,,,Medio,0.81,0.39,-106.57,25.21,0,0,0,0,0,0
DURANGO,10,VICENTE GUERRERO,10038,23476,11996,51.1,11480,48.9,6592,28.08,14804,63.06,2068,8.81,36569.53,0.64,23.47,2.04,,44.74,3.9,,Muy bajo,,,Muy bajo,0.92,-1.18,-103.99,23.73,0,0,0,0,0,0
DURANGO,10,NUEVO IDEAL,10039,27981,14096,50.38,13885,49.62,8867,31.69,16658,59.53,2435,8.7,183247.45,0.15,54.08,0.37,,43.59,2.69,,Muy bajo,,,Muy bajo,0.9,-0.8,-105.07,24.89,0,0,0,0,0,0
GUANAJUATO,11,ABASOLO,11001,92040,47187,51.27,44853,48.73,25470,27.67,58660,63.73,7905,8.59,61028.62,1.51,68.49,0.17,,47.78,5.37,,Bajo,,,Bajo,0.87,-0.54,-101.53,20.45,0,0,0,0,0,0
GUANAJUATO,11,ACAMBARO,11002,108697,56489,51.97,52208,48.03,26332,24.23,68964,63.45,13366,12.3,87140.75,1.25,42.16,0.2,,51.91,6.87,,Muy bajo,,,Muy bajo,0.89,-0.84,-100.72,20.04,0,0,0,0,0,0
GUANAJUATO,11,SAN MIGUEL DE ALLENDE,11003,174615,91538,52.42,83077,47.58,47668,27.3,112782,64.59,14115,8.08,154012.15,1.13,58.51,0.38,,43.47,3.17,,Bajo,,,Bajo,0.88,-0.61,-100.71,20.9,0,0,0,0,0,0
GUANAJUATO,11,APASEO EL ALTO,11004,63392,32842,51.81,30550,48.19,17503,27.61,40836,64.42,5049,7.96,37088.96,1.71,55.42,0.41,,50.74,4.73,,Muy bajo,,,Bajo,0.89,-0.7,-100.62,20.46,0,0,0,0,0,0
GUANAJUATO,11,APASEO EL GRANDE,11005,117883,60630,51.43,57253,48.57,30797,26.13,75067,63.68,6585,5.59,41694.73,2.83,53.62,0.56,,41.16,4.86,,Muy bajo,,,Muy bajo,0.9,-0.74,-100.69,20.55,0,0,0,0,0,0
GUANAJUATO,11,ATARJEA,11006,5296,2713,51.23,2583,48.77,1494,28.21,3078,58.12,724,13.67,31114.8,0.17,100,0.32,,68.78,14.9,,Alto,,,Medio,0.78,0.82,-99.72,21.27,0,0,0,0,0,0
GUANAJUATO,11,CELAYA,11007,521169,268124,51.45,253045,48.55,128188,24.6,352485,67.63,39655,7.61,54854.07,9.5,19.43,0.5,,40.5,5.07,,Muy bajo,,,Muy bajo,0.92,-1.12,-100.81,20.52,0,0,0,0,0,0
GUANAJUATO,11,MANUEL DOBLADO,11008,41240,21463,52.04,19777,47.96,11814,28.65,25244,61.21,4179,10.13,81289.42,0.51,60.98,0.15,,50.16,6.16,,Bajo,,,Bajo,0.87,-0.49,-101.95,20.73,0,0,0,0,0,0
GUANAJUATO,11,COMONFORT,11009,82216,43483,52.89,38733,47.11,23872,29.04,52530,63.89,5813,7.07,48449.28,1.7,53.51,0.28,,52.05,7.53,,Medio,,,Bajo,0.85,-0.21,-100.76,20.72,0,0,0,0,0,0
GUANAJUATO,11,CORONEO,11010,11083,5813,52.45,5270,47.55,3103,28,6869,61.98,1111,10.02,12286.71,0.9,100,0.47,,52.44,5.04,,Bajo,,,Bajo,0.87,-0.6,-100.36,20.2,0,0,0,0,0,0
GUANAJUATO,11,CORTAZAR,11011,97928,50393,51.46,47535,48.54,24441,24.96,65265,66.65,8179,8.35,33253.92,2.94,29.16,0.35,,40.33,4.13,,Muy bajo,,,Muy bajo,0.9,-0.88,-100.96,20.48,0,0,0,0,0,0
GUANAJUATO,11,CUERAMARO,11012,30857,15990,51.82,14867,48.18,8483,27.49,19326,62.63,3045,9.87,25815.56,1.2,50.4,0.18,,51.83,5.18,,Bajo,,,Bajo,0.88,-0.64,-101.67,20.63,0,0,0,0,0,0
GUANAJUATO,11,DOCTOR MORA,11013,27390,14257,52.05,13133,47.95,8393,30.64,17196,62.78,1801,6.58,22869.73,1.2,77.39,0.3,,39.37,2.72,,Bajo,,,Bajo,0.87,-0.55,-100.32,21.14,0,0,0,0,0,0
GUANAJUATO,11,DOLORES HIDALGO CUNA DE LA INDEPENDENCIA NACIONAL,11014,163038,86327,52.95,76711,47.05,50255,30.82,101578,62.3,11040,6.77,164057.96,0.99,58.84,0.37,,53.06,9.89,,Bajo,,,Bajo,0.86,-0.43,-100.92,21.16,0,0,0,0,0,0
GUANAJUATO,11,GUANAJUATO,11015,194500,100462,51.65,94038,48.35,48637,25.01,132066,67.9,13669,7.03,100504.27,1.94,32.22,0.24,,33.43,3.42,,Muy bajo,,,Muy bajo,0.92,-1.03,-101.25,21.02,0,0,0,0,0,0
GUANAJUATO,11,HUANIMARO,11016,21128,11137,52.71,9991,47.29,5710,27.03,13156,62.27,2260,10.7,12651.88,1.67,72.83,0.14,,49.42,3.98,,Bajo,,,Bajo,0.88,-0.67,-101.5,20.37,0,0,0,0,0,0
GUANAJUATO,11,IRAPUATO,11017,592953,302183,50.96,290770,49.04,153347,25.86,396057,66.79,43422,7.32,84386.2,7.03,20.59,0.31,,35.51,4.15,,Muy bajo,,,Muy bajo,0.92,-1.04,-101.35,20.67,0,0,0,0,0,0
GUANAJUATO,11,JARAL DEL PROGRESO,11018,38782,19935,51.4,18847,48.6,10117,26.09,24953,64.34,3711,9.57,17401.09,2.23,43.9,0.16,,54.97,5.91,,Muy bajo,,,Muy bajo,0.89,-0.84,-101.06,20.38,0,0,0,0,0,0
GUANAJUATO,11,JERECUARO,11019,49517,25903,52.31,23614,47.69,13863,28,30402,61.4,5252,10.61,87642.3,0.56,83.82,0.18,,58.68,5.79,,Medio,,,Bajo,0.85,-0.25,-100.51,20.15,0,0,0,0,0,0
GUANAJUATO,11,LEON,11020,1721215,874542,50.81,846673,49.19,447739,26.01,1160943,67.45,108370,6.3,121043.12,14.22,7.01,0.41,,45.89,6.51,,Muy bajo,,,Muy bajo,0.93,-1.05,-101.68,21.12,0,0,0,0,0,0
GUANAJUATO,11,MOROLEON,11021,47261,24559,51.96,22702,48.04,9717,20.56,31757,67.19,5787,12.24,15858.35,2.98,11.32,0.07,,46.88,2.8,,Muy bajo,,,Muy bajo,0.91,-0.92,-101.19,20.13,0,0,0,0,0,0
GUANAJUATO,11,OCAMPO,11022,26383,12881,48.82,13502,51.18,7639,28.95,16713,63.35,2030,7.69,101630.55,0.26,72.24,0.22,,51.3,4.63,,Bajo,,,Bajo,0.86,-0.36,-101.48,21.65,0,0,0,0,0,0
GUANAJUATO,11,PENJAMO,11023,154960,80543,51.98,74417,48.02,41718,26.92,97767,63.09,15431,9.96,154869.57,1,66.25,0.16,,51.08,6.81,,Bajo,,,Bajo,0.87,-0.46,-101.73,20.43,0,0,0,0,0,0
GUANAJUATO,11,PUEBLO NUEVO,11024,12403,6482,52.26,5921,47.74,3270,26.36,7814,63,1298,10.47,5938.73,2.09,100,0.16,,43.29,4.21,,Bajo,,,Bajo,0.87,-0.7,-101.37,20.53,0,0,0,0,0,0
GUANAJUATO,11,PURISIMA DEL RINCON,11025,83842,42508,50.7,41334,49.3,24761,29.53,54183,64.63,4642,5.54,28811.96,2.91,37.67,0.4,,42.86,4.22,,Muy bajo,,,Muy bajo,0.9,-0.72,-101.88,21.03,0,0,0,0,0,0
GUANAJUATO,11,ROMITA,11026,65766,33513,50.96,32253,49.04,19334,29.4,41331,62.85,5100,7.75,43688.98,1.51,62.36,0.22,,49.91,4.79,,Bajo,,,Bajo,0.88,-0.58,-101.52,20.87,0,0,0,0,0,0
GUANAJUATO,11,SALAMANCA,11027,273417,141139,51.62,132278,48.38,65040,23.79,183866,67.25,24390,8.92,74930.67,3.65,31.9,0.2,,37.08,3.32,,Muy bajo,,,Muy bajo,0.91,-1.06,-101.2,20.57,0,0,0,0,0,0
GUANAJUATO,11,SALVATIERRA,11028,94126,48679,51.72,45447,48.28,22221,23.61,60146,63.9,11698,12.43,58839.56,1.6,45.25,0.14,,50.97,5.06,,Muy bajo,,,Muy bajo,0.89,-0.73,-100.88,20.22,0,0,0,0,0,0
GUANAJUATO,11,SAN DIEGO DE LA UNION,11029,41054,21809,53.12,19245,46.88,12192,29.7,25668,62.52,3180,7.75,100341.84,0.41,80.65,0.2,,39.65,3.7,,Medio,,,Bajo,0.84,-0.14,-100.87,21.47,0,0,0,0,0,0
GUANAJUATO,11,SAN FELIPE,11030,119793,61706,51.51,58087,48.49,37895,31.63,73204,61.11,8583,7.16,297796.15,0.4,66.64,0.14,,51.91,5.75,,Medio,,,Bajo,0.85,-0.25,-101.22,21.48,0,0,0,0,0,0
GUANAJUATO,11,SAN FRANCISCO DEL RINCON,11031,130871,66889,51.11,63982,48.89,36972,28.25,84845,64.83,8934,6.83,42162.95,3.1,39.05,0.46,,47.3,4.82,,Muy bajo,,,Muy bajo,0.9,-0.75,-101.86,21.02,0,0,0,0,0,0
GUANAJUATO,11,SAN JOSE ITURBIDE,11032,89558,46139,51.52,43419,48.48,26788,29.91,57664,64.39,5074,5.67,54324.19,1.65,69.19,0.45,,24.24,2.15,,Muy bajo,,,Muy bajo,0.9,-0.93,-100.39,21,0,0,0,0,0,0
GUANAJUATO,11,SAN LUIS DE LA PAZ,11033,128536,67884,52.81,60652,47.19,39152,30.46,81174,63.15,8126,6.32,201204.6,0.64,52.15,3.33,,51.13,6.53,,Bajo,,,Bajo,0.86,-0.4,-100.52,21.3,0,0,0,0,0,0
GUANAJUATO,11,SANTA CATARINA,11034,5723,3030,52.94,2693,47.06,1690,29.53,3482,60.84,551,9.63,19287.6,0.3,100,0.68,,47.18,5.49,,Medio,,,Bajo,0.84,0,-100.07,21.14,0,0,0,0,0,0
GUANAJUATO,11,SANTA CRUZ DE JUVENTINO ROSAS,11035,82340,43178,52.44,39162,47.56,23451,28.48,52862,64.2,6015,7.31,42547.71,1.94,38,0.13,,60.19,8.43,,Bajo,,,Bajo,0.88,-0.59,-100.99,20.64,0,0,0,0,0,0
GUANAJUATO,11,SANTIAGO MARAVATIO,11036,6714,3495,52.06,3219,47.94,1509,22.48,4188,62.38,1017,15.15,8299.25,0.81,100,0.04,,53.94,3.65,,Bajo,,,Muy bajo,0.87,-0.74,-101,20.17,0,0,0,0,0,0
GUANAJUATO,11,SILAO DE LA VICTORIA,11037,203556,103483,50.84,100073,49.16,59511,29.24,131586,64.64,12390,6.09,53374.47,3.81,51.36,0.24,,43.28,4.74,,Muy bajo,,,Muy bajo,0.89,-0.78,-101.43,20.94,0,0,0,0,0,0
GUANAJUATO,11,TARANDACUAO,11038,11304,5810,51.4,5494,48.6,2836,25.09,6997,61.9,1467,12.98,11992.38,0.94,50.01,0.12,,50.81,3.98,,Muy bajo,,,Muy bajo,0.89,-0.75,-100.52,20,0,0,0,0,0,0
GUANAJUATO,11,TARIMORO,11039,35905,18505,51.54,17400,48.46,8801,24.51,22787,63.46,4316,12.02,33164.42,1.08,65.39,0.16,,49.95,3.78,,Bajo,,,Bajo,0.88,-0.63,-100.76,20.29,0,0,0,0,0,0
GUANAJUATO,11,TIERRA BLANCA,11040,20007,10347,51.72,9660,48.28,6208,31.03,12430,62.13,1366,6.83,40569.55,0.49,100,7.58,,54.05,11.84,,Alto,,,Medio,0.82,0.33,-100.16,21.1,0,0,0,0,0,0
GUANAJUATO,11,URIANGATO,11041,61494,31862,51.81,29632,48.19,13743,22.35,41704,67.82,6047,9.83,11547.68,5.33,15.19,0.43,,55.33,6.05,,Muy bajo,,,Muy bajo,0.9,-0.83,-101.18,20.14,0,0,0,0,0,0
GUANAJUATO,11,VALLE DE SANTIAGO,11042,150054,77750,51.81,72304,48.19,38468,25.64,97161,64.75,14361,9.57,81317.79,1.85,51.58,0.12,,47,5.45,,Bajo,,,Bajo,0.88,-0.68,-101.18,20.39,0,0,0,0,0,0
GUANAJUATO,11,VICTORIA,11043,21253,11318,53.25,9935,46.75,6487,30.52,12823,60.34,1942,9.14,103747.43,0.2,100,0.67,,49.63,6.61,,Medio,,,Bajo,0.83,0.09,-100.22,21.21,0,0,0,0,0,0
GUANAJUATO,11,VILLAGRAN,11044,65791,33804,51.38,31987,48.62,18120,27.54,43312,65.83,4340,6.6,12743.36,5.16,39.07,0.67,,36.96,3.86,,Muy bajo,,,Muy bajo,0.9,-1,-101,20.51,0,0,0,0,0,0
GUANAJUATO,11,XICHU,11045,11143,5873,52.71,5270,47.29,3471,31.15,6415,57.57,1257,11.28,90269.06,0.12,100,0.12,,61.38,7.24,,Alto,,,Medio,0.81,0.45,-100.06,21.3,0,0,0,0,0,0
GUANAJUATO,11,YURIRIA,11046,68741,35883,52.2,32858,47.8,17472,25.42,42889,62.39,8375,12.18,66133.19,1.04,54.5,0.18,,58.56,9.41,,Bajo,,,Bajo,0.87,-0.5,-101.13,20.21,0,0,0,0,0,0
GUERRERO,12,ACAPULCO DE JUAREZ,12001,779566,407772,52.31,371794,47.69,187082,24,509977,65.42,73317,9.4,172525.21,4.52,13.13,3.53,,52.14,16.73,,Bajo,,,Bajo,0.88,-0.58,-99.89,16.86,0,0,0,0,0,0
GUERRERO,12,AHUACUOTZINGO,12002,25205,13443,53.33,11762,46.67,9051,35.91,13947,55.33,2207,8.76,87054.4,0.29,100,28.92,,93.18,49.59,,Muy alto,,,Alto,0.71,1.66,-98.93,17.71,0,0,0,0,0,0
GUERRERO,12,AJUCHITLAN DEL PROGRESO,12003,37655,19277,51.19,18378,48.81,11985,31.83,21816,57.94,3831,10.17,199159.23,0.19,82.64,0.43,,64.69,26.18,,Muy alto,,,Medio,0.75,0.85,-100.5,18.16,0,0,0,0,0,0
GUERRERO,12,ALCOZAUCA DE GUERRERO,12004,21225,11330,53.38,9895,46.62,8766,41.3,10672,50.28,1787,8.42,47012.11,0.45,100,94.56,,94.77,59.6,,Muy alto,,,Muy alto,0.69,2.07,-98.38,17.46,0,0,0,0,0,0
GUERRERO,12,ALPOYECA,12005,7813,4111,52.62,3702,47.38,2511,32.14,4564,58.42,738,9.45,9382.72,0.83,100,27.66,,70.53,18.7,,Medio,,,Bajo,0.83,-0.13,-98.51,17.67,0,0,0,0,0,0
GUERRERO,12,APAXTLA,12006,11112,5709,51.38,5403,48.62,3400,30.6,6324,56.91,1387,12.48,62561.88,0.18,34.7,2.08,,78.23,34.29,,Alto,,,Medio,0.82,0.21,-99.93,18.13,0,0,0,0,0,0
GUERRERO,12,ARCELIA,12007,33267,17208,51.73,16059,48.27,9929,29.85,19924,59.89,3414,10.26,75216.72,0.44,32.26,1.72,,63.93,19.7,,Medio,,,Bajo,0.84,-0.19,-100.28,18.32,0,0,0,0,0,0
GUERRERO,12,ATENNANGO DEL RIO,12008,9147,4735,51.77,4412,48.23,2723,29.77,5332,58.29,1092,11.94,55676.89,0.16,100,15.64,,73.88,20.92,,Alto,,,Medio,0.77,0.63,-99.11,18.1,0,0,0,0,0,0
GUERRERO,12,ATLAMAJALCINGO DEL MONTE,12009,5811,3096,53.28,2715,46.72,2184,37.58,3077,52.95,550,9.46,14664.01,0.4,100,97.87,,95.3,66.49,,Muy alto,,,Muy alto,0.67,3.06,-98.61,17.31,0,0,0,0,0,0
GUERRERO,12,ATLIXTAC,12010,28491,14985,52.6,13506,47.4,11222,39.39,15381,53.99,1878,6.59,57343.84,0.5,100,73.05,,96.31,57.13,,Muy alto,,,Muy alto,0.69,2.35,-98.93,17.56,0,0,0,0,0,0
GUERRERO,12,ATOYAC DE ALVAREZ,12011,60680,31201,51.42,29479,48.58,16643,27.43,37162,61.24,6856,11.3,145028.48,0.42,63.3,3.1,,52.87,15.22,,Medio,,,Bajo,0.84,0.03,-100.43,17.21,0,0,0,0,0,0
GUERRERO,12,AYUTLA DE LOS LIBRES,12012,69123,35645,51.57,33478,48.43,24211,35.03,40604,58.74,4308,6.23,105389.5,0.66,73.64,41.63,,75.86,28.4,,Muy alto,,,Alto,0.72,1.6,-99.1,16.97,0,0,0,0,0,0
GUERRERO,12,AZOYU,12013,15099,7712,51.08,7387,48.92,4383,29.03,8893,58.9,1823,12.07,39458.46,0.38,100,15.54,,56.53,16.06,,Alto,,,Medio,0.78,0.51,-98.6,16.73,0,0,0,0,0,0
GUERRERO,12,BENITO JUAREZ,12014,15442,7874,50.99,7568,49.01,3469,22.46,9698,62.8,2275,14.73,23028.38,0.67,51.47,1.44,,27.24,4.68,,Bajo,,,Bajo,0.87,-0.44,-100.47,17.14,0,0,0,0,0,0
GUERRERO,12,BUENAVISTA DE CUELLAR,12015,12982,6732,51.86,6250,48.14,3236,24.93,8057,62.06,1689,13.01,30301.31,0.43,44.28,1.66,,52.47,11.17,,Bajo,,,Bajo,0.88,-0.61,-99.41,18.46,0,0,0,0,0,0
GUERRERO,12,COAHUAYUTLA DE JOSE MARIA IZAZAGA,12016,12408,6149,49.56,6259,50.44,3798,30.61,7210,58.11,1400,11.28,263818.97,0.05,100,0.03,,66.46,22.54,,Muy alto,,,Muy alto,0.67,1.85,-101.73,18.32,0,0,0,0,0,0
GUERRERO,12,COCULA,12017,15579,7948,51.02,7631,48.98,4561,29.28,9176,58.9,1842,11.82,44471.01,0.35,100,0.96,,56.54,17.07,,Medio,,,Bajo,0.83,-0.01,-99.66,18.24,0,0,0,0,0,0
GUERRERO,12,COPALA,12018,14463,7479,51.71,6984,48.29,4271,29.53,8660,59.88,1529,10.57,29724.75,0.49,52.71,6.46,,66.5,21.35,,Alto,,,Medio,0.81,0.18,-98.98,16.61,0,0,0,0,0,0
GUERRERO,12,COPALILLO,12019,15598,8122,52.07,7476,47.93,5403,34.64,9048,58.01,1147,7.35,73127.12,0.21,49.6,85.93,,94.19,57.78,,Muy alto,,,Muy alto,0.63,2.75,-99.04,18.03,0,0,0,0,0,0
GUERRERO,12,COPANATOYAC,12020,21648,11618,53.67,10030,46.33,8394,38.77,11692,54.01,1562,7.22,30669.96,0.71,100,97.03,,95.34,61.69,,Muy alto,,,Muy alto,0.66,2.55,-98.71,17.46,0,0,0,0,0,0
GUERRERO,12,COYUCA DE BENITEZ,12021,73056,37541,51.39,35515,48.61,20083,27.49,45353,62.08,7587,10.39,181312.81,0.4,73.04,1.24,,65.54,27.26,,Alto,,,Medio,0.82,0.15,-100.09,17.01,0,0,0,0,0,0
GUERRERO,12,COYUCA DE CATALAN,12022,38554,19529,50.65,19025,49.35,10886,28.24,21829,56.62,4688,12.16,335084.02,0.12,81.13,0.29,,63.61,25.68,,Alto,,,Medio,0.77,0.71,-100.7,18.33,0,0,0,0,0,0
GUERRERO,12,CUAJINICUILAPA,12023,26627,13443,50.49,13184,49.51,8520,32,15432,57.96,2643,9.93,63235.52,0.42,57.77,11.3,,62.6,16.36,,Alto,,,Medio,0.81,0.35,-98.42,16.47,0,0,0,0,0,0
GUERRERO,12,CUALAC,12024,7874,4098,52.04,3776,47.96,2709,34.4,4433,56.3,668,8.48,23901.2,0.33,100,53.82,,82.2,30.45,,Alto,,,Medio,0.78,0.67,-98.66,17.74,0,0,0,0,0,0
GUERRERO,12,CUAUTEPEC,12025,17024,8755,51.43,8269,48.57,5649,33.18,9744,57.24,1620,9.52,31490.78,0.54,100,2.71,,76.21,32.67,,Muy alto,,,Alto,0.74,1.07,-99,16.75,0,0,0,0,0,0
GUERRERO,12,CUETZALA DEL PROGRESO,12026,8272,4180,50.53,4092,49.47,2258,27.3,4759,57.53,1255,15.17,37222.62,0.22,100,6.89,,79.05,33.2,,Muy alto,,,Alto,0.72,1.24,-99.83,18.13,0,0,0,0,0,0
GUERRERO,12,CUTZAMALA DE PINZON,12027,20537,10349,50.39,10188,49.61,5626,27.39,12103,58.93,2802,13.64,133060.97,0.15,100,0.19,,56.35,17.8,,Alto,,,Medio,0.79,0.21,-100.58,18.47,0,0,0,0,0,0
GUERRERO,12,CHILAPA DE ALVAREZ,12028,123722,65981,53.33,57741,46.67,42563,34.4,71373,57.69,9785,7.91,74966.02,1.65,72.69,39.5,,75.24,31.45,,Muy alto,,,Alto,0.74,1.41,-99.18,17.59,0,0,0,0,0,0
GUERRERO,12,CHILPANCINGO DE LOS BRAVO,12029,283354,148857,52.53,134497,47.47,77191,27.24,187198,66.07,18694,6.6,218150.81,1.3,11.38,6.32,,55.51,20.83,,Bajo,,,Bajo,0.88,-0.58,-99.5,17.55,0,0,0,0,0,0
GUERRERO,12,FLORENCIO VILLARREAL,12030,22250,11343,50.98,10907,49.02,7072,31.78,13120,58.97,2058,9.25,25181.44,0.88,39.6,2.93,,54.27,15.53,,Alto,,,Medio,0.81,0.23,-99.12,16.72,0,0,0,0,0,0
GUERRERO,12,GENERAL CANUTO A. NERI,12031,6278,3223,51.34,3055,48.66,1981,31.55,3472,55.3,825,13.14,25924.59,0.24,100,0.45,,83.9,30.87,,Muy alto,,,Medio,0.75,0.78,-100.07,18.42,0,0,0,0,0,0
GUERRERO,12,GENERAL HELIODORO CASTILLO,12032,37254,19000,51,18254,49,14285,38.34,20533,55.12,2434,6.53,172532.88,0.22,77.34,0.66,,94.57,57.74,,Muy alto,,,Alto,0.72,1.68,-99.98,17.79,0,0,0,0,0,0
GUERRERO,12,HUAMUXTITLAN,12033,17488,9196,52.58,8292,47.42,5378,30.75,10426,59.62,1684,9.63,27462.17,0.64,55.5,24.38,,73.91,28.84,,Medio,,,Bajo,0.84,-0.23,-98.57,17.8,0,0,0,0,0,0
GUERRERO,12,HUITZUCO DE LOS FIGUEROA,12034,36593,19084,52.15,17509,47.85,9901,27.06,21762,59.47,4772,13.04,132433.68,0.28,52.04,9.6,,64.21,21.22,,Alto,,,Medio,0.8,0.38,-99.33,18.31,0,0,0,0,0,0
GUERRERO,12,IGUALA DE LA INDEPENDENCIA,12035,154173,80237,52.04,73936,47.96,40150,26.04,99958,64.83,13869,9,56903.23,2.71,13.83,3.92,,54.47,21.15,,Bajo,,,Bajo,0.87,-0.48,-99.54,18.34,0,0,0,0,0,0
GUERRERO,12,IGUALAPA,12036,11739,6140,52.3,5599,47.7,3842,32.73,6981,59.47,916,7.8,19566.88,0.6,100,35.29,,76.06,33.8,,Muy alto,,,Medio,0.76,0.95,-98.48,16.74,0,0,0,0,0,0
GUERRERO,12,IXCATEOPAN DE CUAUHTEMOC,12037,6138,3140,51.16,2998,48.84,1585,25.82,3721,60.62,832,13.55,21142.51,0.29,100,3.62,,73.61,23.03,,Alto,,,Medio,0.82,0.21,-99.79,18.5,0,0,0,0,0,0
GUERRERO,12,ZIHUATANEJO DE AZUETA,12038,126001,64564,51.24,61437,48.76,32724,25.97,82805,65.72,8620,6.84,146456.56,0.86,20.27,3.94,,45.86,11.21,,Muy bajo,,,Bajo,0.89,-0.67,-101.55,17.65,0,0,0,0,0,0
GUERRERO,12,JUAN R. ESCUDERO,12039,26093,13332,51.09,12761,48.91,7310,28.02,16060,61.55,2723,10.44,40934.76,0.64,53.01,2.87,,74.38,31.51,,Medio,,,Bajo,0.84,-0.07,-99.52,17.17,0,0,0,0,0,0
GUERRERO,12,LEONARDO BRAVO,12040,26357,13560,51.45,12797,48.55,8920,33.84,15253,57.87,2184,8.29,72036.37,0.37,52.64,1.06,,87.94,35.99,,Alto,,,Medio,0.8,0.56,-99.68,17.66,0,0,0,0,0,0
GUERRERO,12,MALINALTEPEC,12041,29625,15738,53.12,13887,46.88,11183,37.75,16204,54.7,2235,7.54,47354.05,0.63,100,96.86,,88.5,50.02,,Muy alto,,,Muy alto,0.71,2.08,-98.67,17.24,0,0,0,0,0,0
GUERRERO,12,MARTIR DE CUILAPAN,12042,18613,9926,53.33,8687,46.67,6517,35.01,10543,56.64,1551,8.33,61461.9,0.3,100,47.64,,85.55,40.01,,Muy alto,,,Alto,0.76,1.14,-99.33,17.74,0,0,0,0,0,0
GUERRERO,12,METLATONOC,12043,18859,10084,53.47,8775,46.53,8164,43.29,9396,49.82,1290,6.84,60242.02,0.31,100,98.54,,97.72,67.76,,Muy alto,,,Muy alto,0.66,2.91,-98.41,17.2,0,0,0,0,0,0
GUERRERO,12,MOCHITLAN,12044,12402,6378,51.43,6024,48.57,3497,28.2,7603,61.3,1302,10.5,51288.83,0.24,51.2,2.33,,69.06,25.54,,Medio,,,Medio,0.83,0.2,-99.37,17.47,0,0,0,0,0,0
GUERRERO,12,OLINALA,12045,28446,14937,52.51,13509,47.49,9867,34.69,16201,56.95,2373,8.34,70593.96,0.4,75.49,53.84,,88.68,45.95,,Muy alto,,,Muy alto,0.69,1.81,-98.74,17.78,0,0,0,0,0,0
GUERRERO,12,OMETEPEC,12046,68207,35166,51.56,33041,48.44,21254,31.16,42221,61.9,4715,6.91,59969.14,1.14,44.01,40.24,,68.19,31.12,,Alto,,,Medio,0.79,0.65,-98.4,16.69,0,0,0,0,0,0
GUERRERO,12,PEDRO ASCENCIO ALQUISIRAS,12047,7076,3724,52.63,3352,47.37,2347,33.17,4000,56.53,729,10.3,29322.43,0.24,100,0.49,,89.58,37.48,,Muy alto,,,Muy alto,0.67,2.12,-99.89,18.51,0,0,0,0,0,0
GUERRERO,12,PETATLAN,12048,44583,22691,50.9,21892,49.1,12817,28.75,27388,61.43,4355,9.77,196629.56,0.23,31.91,1.24,,54.97,19.01,,Medio,,,Bajo,0.85,-0.21,-101.27,17.54,0,0,0,0,0,0
GUERRERO,12,PILCAYA,12049,12753,6510,51.05,6243,48.95,3725,29.21,7759,60.84,1268,9.94,16164.94,0.79,51.51,0.45,,62.14,14.98,,Medio,,,Bajo,0.85,-0.11,-99.68,18.75,0,0,0,0,0,0
GUERRERO,12,PUNGARABATO,12050,38482,19693,51.17,18789,48.83,10790,28.04,24428,63.48,3262,8.48,12596.86,3.05,32.83,0.81,,52.67,15.39,,Bajo,,,Bajo,0.87,-0.59,-100.67,18.36,0,0,0,0,0,0
GUERRERO,12,QUECHULTENNANGO,12051,36143,18795,52,17348,48,12129,33.56,20722,57.33,3292,9.11,84607.74,0.43,80.04,22.06,,94.17,56.38,,Alto,,,Medio,0.77,0.92,-99.24,17.41,0,0,0,0,0,0
GUERRERO,12,SAN LUIS ACATLAN,12052,46270,23627,51.06,22643,48.94,16205,35.02,26865,58.06,3199,6.91,110026.95,0.42,79.29,65.97,,86.03,47.8,,Muy alto,,,Muy alto,0.67,2.23,-98.73,16.81,0,0,0,0,0,0
GUERRERO,12,SAN MARCOS,12053,50124,25550,50.97,24574,49.03,14955,29.84,30028,59.91,5134,10.24,115726.89,0.43,72.77,2.14,,60.48,20.51,,Alto,,,Medio,0.78,0.62,-99.39,16.8,0,0,0,0,0,0
GUERRERO,12,SAN MIGUEL TOTOLAPAN,12054,24139,12272,50.84,11867,49.16,8526,35.32,13284,55.03,2329,9.65,236813,0.1,100,0.64,,84.29,41.73,,Muy alto,,,Muy alto,0.68,1.89,-100.39,18.16,0,0,0,0,0,0
GUERRERO,12,TAXCO DE ALARCON,12055,105586,55221,52.3,50365,47.7,26575,25.17,68583,64.95,10420,9.87,64850.63,1.63,45.81,4.95,,74.98,26.79,,Medio,,,Bajo,0.85,-0.23,-99.6,18.56,0,0,0,0,0,0
GUERRERO,12,TECOANAPA,12056,46063,23475,50.96,22588,49.04,14378,31.21,27531,59.77,4151,9.01,69889.46,0.66,100,2.96,,82.68,39.1,,Alto,,,Medio,0.76,0.8,-99.26,16.99,0,0,0,0,0,0
GUERRERO,12,TECPAN DE GALEANA,12057,65237,32836,50.33,32401,49.67,17244,26.43,40567,62.18,7416,11.37,284606.69,0.23,46.28,1.3,,37.81,7,,Medio,,,Bajo,0.84,-0.01,-100.63,17.22,0,0,0,0,0,0
GUERRERO,12,TELOLOAPAN,12058,53817,28132,52.27,25685,47.73,16320,30.32,31305,58.17,6188,11.5,100652.17,0.53,53.27,2.61,,63.92,17.32,,Alto,,,Medio,0.81,0.21,-99.87,18.37,0,0,0,0,0,0
GUERRERO,12,TEPECOACUILCO DE TRUJANO,12059,30806,15966,51.83,14840,48.17,8467,27.48,18367,59.62,3971,12.89,85115.67,0.36,77.65,22.72,,75.07,30.87,,Alto,,,Medio,0.79,0.52,-99.47,18.29,0,0,0,0,0,0
GUERRERO,12,TETIPAC,12060,13552,6954,51.31,6598,48.69,4035,29.77,8153,60.16,1364,10.06,21698.87,0.62,100,0.32,,79.27,30.95,,Alto,,,Medio,0.81,0.35,-99.65,18.65,0,0,0,0,0,0
GUERRERO,12,TIXTLA DE GUERRERO,12061,43171,22564,52.27,20607,47.73,12017,27.84,27179,62.96,3932,9.11,38849.62,1.11,27.63,26.78,,57.86,22.53,,Alto,,,Medio,0.82,0.41,-99.4,17.57,0,0,0,0,0,0
GUERRERO,12,TLACOACHISTLAHUACA,12062,22781,12170,53.42,10611,46.58,8647,37.96,12478,54.77,1656,7.27,80447.99,0.28,77.91,86.38,,83.11,43.18,,Muy alto,,,Muy alto,0.67,2.29,-98.3,16.81,0,0,0,0,0,0
GUERRERO,12,TLACOAPA,12063,10092,5359,53.1,4733,46.9,3524,34.92,5770,57.17,798,7.91,28024.8,0.36,100,92.13,,92.04,49.83,,Muy alto,,,Muy alto,0.68,2.86,-98.75,17.26,0,0,0,0,0,0
GUERRERO,12,TLALCHAPA,12064,11681,5861,50.18,5820,49.82,3240,27.74,6696,57.32,1745,14.94,47058.56,0.25,100,0.14,,46.59,11.08,,Alto,,,Bajo,0.82,-0.18,-100.48,18.41,0,0,0,0,0,0
GUERRERO,12,TLALIXTAQUILLA DE MALDONADO,12065,7602,3902,51.33,3700,48.67,2454,32.28,4287,56.39,825,10.85,11742.06,0.65,100,29.48,,77.86,27.13,,Muy alto,,,Medio,0.76,0.76,-98.37,17.57,0,0,0,0,0,0
GUERRERO,12,TLAPA DE COMONFORT,12066,96125,51104,53.16,45021,46.84,33018,34.35,57427,59.74,5622,5.85,60889.62,1.58,38.02,73.36,,71.77,31.36,,Alto,,,Medio,0.81,0.5,-98.58,17.55,0,0,0,0,0,0
GUERRERO,12,TLAPEHUALA,12067,22209,11334,51.03,10875,48.97,6494,29.24,13293,59.85,2415,10.87,28394.92,0.78,63.8,0.03,,68.55,27.13,,Alto,,,Bajo,0.82,-0.03,-100.54,18.24,0,0,0,0,0,0
GUERRERO,12,LA UNION DE ISIDORO MONTES DE OCA,12068,26349,12988,49.29,13361,50.71,7284,27.64,16119,61.17,2946,11.18,175353.9,0.15,100,0.46,,43.5,10.22,,Alto,,,Bajo,0.81,0,-101.81,17.98,0,0,0,0,0,0
GUERRERO,12,XALPATLAHUAC,12069,11966,6545,54.7,5421,45.3,4478,37.42,6275,52.44,1213,10.14,22668.9,0.53,100,95.19,,93.21,50,,Muy alto,,,Muy alto,0.67,2.06,-98.61,17.47,0,0,0,0,0,0
GUERRERO,12,XOCHIHUEHUETLAN,12070,7862,4122,52.43,3740,47.57,2184,27.78,4632,58.92,1046,13.3,26124.66,0.3,31.05,4.68,,74.65,19.32,,Alto,,,Medio,0.81,0.24,-98.49,17.91,0,0,0,0,0,0
GUERRERO,12,XOCHISTLAHUACA,12071,29891,15631,52.29,14260,47.71,9494,31.76,18157,60.74,2145,7.18,45430.38,0.66,100,93.78,,87.48,41.33,,Muy alto,,,Muy alto,0.7,2.34,-98.24,16.79,0,0,0,0,0,0
GUERRERO,12,ZAPOTITLAN TABLAS,12072,12004,6175,51.44,5829,48.56,4445,37.03,6806,56.7,750,6.25,22850.21,0.53,100,96.67,,91.37,52.1,,Muy alto,,,Muy alto,0.71,2.48,-98.78,17.42,0,0,0,0,0,0
GUERRERO,12,ZIRANDARO,12073,18031,8952,49.65,9079,50.35,5054,28.03,9895,54.88,2083,11.55,213881.95,0.08,100,0.16,,71.5,24.82,,Alto,,,Medio,0.77,0.8,-100.98,18.48,0,0,0,0,0,0
GUERRERO,12,ZITLALA,12074,21977,11926,54.27,10051,45.73,7524,34.24,12239,55.69,2160,9.83,30440.4,0.72,72.35,63.23,,89.24,38.55,,Muy alto,,,Alto,0.74,1.72,-99.19,17.69,0,0,0,0,0,0
GUERRERO,12,EDUARDO NERI,12075,53126,27401,51.58,25725,48.42,16241,30.57,32799,61.74,4083,7.69,124796,0.43,36.76,17.9,,65.59,24.78,,Medio,,,Bajo,0.83,0.1,-99.53,17.65,0,0,0,0,0,0
GUERRERO,12,ACATEPEC,12076,40197,20657,51.39,19540,48.61,16399,40.8,21998,54.73,1800,4.48,63152.04,0.64,100,97.76,,96.03,61.54,,Muy alto,,,Muy alto,0.66,3.2,-98.91,17.33,0,0,0,0,0,0
GUERRERO,12,MARQUELIA,12077,14280,7253,50.79,7027,49.21,4301,30.12,8644,60.53,1335,9.35,20933.5,0.68,51.98,8.85,,59.71,18.59,,Alto,,,Medio,0.82,0.28,-98.82,16.58,0,0,0,0,0,0
GUERRERO,12,COCHOAPA EL GRANDE,12078,21241,11312,53.26,9929,46.74,9842,46.33,9832,46.29,1567,7.38,62150.31,0.34,100,99.5,,99.44,84.23,,Muy alto,,,Muy alto,0.5,5,-98.46,17.19,0,0,0,0,0,0
GUERRERO,12,JOSE JOAQUIN DE HERRERA,12079,18381,9590,52.17,8791,47.83,7169,39,10231,55.66,981,5.34,13200.45,1.39,100,97.74,,94.97,59.4,,Muy alto,,,Muy alto,0.63,2.99,-99.02,17.45,0,0,0,0,0,0
GUERRERO,12,JUCHITAN,12080,7559,3741,49.49,3818,50.51,2254,29.82,4358,57.65,947,12.53,25200.93,0.3,100,9.09,,65.73,20.59,,Muy alto,,,Medio,0.76,0.76,-98.64,16.63,0,0,0,0,0,0
GUERRERO,12,ILIATENCO,12081,11679,6113,52.34,5566,47.66,4048,34.66,6746,57.76,885,7.58,24066.48,0.49,100,96.38,,80.24,38.67,,Muy alto,,,Muy alto,0.73,1.82,-98.69,17.05,0,0,0,0,0,0
HIDALGO,13,ACATLAN,13001,22268,11563,51.93,10705,48.07,6502,29.2,13919,62.51,1847,8.29,23978.12,0.93,100,0.91,,39.29,4.9,,Medio,,,Bajo,0.84,-0.3,-98.44,20.15,0,0,0,0,0,0
HIDALGO,13,ACAXOCHITLAN,13002,46065,24348,52.86,21717,47.14,15410,33.45,27668,60.06,2981,6.47,23708.8,1.94,88.9,49,,80.09,28.51,,Alto,,,Medio,0.79,0.71,-98.2,20.16,0,0,0,0,0,0
HIDALGO,13,ACTOPAN,13003,61002,31925,52.33,29077,47.67,15550,25.49,40158,65.83,5292,8.68,26969.48,2.26,47.09,8.49,,48.02,3.66,,Muy bajo,,,Muy bajo,0.9,-0.87,-98.94,20.27,0,0,0,0,0,0
HIDALGO,13,AGUA BLANCA DE ITURBIDE,13004,10313,5400,52.36,4913,47.64,2927,28.38,6453,62.57,933,9.05,11907.74,0.87,100,1.62,,60,8.3,,Medio,,,Bajo,0.84,0.03,-98.36,20.35,0,0,0,0,0,0
HIDALGO,13,AJACUBA,13005,18872,9764,51.74,9108,48.26,4561,24.17,12425,65.84,1886,9.99,23722.95,0.8,56.26,0.88,,48.07,4.52,,Muy bajo,,,Bajo,0.89,-0.67,-99.12,20.09,0,0,0,0,0,0
HIDALGO,13,ALFAJAYUCAN,13006,19162,9964,52,9198,48,5016,26.18,11864,61.91,2281,11.9,43008.49,0.45,100,37.51,,48.56,7.78,,Medio,,,Bajo,0.85,-0.31,-99.35,20.41,0,0,0,0,0,0
HIDALGO,13,ALMOLOYA,13007,12546,6476,51.62,6070,48.38,3366,26.83,8052,64.18,1128,8.99,27053.37,0.46,55.22,0.44,,50.24,3.84,,Bajo,,,Bajo,0.88,-0.55,-98.4,19.7,0,0,0,0,0,0
HIDALGO,13,APAN,13008,46681,24393,52.25,22288,47.75,11525,24.69,30831,66.05,4323,9.26,32012.44,1.46,38.32,0.69,,41.36,3.63,,Muy bajo,,,Muy bajo,0.9,-0.93,-98.45,19.71,0,0,0,0,0,0
HIDALGO,13,EL ARENAL,13009,19836,10261,51.73,9575,48.27,5241,26.42,12955,65.31,1639,8.26,13655.62,1.45,100,3.57,,48.89,4.89,,Bajo,,,Bajo,0.87,-0.62,-98.91,20.22,0,0,0,0,0,0
HIDALGO,13,ATITALAQUIA,13010,31525,16044,50.89,15481,49.11,7463,23.67,21550,68.36,2512,7.97,6199.8,5.08,39.71,1.11,,28.96,1.36,,Muy bajo,,,Muy bajo,0.93,-1.05,-99.22,20.06,0,0,0,0,0,0
HIDALGO,13,ATLAPEXCO,13011,19812,10301,51.99,9511,48.01,5235,26.42,11938,60.26,2630,13.27,14136.94,1.4,100,85.14,,65.16,18.67,,Medio,,,Medio,0.83,0.4,-98.35,21.02,0,0,0,0,0,0
HIDALGO,13,ATOTONILCO EL GRANDE,13012,30135,15874,52.68,14261,47.32,8037,26.67,19176,63.63,2921,9.69,45491.96,0.66,72.07,1.19,,52.42,7,,Bajo,,,Bajo,0.86,-0.34,-98.67,20.29,0,0,0,0,0,0
HIDALGO,13,ATOTONILCO DE TULA,13013,62470,32056,51.31,30414,48.69,17287,27.67,42090,67.38,3048,4.88,12145.62,5.14,47.67,3.49,,32.86,2.85,,Muy bajo,,,Muy bajo,0.92,-1.16,-99.22,20.01,0,0,0,0,0,0
HIDALGO,13,CALNALI,13014,16150,8406,52.05,7744,47.95,4186,25.92,9515,58.92,2449,15.16,20915.55,0.77,100,41.98,,66.15,13.18,,Medio,,,Medio,0.83,0.19,-98.58,20.9,0,0,0,0,0,0
HIDALGO,13,CARDONAL,13015,19431,10123,52.1,9308,47.9,5129,26.4,12314,63.37,1988,10.23,58871.47,0.33,100,80.02,,56.5,9.26,,Bajo,,,Bajo,0.86,-0.25,-99.12,20.61,0,0,0,0,0,0
HIDALGO,13,CUAUTEPEC DE HINOJOSA,13016,60421,31555,52.23,28866,47.77,16814,27.83,38652,63.97,4932,8.16,38861.91,1.55,66.02,1.14,,67.32,9.04,,Bajo,,,Bajo,0.86,-0.44,-98.31,20.04,0,0,0,0,0,0
HIDALGO,13,CHAPANTONGO,13017,12967,6690,51.59,6277,48.41,3328,25.67,8049,62.07,1590,12.26,27619.92,0.47,100,1.11,,49.26,8.38,,Medio,,,Bajo,0.84,0.01,-99.41,20.29,0,0,0,0,0,0
HIDALGO,13,CHAPULHUACAN,13018,22903,11641,50.83,11262,49.17,6831,29.83,13690,59.77,2382,10.4,22951.91,1,100,11.85,,51.37,7.13,,Medio,,,Bajo,0.83,-0.02,-98.9,21.16,0,0,0,0,0,0
HIDALGO,13,CHILCUAUTLA,13019,18909,9719,51.4,9190,48.6,4988,26.38,12146,64.23,1775,9.39,22109.17,0.86,100,63.28,,48.85,6.2,,Bajo,,,Bajo,0.86,-0.31,-99.23,20.33,0,0,0,0,0,0
HIDALGO,13,ELOXOCHITLAN,13020,2593,1354,52.22,1239,47.78,578,22.29,1520,58.62,495,19.09,23749.72,0.11,100,1.74,,52.98,4.05,,Medio,,,Bajo,0.85,-0.31,-98.81,20.75,0,0,0,0,0,0
HIDALGO,13,EMILIANO ZAPATA,13021,15175,7837,51.64,7338,48.36,3752,24.72,9947,65.55,1475,9.72,12222.82,1.24,36.84,0.84,,37.81,2.61,,Muy bajo,,,Muy bajo,0.91,-1,-98.55,19.66,0,0,0,0,0,0
HIDALGO,13,EPAZOYUCAN,13022,16285,8406,51.62,7879,48.38,3869,23.76,10917,67.04,1494,9.17,14131.53,1.15,100,1.73,,36.82,3.25,,Bajo,,,Muy bajo,0.88,-0.76,-98.64,20.02,0,0,0,0,0,0
HIDALGO,13,FRANCISCO I. MADERO,13023,36248,18952,52.28,17296,47.72,8654,23.87,24168,66.67,3423,9.44,9728.97,3.73,52.05,5.03,,48.21,4.23,,Muy bajo,,,Muy bajo,0.91,-0.88,-99.09,20.25,0,0,0,0,0,0
HIDALGO,13,HUASCA DE OCAMPO,13024,17607,9288,52.75,8319,47.25,5119,29.07,10860,61.68,1628,9.25,30054.94,0.59,100,1.45,,51.13,9.23,,Bajo,,,Bajo,0.86,-0.43,-98.58,20.2,0,0,0,0,0,0
HIDALGO,13,HUAUTLA,13025,20673,10812,52.3,9861,47.7,5248,25.39,11720,56.69,3705,17.92,28968.3,0.71,100,90.97,,64.23,16.16,,Alto,,,Medio,0.79,0.78,-98.29,21.03,0,0,0,0,0,0
HIDALGO,13,HUAZALINGO,13026,12766,6571,51.47,6195,48.53,3786,29.66,7588,59.44,1392,10.9,10649.64,1.2,100,91.88,,86.15,32.2,,Alto,,,Medio,0.82,0.52,-98.51,20.98,0,0,0,0,0,0
HIDALGO,13,HUEHUETLA,13027,22846,11830,51.78,11016,48.22,6528,28.57,13661,59.8,2657,11.63,21217.96,1.08,100,67.34,,75.76,25.48,,Alto,,,Alto,0.76,1.25,-98.08,20.46,0,0,0,0,0,0
HIDALGO,13,HUEJUTLA DE REYES,13028,126781,65460,51.63,61321,48.37,37625,29.68,77907,61.45,11247,8.87,39045.1,3.25,65.05,72.97,,65.35,18.85,,Medio,,,Bajo,0.84,0.06,-98.42,21.14,0,0,0,0,0,0
HIDALGO,13,HUICHAPAN,13029,47425,24645,51.97,22780,48.03,12082,25.48,30672,64.67,4654,9.81,65553.47,0.72,79.22,3.65,,42.44,3.61,,Bajo,,,Bajo,0.88,-0.68,-99.65,20.38,0,0,0,0,0,0
HIDALGO,13,IXMIQUILPAN,13030,98654,52214,52.93,46440,47.07,26528,26.89,64587,65.47,7530,7.63,48262.51,2.04,61.88,61.04,,50.24,6.25,,Bajo,,,Bajo,0.89,-0.67,-99.22,20.48,0,0,0,0,0,0
HIDALGO,13,JACALA DE LEDEZMA,13031,12290,6430,52.32,5860,47.68,3026,24.62,7647,62.22,1617,13.16,43706.7,0.28,100,1.54,,43.68,3.84,,Medio,,,Bajo,0.85,-0.32,-99.19,21.01,0,0,0,0,0,0
HIDALGO,13,JALTOCAN,13032,10523,5385,51.17,5138,48.83,2856,27.14,6412,60.93,1250,11.88,3803.38,2.77,43.75,89.56,,75.21,19.89,,Medio,,,Medio,0.83,0.31,-98.54,21.13,0,0,0,0,0,0
HIDALGO,13,JUAREZ HIDALGO,13033,2895,1525,52.68,1370,47.32,701,24.21,1718,59.34,476,16.44,10982.97,0.26,100,3.18,,55.64,4.35,,Medio,,,Bajo,0.85,-0.17,-98.83,20.78,0,0,0,0,0,0
HIDALGO,13,LOLOTLA,13034,9474,4897,51.69,4577,48.31,2741,28.93,5537,58.44,1196,12.62,17563.62,0.54,100,34.25,,77.17,20.42,,Alto,,,Medio,0.82,0.15,-98.72,20.84,0,0,0,0,0,0
HIDALGO,13,METEPEC,13035,13078,6893,52.71,6185,47.29,3843,29.39,8251,63.09,984,7.52,14522.13,0.9,100,2.9,,42.82,4.29,,Bajo,,,Bajo,0.86,-0.53,-98.32,20.24,0,0,0,0,0,0
HIDALGO,13,SAN AGUSTIN METZQUITITLAN,13036,9449,4867,51.51,4582,48.49,2140,22.65,6086,64.41,1223,12.94,24372.19,0.39,100,1.02,,53.05,8.25,,Bajo,,,Bajo,0.86,-0.55,-98.64,20.53,0,0,0,0,0,0
HIDALGO,13,METZTITLAN,13037,20962,10888,51.94,10074,48.06,5074,24.21,13180,62.88,2708,12.92,79036.05,0.27,100,16.19,,51.89,7.75,,Medio,,,Bajo,0.83,-0.02,-98.76,20.59,0,0,0,0,0,0
HIDALGO,13,MINERAL DEL CHICO,13038,8878,4577,51.55,4301,48.45,2416,27.21,5665,63.81,794,8.94,19068.54,0.47,100,1.88,,42.84,5.59,,Medio,,,Bajo,0.84,-0.12,-98.73,20.22,0,0,0,0,0,0
HIDALGO,13,MINERAL DEL MONTE,13039,14324,7507,52.41,6817,47.59,3288,22.95,9752,68.08,1279,8.93,5303.1,2.7,22.17,0.63,,49.63,7.09,,Muy bajo,,,Muy bajo,0.9,-0.95,-98.67,20.14,0,0,0,0,0,0
HIDALGO,13,LA MISION,13040,9819,5062,51.55,4757,48.45,2599,26.47,5874,59.82,1346,13.71,23068.22,0.43,100,1.43,,61.95,9.37,,Alto,,,Medio,0.78,0.55,-99.12,21.1,0,0,0,0,0,0
HIDALGO,13,MIXQUIAHUALA DE JUAREZ,13041,47222,24597,52.09,22625,47.91,11520,24.4,31742,67.22,3942,8.35,13483.52,3.5,41.31,3.38,,39.75,2.56,,Muy bajo,,,Muy bajo,0.91,-0.87,-99.21,20.23,0,0,0,0,0,0
HIDALGO,13,MOLANGO DE ESCAMILLA,13042,11578,5893,50.9,5685,49.1,3059,26.42,6985,60.33,1534,13.25,19653.65,0.59,100,2.68,,59.72,7.37,,Bajo,,,Bajo,0.86,-0.27,-98.73,20.79,0,0,0,0,0,0
HIDALGO,13,NICOLAS FLORES,13043,6265,3229,51.54,3036,48.46,1751,27.95,3710,59.22,804,12.83,24755.76,0.25,100,82.38,,67.64,9.93,,Medio,,,Medio,0.84,0.18,-99.15,20.77,0,0,0,0,0,0
HIDALGO,13,NOPALA DE VILLAGRAN,13044,16948,8711,51.4,8237,48.6,4068,24,10618,62.65,2260,13.33,33872.16,0.5,100,0.73,,43.09,4.86,,Medio,,,Bajo,0.85,-0.24,-99.64,20.25,0,0,0,0,0,0
HIDALGO,13,OMITLAN DE JUAREZ,13045,9295,4873,52.43,4422,47.57,2481,26.69,6008,64.64,806,8.67,7913.82,1.17,100,0.83,,44.75,6.19,,Bajo,,,Bajo,0.87,-0.6,-98.65,20.17,0,0,0,0,0,0
HIDALGO,13,SAN FELIPE ORIZATLAN,13046,38492,19764,51.35,18728,48.65,11269,29.28,22882,59.45,4341,11.28,32097.24,1.2,81.72,75.29,,68.92,17.11,,Medio,,,Medio,0.83,0.2,-98.61,21.17,0,0,0,0,0,0
HIDALGO,13,PACULA,13047,4748,2518,53.03,2230,46.97,1236,26.03,2808,59.14,704,14.83,38195.6,0.12,100,5.2,,53.88,6.71,,Alto,,,Medio,0.79,0.29,-99.3,21.05,0,0,0,0,0,0
HIDALGO,13,PACHUCA DE SOTO,13048,314331,164772,52.42,149559,47.58,64957,20.67,218928,69.65,28212,8.98,15296.64,20.55,5.24,7.99,,28.22,2.31,,Muy bajo,,,Muy bajo,0.94,-1.26,-98.74,20.12,0,0,0,0,0,0
HIDALGO,13,PISAFLORES,13049,18723,9614,51.35,9109,48.65,6653,35.53,10257,54.78,1813,9.68,18633.25,1,100,2.8,,61.69,14.68,,Alto,,,Medio,0.82,0.17,-99.01,21.19,0,0,0,0,0,0
HIDALGO,13,PROGRESO DE OBREGON,13050,23641,12476,52.77,11165,47.23,5631,23.82,15802,66.84,2205,9.33,9027.22,2.62,25.05,4.52,,38.97,2.7,,Muy bajo,,,Muy bajo,0.91,-0.94,-99.19,20.25,0,0,0,0,0,0
HIDALGO,13,MINERAL DE LA REFORMA,13051,202749,106490,52.52,96259,47.48,46226,22.8,145508,71.77,10578,5.22,11166.59,18.16,50.81,5.4,,18.73,1.21,,Muy bajo,,,Muy bajo,0.94,-1.36,-98.7,20.07,0,0,0,0,0,0
HIDALGO,13,SAN AGUSTIN TLAXIACA,13052,38891,19941,51.27,18950,48.73,9500,24.43,26148,67.23,3235,8.32,29518.74,1.32,68.3,2.16,,43.41,5.35,,Muy bajo,,,Muy bajo,0.89,-0.73,-98.89,20.12,0,0,0,0,0,0
HIDALGO,13,SAN BARTOLO TUTOTEPEC,13053,17699,8962,50.64,8737,49.36,4882,27.58,10756,60.77,2061,11.64,35650.75,0.5,100,51.61,,65.13,15.39,,Muy alto,,,Alto,0.76,1.44,-98.2,20.4,0,0,0,0,0,0
HIDALGO,13,SAN SALVADOR,13054,36796,18927,51.44,17869,48.56,9289,25.24,24031,65.31,3476,9.45,20412.33,1.8,100,38.72,,42.88,3.63,,Bajo,,,Muy bajo,0.88,-0.72,-99.02,20.28,0,0,0,0,0,0
HIDALGO,13,SANTIAGO DE ANAYA,13055,18329,9383,51.19,8946,48.81,4799,26.18,11835,64.57,1695,9.25,25419.02,0.72,100,77.24,,49,5.79,,Bajo,,,Bajo,0.87,-0.5,-98.96,20.38,0,0,0,0,0,0
HIDALGO,13,SANTIAGO TULANTEPEC DE LUGO GUERRERO,13056,39561,20915,52.87,18646,47.13,10098,25.53,26576,67.18,2860,7.23,6382.84,6.2,42.99,2.66,,39.15,2.99,,Muy bajo,,,Muy bajo,0.9,-0.93,-98.36,20.04,0,0,0,0,0,0
HIDALGO,13,SINGUILUCAN,13057,15142,7763,51.27,7379,48.73,4112,27.16,9624,63.56,1406,9.29,41722.56,0.36,100,0.72,,48.89,5.28,,Bajo,,,Bajo,0.86,-0.46,-98.52,19.97,0,0,0,0,0,0
HIDALGO,13,TASQUILLO,13058,17441,9295,53.29,8146,46.71,4306,24.69,11217,64.31,1913,10.97,23804.9,0.73,100,60.53,,51.63,7.45,,Bajo,,,Bajo,0.86,-0.44,-99.31,20.55,0,0,0,0,0,0
HIDALGO,13,TECOZAUTLA,13059,38010,19873,52.28,18137,47.72,10209,26.86,24375,64.13,3420,9,52073.82,0.73,82.37,17.25,,44.22,4.69,,Medio,,,Bajo,0.85,-0.29,-99.63,20.53,0,0,0,0,0,0
HIDALGO,13,TENNANGO DE DORIA,13060,17503,9108,52.04,8395,47.96,5133,29.33,10600,60.56,1770,10.11,17525.21,1,100,40.15,,63.54,8.96,,Medio,,,Medio,0.83,0.2,-98.23,20.34,0,0,0,0,0,0
HIDALGO,13,TEPEAPULCO,13061,56245,29305,52.1,26940,47.9,12392,22.03,38015,67.59,5820,10.35,24127.53,2.33,14.47,1.33,,31.55,2.45,,Muy bajo,,,Muy bajo,0.93,-1.19,-98.55,19.79,0,0,0,0,0,0
HIDALGO,13,TEPEHUACAN DE GUERRERO,13062,31235,15667,50.16,15568,49.84,10790,34.54,17872,57.22,2573,8.24,34420.98,0.91,100,55.95,,81.58,27.12,,Alto,,,Alto,0.77,1.07,-98.84,21.01,0,0,0,0,0,0
HIDALGO,13,TEPEJI DEL RIO DE OCAMPO,13063,90546,46484,51.34,44062,48.66,23195,25.62,60838,67.19,6478,7.15,35098.2,2.58,46.97,6.09,,32.27,3.42,,Muy bajo,,,Muy bajo,0.9,-0.8,-99.34,19.91,0,0,0,0,0,0
HIDALGO,13,TEPETITLAN,13064,10830,5575,51.48,5255,48.52,2572,23.75,7000,64.64,1258,11.62,14673.79,0.74,100,4.09,,42.04,4.04,,Bajo,,,Bajo,0.87,-0.44,-99.38,20.19,0,0,0,0,0,0
HIDALGO,13,TETEPANGO,13065,11768,6028,51.22,5740,48.78,2901,24.65,7930,67.39,932,7.92,4460.33,2.64,22.29,0.75,,53.89,4.77,,Muy bajo,,,Muy bajo,0.91,-0.83,-99.16,20.1,0,0,0,0,0,0
HIDALGO,13,VILLA DE TEZONTEPEC,13066,13032,6706,51.46,6326,48.54,3335,25.59,8755,67.18,942,7.23,9009.85,1.45,52.33,1.1,,52.61,5.56,,Muy bajo,,,Muy bajo,0.9,-1.04,-98.82,19.88,0,0,0,0,0,0
HIDALGO,13,TEZONTEPEC DE ALDAMA,13067,55134,28045,50.87,27089,49.13,14575,26.44,36480,66.17,4077,7.39,16212.09,3.4,55.53,1.28,,55.11,5.27,,Muy bajo,,,Bajo,0.89,-0.63,-99.27,20.19,0,0,0,0,0,0
HIDALGO,13,TIANGUISTENGO,13068,14340,7322,51.06,7018,48.94,4185,29.18,8417,58.7,1738,12.12,26339.97,0.54,100,44.42,,79.22,26.79,,Alto,,,Medio,0.79,0.83,-98.63,20.73,0,0,0,0,0,0
HIDALGO,13,TIZAYUCA,13069,168302,86255,51.25,82047,48.75,46159,27.43,113995,67.73,8081,4.8,7628.62,22.06,7.29,4.41,,35.89,3.47,,Muy bajo,,,Muy bajo,0.93,-1.25,-98.98,19.84,0,0,0,0,0,0
HIDALGO,13,TLAHUELILPAN,13070,19067,9763,51.2,9304,48.8,4816,25.26,12806,67.16,1439,7.55,3129.36,6.09,54.6,1.87,,50.15,3.65,,Muy bajo,,,Muy bajo,0.9,-0.85,-99.23,20.13,0,0,0,0,0,0
HIDALGO,13,TLAHUILTEPA,13071,9086,4675,51.45,4411,48.55,2312,25.45,5381,59.22,1393,15.33,52696.05,0.17,100,1.3,,71.17,8.39,,Alto,,,Medio,0.8,0.41,-98.95,20.92,0,0,0,0,0,0
HIDALGO,13,TLANALAPA,13072,11113,5747,51.71,5366,48.29,2483,22.34,7513,67.61,1117,10.05,8236.57,1.35,27.45,0.42,,35.31,3.22,,Muy bajo,,,Muy bajo,0.92,-1.12,-98.6,19.82,0,0,0,0,0,0
HIDALGO,13,TLANCHINOL,13073,37722,19245,51.02,18477,48.98,11867,31.46,22451,59.52,3402,9.02,38858.97,0.97,83.78,65.07,,85.78,33.76,,Medio,,,Medio,0.83,0.37,-98.66,20.99,0,0,0,0,0,0
HIDALGO,13,TLAXCOAPAN,13074,28626,14720,51.42,13906,48.58,6912,24.15,19499,68.12,2210,7.72,3869.26,7.4,20.77,0.95,,54.46,5.18,,Muy bajo,,,Muy bajo,0.91,-0.86,-99.22,20.09,0,0,0,0,0,0
HIDALGO,13,TOLCAYUCA,13075,21362,11058,51.76,10304,48.24,5529,25.88,14327,67.07,1504,7.04,12789.02,1.67,58.03,2.47,,41.11,3.53,,Muy bajo,,,Muy bajo,0.91,-1.09,-98.92,19.96,0,0,0,0,0,0
HIDALGO,13,TULA DE ALLENDE,13076,115107,59519,51.71,55588,48.29,26838,23.32,78212,67.95,9974,8.66,33367.35,3.45,40.4,1.35,,27.76,1.61,,Muy bajo,,,Muy bajo,0.91,-1.01,-99.34,20.06,0,0,0,0,0,0
HIDALGO,13,TULANCINGO DE BRAVO,13077,168369,88602,52.62,79767,47.38,42768,25.4,112647,66.9,12867,7.64,21581.04,7.8,19.86,6.55,,44.52,4.39,,Muy bajo,,,Muy bajo,0.91,-0.94,-98.37,20.08,0,0,0,0,0,0
HIDALGO,13,XOCHIATIPAN,13078,18260,9417,51.57,8843,48.43,5632,30.84,10590,58,2038,11.16,13423.04,1.36,100,98.47,,88.27,36.7,,Muy alto,,,Alto,0.76,1.49,-98.28,20.84,0,0,0,0,0,0
HIDALGO,13,XOCHICOATLAN,13079,7015,3561,50.76,3454,49.24,1617,23.05,4279,61,1119,15.95,17532.03,0.4,100,3.25,,55.6,9.67,,Bajo,,,Bajo,0.86,-0.11,-98.68,20.78,0,0,0,0,0,0
HIDALGO,13,YAHUALICA,13080,24674,12614,51.12,12060,48.88,7373,29.88,14611,59.22,2686,10.89,15299.49,1.61,100,92.26,,79.54,26.66,,Alto,,,Alto,0.77,1.19,-98.38,20.95,0,0,0,0,0,0
HIDALGO,13,ZACUALTIPAN DE ANGELES,13081,38155,20018,52.46,18137,47.54,10354,27.14,25037,65.62,2763,7.24,27040.99,1.41,22.76,10.53,,59.43,8.98,,Bajo,,,Bajo,0.89,-0.6,-98.65,20.65,0,0,0,0,0,0
HIDALGO,13,ZAPOTLAN DE JUAREZ,13082,21443,11101,51.77,10342,48.23,5221,24.35,14391,67.11,1830,8.53,10452.13,2.05,24.48,3.14,,49.6,5,,Muy bajo,,,Muy bajo,0.91,-0.97,-98.86,19.97,0,0,0,0,0,0
HIDALGO,13,ZEMPOALA,13083,57906,30000,51.81,27906,48.19,13943,24.08,39589,68.37,4366,7.54,31764.24,1.82,57.18,2.19,,34.3,3.61,,Muy bajo,,,Muy bajo,0.92,-1.18,-98.67,19.92,0,0,0,0,0,0
HIDALGO,13,ZIMAPAN,13084,39927,21028,52.67,18899,47.33,10621,26.6,25312,63.4,3994,10,86504.9,0.46,63.1,20.77,,40.52,3.71,,Bajo,,,Bajo,0.88,-0.55,-99.38,20.74,0,0,0,0,0,0
JALISCO,14,ACATIC,14001,23175,11792,50.88,11383,49.12,6733,29.05,14458,62.39,1984,8.56,33628.9,0.69,43.76,0.17,,30.67,2.22,,Muy bajo,,,Muy bajo,0.89,-0.79,-102.91,20.78,0,0,0,0,0,0
JALISCO,14,ACATLAN DE JUAREZ,14002,25250,12006,47.55,13244,52.45,7487,29.65,15866,62.84,1893,7.5,15275.69,1.65,25.1,0.28,,28.34,2.1,,Muy bajo,,,Muy bajo,0.92,-1.12,-103.59,20.42,0,0,0,0,0,0
JALISCO,14,AHUALULCO DE MERCADO,14003,23630,11846,50.13,11784,49.87,6004,25.41,15234,64.47,2368,10.02,27166.78,0.87,28.06,0.28,,32.85,1.98,,Muy bajo,,,Muy bajo,0.93,-1.19,-103.98,20.7,0,0,0,0,0,0
JALISCO,14,AMACUECA,14004,5743,2967,51.66,2776,48.34,1611,28.05,3488,60.73,644,11.21,12393.1,0.46,100,0.59,,46.04,5.01,,Bajo,,,Muy bajo,0.88,-0.84,-103.6,20.01,0,0,0,0,0,0
JALISCO,14,AMATITAN,14005,16490,8306,50.37,8184,49.63,4745,28.78,10546,63.95,1198,7.27,17107.22,0.96,26.14,0.91,,36.65,2.66,,Muy bajo,,,Muy bajo,0.91,-1.15,-103.73,20.84,0,0,0,0,0,0
JALISCO,14,AMECA,14006,60386,30822,51.04,29564,48.96,14856,24.6,38559,63.85,6970,11.54,83225.6,0.73,37.29,0.53,,35.38,3.91,,Muy bajo,,,Muy bajo,0.91,-1.09,-104.04,20.55,0,0,0,0,0,0
JALISCO,14,SAN JUANITO DE ESCOBEDO,14007,9433,4713,49.96,4720,50.04,2578,27.33,5775,61.22,1080,11.45,19302.91,0.49,40.69,0.24,,40.73,2.87,,Muy bajo,,,Muy bajo,0.91,-1.03,-104,20.8,0,0,0,0,0,0
JALISCO,14,ARANDAS,14008,80609,41117,51.01,39492,48.99,21867,27.13,52889,65.61,5853,7.26,94171.73,0.86,26,0.5,,33.96,2.95,,Muy bajo,,,Muy bajo,0.91,-0.91,-102.34,20.71,0,0,0,0,0,0
JALISCO,14,EL ARENAL,14009,21115,10770,51.01,10345,48.99,6154,29.15,13473,63.81,1485,7.03,11080.41,1.91,41.09,1.06,,30.92,1.92,,Muy bajo,,,Muy bajo,0.92,-1.14,-103.69,20.78,0,0,0,0,0,0
JALISCO,14,ATEMAJAC DE BRIZUELA,14010,7758,3911,50.41,3847,49.59,2529,32.6,4630,59.68,599,7.72,35315.3,0.22,17.07,0.18,,73.21,18.94,,Bajo,,,Bajo,0.88,-0.4,-103.72,20.14,0,0,0,0,0,0
JALISCO,14,ATENGO,14011,5599,2766,49.4,2833,50.6,1524,27.22,3300,58.94,775,13.84,43714.36,0.13,100,0.05,,49.16,12.03,,Bajo,,,Bajo,0.86,-0.56,-104.23,20.28,0,0,0,0,0,0
JALISCO,14,ATENGUILLO,14012,4176,2121,50.79,2055,49.21,973,23.3,2578,61.73,625,14.97,60544,0.07,100,0.31,,17.43,0.86,,Muy bajo,,,Muy bajo,0.9,-0.9,-104.49,20.41,0,0,0,0,0,0
JALISCO,14,ATOTONILCO EL ALTO,14013,64009,32438,50.68,31571,49.32,17840,27.87,40743,63.65,5425,8.48,50670.82,1.26,36.41,0.31,,34.38,2.98,,Muy bajo,,,Muy bajo,0.91,-0.89,-102.5,20.55,0,0,0,0,0,0
JALISCO,14,ATOYAC,14014,8689,4475,51.5,4214,48.5,2195,25.26,5366,61.76,1128,12.98,44831.89,0.19,37.98,0.53,,44.28,4.94,,Bajo,,,Bajo,0.88,-0.56,-103.52,20.01,0,0,0,0,0,0
JALISCO,14,AUTLAN DE NAVARRO,14015,64931,33045,50.89,31886,49.11,16486,25.39,42227,65.03,6188,9.53,70051.41,0.93,19.89,1.93,,31.45,3.03,,Muy bajo,,,Muy bajo,0.92,-1.02,-104.37,19.77,0,0,0,0,0,0
JALISCO,14,AYOTLAN,14016,41552,21188,50.99,20364,49.01,12547,30.2,25429,61.2,3572,8.6,42738.39,0.97,45.33,0.15,,52.21,7.21,,Bajo,,,Bajo,0.89,-0.71,-102.33,20.53,0,0,0,0,0,0
JALISCO,14,AYUTLA,14017,12880,6466,50.2,6414,49.8,3523,27.35,7703,59.81,1654,12.84,87698.81,0.15,42.01,0.13,,44.15,5.78,,Muy bajo,,,Muy bajo,0.9,-0.89,-104.35,20.13,0,0,0,0,0,0
JALISCO,14,LA BARCA,14018,67937,35086,51.64,32851,48.36,18713,27.54,42583,62.68,6640,9.77,41491.31,1.64,42.92,0.23,,41.22,4.44,,Muy bajo,,,Muy bajo,0.9,-0.91,-102.54,20.29,0,0,0,0,0,0
JALISCO,14,BOLANOS,14019,7043,3541,50.28,3502,49.72,2805,39.83,3845,54.59,393,5.58,85778.8,0.08,100,59.39,,54.75,29.31,,Muy alto,,,Muy alto,0.64,2.41,-103.78,21.83,0,0,0,0,0,0
JALISCO,14,CABO CORRIENTES,14020,10940,5296,48.41,5644,51.59,3111,28.44,6595,60.28,1234,11.28,153015.92,0.07,100,0.44,,44.6,7.38,,Bajo,,,Bajo,0.86,-0.36,-105.32,20.32,0,0,0,0,0,0
JALISCO,14,CASIMIRO CASTILLO,14021,20548,10354,50.39,10194,49.61,5522,26.87,12742,62.01,2281,11.1,51945.07,0.4,43.82,0.37,,40.25,3.97,,Muy bajo,,,Muy bajo,0.9,-0.74,-104.43,19.6,0,0,0,0,0,0
JALISCO,14,CIHUATLAN,14022,40139,20160,50.23,19979,49.77,11392,28.38,25396,63.27,3351,8.35,49494.86,0.81,35.86,2.46,,45.96,4.69,,Muy bajo,,,Muy bajo,0.9,-0.76,-104.56,19.24,0,0,0,0,0,0
JALISCO,14,ZAPOTLAN EL GRANDE,14023,115141,58953,51.2,56188,48.8,26691,23.18,78440,68.13,9989,8.68,27171.77,4.24,2.75,0.89,,26.4,2.31,,Muy bajo,,,Muy bajo,0.94,-1.19,-103.46,19.71,0,0,0,0,0,0
JALISCO,14,COCULA,14024,29267,14872,50.81,14395,49.19,7630,26.07,18167,62.07,3470,11.86,32863.08,0.89,43.45,0.31,,38.38,2.74,,Muy bajo,,,Muy bajo,0.91,-0.99,-103.82,20.37,0,0,0,0,0,0
JALISCO,14,COLOTLAN,14025,19689,10207,51.84,9482,48.16,4971,25.25,12730,64.66,1988,10.1,64147.14,0.31,23.16,3.59,,37.75,2.51,,Muy bajo,,,Muy bajo,0.91,-1.12,-103.26,22.12,0,0,0,0,0,0
JALISCO,14,CONCEPCION DE BUENOS AIRES,14026,6334,3136,49.51,3198,50.49,1618,25.54,3980,62.84,732,11.56,26375.49,0.24,19.28,0.41,,45.34,3.12,,Muy bajo,,,Muy bajo,0.91,-0.74,-103.26,19.98,0,0,0,0,0,0
JALISCO,14,CUAUTITLAN DE GARCIA BARRAGAN,14027,18370,9023,49.12,9347,50.88,5456,29.7,11065,60.23,1848,10.06,138301.27,0.13,100,2.53,,57.5,18.87,,Alto,,,Medio,0.78,0.7,-104.36,19.45,0,0,0,0,0,0
JALISCO,14,CUAUTLA,14028,2166,1109,51.2,1057,48.8,526,24.28,1293,59.7,347,16.02,41398.33,0.05,100,0.18,,33.97,2.16,,Bajo,,,Bajo,0.88,-0.55,-104.41,20.2,0,0,0,0,0,0
JALISCO,14,CUQUIO,14029,17820,9165,51.43,8655,48.57,4785,26.85,11003,61.75,2032,11.4,63730.02,0.28,71.88,0.03,,43.39,4.52,,Bajo,,,Bajo,0.88,-0.62,-103.02,20.93,0,0,0,0,0,0
JALISCO,14,CHAPALA,14030,55196,28381,51.42,26815,48.58,13428,24.33,33253,60.25,8496,15.39,62520.49,0.88,10.48,0.47,,38.52,4.47,,Muy bajo,,,Muy bajo,0.92,-1.16,-103.19,20.29,0,0,0,0,0,0
JALISCO,14,CHIMALTITAN,14031,3270,1646,50.34,1624,49.66,1122,34.31,1748,53.46,400,12.23,64860.65,0.05,100,3.73,,65.81,23.8,,Alto,,,Medio,0.78,0.75,-103.78,21.78,0,0,0,0,0,0
JALISCO,14,CHIQUILISTLAN,14032,5983,3008,50.28,2975,49.72,1916,32.02,3490,58.33,577,9.64,29521.52,0.2,100,0.13,,68.41,16.4,,Bajo,,,Bajo,0.86,-0.48,-103.86,20.09,0,0,0,0,0,0
JALISCO,14,DEGOLLADO,14033,21226,10963,51.65,10263,48.35,6084,28.66,12945,60.99,2197,10.35,42331.01,0.5,45.29,0.42,,42.65,7.2,,Muy bajo,,,Muy bajo,0.89,-0.81,-102.14,20.45,0,0,0,0,0,0
JALISCO,14,EJUTLA,14034,1981,974,49.17,1007,50.83,443,22.36,1158,58.46,380,19.18,29557.84,0.07,100,0,,24.23,1.79,,Muy bajo,,,Muy bajo,0.89,-0.72,-104.16,19.91,0,0,0,0,0,0
JALISCO,14,ENCARNACION DE DIAZ,14035,53039,27472,51.8,25567,48.2,14969,28.22,33370,62.92,4700,8.86,124126.28,0.43,47.52,0.12,,37.27,2.06,,Muy bajo,,,Muy bajo,0.9,-0.91,-102.23,21.52,0,0,0,0,0,0
JALISCO,14,ETZATLAN,14036,20011,10227,51.11,9784,48.89,5453,27.25,12526,62.6,2032,10.15,33488.49,0.6,26.56,0.06,,37.93,2.45,,Muy bajo,,,Muy bajo,0.92,-1.15,-104.08,20.77,0,0,0,0,0,0
JALISCO,14,EL GRULLO,14037,25920,13294,51.29,12626,48.71,6820,26.31,16409,63.31,2682,10.35,17612.61,1.47,12.28,2.09,,39.1,4.38,,Muy bajo,,,Muy bajo,0.92,-1.07,-104.22,19.81,0,0,0,0,0,0
JALISCO,14,GUACHINANGO,14038,4199,2045,48.7,2154,51.3,1043,24.84,2500,59.54,636,15.15,83068.01,0.05,100,0.17,,44.3,7.03,,Bajo,,,Bajo,0.87,-0.71,-104.38,20.58,0,0,0,0,0,0
JALISCO,14,GUADALAJARA,14039,1385629,718632,51.86,666997,48.14,272081,19.64,940751,67.89,168417,12.15,14991.08,92.43,0,0.55,,24.82,1.53,,Muy bajo,,,Muy bajo,0.95,-1.34,-103.34,20.68,0,0,0,0,0,0
JALISCO,14,HOSTOTIPAQUILLO,14040,8732,4364,49.98,4368,50.02,2520,28.86,5291,60.59,921,10.55,74955.08,0.12,100,0.68,,63.67,8.26,,Bajo,,,Bajo,0.86,-0.63,-104.05,21.06,0,0,0,0,0,0
JALISCO,14,HUEJUCAR,14041,5920,3013,50.9,2907,49.1,1418,23.95,3526,59.56,976,16.49,30602.03,0.19,100,0.32,,42.78,4.19,,Bajo,,,Muy bajo,0.88,-0.98,-103.21,22.36,0,0,0,0,0,0
JALISCO,14,HUEJUQUILLA EL ALTO,14042,10015,5177,51.69,4838,48.31,3120,31.15,5656,56.48,1239,12.37,76139.86,0.13,40.6,10.19,,50.96,8.69,,Medio,,,Bajo,0.85,-0.29,-103.89,22.63,0,0,0,0,0,0
JALISCO,14,LA HUERTA,14043,23258,11632,50.01,11626,49.99,6490,27.9,14220,61.14,2548,10.96,199823.73,0.12,65.8,1.37,,33.11,3.79,,Muy bajo,,,Bajo,0.89,-0.7,-104.64,19.49,0,0,0,0,0,0
JALISCO,14,IXTLAHUACAN DE LOS MEMBRILLOS,14044,67969,34547,50.83,33422,49.17,20689,30.44,43982,64.71,3295,4.85,19964.99,3.4,39.11,1.02,,35.8,3.49,,Muy bajo,,,Muy bajo,0.91,-0.97,-103.19,20.35,0,0,0,0,0,0
JALISCO,14,IXTLAHUACAN DEL RIO,14045,20465,10489,51.25,9976,48.75,5844,28.56,12421,60.69,2200,10.75,82452.53,0.25,66.37,0.17,,40.19,6.3,,Bajo,,,Muy bajo,0.88,-0.8,-103.24,20.86,0,0,0,0,0,0
JALISCO,14,JALOSTOTITLAN,14046,32678,16666,51,16012,49,9244,28.29,20494,62.71,2940,9,51609.87,0.63,23.83,0.14,,39.93,3.18,,Muy bajo,,,Muy bajo,0.91,-1,-102.46,21.17,0,0,0,0,0,0
JALISCO,14,JAMAY,14047,24894,12430,49.93,12464,50.07,6959,27.95,15734,63.2,2157,8.66,16151.14,1.54,25.26,0.78,,46.18,4.73,,Muy bajo,,,Muy bajo,0.9,-0.92,-102.71,20.29,0,0,0,0,0,0
JALISCO,14,JESUS MARIA,14048,18982,10108,53.25,8874,46.75,5310,27.97,11642,61.33,2030,10.69,65962.32,0.29,50.29,0.4,,39.19,5.07,,Bajo,,,Bajo,0.88,-0.62,-102.22,20.61,0,0,0,0,0,0
JALISCO,14,JILOTLAN DE LOS DOLORES,14049,9425,4372,46.39,5053,53.61,2613,27.72,5927,62.89,885,9.39,146801.52,0.06,100,0.72,,53.26,10.24,,Medio,,,Bajo,0.84,-0.21,-103.02,19.37,0,0,0,0,0,0
JALISCO,14,JOCOTEPEC,14050,47105,23876,50.69,23229,49.31,13827,29.35,29069,61.71,4189,8.89,32181.49,1.46,38.99,0.87,,43.98,5.73,,Muy bajo,,,Muy bajo,0.9,-0.81,-103.43,20.28,0,0,0,0,0,0
JALISCO,14,JUANACATLAN,14051,30855,15596,50.55,15259,49.45,9832,31.87,19492,63.17,1526,4.95,13696.82,2.25,14.89,0.3,,31.87,2.96,,Muy bajo,,,Muy bajo,0.93,-1.11,-103.17,20.51,0,0,0,0,0,0
JALISCO,14,JUCHITLAN,14052,5534,2865,51.77,2669,48.23,1569,28.35,3186,57.57,779,14.08,24410.53,0.23,100,0.47,,44.8,4.8,,Bajo,,,Muy bajo,0.88,-0.88,-104.1,20.08,0,0,0,0,0,0
JALISCO,14,LAGOS DE MORENO,14053,172403,88426,51.29,83977,48.71,48900,28.36,111416,64.63,12049,6.99,249029.31,0.69,35.29,0.17,,37.21,4.38,,Muy bajo,,,Muy bajo,0.9,-0.97,-101.93,21.36,0,0,0,0,0,0
JALISCO,14,EL LIMON,14054,5368,2698,50.26,2670,49.74,1145,21.33,3232,60.21,991,18.46,11345.79,0.47,100,0.09,,23.6,0.91,,Muy bajo,,,Muy bajo,0.9,-0.95,-104.15,19.82,0,0,0,0,0,0
JALISCO,14,MAGDALENA,14055,21781,11192,51.38,10589,48.62,6441,29.57,13341,61.25,1999,9.18,29060.74,0.75,22.53,0.28,,40.38,2.46,,Muy bajo,,,Muy bajo,0.91,-1.05,-103.98,20.91,0,0,0,0,0,0
JALISCO,14,SANTA MARIA DEL ORO,14056,1815,901,49.64,914,50.36,405,22.31,1145,63.09,265,14.6,77173,0.02,100,0,,55.32,12.07,,Alto,,,Medio,0.79,0.6,-102.91,19.59,0,0,0,0,0,0
JALISCO,14,LA MANZANILLA DE LA PAZ,14057,4099,2097,51.16,2002,48.84,996,24.3,2575,62.82,528,12.88,13303.15,0.31,100,0.32,,35.43,3.25,,Muy bajo,,,Muy bajo,0.9,-0.94,-103.15,20,0,0,0,0,0,0
JALISCO,14,MASCOTA,14058,14451,7412,51.29,7039,48.71,3608,24.97,8903,61.61,1936,13.4,182793.75,0.08,35.84,0.5,,38.26,2.89,,Muy bajo,,,Muy bajo,0.91,-1.04,-104.78,20.53,0,0,0,0,0,0
JALISCO,14,MAZAMITLA,14059,14043,7283,51.86,6760,48.14,3945,28.09,8823,62.83,1272,9.06,28694.59,0.49,42.02,0.56,,45.56,5.18,,Muy bajo,,,Muy bajo,0.91,-0.92,-103.02,19.92,0,0,0,0,0,0
JALISCO,14,MEXTICACAN,14060,5307,2860,53.89,2447,46.11,1396,26.3,3107,58.55,804,15.15,28433,0.19,100,0,,58.26,2.92,,Bajo,,,Bajo,0.88,-0.69,-102.78,21.26,0,0,0,0,0,0
JALISCO,14,MEZQUITIC,14061,22083,11468,51.93,10615,48.07,9454,42.81,11332,51.32,1296,5.87,332882.17,0.07,100,75.97,,80.09,53.15,,Muy alto,,,Muy alto,0.49,4.61,-103.73,22.39,0,0,0,0,0,0
JALISCO,14,MIXTLAN,14062,3638,1821,50.05,1817,49.95,905,24.88,2215,60.89,518,14.24,62584.4,0.06,100,0.19,,24.54,2.62,,Bajo,,,Muy bajo,0.88,-0.79,-104.41,20.44,0,0,0,0,0,0
JALISCO,14,OCOTLAN,14063,106050,54275,51.18,51775,48.82,27855,26.27,69196,65.25,8991,8.48,24079.8,4.4,10.44,0.31,,28.44,3.01,,Muy bajo,,,Muy bajo,0.92,-1.02,-102.77,20.35,0,0,0,0,0,0
JALISCO,14,OJUELOS DE JALISCO,14064,33588,17330,51.6,16258,48.4,10713,31.9,20344,60.57,2530,7.53,114422.94,0.29,40.87,0.18,,47.64,6.26,,Bajo,,,Bajo,0.88,-0.56,-101.59,21.86,0,0,0,0,0,0
JALISCO,14,PIHUAMO,14065,11386,5712,50.17,5674,49.83,2925,25.69,6945,61,1516,13.31,87011.69,0.13,41.44,0.25,,42.32,4.65,,Bajo,,,Bajo,0.88,-0.54,-103.38,19.25,0,0,0,0,0,0
JALISCO,14,PONCITLAN,14066,53659,27279,50.84,26380,49.16,17605,32.81,32105,59.83,3890,7.25,82840.46,0.65,38,0.17,,41.23,7.04,,Bajo,,,Bajo,0.88,-0.69,-102.92,20.38,0,0,0,0,0,0
JALISCO,14,PUERTO VALLARTA,14067,291839,145652,49.91,146187,50.09,72070,24.7,201344,68.99,18347,6.29,67456.92,4.33,6.29,2.37,,35.43,3.29,,Muy bajo,,,Muy bajo,0.94,-1.16,-105.23,20.61,0,0,0,0,0,0
JALISCO,14,VILLA PURIFICACION,14068,11303,5608,49.62,5695,50.38,3159,27.95,6594,58.34,1550,13.71,183569.26,0.06,47.23,0.72,,45.6,6.32,,Bajo,,,Bajo,0.88,-0.5,-104.61,19.72,0,0,0,0,0,0
JALISCO,14,QUITUPAN,14069,7734,4057,52.46,3677,47.54,1859,24.04,4598,59.45,1277,16.51,66979.89,0.12,100,0.09,,55.15,11.11,,Medio,,,Bajo,0.85,-0.37,-102.87,19.93,0,0,0,0,0,0
JALISCO,14,EL SALTO,14070,232852,111162,47.74,121690,52.26,65557,28.15,157211,67.52,9906,4.25,9199.35,25.31,8.06,1.18,,40.04,5.21,,Muy bajo,,,Muy bajo,0.92,-0.96,-103.18,20.52,0,0,0,0,0,0
JALISCO,14,SAN CRISTOBAL DE LA BARRANCA,14071,2924,1459,49.9,1465,50.1,841,28.76,1732,59.23,351,12,51826.21,0.06,100,4.24,,42.92,7.43,,Medio,,,Bajo,0.85,-0.52,-103.43,21.04,0,0,0,0,0,0
JALISCO,14,SAN DIEGO DE ALEJANDRIA,14072,7609,3870,50.86,3739,49.14,2289,30.08,4592,60.35,728,9.57,34855.76,0.22,20.82,0.29,,43.13,6.2,,Muy bajo,,,Muy bajo,0.9,-0.79,-101.99,20.99,0,0,0,0,0,0
JALISCO,14,SAN JUAN DE LOS LAGOS,14073,72230,36502,50.54,35728,49.46,20967,29.03,46105,63.83,5101,7.06,83977.14,0.86,25.88,0.16,,36.06,2.49,,Muy bajo,,,Muy bajo,0.91,-0.97,-102.33,21.25,0,0,0,0,0,0
JALISCO,14,SAN JULIAN,14074,16792,8741,52.05,8051,47.95,4588,27.32,10554,62.85,1650,9.83,25960.01,0.65,13.53,0.14,,34.52,2.33,,Muy bajo,,,Muy bajo,0.91,-0.95,-102.18,21.01,0,0,0,0,0,0
JALISCO,14,SAN MARCOS,14075,3791,1898,50.07,1893,49.93,1028,27.12,2279,60.12,484,12.77,30286.44,0.13,100,0.37,,44.81,5.5,,Muy bajo,,,Muy bajo,0.89,-0.86,-104.2,20.79,0,0,0,0,0,0
JALISCO,14,SAN MARTIN DE BOLANOS,14076,3095,1585,51.21,1510,48.79,937,30.27,1765,57.03,386,12.47,68334.4,0.05,100,7.3,,34.88,7.27,,Medio,,,Bajo,0.84,-0.14,-103.81,21.68,0,0,0,0,0,0
JALISCO,14,SAN MARTIN HIDALGO,14077,28102,14301,50.89,13801,49.11,6908,24.58,17421,61.99,3773,13.43,34017.94,0.83,68.51,0.2,,38.06,4.78,,Muy bajo,,,Muy bajo,0.9,-1.04,-103.93,20.44,0,0,0,0,0,0
JALISCO,14,SAN MIGUEL EL ALTO,14078,31965,16416,51.36,15549,48.64,8847,27.68,20133,62.98,2985,9.34,77996.19,0.41,18.9,0.33,,38.2,4.56,,Muy bajo,,,Muy bajo,0.9,-0.87,-102.4,21.03,0,0,0,0,0,0
JALISCO,14,GOMEZ FARIAS,14079,16431,8353,50.84,8078,49.16,4517,27.49,10545,64.18,1368,8.33,35104.02,0.47,10.67,1.1,,41.02,5.35,,Muy bajo,,,Muy bajo,0.9,-0.78,-103.47,19.79,0,0,0,0,0,0
JALISCO,14,SAN SEBASTIAN DEL OESTE,14080,5086,2451,48.19,2635,51.81,1292,25.4,3051,59.99,743,14.61,110701.52,0.05,100,0.37,,45.99,5.52,,Bajo,,,Bajo,0.87,-0.56,-104.85,20.76,0,0,0,0,0,0
JALISCO,14,SANTA MARIA DE LOS ANGELES,14081,3515,1799,51.18,1716,48.82,843,23.98,2067,58.81,605,17.21,25812.86,0.14,100,0.2,,54.62,6.26,,Bajo,,,Bajo,0.86,-0.64,-103.22,22.17,0,0,0,0,0,0
JALISCO,14,SAYULA,14082,37186,19202,51.64,17984,48.36,9946,26.75,23974,64.47,3266,8.78,21449.75,1.73,1.95,0.95,,37.96,2.86,,Muy bajo,,,Muy bajo,0.92,-1.02,-103.6,19.88,0,0,0,0,0,0
JALISCO,14,TALA,14083,87690,44173,50.37,43517,49.63,24164,27.56,57324,65.37,6171,7.04,44805.77,1.96,27.53,2.37,,28.29,2.33,,Muy bajo,,,Muy bajo,0.92,-0.98,-103.7,20.65,0,0,0,0,0,0
JALISCO,14,TALPA DE ALLENDE,14084,14997,7503,50.03,7494,49.97,3966,26.45,9242,61.63,1789,11.93,198093.37,0.08,32.57,0.41,,46.6,4.39,,Muy bajo,,,Bajo,0.89,-0.7,-104.82,20.38,0,0,0,0,0,0
JALISCO,14,TAMAZULA DE GORDIANO,14085,38955,19835,50.92,19120,49.08,9664,24.81,24501,62.9,4790,12.3,135492.05,0.29,50.94,0.42,,31.62,2.4,,Muy bajo,,,Muy bajo,0.9,-0.8,-103.25,19.68,0,0,0,0,0,0
JALISCO,14,TAPALPA,14086,21245,10684,50.29,10561,49.71,6815,32.08,13165,61.97,1265,5.95,61506.13,0.35,71.97,1.01,,46.59,7.82,,Muy bajo,,,Bajo,0.89,-0.67,-103.75,19.95,0,0,0,0,0,0
JALISCO,14,TECALITLAN,14087,16705,8449,50.58,8256,49.42,4297,25.72,10360,62.02,2048,12.26,129409.86,0.13,20.72,0.19,,39.38,3.33,,Muy bajo,,,Bajo,0.89,-0.59,-103.31,19.47,0,0,0,0,0,0
JALISCO,14,TECOLOTLAN,14088,16603,8372,50.42,8231,49.58,4280,25.78,10166,61.23,2157,12.99,75929.04,0.22,41.77,0.28,,37.64,2.03,,Muy bajo,,,Muy bajo,0.91,-0.95,-104.05,20.2,0,0,0,0,0,0
JALISCO,14,TECHALUTA DE MONTENEGRO,14089,4072,2061,50.61,2011,49.39,1120,27.5,2473,60.73,479,11.76,7865.86,0.52,100,0.52,,44.11,5.76,,Bajo,,,Muy bajo,0.88,-0.78,-103.55,20.07,0,0,0,0,0,0
JALISCO,14,TENAMAXTLAN,14090,7302,3728,51.05,3574,48.95,1760,24.1,4478,61.33,1064,14.57,27944.65,0.26,100,0.56,,42.05,3.12,,Muy bajo,,,Muy bajo,0.89,-1.04,-104.16,20.22,0,0,0,0,0,0
JALISCO,14,TEOCALTICHE,14091,39839,20680,51.91,19159,48.09,11092,27.84,24607,61.77,4091,10.27,92458.44,0.43,38.3,0.29,,41.45,2.84,,Muy bajo,,,Muy bajo,0.89,-0.89,-102.57,21.43,0,0,0,0,0,0
JALISCO,14,TEOCUITATLAN DE CORONA,14092,11039,5544,50.22,5495,49.78,2554,23.14,6843,61.99,1641,14.87,33197.48,0.33,100,0.25,,44.89,6.96,,Bajo,,,Muy bajo,0.88,-0.74,-103.38,20.09,0,0,0,0,0,0
JALISCO,14,TEPATITLAN DE MORELOS,14093,150190,76480,50.92,73710,49.08,40338,26.86,98299,65.45,11496,7.65,138801.98,1.08,20.15,0.25,,28.93,2.21,,Muy bajo,,,Muy bajo,0.93,-1.09,-102.76,20.82,0,0,0,0,0,0
JALISCO,14,TEQUILA,14094,44353,22462,50.64,21891,49.36,12765,28.78,28328,63.87,3257,7.34,167759.6,0.26,29.85,0.34,,40.55,6.37,,Muy bajo,,,Muy bajo,0.91,-0.99,-103.84,20.88,0,0,0,0,0,0
JALISCO,14,TEUCHITLAN,14095,9647,4938,51.19,4709,48.81,2382,24.69,6127,63.51,1138,11.8,21725.19,0.44,100,0.2,,21.23,1.14,,Muy bajo,,,Muy bajo,0.9,-1.03,-103.85,20.69,0,0,0,0,0,0
JALISCO,14,TIZAPAN EL ALTO,14096,22758,11579,50.88,11179,49.12,6495,28.54,13862,60.91,2373,10.43,19245.18,1.18,28.27,0.32,,53.33,7.94,,Muy bajo,,,Bajo,0.89,-0.7,-103.04,20.16,0,0,0,0,0,0
JALISCO,14,TLAJOMULCO DE ZUNIGA,14097,727750,367408,50.49,360342,49.51,215808,29.65,485534,66.72,26105,3.59,66856.03,10.89,11.67,1.24,,34.39,3.46,,Muy bajo,,,Muy bajo,0.94,-1.18,-103.44,20.47,0,0,0,0,0,0
JALISCO,14,SAN PEDRO TLAQUEPAQUE,14098,687127,348283,50.69,338844,49.31,175311,25.51,464129,67.55,43111,6.27,11539.27,59.55,1.2,1.12,,27.36,2.61,,Muy bajo,,,Muy bajo,0.94,-1.19,-103.31,20.64,0,0,0,0,0,0
JALISCO,14,TOLIMAN,14099,11219,5654,50.4,5565,49.6,3370,30.04,6727,59.96,1122,10,50949.34,0.22,100,1.43,,46.14,9.3,,Medio,,,Bajo,0.85,-0.31,-103.91,19.6,0,0,0,0,0,0
JALISCO,14,TOMATLAN,14100,36316,17872,49.21,18444,50.79,10557,29.07,22089,60.82,3628,9.99,299346.59,0.12,72.9,2.41,,46.24,6.58,,Bajo,,,Bajo,0.87,-0.43,-105.25,19.94,0,0,0,0,0,0
JALISCO,14,TONALA,14101,569913,288218,50.57,281695,49.43,152833,26.82,383947,67.37,28914,5.07,15664.16,36.38,3.43,0.52,,37.16,4.33,,Muy bajo,,,Muy bajo,0.93,-1.18,-103.25,20.62,0,0,0,0,0,0
JALISCO,14,TONAYA,14102,5961,3063,51.38,2898,48.62,1373,23.03,3726,62.51,862,14.46,29157.89,0.2,100,0.03,,28.86,1.64,,Muy bajo,,,Muy bajo,0.89,-1.01,-103.97,19.78,0,0,0,0,0,0
JALISCO,14,TONILA,14103,7565,3796,50.18,3769,49.82,1848,24.43,4793,63.36,924,12.21,14502.11,0.52,100,1.02,,29,1.93,,Muy bajo,,,Muy bajo,0.89,-0.91,-103.55,19.41,0,0,0,0,0,0
JALISCO,14,TOTATICHE,14104,4180,2065,49.4,2115,50.6,1035,24.76,2398,57.37,747,17.87,58109.74,0.07,100,1.22,,37.16,2.86,,Bajo,,,Muy bajo,0.87,-0.72,-103.44,21.93,0,0,0,0,0,0
JALISCO,14,TOTOTLAN,14105,23573,12011,50.95,11562,49.05,6595,27.98,14723,62.46,2209,9.37,33379.55,0.71,41.42,0.11,,41.39,4.21,,Muy bajo,,,Muy bajo,0.91,-0.83,-102.79,20.54,0,0,0,0,0,0
JALISCO,14,TUXCACUESCO,14106,5482,2698,49.22,2784,50.78,1536,28.02,3336,60.85,609,11.11,42721.43,0.13,100,1.33,,36.56,6.12,,Bajo,,,Bajo,0.86,-0.37,-103.98,19.7,0,0,0,0,0,0
JALISCO,14,TUXCUECA,14107,6702,3455,51.55,3247,48.45,2024,30.2,3931,58.65,747,11.15,13142.63,0.51,100,0.21,,47.8,6.78,,Bajo,,,Muy bajo,0.88,-0.82,-103.18,20.16,0,0,0,0,0,0
JALISCO,14,TUXPAN,14108,37518,19166,51.08,18352,48.92,9956,26.54,23844,63.55,3714,9.9,72114.39,0.52,18.78,1.27,,37.79,4.98,,Muy bajo,,,Muy bajo,0.91,-0.85,-103.37,19.55,0,0,0,0,0,0
JALISCO,14,UNION DE SAN ANTONIO,14109,19069,9746,51.11,9323,48.89,5467,28.67,11877,62.28,1725,9.05,72215.27,0.26,54.18,0.05,,34.42,3.72,,Bajo,,,Bajo,0.87,-0.6,-102.01,21.13,0,0,0,0,0,0
JALISCO,14,UNION DE TULA,14110,13799,7115,51.56,6684,48.44,3569,25.86,8355,60.55,1875,13.59,43987.76,0.31,30.94,0.43,,37.03,4.35,,Muy bajo,,,Muy bajo,0.92,-1.02,-104.26,19.95,0,0,0,0,0,0
JALISCO,14,VALLE DE GUADALUPE,14111,6627,3358,50.67,3269,49.33,1830,27.61,4124,62.23,673,10.16,34908.86,0.19,100,0,,25.96,1.04,,Muy bajo,,,Muy bajo,0.9,-0.98,-102.62,21.01,0,0,0,0,0,0
JALISCO,14,VALLE DE JUAREZ,14112,6151,3161,51.39,2990,48.61,1543,25.09,3758,61.1,850,13.82,19391.37,0.32,100,0.26,,44.54,4.66,,Bajo,,,Muy bajo,0.88,-0.8,-102.94,19.93,0,0,0,0,0,0
JALISCO,14,SAN GABRIEL,14113,16548,8351,50.47,8197,49.53,4675,28.25,10141,61.28,1731,10.46,74127.62,0.22,69.13,0.91,,39.25,5.92,,Bajo,,,Bajo,0.88,-0.66,-103.77,19.75,0,0,0,0,0,0
JALISCO,14,VILLA CORONA,14114,19063,9573,50.22,9490,49.78,5193,27.24,11847,62.15,2023,10.61,31566.4,0.6,55.49,0.24,,41.94,2.62,,Muy bajo,,,Muy bajo,0.9,-0.89,-103.66,20.42,0,0,0,0,0,0
JALISCO,14,VILLA GUERRERO,14115,5525,2763,50.01,2762,49.99,1629,29.48,3121,56.49,775,14.03,66644.77,0.08,100,7.38,,49.41,10,,Medio,,,Bajo,0.83,-0.11,-103.6,21.98,0,0,0,0,0,0
JALISCO,14,VILLA HIDALGO,14116,20088,10418,51.86,9670,48.14,5822,28.98,12587,62.66,1678,8.35,44849.89,0.45,22.37,0.14,,44.88,4.83,,Muy bajo,,,Muy bajo,0.9,-1.05,-102.59,21.67,0,0,0,0,0,0
JALISCO,14,CANADAS DE OBREGON,14117,4388,2197,50.07,2191,49.93,1098,25.02,2616,59.62,674,15.36,26934.2,0.16,100,0.41,,32.35,2.27,,Bajo,,,Bajo,0.87,-0.52,-102.69,21.15,0,0,0,0,0,0
JALISCO,14,YAHUALICA DE GONZALEZ GALLO,14118,22394,11681,52.16,10713,47.84,5419,24.2,13894,62.04,3081,13.76,55818.75,0.4,35.26,0.11,,39.63,3.2,,Muy bajo,,,Muy bajo,0.9,-0.82,-102.89,21.18,0,0,0,0,0,0
JALISCO,14,ZACOALCO DE TORRES,14119,30472,15110,49.59,15362,50.41,8180,26.84,19062,62.56,3225,10.58,47544.93,0.64,33.23,0.29,,49.87,8,,Muy bajo,,,Muy bajo,0.9,-0.79,-103.57,20.23,0,0,0,0,0,0
JALISCO,14,ZAPOPAN,14120,1476491,755899,51.2,720592,48.8,328031,22.22,998273,67.61,113576,7.69,114632.42,12.88,3.27,1.83,,26.6,2.73,,Muy bajo,,,Muy bajo,0.95,-1.27,-103.39,20.72,0,0,0,0,0,0
JALISCO,14,ZAPOTILTIC,14121,33713,17086,50.68,16627,49.32,8521,25.28,21920,65.02,3262,9.68,25067.11,1.34,19.14,1.43,,35.15,3.38,,Muy bajo,,,Muy bajo,0.92,-0.95,-103.41,19.63,0,0,0,0,0,0
JALISCO,14,ZAPOTITLAN DE VADILLO,14122,7466,3692,49.45,3774,50.55,2138,28.64,4474,59.92,854,11.44,30392.42,0.25,100,0.54,,47.62,9.63,,Medio,,,Bajo,0.84,-0.13,-103.81,19.55,0,0,0,0,0,0
JALISCO,14,ZAPOTLAN DEL REY,14123,19279,9780,50.73,9499,49.27,5359,27.8,12145,63,1775,9.21,39681.07,0.49,100,0.09,,38.61,5.28,,Bajo,,,Muy bajo,0.87,-0.77,-102.93,20.47,0,0,0,0,0,0
JALISCO,14,ZAPOTLANEJO,14124,64806,32924,50.8,31882,49.2,18415,28.42,41132,63.47,5257,8.11,71276.98,0.91,48.64,0.22,,38.03,4.84,,Muy bajo,,,Muy bajo,0.9,-0.94,-103.06,20.62,0,0,0,0,0,0
JALISCO,14,SAN IGNACIO CERRO GORDO,14125,18341,9427,51.4,8914,48.6,5555,30.29,11222,61.19,1536,8.37,22587.08,0.81,42.64,0.51,,39.11,4.21,,Muy bajo,,,Muy bajo,0.9,-0.81,-102.54,20.74,0,0,0,0,0,0
MEXICO,15,ACAMBAY DE RUIZ CASTANEDA,15001,67872,35255,51.94,32617,48.06,20184,29.74,42380,62.44,5303,7.81,47220.6,1.44,91.18,29.04,,65.69,17.15,,Medio,,,Medio,0.83,0.23,-99.84,19.96,0,0,0,0,0,0
MEXICO,15,ACOLMAN,15002,171507,85279,49.72,86228,50.28,40037,23.34,121609,70.91,9855,5.75,8635.34,19.86,5.25,3.04,,54.66,9.89,,Muy bajo,,,Muy bajo,0.91,-1.02,-98.91,19.64,0,0,0,0,0,0
MEXICO,15,ACULCO,15003,49266,25177,51.1,24089,48.9,14158,28.74,31552,64.04,3556,7.22,44997.1,1.09,100,13.84,,48.74,5.65,,Medio,,,Bajo,0.83,0.08,-99.83,20.1,0,0,0,0,0,0
MEXICO,15,ALMOLOYA DE ALQUISIRAS,15004,15333,8052,52.51,7281,47.49,4544,29.64,9518,62.08,1271,8.29,17022.76,0.9,100,0.01,,57.34,10.04,,Medio,,,Bajo,0.85,-0.11,-99.89,18.87,0,0,0,0,0,0
MEXICO,15,ALMOLOYA DE JUAREZ,15005,174587,87457,50.09,87130,49.91,49476,28.34,116125,66.51,8807,5.04,47684,3.66,61.81,1.49,,65.28,18.66,,Bajo,,,Bajo,0.86,-0.18,-99.76,19.37,0,0,0,0,0,0
MEXICO,15,ALMOLOYA DEL RIO,15006,12694,6544,51.55,6150,48.45,3464,27.29,8332,65.64,898,7.07,911.01,13.93,14.98,1.78,,62.25,8.53,,Muy bajo,,,Muy bajo,0.91,-0.81,-99.49,19.16,0,0,0,0,0,0
MEXICO,15,AMANALCO,15007,23675,12141,51.28,11534,48.72,7392,31.22,14804,62.53,1479,6.25,22107.37,1.07,100,15.12,,68.3,16.4,,Medio,,,Medio,0.84,0.25,-100.02,19.25,0,0,0,0,0,0
MEXICO,15,AMATEPEC,15008,25244,12997,51.49,12247,48.51,7280,28.84,14667,58.1,3297,13.06,63379.32,0.4,100,0.04,,62.5,16.08,,Medio,,,Bajo,0.83,0.05,-100.19,18.68,0,0,0,0,0,0
MEXICO,15,AMECAMECA,15009,53441,28001,52.4,25440,47.6,12961,24.25,36069,67.49,4403,8.24,17552.52,3.04,26.73,0.63,,59.74,8.83,,Muy bajo,,,Muy bajo,0.91,-0.85,-98.77,19.13,0,0,0,0,0,0
MEXICO,15,APAXCO,15010,31898,16265,50.99,15633,49.01,8292,26,21322,66.84,2273,7.13,7512.39,4.25,52.44,0.97,,52.74,6.26,,Muy bajo,,,Muy bajo,0.91,-1.01,-99.17,19.98,0,0,0,0,0,0
MEXICO,15,ATENCO,15011,75489,38437,50.92,37052,49.08,19676,26.06,51574,68.32,4237,5.61,8707,8.67,24.63,5,,68.29,13.18,,Muy bajo,,,Muy bajo,0.89,-0.81,-98.91,19.56,0,0,0,0,0,0
MEXICO,15,ATIZAPAN,15012,12984,6697,51.58,6287,48.42,3737,28.78,8531,65.7,716,5.51,849.17,15.29,16.26,2.82,,62.79,9.96,,Muy bajo,,,Bajo,0.9,-0.67,-99.49,19.18,0,0,0,0,0,0
MEXICO,15,ATIZAPAN DE ZARAGOZA,15013,523674,270245,51.61,253429,48.39,108453,20.71,364996,69.7,48829,9.32,9228.33,56.75,0.12,3.29,,38.31,3.88,,Muy bajo,,,Muy bajo,0.94,-1.31,-99.24,19.54,0,0,0,0,0,0
MEXICO,15,ATLACOMULCO,15014,109384,57166,52.26,52218,47.74,31323,28.64,71722,65.57,6337,5.79,25640.6,4.27,64.16,28.38,,56.44,9.27,,Bajo,,,Bajo,0.88,-0.49,-99.87,19.8,0,0,0,0,0,0
MEXICO,15,ATLAUTLA,15015,31900,16315,51.14,15585,48.86,8680,27.21,20744,65.03,2438,7.64,16689.92,1.91,37.44,0.51,,75.6,17.09,,Bajo,,,Bajo,0.87,-0.32,-98.78,19.03,0,0,0,0,0,0
MEXICO,15,AXAPUSCO,15016,29128,14841,50.95,14287,49.05,7695,26.42,19059,65.43,2371,8.14,28462,1.02,80.85,1.52,,62.89,6.5,,Bajo,,,Muy bajo,0.88,-0.73,-98.76,19.72,0,0,0,0,0,0
MEXICO,15,AYAPANGO,15017,10053,5243,52.15,4810,47.85,2623,26.09,6720,66.85,710,7.06,5041.67,1.99,100,0.81,,47.78,5.18,,Muy bajo,,,Muy bajo,0.89,-0.96,-98.8,19.13,0,0,0,0,0,0
MEXICO,15,CALIMAYA,15018,68489,35101,51.25,33388,48.75,17757,25.93,46674,68.15,3878,5.66,10243.43,6.69,52.68,0.87,,50.65,6.54,,Muy bajo,,,Muy bajo,0.91,-1.05,-99.62,19.16,0,0,0,0,0,0
MEXICO,15,CAPULHUAC,15019,36921,19143,51.85,17778,48.15,9702,26.28,24703,66.91,2516,6.81,2146.28,17.2,13.26,0.84,,60.03,5.8,,Muy bajo,,,Muy bajo,0.92,-0.99,-99.46,19.19,0,0,0,0,0,0
MEXICO,15,COACALCO DE BERRIOZABAL,15020,293444,152337,51.91,141107,48.09,57241,19.51,210275,71.66,25878,8.82,3481,84.3,0.07,1.4,,28.62,2.47,,Muy bajo,,,Muy bajo,0.95,-1.46,-99.1,19.63,0,0,0,0,0,0
MEXICO,15,COATEPEC HARINAS,15021,38643,20083,51.97,18560,48.03,12664,32.77,23517,60.86,2428,6.28,28528.4,1.35,82.03,0.28,,50.08,5.55,,Medio,,,Bajo,0.84,-0.01,-99.77,18.93,0,0,0,0,0,0
MEXICO,15,COCOTITLAN,15022,15107,7757,51.35,7350,48.65,3716,24.6,10236,67.76,1151,7.62,1470.02,10.28,31.89,3.12,,51.32,5.06,,Muy bajo,,,Muy bajo,0.9,-0.96,-98.86,19.23,0,0,0,0,0,0
MEXICO,15,COYOTEPEC,15023,40885,20893,51.1,19992,48.9,11040,27,27412,67.05,2432,5.95,3965.23,10.31,8.42,3.2,,54.1,7.49,,Muy bajo,,,Muy bajo,0.92,-0.93,-99.21,19.78,0,0,0,0,0,0
MEXICO,15,CUAUTITLAN,15024,178847,91181,50.98,87666,49.02,39023,21.82,130676,73.07,9111,5.09,4060.33,44.05,15.9,1.99,,34.12,2.96,,Muy bajo,,,Muy bajo,0.95,-1.42,-99.18,19.67,0,0,0,0,0,0
MEXICO,15,CHALCO,15025,400057,206928,51.72,193129,48.28,105966,26.49,273649,68.4,20171,5.04,22399.09,17.86,7.84,4.68,,58.08,11.91,,Muy bajo,,,Muy bajo,0.91,-0.95,-98.9,19.26,0,0,0,0,0,0
MEXICO,15,CHAPA DE MOTA,15026,31737,16213,51.09,15524,48.91,9337,29.42,20237,63.76,2163,6.82,29025.33,1.09,66.2,37.37,,66.96,12.88,,Medio,,,Bajo,0.85,-0.03,-99.53,19.81,0,0,0,0,0,0
MEXICO,15,CHAPULTEPEC,15027,12772,6607,51.73,6165,48.27,3344,26.18,8691,68.05,722,5.65,1150.47,11.1,44.25,1.54,,42.26,3.63,,Muy bajo,,,Muy bajo,0.92,-1.08,-99.56,19.2,0,0,0,0,0,0
MEXICO,15,CHIAUTLA,15028,30045,15377,51.18,14668,48.82,7389,24.59,20550,68.4,2100,6.99,1993.88,15.07,64.02,2.58,,60.55,9.97,,Muy bajo,,,Muy bajo,0.9,-1.01,-98.88,19.55,0,0,0,0,0,0
MEXICO,15,CHICOLOAPAN,15029,200750,103555,51.58,97195,48.42,50130,24.97,139971,69.72,10608,5.28,4104.89,48.91,3.6,2.94,,55.62,9.64,,Muy bajo,,,Muy bajo,0.92,-1.21,-98.9,19.42,0,0,0,0,0,0
MEXICO,15,CHICONCUAC,15030,27692,14144,51.08,13548,48.92,7078,25.56,18804,67.9,1810,6.54,679.56,40.75,6.59,5.51,,64.19,9.04,,Muy bajo,,,Muy bajo,0.91,-1.04,-98.9,19.55,0,0,0,0,0,0
MEXICO,15,CHIMALHUACAN,15031,705193,360622,51.14,344571,48.86,192175,27.25,477452,67.71,35424,5.02,5409.66,130.36,0.28,8.03,,68.87,13.06,,Muy bajo,,,Muy bajo,0.91,-0.9,-98.95,19.42,0,0,0,0,0,0
MEXICO,15,DONATO GUERRA,15032,37436,19045,50.87,18391,49.13,12748,34.05,22670,60.56,2014,5.38,19055.08,1.96,84.26,26.5,,77.83,25.29,,Alto,,,Medio,0.8,0.96,-100.14,19.31,0,0,0,0,0,0
MEXICO,15,ECATEPEC DE MORELOS,15033,1645352,846803,51.47,798549,48.53,359605,21.86,1141183,69.36,143997,8.75,15523.12,105.99,0.11,3.93,,43.49,5.34,,Muy bajo,,,Muy bajo,0.93,-1.22,-99.05,19.6,0,0,0,0,0,0
MEXICO,15,ECATZINGO,15034,10827,5506,50.85,5321,49.15,3282,30.31,6873,63.48,672,6.21,5292.3,2.05,23.4,0.79,,62.39,14.19,,Bajo,,,Bajo,0.88,-0.21,-98.75,18.96,0,0,0,0,0,0
MEXICO,15,HUEHUETOCA,15035,163244,83228,50.98,80016,49.02,46062,28.22,111404,68.24,5736,3.51,11895.76,13.72,18.85,4.24,,47.59,5.15,,Muy bajo,,,Muy bajo,0.93,-1.19,-99.2,19.83,0,0,0,0,0,0
MEXICO,15,HUEYPOXTLA,15036,46757,23649,50.58,23108,49.42,12594,26.94,30874,66.03,3289,7.03,23287.46,2.01,37.09,0.88,,67.51,9.37,,Muy bajo,,,Bajo,0.89,-0.71,-99.08,19.91,0,0,0,0,0,0
MEXICO,15,HUIXQUILUCAN,15037,284965,148499,52.11,136466,47.89,63390,22.24,199155,69.89,22354,7.84,14007.79,20.34,19.22,3.48,,51.32,6.9,,Muy bajo,,,Muy bajo,0.93,-1.23,-99.35,19.36,0,0,0,0,0,0
MEXICO,15,ISIDRO FABELA,15038,11929,6112,51.24,5817,48.76,3168,26.56,8013,67.17,748,6.27,7923.76,1.51,100,3.26,,37.26,4.22,,Bajo,,,Bajo,0.88,-0.68,-99.42,19.56,0,0,0,0,0,0
MEXICO,15,IXTAPALUCA,15039,542211,279128,51.48,263083,48.52,130642,24.09,383177,70.67,28089,5.18,32220.83,16.83,3.85,5.11,,54.18,8.18,,Muy bajo,,,Muy bajo,0.92,-1.15,-98.88,19.31,0,0,0,0,0,0
MEXICO,15,IXTAPAN DE LA SAL,15040,36911,19235,52.11,17676,47.89,10553,28.59,23555,63.82,2802,7.59,11462.59,3.22,47.64,0.41,,50.28,4.63,,Bajo,,,Bajo,0.88,-0.45,-99.68,18.84,0,0,0,0,0,0
MEXICO,15,IXTAPAN DEL ORO,15041,6475,3260,50.35,3215,49.65,2098,32.4,3862,59.64,515,7.95,9879.69,0.66,100,6.35,,80.94,18.54,,Alto,,,Medio,0.82,0.48,-100.26,19.26,0,0,0,0,0,0
MEXICO,15,IXTLAHUACA,15042,160139,83364,52.06,76775,47.94,44555,27.82,105038,65.59,10538,6.58,33344.06,4.8,55.53,37.81,,76.37,20.15,,Bajo,,,Bajo,0.86,-0.08,-99.77,19.57,0,0,0,0,0,0
MEXICO,15,XALATLACO,15043,30687,15735,51.28,14952,48.72,8712,28.39,20227,65.91,1742,5.68,10766.67,2.85,44.21,2.18,,64.25,12.11,,Muy bajo,,,Bajo,0.89,-0.59,-99.41,19.18,0,0,0,0,0,0
MEXICO,15,JALTENCO,15044,28217,14572,51.64,13645,48.36,6632,23.5,19186,67.99,2384,8.45,465.9,60.56,0,1.64,,51.74,3.69,,Muy bajo,,,Muy bajo,0.94,-1.21,-99.09,19.75,0,0,0,0,0,0
MEXICO,15,JILOTEPEC,15045,87671,44861,51.17,42810,48.83,22893,26.11,58105,66.28,6663,7.6,56430.86,1.55,79.59,1.3,,49.84,7.31,,Bajo,,,Bajo,0.86,-0.38,-99.53,19.95,0,0,0,0,0,0
MEXICO,15,JILOTZINGO,15046,19877,10158,51.1,9719,48.9,5161,25.96,13367,67.25,1348,6.78,11575.43,1.72,100,2.1,,45.8,3.09,,Muy bajo,,,Muy bajo,0.89,-0.85,-99.4,19.54,0,0,0,0,0,0
MEXICO,15,JIQUIPILCO,15047,76826,40362,52.54,36464,47.46,23270,30.29,48366,62.96,5190,6.76,27363.03,2.81,85.62,19.38,,71.43,19.6,,Bajo,,,Bajo,0.86,-0.03,-99.61,19.56,0,0,0,0,0,0
MEXICO,15,JOCOTITLAN,15048,69264,36019,52,33245,48,18523,26.74,45685,65.96,5056,7.3,27592.6,2.51,51.93,9.13,,54.35,7.39,,Bajo,,,Bajo,0.88,-0.49,-99.79,19.71,0,0,0,0,0,0
MEXICO,15,JOQUICINGO,15049,15428,7885,51.11,7543,48.89,4545,29.46,9783,63.41,1066,6.91,4583.22,3.37,67.31,1.28,,69.9,13.11,,Bajo,,,Bajo,0.87,-0.31,-99.53,19.05,0,0,0,0,0,0
MEXICO,15,JUCHITEPEC,15050,27116,13973,51.53,13143,48.47,7515,27.71,17814,65.7,1787,6.59,13183.54,2.06,6.82,0.55,,70.54,7.85,,Muy bajo,,,Bajo,0.89,-0.53,-98.88,19.1,0,0,0,0,0,0
MEXICO,15,LERMA,15051,170327,86359,50.7,83968,49.3,43777,25.7,116034,68.12,10333,6.07,22950.16,7.42,48.39,4.14,,34.85,4,,Muy bajo,,,Muy bajo,0.93,-1.06,-99.51,19.29,0,0,0,0,0,0
MEXICO,15,MALINALCO,15052,28155,14322,50.87,13833,49.13,7959,28.27,17810,63.26,2383,8.46,20902.76,1.35,68.31,0.46,,66.51,17.02,,Bajo,,,Bajo,0.86,-0.16,-99.5,18.95,0,0,0,0,0,0
MEXICO,15,MELCHOR OCAMPO,15053,61220,31313,51.15,29907,48.85,15708,25.66,41739,68.18,3766,6.15,1392.48,43.96,18.63,4.65,,53.46,6.19,,Muy bajo,,,Muy bajo,0.92,-1.12,-99.14,19.71,0,0,0,0,0,0
MEXICO,15,METEPEC,15054,242307,126310,52.13,115997,47.87,50257,20.74,169627,70,22219,9.17,6717.53,36.07,7.76,0.98,,33.24,3.07,,Muy bajo,,,Muy bajo,0.95,-1.36,-99.6,19.25,0,0,0,0,0,0
MEXICO,15,MEXICALTZINGO,15055,13807,7054,51.09,6753,48.91,3565,25.82,9334,67.6,908,6.58,1165.72,11.84,21.39,1.27,,54,5.75,,Muy bajo,,,Muy bajo,0.92,-1.01,-99.59,19.21,0,0,0,0,0,0
MEXICO,15,MORELOS,15056,33164,17194,51.85,15970,48.15,10092,30.43,20352,61.37,2714,8.18,23410.79,1.42,100,33.69,,72.83,17.33,,Alto,,,Medio,0.81,0.66,-99.67,19.79,0,0,0,0,0,0
MEXICO,15,NAUCALPAN DE JUAREZ,15057,834434,431939,51.76,402495,48.24,174053,20.86,575783,69,84358,10.11,15699.71,53.15,5.06,5.43,,42.61,4.86,,Muy bajo,,,Muy bajo,0.93,-1.22,-99.23,19.48,0,0,0,0,0,0
MEXICO,15,NEZAHUALCOYOTL,15058,1077208,557286,51.73,519922,48.27,216244,20.07,746322,69.28,114432,10.62,6289.96,171.26,0.42,3,,46.46,5.14,,Muy bajo,,,Muy bajo,0.93,-1.23,-99.02,19.41,0,0,0,0,0,0
MEXICO,15,NEXTLALPAN,15059,57082,29094,50.97,27988,49.03,16559,29.01,38107,66.76,2402,4.21,5434.19,10.5,24.46,3.9,,54.1,6.32,,Muy bajo,,,Muy bajo,0.91,-1.1,-99.08,19.74,0,0,0,0,0,0
MEXICO,15,NICOLAS ROMERO,15060,430601,220827,51.28,209774,48.72,105196,24.43,298811,69.39,26523,6.16,23107.06,18.64,11.3,6.15,,51.4,7.99,,Muy bajo,,,Muy bajo,0.92,-1.06,-99.32,19.63,0,0,0,0,0,0
MEXICO,15,NOPALTEPEC,15061,10351,5261,50.83,5090,49.17,2640,25.5,6803,65.72,908,8.77,8206.94,1.26,100,0.66,,60.24,2.4,,Muy bajo,,,Muy bajo,0.89,-0.76,-98.71,19.78,0,0,0,0,0,0
MEXICO,15,OCOYOACAC,15062,72103,36882,51.15,35221,48.85,17807,24.7,49324,68.41,4970,6.89,13795.55,5.23,30.84,4.75,,49.15,7.54,,Muy bajo,,,Muy bajo,0.92,-1.05,-99.46,19.27,0,0,0,0,0,0
MEXICO,15,OCUILAN,15063,36223,18578,51.29,17645,48.71,11173,30.85,22728,62.74,2319,6.4,38402.73,0.94,100,10.84,,64.55,12.08,,Bajo,,,Bajo,0.86,-0.24,-99.42,18.98,0,0,0,0,0,0
MEXICO,15,EL ORO,15064,36937,19019,51.49,17918,48.51,10574,28.63,23631,63.98,2732,7.4,14613.49,2.53,83.84,27.99,,61.12,11.8,,Bajo,,,Bajo,0.86,-0.18,-100.13,19.8,0,0,0,0,0,0
MEXICO,15,OTUMBA,15065,36331,18134,49.91,18197,50.09,9251,25.46,24369,67.07,2711,7.46,14100.84,2.58,57.9,0.94,,63.16,7.39,,Muy bajo,,,Muy bajo,0.89,-0.86,-98.76,19.7,0,0,0,0,0,0
MEXICO,15,OTZOLOAPAN,15066,4891,2494,50.99,2397,49.01,1590,32.51,2859,58.45,442,9.04,15625.22,0.31,100,0.1,,64.93,8.28,,Medio,,,Bajo,0.85,-0.33,-100.3,19.12,0,0,0,0,0,0
MEXICO,15,OTZOLOTEPEC,15067,88783,45336,51.06,43447,48.94,24499,27.59,59632,67.17,4625,5.21,11168.11,7.95,65.92,14.65,,61.75,12.37,,Muy bajo,,,Bajo,0.89,-0.61,-99.56,19.42,0,0,0,0,0,0
MEXICO,15,OZUMBA,15068,30785,16033,52.08,14752,47.92,8275,26.88,20228,65.71,2277,7.4,4715.39,6.53,39.65,0.73,,65.89,12.64,,Bajo,,,Bajo,0.88,-0.57,-98.8,19.04,0,0,0,0,0,0
MEXICO,15,PAPALOTLA,15069,4862,2524,51.91,2338,48.09,1176,24.19,3327,68.43,359,7.38,314.22,15.47,100,1.62,,48.23,4.45,,Muy bajo,,,Muy bajo,0.91,-1.18,-98.86,19.56,0,0,0,0,0,0
MEXICO,15,LA PAZ,15070,304088,155886,51.26,148202,48.74,78613,25.85,207136,68.12,18271,6.01,3725.45,81.62,2.51,8.84,,62.65,13.65,,Muy bajo,,,Muy bajo,0.9,-0.89,-98.98,19.36,0,0,0,0,0,0
MEXICO,15,POLOTITLAN,15071,14985,7656,51.09,7329,48.91,4019,26.82,9648,64.38,1318,8.8,12572.93,1.19,100,0.65,,47.09,4.07,,Bajo,,,Muy bajo,0.88,-0.72,-99.81,20.22,0,0,0,0,0,0
MEXICO,15,RAYON,15072,15972,8223,51.48,7749,48.52,4240,26.55,10743,67.26,989,6.19,2287.01,6.98,40.27,1.01,,48.48,2.68,,Muy bajo,,,Muy bajo,0.91,-0.91,-99.58,19.15,0,0,0,0,0,0
MEXICO,15,SAN ANTONIO LA ISLA,15073,31962,16541,51.75,15421,48.25,8653,27.07,21914,68.56,1389,4.35,2516.89,12.7,6.35,1.19,,44.88,4,,Muy bajo,,,Muy bajo,0.94,-1.18,-99.57,19.16,0,0,0,0,0,0
MEXICO,15,SAN FELIPE DEL PROGRESO,15074,144924,75596,52.16,69328,47.84,47372,32.69,89711,61.9,7837,5.41,36633.11,3.96,78.82,58.96,,75.36,26.96,,Alto,,,Medio,0.82,0.9,-99.95,19.71,0,0,0,0,0,0
MEXICO,15,SAN MARTIN DE LAS PIRAMIDES,15075,29182,14914,51.11,14268,48.89,7068,24.22,19889,68.16,2218,7.6,6948.54,4.2,51.06,2.52,,48.6,3.67,,Muy bajo,,,Muy bajo,0.9,-0.95,-98.83,19.7,0,0,0,0,0,0
MEXICO,15,SAN MATEO ATENCO,15076,97418,49937,51.26,47481,48.74,25639,26.32,65943,67.69,5566,5.71,2086.98,46.68,1.03,1.16,,53.95,9.97,,Muy bajo,,,Muy bajo,0.92,-1.02,-99.53,19.26,0,0,0,0,0,0
MEXICO,15,SAN SIMON DE GUERRERO,15077,6692,3439,51.39,3253,48.61,2060,30.78,4058,60.64,574,8.58,13016.21,0.51,100,0.54,,61.14,11.36,,Medio,,,Bajo,0.84,-0.16,-100.01,19.02,0,0,0,0,0,0
MEXICO,15,SANTO TOMAS,15078,9729,4893,50.29,4836,49.71,2907,29.88,6053,62.22,767,7.88,10349.79,0.94,100,0.13,,55.05,8.23,,Bajo,,,Bajo,0.86,-0.45,-100.26,19.18,0,0,0,0,0,0
MEXICO,15,SOYANIQUILPAN DE JUAREZ,15079,14323,7220,50.41,7103,49.59,3886,27.13,9317,65.05,1117,7.8,14552.68,0.98,60.16,0.51,,50.31,5.81,,Bajo,,,Bajo,0.87,-0.52,-99.53,20.01,0,0,0,0,0,0
MEXICO,15,SULTEPEC,15080,24145,12707,52.63,11438,47.37,7750,32.1,14078,58.31,2317,9.6,56389.21,0.43,100,1.76,,66.11,14.66,,Alto,,,Medio,0.81,0.53,-99.97,18.86,0,0,0,0,0,0
MEXICO,15,TECAMAC,15081,547503,281983,51.5,265520,48.5,131070,23.94,387413,70.76,28897,5.28,15584.93,35.13,2.03,2.42,,40.23,4.15,,Muy bajo,,,Muy bajo,0.94,-1.38,-98.97,19.71,0,0,0,0,0,0
MEXICO,15,TEJUPILCO,15082,79282,41274,52.06,38008,47.94,25316,31.93,47650,60.1,6316,7.97,66548.57,1.19,60.94,0.25,,59.75,13.1,,Medio,,,Bajo,0.85,-0.22,-100.15,18.91,0,0,0,0,0,0
MEXICO,15,TEMAMATLA,15083,14130,7202,50.97,6928,49.03,3976,28.14,9365,66.28,778,5.51,2908.54,4.86,54.96,4.83,,46.56,5.97,,Muy bajo,,,Muy bajo,0.89,-0.77,-98.87,19.2,0,0,0,0,0,0
MEXICO,15,TEMASCALAPA,15084,43593,22219,50.97,21374,49.03,11678,26.79,28766,65.99,3136,7.19,16350.55,2.67,53.31,2.17,,61.97,9.45,,Muy bajo,,,Muy bajo,0.89,-0.8,-98.9,19.83,0,0,0,0,0,0
MEXICO,15,TEMASCALCINGO,15085,66414,34517,51.97,31897,48.03,18912,28.48,41995,63.23,5501,8.28,35376.14,1.88,60.46,30,,67.88,20.8,,Bajo,,,Bajo,0.86,-0.14,-100,19.92,0,0,0,0,0,0
MEXICO,15,TEMASCALTEPEC,15086,35014,17825,50.91,17189,49.09,11123,31.77,21395,61.1,2496,7.13,56547.43,0.62,100,10.15,,62.44,13.4,,Medio,,,Medio,0.83,0.21,-100.04,19.04,0,0,0,0,0,0
MEXICO,15,TEMOAYA,15087,105766,54234,51.28,51532,48.72,32162,30.41,68341,64.62,5247,4.96,18699.35,5.66,70.08,50.73,,61.97,18.13,,Bajo,,,Bajo,0.87,-0.18,-99.59,19.47,0,0,0,0,0,0
MEXICO,15,TENNANCINGO,15088,104677,53450,51.06,51227,48.94,29697,28.37,67918,64.88,7029,6.71,16388.22,6.39,74.51,0.44,,62.74,13.39,,Bajo,,,Bajo,0.88,-0.65,-99.59,18.96,0,0,0,0,0,0
MEXICO,15,TENNANGO DEL AIRE,15089,11359,5807,51.12,5552,48.88,2925,25.75,7584,66.77,850,7.48,3776.29,3.01,43.43,1.58,,58.52,5.34,,Muy bajo,,,Muy bajo,0.9,-0.92,-98.86,19.16,0,0,0,0,0,0
MEXICO,15,TENNANGO DEL VALLE,15090,90518,46028,50.85,44490,49.15,25699,28.39,59107,65.3,5708,6.31,20749.03,4.36,29.16,1.11,,67.49,14.23,,Muy bajo,,,Bajo,0.89,-0.53,-99.59,19.1,0,0,0,0,0,0
MEXICO,15,TEOLOYUCAN,15091,65459,33520,51.21,31939,48.79,17125,26.16,43923,67.1,4387,6.7,3084.32,21.22,10.03,1.11,,52.24,5.45,,Muy bajo,,,Muy bajo,0.92,-1.01,-99.18,19.75,0,0,0,0,0,0
MEXICO,15,TEOTIHUACAN,15092,58507,30312,51.81,28195,48.19,14316,24.47,39776,67.99,4408,7.53,8266.33,7.08,37.85,3.82,,54.7,5.9,,Muy bajo,,,Muy bajo,0.91,-1.09,-98.87,19.69,0,0,0,0,0,0
MEXICO,15,TEPETLAOXTOC,15093,32564,16658,51.15,15906,48.85,8496,26.09,21739,66.76,2322,7.13,17781.26,1.83,59.23,2.23,,56.26,5.55,,Muy bajo,,,Muy bajo,0.9,-0.91,-98.82,19.57,0,0,0,0,0,0
MEXICO,15,TEPETLIXPA,15094,20500,10554,51.48,9946,48.52,5378,26.23,13550,66.1,1569,7.65,4291.98,4.78,27.1,0.88,,64.2,11.93,,Bajo,,,Bajo,0.88,-0.5,-98.82,19.03,0,0,0,0,0,0
MEXICO,15,TEPOTZOTLAN,15095,103696,52988,51.1,50708,48.9,25016,24.12,71521,68.97,7153,6.9,20577.02,5.04,24.7,2.82,,46.32,6.05,,Muy bajo,,,Muy bajo,0.91,-1.03,-99.22,19.71,0,0,0,0,0,0
MEXICO,15,TEQUIXQUIAC,15096,39489,20160,51.05,19329,48.95,9920,25.12,26866,68.03,2703,6.84,12162.33,3.25,15.99,1.32,,61.84,6.3,,Muy bajo,,,Muy bajo,0.92,-0.97,-99.15,19.91,0,0,0,0,0,0
MEXICO,15,TEXCALTITLAN,15097,18482,9537,51.6,8945,48.4,6077,32.88,11086,59.98,1319,7.14,14853.91,1.24,100,0.23,,56.59,10.04,,Medio,,,Bajo,0.84,-0.05,-99.94,18.93,0,0,0,0,0,0
MEXICO,15,TEXCALYACAC,15098,5736,2915,50.82,2821,49.18,1499,26.13,3856,67.22,381,6.64,2460.5,2.33,11.02,2.72,,53.83,3.38,,Muy bajo,,,Muy bajo,0.92,-0.88,-99.5,19.13,0,0,0,0,0,0
MEXICO,15,TEXCOCO,15099,277562,142622,51.38,134940,48.62,64717,23.32,191559,69.01,21235,7.65,42557.52,6.52,42.63,5.3,,56.41,9.8,,Muy bajo,,,Muy bajo,0.9,-1.01,-98.88,19.51,0,0,0,0,0,0
MEXICO,15,TEZOYUCA,15100,47044,23807,50.61,23237,49.39,11955,25.41,32418,68.91,2647,5.63,1619.51,29.05,5.88,6.46,,63.5,10.34,,Bajo,,,Bajo,0.87,-0.62,-98.91,19.59,0,0,0,0,0,0
MEXICO,15,TIANGUISTENCO,15101,84259,43412,51.52,40847,48.48,23096,27.41,55845,66.28,5282,6.27,13109.97,6.43,43.91,3.05,,60.44,12.52,,Muy bajo,,,Bajo,0.89,-0.65,-99.47,19.18,0,0,0,0,0,0
MEXICO,15,TIMILPAN,15102,16414,8553,52.11,7861,47.89,4259,25.95,10638,64.81,1516,9.24,16559.12,0.99,100,12.85,,45.22,4.08,,Bajo,,,Bajo,0.87,-0.55,-99.73,19.88,0,0,0,0,0,0
MEXICO,15,TLALMANALCO,15103,49196,25622,52.08,23574,47.92,11401,23.17,33405,67.9,4387,8.92,15932.88,3.09,25.04,0.72,,51.52,6.53,,Muy bajo,,,Muy bajo,0.92,-1.14,-98.8,19.21,0,0,0,0,0,0
MEXICO,15,TLALNEPANTLA DE BAZ,15104,672202,345185,51.35,327017,48.65,125833,18.72,468570,69.71,76655,11.4,7986.06,84.17,0.04,3.08,,36.69,3.92,,Muy bajo,,,Muy bajo,0.94,-1.27,-99.2,19.54,0,0,0,0,0,0
MEXICO,15,TLATLAYA,15105,31762,16136,50.8,15626,49.2,9344,29.42,18445,58.07,3973,12.51,78588.72,0.4,100,0.22,,60.85,15.63,,Alto,,,Bajo,0.82,0.1,-100.21,18.62,0,0,0,0,0,0
MEXICO,15,TOLUCA,15106,910608,471435,51.77,439173,48.23,217759,23.91,628235,68.99,63771,7,42377.67,21.49,11.51,7.55,,51.84,10.84,,Muy bajo,,,Muy bajo,0.93,-1.06,-99.66,19.29,0,0,0,0,0,0
MEXICO,15,TONATICO,15107,12912,6677,51.71,6235,48.29,3265,25.29,8257,63.95,1390,10.77,8978.07,1.44,45.62,0.6,,49.05,3.79,,Muy bajo,,,Muy bajo,0.89,-0.77,-99.67,18.8,0,0,0,0,0,0
MEXICO,15,TULTEPEC,15108,157645,80513,51.07,77132,48.93,38208,24.24,110627,70.17,8692,5.51,2659.76,59.27,4.3,2.52,,43.22,5.08,,Muy bajo,,,Muy bajo,0.94,-1.28,-99.13,19.69,0,0,0,0,0,0
MEXICO,15,TULTITLAN,15109,516341,264703,51.27,251638,48.73,114503,22.18,363205,70.34,38303,7.42,6562.04,78.69,1.72,2.62,,42.22,5.05,,Muy bajo,,,Muy bajo,0.94,-1.28,-99.17,19.65,0,0,0,0,0,0
MEXICO,15,VALLE DE BRAVO,15110,61590,31514,51.17,30076,48.83,17040,27.67,40477,65.72,4073,6.61,39875.9,1.54,51.98,1.4,,59.96,9.5,,Muy bajo,,,Muy bajo,0.89,-0.73,-100.13,19.19,0,0,0,0,0,0
MEXICO,15,VILLA DE ALLENDE,15111,53275,27381,51.4,25894,48.6,17284,32.44,33042,62.02,2949,5.54,30777.72,1.73,100,13.23,,73.76,19.49,,Alto,,,Medio,0.82,0.64,-100.15,19.37,0,0,0,0,0,0
MEXICO,15,VILLA DEL CARBON,15112,51498,25931,50.35,25567,49.65,15282,29.67,32910,63.91,3298,6.4,30142.08,1.71,81.36,6.14,,64.74,13.61,,Medio,,,Medio,0.84,0.14,-99.46,19.73,0,0,0,0,0,0
MEXICO,15,VILLA GUERRERO,15113,69086,35227,50.99,33859,49.01,22135,32.04,43112,62.4,3839,5.56,22825.38,3.03,85.04,0.19,,66.61,13.96,,Medio,,,Bajo,0.85,-0.07,-99.64,18.96,0,0,0,0,0,0
MEXICO,15,VILLA VICTORIA,15114,108196,55057,50.89,53139,49.11,36461,33.7,66341,61.32,5380,4.97,42230.78,2.56,100,17.74,,71.86,23.71,,Alto,,,Alto,0.79,1.05,-100,19.44,0,0,0,0,0,0
MEXICO,15,XONACATLAN,15115,54633,27875,51.02,26758,48.98,14689,26.89,36639,67.06,3294,6.03,5319.66,10.27,27.29,4.53,,60.74,10.16,,Muy bajo,,,Muy bajo,0.91,-0.87,-99.53,19.4,0,0,0,0,0,0
MEXICO,15,ZACAZONAPAN,15116,5109,2533,49.58,2576,50.42,1651,32.32,3092,60.52,366,7.16,6636.83,0.77,100,0.23,,56.69,6.29,,Bajo,,,Bajo,0.87,-0.55,-100.26,19.07,0,0,0,0,0,0
MEXICO,15,ZACUALPAN,15117,13522,7066,52.26,6456,47.74,4082,30.19,8103,59.92,1337,9.89,29097.63,0.46,100,0.02,,65.22,14.82,,Alto,,,Medio,0.78,0.72,-99.78,18.72,0,0,0,0,0,0
MEXICO,15,ZINACANTEPEC,15118,203872,104366,51.19,99506,48.81,54315,26.64,138333,67.85,11046,5.42,30805.75,6.62,24.52,1.21,,52.46,9.73,,Muy bajo,,,Muy bajo,0.91,-0.8,-99.74,19.28,0,0,0,0,0,0
MEXICO,15,ZUMPAHUACAN,15119,18833,9745,51.74,9088,48.26,6158,32.7,11291,59.95,1383,7.34,20150.98,0.93,100,0.49,,77.58,22.31,,Alto,,,Medio,0.82,0.33,-99.59,18.84,0,0,0,0,0,0
MEXICO,15,ZUMPANGO,15120,280455,143484,51.16,136971,48.84,77649,27.69,189444,67.55,13307,4.74,22214.24,12.63,23.44,3.17,,58.54,7.84,,Muy bajo,,,Muy bajo,0.92,-1.11,-99.1,19.8,0,0,0,0,0,0
MEXICO,15,CUAUTITLAN IZCALLI,15121,555163,286207,51.55,268956,48.45,112992,20.35,391024,70.43,50945,9.18,10937.11,50.76,2.29,2.04,,31.53,3.66,,Muy bajo,,,Muy bajo,0.95,-1.38,-99.21,19.66,0,0,0,0,0,0
MEXICO,15,VALLE DE CHALCO SOLIDARIDAD,15122,391731,201057,51.33,190674,48.67,104469,26.67,263804,67.34,23328,5.96,4641.07,84.41,0.21,7.52,,66.28,13.06,,Muy bajo,,,Muy bajo,0.91,-0.91,-98.94,19.28,0,0,0,0,0,0
MEXICO,15,LUVIANOS,15123,28822,14735,51.12,14087,48.88,9413,32.66,16541,57.39,2868,9.95,69971.3,0.41,69.8,0.23,,74.89,22.63,,Alto,,,Medio,0.81,0.24,-100.3,18.92,0,0,0,0,0,0
MEXICO,15,SAN JOSE DEL RINCON,15124,100082,51049,51.01,49033,48.99,34662,34.63,60219,60.17,5199,5.19,47551.06,2.1,100,29.11,,77.05,24.85,,Alto,,,Alto,0.8,1.15,-100.15,19.66,0,0,0,0,0,0
MEXICO,15,TONNANITLA,15125,14883,7630,51.27,7253,48.73,3973,26.69,10125,68.03,785,5.27,898.16,16.57,53.54,4.13,,52.8,9.01,,Muy bajo,,,Muy bajo,0.91,-1.14,-99.05,19.69,0,0,0,0,0,0
MICHOACAN,16,ACUITZIO,16001,11301,5808,51.39,5493,48.61,3123,27.63,7062,62.49,1115,9.87,17527.81,0.64,34.17,0.58,,55.52,10.53,,Bajo,,,Bajo,0.87,-0.48,-101.33,19.5,0,0,0,0,0,0
MICHOACAN,16,AGUILILLA,16002,14754,7419,50.28,7335,49.72,4463,30.25,8256,55.96,1688,11.44,139114.76,0.11,42.35,1.06,,62.77,14.15,,Medio,,,Bajo,0.85,-0.06,-102.79,18.73,0,0,0,0,0,0
MICHOACAN,16,ALVARO OBREGON,16003,23000,11776,51.2,11224,48.8,6620,28.78,14119,61.39,2244,9.76,15842.41,1.45,58.64,0.23,,62.07,12.19,,Bajo,,,Bajo,0.88,-0.65,-101.04,19.83,0,0,0,0,0,0
MICHOACAN,16,ANGAMACUTIRO,16004,14943,7748,51.85,7195,48.15,3789,25.36,9152,61.25,2002,13.4,23850.78,0.63,66.25,0.19,,46.38,6.18,,Bajo,,,Bajo,0.87,-0.4,-101.71,20.15,0,0,0,0,0,0
MICHOACAN,16,ANGANGUEO,16005,10892,5618,51.58,5274,48.42,3317,30.45,6600,60.59,975,8.95,7635.41,1.43,100,0.24,,61.35,13.5,,Bajo,,,Bajo,0.86,-0.23,-100.29,19.62,0,0,0,0,0,0
MICHOACAN,16,APATZINGAN,16006,126191,64038,50.75,62153,49.25,37128,29.42,79530,63.02,9516,7.54,163281.03,0.77,18.88,1.57,,41.33,6.22,,Bajo,,,Bajo,0.88,-0.49,-102.36,19.09,0,0,0,0,0,0
MICHOACAN,16,APORO,16007,3529,1862,52.76,1667,47.24,1039,29.44,2178,61.72,312,8.84,5804.28,0.61,100,0.14,,55.87,10.22,,Medio,,,Bajo,0.85,-0.33,-100.41,19.67,0,0,0,0,0,0
MICHOACAN,16,AQUILA,16008,24676,12247,49.63,12429,50.37,8678,35.17,13937,56.48,2047,8.3,225543.4,0.11,100,44.14,,48.82,16.18,,Muy alto,,,Alto,0.72,1.53,-103.5,18.6,0,0,0,0,0,0
MICHOACAN,16,ARIO,16009,36268,18436,50.83,17832,49.17,10759,29.67,22187,61.18,3080,8.49,69160.97,0.52,50.1,0.42,,45.73,6.96,,Bajo,,,Bajo,0.88,-0.53,-101.71,19.21,0,0,0,0,0,0
MICHOACAN,16,ARTEAGA,16010,20332,10274,50.53,10058,49.47,5831,28.68,12372,60.85,2117,10.41,342447.79,0.06,45.67,0.18,,46.94,8.59,,Medio,,,Bajo,0.85,-0.09,-102.29,18.36,0,0,0,0,0,0
MICHOACAN,16,BRISENAS,16011,11681,6011,51.46,5670,48.54,3301,28.26,7177,61.44,1203,10.3,6718.12,1.74,100,0.16,,44.99,4.86,,Bajo,,,Muy bajo,0.88,-0.73,-102.56,20.27,0,0,0,0,0,0
MICHOACAN,16,BUENAVISTA,16012,45538,22531,49.48,23007,50.52,13789,30.28,28286,62.12,3461,7.6,91751.68,0.5,50.57,4.15,,51.9,5.59,,Medio,,,Bajo,0.85,-0.19,-102.59,19.21,0,0,0,0,0,0
MICHOACAN,16,CARACUARO,16013,9176,4565,49.75,4611,50.25,3033,33.05,5115,55.74,1028,11.2,91378.69,0.1,100,0.16,,62.58,11.98,,Alto,,,Bajo,0.82,0.07,-101.13,19.02,0,0,0,0,0,0
MICHOACAN,16,COAHUAYANA,16014,17022,8298,48.75,8724,51.25,5137,30.18,10366,60.9,1519,8.92,36402.63,0.47,65.42,2.17,,47.45,7.68,,Bajo,,,Bajo,0.87,-0.35,-103.66,18.7,0,0,0,0,0,0
MICHOACAN,16,COALCOMAN DE VAZQUEZ PALLARES,16015,19633,9843,50.13,9790,49.87,5899,30.05,11741,59.8,1898,9.67,281555.85,0.07,29.68,0.92,,50.43,7.77,,Bajo,,,Bajo,0.86,-0.27,-103.16,18.78,0,0,0,0,0,0
MICHOACAN,16,COENEO,16016,20965,11042,52.67,9923,47.33,5023,23.96,12602,60.11,3340,15.93,39104.81,0.54,100,21.33,,49.06,11.64,,Medio,,,Bajo,0.85,-0.37,-101.58,19.82,0,0,0,0,0,0
MICHOACAN,16,CONTEPEC,16017,35070,18126,51.69,16944,48.31,11041,31.48,21023,59.95,3006,8.57,37619.95,0.93,100,0.28,,58.53,10.34,,Medio,,,Bajo,0.84,-0.29,-100.16,19.96,0,0,0,0,0,0
MICHOACAN,16,COPANDARO,16018,9484,4891,51.57,4593,48.43,2579,27.19,5899,62.2,1006,10.61,17207.37,0.55,100,0.18,,66.06,8.86,,Bajo,,,Bajo,0.86,-0.58,-101.22,19.89,0,0,0,0,0,0
MICHOACAN,16,COTIJA,16019,20198,10418,51.58,9780,48.42,5469,27.08,12315,60.97,2414,11.95,50168.77,0.4,30.32,0.47,,46.62,5.18,,Bajo,,,Bajo,0.88,-0.55,-102.71,19.81,0,0,0,0,0,0
MICHOACAN,16,CUITZEO,16020,29910,15606,52.18,14304,47.82,8066,26.97,18658,62.38,3186,10.65,25260.2,1.18,63.28,0.15,,65.28,13.3,,Bajo,,,Bajo,0.87,-0.49,-101.14,19.97,0,0,0,0,0,0
MICHOACAN,16,CHARAPAN,16021,13539,7103,52.46,6436,47.54,3883,28.68,8379,61.89,1277,9.43,23225.31,0.58,100,55.61,,81.44,31.43,,Alto,,,Alto,0.78,1.06,-102.25,19.65,0,0,0,0,0,0
MICHOACAN,16,CHARO,16022,25138,11516,45.81,13622,54.19,6335,25.2,16601,66.04,2202,8.76,32097.86,0.78,76.9,0.4,,44.4,6.66,,Bajo,,,Bajo,0.87,-0.65,-101.05,19.75,0,0,0,0,0,0
MICHOACAN,16,CHAVINDA,16023,10417,5349,51.35,5068,48.65,2637,25.31,6391,61.35,1389,13.33,15096.99,0.69,36.68,1.23,,53.34,8.79,,Bajo,,,Bajo,0.88,-0.57,-102.46,20.01,0,0,0,0,0,0
MICHOACAN,16,CHERAN,16024,20586,10633,51.65,9953,48.35,6514,31.64,12370,60.09,1666,8.09,22090.79,0.93,18.19,41.71,,76.54,26.96,,Medio,,,Medio,0.85,0.3,-101.95,19.69,0,0,0,0,0,0
MICHOACAN,16,CHILCHOTA,16025,40560,20897,51.52,19663,48.48,11883,29.3,25639,63.21,3008,7.42,30258.01,1.34,62.66,60.57,,66.62,20.63,,Medio,,,Medio,0.85,0.23,-102.12,19.85,0,0,0,0,0,0
MICHOACAN,16,CHINICUILA,16026,4773,2289,47.96,2484,52.04,1489,31.2,2774,58.12,510,10.69,101791.51,0.05,100,3.98,,41.61,4.42,,Medio,,,Bajo,0.82,0.03,-103.37,18.76,0,0,0,0,0,0
MICHOACAN,16,CHUCANDIRO,16027,4944,2557,51.72,2387,48.28,1080,21.84,2999,60.66,865,17.5,19097.33,0.26,100,0,,49.91,5.35,,Medio,,,Bajo,0.83,-0.05,-101.33,19.9,0,0,0,0,0,0
MICHOACAN,16,CHURINTZIO,16028,5233,2706,51.71,2527,48.29,1137,21.73,3094,59.12,1002,19.15,22772.42,0.23,100,0.31,,38.63,1.99,,Bajo,,,Muy bajo,0.88,-0.78,-102.07,20.15,0,0,0,0,0,0
MICHOACAN,16,CHURUMUCO,16029,12342,6328,51.27,6014,48.73,3939,31.92,7119,57.68,1282,10.39,110478.06,0.11,100,0.06,,62.94,14.64,,Alto,,,Medio,0.79,0.41,-101.65,18.66,0,0,0,0,0,0
MICHOACAN,16,ECUANDUREO,16030,11850,6299,53.16,5551,46.84,2547,21.49,7281,61.44,2022,17.06,30189.77,0.39,100,0.1,,45.16,6.33,,Bajo,,,Bajo,0.86,-0.5,-102.19,20.16,0,0,0,0,0,0
MICHOACAN,16,EPITACIO HUERTA,16031,16112,8343,51.78,7769,48.22,4838,30.03,9481,58.84,1793,11.13,42046.84,0.38,100,0.48,,52.6,8.34,,Medio,,,Bajo,0.85,-0.34,-100.29,20.13,0,0,0,0,0,0
MICHOACAN,16,ERONGARICUARO,16032,15715,8085,51.45,7630,48.55,4386,27.91,9446,60.11,1883,11.98,24244.56,0.65,100,40.47,,56.68,14.45,,Bajo,,,Bajo,0.86,-0.22,-101.72,19.59,0,0,0,0,0,0
MICHOACAN,16,GABRIEL ZAMORA,16033,21466,10875,50.66,10591,49.34,6236,29.05,13327,62.08,1901,8.86,36542.39,0.59,42.66,0.28,,47.81,6.87,,Bajo,,,Bajo,0.87,-0.46,-102.05,19.16,0,0,0,0,0,0
MICHOACAN,16,HIDALGO,16034,125712,65098,51.78,60614,48.22,36366,28.93,79489,63.23,9855,7.84,113624.74,1.11,34.18,0.26,,66.26,16.35,,Bajo,,,Bajo,0.87,-0.45,-100.56,19.69,0,0,0,0,0,0
MICHOACAN,16,LA HUACANA,16035,30627,15454,50.46,15173,49.54,9401,30.7,18012,58.81,3206,10.47,194366.33,0.16,68.51,0.38,,59.45,12.96,,Medio,,,Bajo,0.83,-0.11,-101.81,18.96,0,0,0,0,0,0
MICHOACAN,16,HUANDACAREO,16036,11644,6070,52.13,5574,47.87,2868,24.63,7116,61.11,1654,14.2,9552.94,1.22,42.55,0.18,,49.07,7.51,,Bajo,,,Muy bajo,0.88,-0.78,-101.28,19.99,0,0,0,0,0,0
MICHOACAN,16,HUANIQUEO,16037,7945,4207,52.95,3738,47.05,1678,21.12,4714,59.33,1549,19.5,19915.97,0.4,100,0.11,,46.22,6.48,,Medio,,,Bajo,0.85,-0.41,-101.51,19.9,0,0,0,0,0,0
MICHOACAN,16,HUETAMO,16038,41973,21309,50.77,20664,49.23,11220,26.73,25586,60.96,5146,12.26,204957.96,0.2,43.21,0.29,,41.85,7.47,,Medio,,,Bajo,0.85,-0.32,-100.9,18.63,0,0,0,0,0,0
MICHOACAN,16,HUIRAMBA,16039,9015,4671,51.81,4344,48.19,2815,31.23,5510,61.12,690,7.65,7862.68,1.15,100,0.61,,54,5.36,,Bajo,,,Bajo,0.87,-0.51,-101.44,19.55,0,0,0,0,0,0
MICHOACAN,16,INDAPARAPEO,16040,18385,9387,51.06,8998,48.94,5145,27.98,11546,62.8,1694,9.21,17529.78,1.05,60.69,0.13,,65.83,17.51,,Bajo,,,Bajo,0.86,-0.26,-100.97,19.79,0,0,0,0,0,0
MICHOACAN,16,IRIMBO,16041,16043,8372,52.18,7671,47.82,4714,29.38,10015,62.43,1314,8.19,12582.87,1.27,100,0.12,,61.98,11.77,,Medio,,,Bajo,0.85,-0.4,-100.48,19.7,0,0,0,0,0,0
MICHOACAN,16,IXTLAN,16042,14302,7285,50.94,7017,49.06,3873,27.08,8598,60.12,1831,12.8,12298.66,1.16,64.4,0.13,,47.1,6,,Bajo,,,Bajo,0.86,-0.42,-102.39,20.17,0,0,0,0,0,0
MICHOACAN,16,JACONA,16043,68781,35442,51.53,33339,48.47,19966,29.03,43522,63.28,5281,7.68,11787.25,5.84,10.57,2.22,,47.24,8.79,,Muy bajo,,,Bajo,0.9,-0.54,-102.31,19.96,0,0,0,0,0,0
MICHOACAN,16,JIMENEZ,16044,12946,6665,51.48,6281,48.52,3013,23.27,7858,60.7,2075,16.03,19313.34,0.67,100,0.24,,44.68,5.96,,Bajo,,,Bajo,0.87,-0.59,-101.75,19.92,0,0,0,0,0,0
MICHOACAN,16,JIQUILPAN,16045,36158,18922,52.33,17236,47.67,8979,24.83,22803,63.06,4376,12.1,24151.07,1.5,31.79,0.37,,41.42,4.97,,Muy bajo,,,Muy bajo,0.9,-0.79,-102.72,19.99,0,0,0,0,0,0
MICHOACAN,16,JUAREZ,16046,14936,7620,51.02,7316,48.98,4409,29.52,9143,61.21,1384,9.27,14022.12,1.07,100,0.09,,61.89,13.11,,Medio,,,Bajo,0.85,-0.51,-100.43,19.31,0,0,0,0,0,0
MICHOACAN,16,JUNGAPEO,16047,19834,10002,50.43,9832,49.57,6107,30.79,11955,60.28,1772,8.93,26393.73,0.75,74.74,0.24,,50.58,9.01,,Bajo,,,Bajo,0.86,-0.48,-100.49,19.46,0,0,0,0,0,0
MICHOACAN,16,LAGUNILLAS,16048,5745,2932,51.04,2813,48.96,1620,28.2,3510,61.1,615,10.7,7221.98,0.8,100,0.26,,61.07,6.11,,Bajo,,,Bajo,0.86,-0.47,-101.41,19.56,0,0,0,0,0,0
MICHOACAN,16,MADERO,16049,19086,9457,49.55,9629,50.45,6331,33.17,11194,58.65,1560,8.17,101392.84,0.19,60.01,0.3,,70.25,17.49,,Alto,,,Medio,0.82,0.32,-101.28,19.39,0,0,0,0,0,0
MICHOACAN,16,MARAVATIO,16050,89311,46120,51.64,43191,48.36,26934,30.16,55334,61.96,7038,7.88,69290.03,1.29,49.72,0.46,,60.1,10.36,,Bajo,,,Bajo,0.86,-0.43,-100.44,19.89,0,0,0,0,0,0
MICHOACAN,16,MARCOS CASTELLANOS,16051,13983,7241,51.78,6742,48.22,3605,25.78,8869,63.43,1509,10.79,23135.5,0.6,25.15,0.32,,39.72,3.48,,Muy bajo,,,Muy bajo,0.92,-1.04,-103.02,19.99,0,0,0,0,0,0
MICHOACAN,16,LAZARO CARDENAS,16052,196003,98519,50.26,97484,49.74,53153,27.12,130606,66.63,12201,6.22,113862.49,1.72,11.1,1.83,,31.1,4.69,,Muy bajo,,,Muy bajo,0.92,-0.97,-102.2,17.96,0,0,0,0,0,0
MICHOACAN,16,MORELIA,16053,849053,441924,52.05,407129,47.95,197158,23.22,576091,67.85,74024,8.72,118481.39,7.17,8.96,1.36,,27.25,3.41,,Muy bajo,,,Muy bajo,0.93,-1.18,-101.19,19.7,0,0,0,0,0,0
MICHOACAN,16,MORELOS,16054,7983,4196,52.56,3787,47.44,1905,23.86,4773,59.79,1305,16.35,18209,0.44,100,0.21,,46.69,4.01,,Bajo,,,Bajo,0.86,-0.51,-101.41,20,0,0,0,0,0,0
MICHOACAN,16,MUGICA,16055,45732,23329,51.01,22403,48.99,13945,30.49,28006,61.24,3695,8.08,37582.15,1.22,29.31,0.71,,54.8,10.74,,Bajo,,,Bajo,0.87,-0.4,-102.09,19.03,0,0,0,0,0,0
MICHOACAN,16,NAHUATZEN,16056,32598,16636,51.03,15962,48.97,10171,31.2,19690,60.4,2709,8.31,30222.71,1.08,44.75,46.1,,78.16,30.14,,Alto,,,Alto,0.82,1.12,-101.92,19.65,0,0,0,0,0,0
MICHOACAN,16,NOCUPETARO,16057,8196,4165,50.82,4031,49.18,2791,34.05,4501,54.92,904,11.03,54281.09,0.15,100,0.12,,59.96,10.33,,Alto,,,Medio,0.79,0.3,-101.16,19.04,0,0,0,0,0,0
MICHOACAN,16,NUEVO PARANGARICUTIRO,16058,20981,10668,50.85,10313,49.15,6347,30.25,13282,63.3,1335,6.36,23363.24,0.9,20.19,3.54,,55.7,9.06,,Muy bajo,,,Muy bajo,0.9,-0.77,-102.13,19.42,0,0,0,0,0,0
MICHOACAN,16,NUEVO URECHO,16059,9027,4471,49.53,4556,50.47,2578,28.56,5556,61.55,893,9.89,32870.4,0.27,100,0.65,,43.32,5.32,,Medio,,,Bajo,0.85,-0.42,-101.87,19.17,0,0,0,0,0,0
MICHOACAN,16,NUMARAN,16060,9437,4841,51.3,4596,48.7,2418,25.62,5918,62.71,1100,11.66,7631.83,1.24,100,0.07,,55.5,3.98,,Bajo,,,Bajo,0.87,-0.63,-101.95,20.25,0,0,0,0,0,0
MICHOACAN,16,OCAMPO,16061,24774,12572,50.75,12202,49.25,8634,34.85,14628,59.05,1483,5.99,14137.76,1.75,100,0.49,,77.29,26.28,,Medio,,,Medio,0.84,0.22,-100.34,19.58,0,0,0,0,0,0
MICHOACAN,16,PAJACUARAN,16062,21028,10818,51.45,10210,48.55,6376,30.32,12483,59.36,2169,10.31,16910.34,1.24,47.75,0.42,,68.19,16.57,,Bajo,,,Bajo,0.87,-0.41,-102.57,20.12,0,0,0,0,0,0
MICHOACAN,16,PANINDICUARO,16063,14889,7713,51.8,7176,48.2,3754,25.21,9021,60.59,2113,14.19,28719.31,0.52,64.62,0.13,,50.23,7.95,,Bajo,,,Bajo,0.86,-0.33,-101.76,19.98,0,0,0,0,0,0
MICHOACAN,16,PARACUARO,16064,26832,13360,49.79,13472,50.21,8247,30.74,16417,61.18,2168,8.08,50091.52,0.54,61.72,1.08,,59.65,13.54,,Medio,,,Bajo,0.85,-0.18,-102.22,19.15,0,0,0,0,0,0
MICHOACAN,16,PARACHO,16065,39657,20402,51.45,19255,48.55,11502,29,24842,62.64,3313,8.35,24261.45,1.63,46.5,41.7,,60.72,18.34,,Medio,,,Medio,0.85,0.17,-102.05,19.65,0,0,0,0,0,0
MICHOACAN,16,PATZCUARO,16066,98382,51162,52,47220,48,28078,28.54,61837,62.85,8406,8.54,43591.83,2.26,32.45,10.58,,51.61,11.91,,Muy bajo,,,Bajo,0.89,-0.49,-101.61,19.51,0,0,0,0,0,0
MICHOACAN,16,PENJAMILLO,16067,16621,8761,52.71,7860,47.29,4045,24.34,10168,61.18,2405,14.47,36852.32,0.45,100,0.1,,49.6,6.97,,Bajo,,,Bajo,0.86,-0.49,-101.93,20.1,0,0,0,0,0,0
MICHOACAN,16,PERIBAN,16068,29389,14616,49.73,14773,50.27,8777,29.86,18712,63.67,1900,6.47,32981.97,0.89,39.94,1.43,,34.42,4.2,,Muy bajo,,,Muy bajo,0.9,-0.72,-102.42,19.52,0,0,0,0,0,0
MICHOACAN,16,LA PIEDAD,16069,106490,55009,51.66,51481,48.34,27364,25.7,69415,65.18,9706,9.11,28253.75,3.77,18.26,0.53,,35.74,3.65,,Muy bajo,,,Muy bajo,0.91,-1,-102.02,20.34,0,0,0,0,0,0
MICHOACAN,16,PUREPERO,16070,15503,7910,51.02,7593,48.98,3685,23.77,9910,63.92,1908,12.31,19133.06,0.81,10.85,0.56,,43.58,3.2,,Muy bajo,,,Muy bajo,0.9,-0.88,-102.01,19.91,0,0,0,0,0,0
MICHOACAN,16,PURUANDIRO,16071,69260,35949,51.9,33311,48.1,18493,26.7,43056,62.17,7711,11.13,71364.31,0.97,53.32,0.3,,51.79,6.34,,Bajo,,,Bajo,0.88,-0.62,-101.52,20.09,0,0,0,0,0,0
MICHOACAN,16,QUERENDARO,16072,13961,7151,51.22,6810,48.78,3759,26.93,8720,62.46,1482,10.62,23333.16,0.6,32.15,0.47,,61.42,11.22,,Bajo,,,Bajo,0.87,-0.5,-100.88,19.81,0,0,0,0,0,0
MICHOACAN,16,QUIROGA,16073,27176,14253,52.45,12923,47.55,7341,27.01,17136,63.06,2699,9.93,21197.63,1.28,24.04,35.19,,62.33,12.51,,Bajo,,,Bajo,0.87,-0.2,-101.52,19.66,0,0,0,0,0,0
MICHOACAN,16,COJUMATLAN DE REGULES,16074,10553,5232,49.58,5321,50.42,2870,27.2,6452,61.14,1231,11.66,13013.55,0.81,31.29,0.11,,59.08,8.03,,Bajo,,,Bajo,0.88,-0.54,-102.85,20.12,0,0,0,0,0,0
MICHOACAN,16,LOS REYES,16075,78935,40177,50.9,38758,49.1,22783,28.86,50307,63.73,5804,7.35,47786.64,1.65,36.73,23.04,,44.37,7.13,,Bajo,,,Bajo,0.87,-0.2,-102.47,19.59,0,0,0,0,0,0
MICHOACAN,16,SAHUAYO,16076,78477,40580,51.71,37897,48.29,20789,26.49,50923,64.89,6764,8.62,12718.52,6.17,10.75,0.23,,46.2,5.89,,Muy bajo,,,Muy bajo,0.91,-0.9,-102.72,20.06,0,0,0,0,0,0
MICHOACAN,16,SAN LUCAS,16077,17677,8927,50.5,8750,49.5,4812,27.22,10444,59.08,2421,13.7,46627.46,0.38,100,0.41,,53.86,13.14,,Alto,,,Bajo,0.81,-0.09,-100.78,18.59,0,0,0,0,0,0
MICHOACAN,16,SANTA ANA MAYA,16078,12812,6695,52.26,6117,47.74,2988,23.32,8012,62.54,1812,14.14,10334.38,1.24,43.65,0.13,,57.97,9.46,,Bajo,,,Bajo,0.88,-0.64,-101.02,20.01,0,0,0,0,0,0
MICHOACAN,16,SALVADOR ESCALANTE,16079,49896,25494,51.09,24402,48.91,15174,30.41,30932,61.99,3790,7.6,48507.63,1.03,43.78,0.16,,62.4,14.33,,Bajo,,,Bajo,0.86,0.04,-101.64,19.41,0,0,0,0,0,0
MICHOACAN,16,SENGUIO,16080,19833,10408,52.48,9425,47.52,6276,31.64,11877,59.89,1680,8.47,24866.03,0.8,100,0.27,,58.03,12.75,,Medio,,,Bajo,0.84,-0.26,-100.35,19.73,0,0,0,0,0,0
MICHOACAN,16,SUSUPUATO,16081,9076,4617,50.87,4459,49.13,2891,31.85,5322,58.64,863,9.51,26655.95,0.34,100,4.02,,65.3,15.11,,Alto,,,Medio,0.79,0.61,-100.41,19.22,0,0,0,0,0,0
MICHOACAN,16,TACAMBARO,16082,79540,40574,51.01,38966,48.99,24815,31.2,48899,61.48,5808,7.3,78257.69,1.02,52.87,0.3,,42.07,5.97,,Bajo,,,Bajo,0.88,-0.62,-101.46,19.24,0,0,0,0,0,0
MICHOACAN,16,TANCITARO,16083,33453,16717,49.97,16736,50.03,10719,32.04,20491,61.25,2191,6.55,71026.99,0.47,75.69,2.1,,28.5,4.27,,Bajo,,,Bajo,0.88,-0.52,-102.36,19.34,0,0,0,0,0,0
MICHOACAN,16,TANGAMANDAPIO,16084,31716,16230,51.17,15486,48.83,9688,30.55,19612,61.84,2416,7.62,31388.23,1.01,15.98,47.06,,61.88,19.77,,Medio,,,Bajo,0.85,0.06,-102.43,19.95,0,0,0,0,0,0
MICHOACAN,16,TANGANCICUARO,16085,35256,18074,51.27,17182,48.73,9805,27.81,21524,61.05,3910,11.09,38250.93,0.92,56.28,7.14,,48.07,8.53,,Bajo,,,Bajo,0.87,-0.29,-102.21,19.89,0,0,0,0,0,0
MICHOACAN,16,TANHUATO,16086,15534,8031,51.7,7503,48.3,4128,26.57,9701,62.45,1705,10.98,22633.16,0.69,43.95,0.59,,39.6,4.4,,Muy bajo,,,Bajo,0.89,-0.71,-102.33,20.28,0,0,0,0,0,0
MICHOACAN,16,TARETAN,16087,15589,7913,50.76,7676,49.24,4453,28.57,9652,61.92,1472,9.44,18406.37,0.85,54.35,0.58,,31.58,2.67,,Muy bajo,,,Bajo,0.89,-0.64,-101.92,19.33,0,0,0,0,0,0
MICHOACAN,16,TARIMBARO,16088,114513,58764,51.32,55749,48.68,31300,27.33,76859,67.12,6332,5.53,25397.06,4.51,65.52,0.97,,33.39,3.67,,Muy bajo,,,Muy bajo,0.91,-1.05,-101.18,19.8,0,0,0,0,0,0
MICHOACAN,16,TEPALCATEPEC,16089,24074,12064,50.11,12010,49.89,6498,26.99,15175,63.03,2397,9.96,79420.53,0.3,28.17,0.58,,30.6,2.67,,Bajo,,,Bajo,0.88,-0.65,-102.84,19.19,0,0,0,0,0,0
MICHOACAN,16,TINGAMBATO,16090,16325,8389,51.39,7936,48.61,4926,30.17,10182,62.37,1217,7.45,18861.12,0.87,9.12,9.27,,64.67,16.68,,Bajo,,,Bajo,0.88,-0.1,-101.85,19.5,0,0,0,0,0,0
MICHOACAN,16,TINGUINDIN,16091,14934,7759,51.96,7175,48.04,3965,26.55,9382,62.82,1586,10.62,17161.15,0.87,47.85,8.67,,39.84,5.66,,Muy bajo,,,Bajo,0.89,-0.68,-102.48,19.74,0,0,0,0,0,0
MICHOACAN,16,TIQUICHEO DE NICOLAS ROMERO,16092,12836,6544,50.98,6292,49.02,4023,31.34,7388,57.56,1416,11.03,148576.12,0.09,100,0.14,,54.12,13.33,,Alto,,,Medio,0.79,0.28,-100.74,18.9,0,0,0,0,0,0
MICHOACAN,16,TLALPUJAHUA,16093,28556,15143,53.03,13413,46.97,8783,30.76,17472,61.19,2301,8.06,19589.29,1.46,100,0.3,,60.11,14.18,,Medio,,,Bajo,0.83,-0.15,-100.17,19.81,0,0,0,0,0,0
MICHOACAN,16,TLAZAZALCA,16094,6420,3308,51.53,3112,48.47,1480,23.05,3768,58.69,1172,18.26,20230.93,0.32,100,0.25,,43.59,3.57,,Bajo,,,Bajo,0.86,-0.37,-102.06,19.97,0,0,0,0,0,0
MICHOACAN,16,TOCUMBO,16095,12325,6250,50.71,6075,49.29,3121,25.32,7706,62.52,1498,12.15,50283.33,0.25,36.84,0.67,,31.94,4.16,,Bajo,,,Bajo,0.88,-0.43,-102.52,19.7,0,0,0,0,0,0
MICHOACAN,16,TUMBISCATIO,16096,5971,2958,49.54,3013,50.46,1766,29.58,3534,59.19,668,11.19,205549.71,0.03,100,0.32,,53.35,12.81,,Alto,,,Medio,0.81,0.27,-102.38,18.52,0,0,0,0,0,0
MICHOACAN,16,TURICATO,16097,29056,14913,51.33,14143,48.67,9289,31.97,16959,58.37,2806,9.66,153908.74,0.19,76.44,2.4,,52.29,9.77,,Alto,,,Medio,0.81,0.23,-101.42,19.05,0,0,0,0,0,0
MICHOACAN,16,TUXPAN,16098,25757,13264,51.5,12493,48.5,7231,28.07,16229,63.01,2297,8.92,24192.33,1.06,65.21,0.26,,50.72,8.64,,Bajo,,,Bajo,0.86,-0.48,-100.46,19.57,0,0,0,0,0,0
MICHOACAN,16,TUZANTLA,16099,14329,7285,50.84,7044,49.16,4363,30.45,8281,57.79,1681,11.73,101268.88,0.14,100,0.1,,63.02,15.48,,Alto,,,Bajo,0.81,0.05,-100.57,19.21,0,0,0,0,0,0
MICHOACAN,16,TZINTZUNTZAN,16100,14911,7778,52.16,7133,47.84,4196,28.14,9103,61.05,1612,10.81,18323.7,0.81,100,21.61,,63.29,14.88,,Medio,,,Bajo,0.85,-0.18,-101.58,19.63,0,0,0,0,0,0
MICHOACAN,16,TZITZIO,16101,8855,4428,50.01,4427,49.99,2870,32.41,5025,56.75,956,10.8,93582.62,0.09,100,0.24,,65.79,17.92,,Alto,,,Medio,0.76,0.84,-100.92,19.59,0,0,0,0,0,0
MICHOACAN,16,URUAPAN,16102,356786,184476,51.7,172310,48.3,96883,27.15,231365,64.85,28292,7.93,100698.59,3.54,10.62,7.56,,42.15,8.02,,Muy bajo,,,Muy bajo,0.91,-0.86,-102.06,19.42,0,0,0,0,0,0
MICHOACAN,16,VENUSTIANO CARRANZA,16103,23469,12228,52.1,11241,47.9,6346,27.04,14244,60.69,2879,12.27,22594.21,1.04,49.31,0.22,,61.17,10.49,,Bajo,,,Bajo,0.88,-0.66,-102.65,20.12,0,0,0,0,0,0
MICHOACAN,16,VILLAMAR,16104,15864,8233,51.9,7631,48.1,3901,24.59,9526,60.05,2437,15.36,34767.85,0.46,100,0.25,,39.79,5.54,,Bajo,,,Bajo,0.86,-0.46,-102.6,20.02,0,0,0,0,0,0
MICHOACAN,16,VISTA HERMOSA,16105,20982,10623,50.63,10359,49.37,5871,27.98,12981,61.87,2130,10.15,14646.65,1.43,40.74,0.21,,44.77,4.73,,Muy bajo,,,Bajo,0.89,-0.71,-102.47,20.27,0,0,0,0,0,0
MICHOACAN,16,YURECUARO,16106,32303,16632,51.49,15671,48.51,9186,28.44,20377,63.08,2709,8.39,17304.4,1.87,17.37,3.35,,48.78,8.27,,Bajo,,,Bajo,0.88,-0.41,-102.28,20.34,0,0,0,0,0,0
MICHOACAN,16,ZACAPU,16107,76829,39943,51.99,36886,48.01,19636,25.56,49002,63.78,8170,10.63,45161.56,1.7,28.04,3.16,,46.49,8.82,,Muy bajo,,,Muy bajo,0.9,-0.89,-101.79,19.82,0,0,0,0,0,0
MICHOACAN,16,ZAMORA,16108,204860,106041,51.76,98819,48.24,55184,26.94,132424,64.64,17190,8.39,33262.99,6.16,19.72,1.45,,44.02,6.91,,Muy bajo,,,Muy bajo,0.91,-0.77,-102.29,19.98,0,0,0,0,0,0
MICHOACAN,16,ZINAPARO,16109,3232,1679,51.95,1553,48.05,630,19.49,1994,61.7,608,18.81,11233.19,0.29,100,0.19,,28.46,1.52,,Bajo,,,Muy bajo,0.88,-0.72,-102,20.17,0,0,0,0,0,0
MICHOACAN,16,ZINAPECUARO,16110,49005,25345,51.72,23660,48.28,13351,27.24,30231,61.69,5412,11.04,59234.68,0.83,65.5,0.12,,52.44,7.76,,Bajo,,,Muy bajo,0.87,-0.75,-100.83,19.86,0,0,0,0,0,0
MICHOACAN,16,ZIRACUARETIRO,16111,18402,9341,50.76,9061,49.24,5863,31.86,11257,61.17,1282,6.97,15904.33,1.16,68.55,1.16,,60.63,20.13,,Bajo,,,Bajo,0.87,-0.54,-101.91,19.42,0,0,0,0,0,0
MICHOACAN,16,ZITACUARO,16112,157056,81603,51.96,75453,48.04,44219,28.15,100505,63.99,12293,7.83,50959.46,3.08,40.2,5.96,,58.62,14.22,,Bajo,,,Bajo,0.88,-0.49,-100.36,19.44,0,0,0,0,0,0
MICHOACAN,16,JOSE SIXTO VERDUZCO,16113,26213,13629,51.99,12584,48.01,6699,25.56,16002,61.05,3512,13.4,21800.12,1.2,74.45,0.12,,51.52,5.64,,Bajo,,,Bajo,0.87,-0.67,-101.6,20.3,0,0,0,0,0,0
MORELOS,17,AMACUZAC,17001,17598,9149,51.99,8449,48.01,4676,26.57,11027,62.66,1895,10.77,11682.25,1.51,68.32,0.7,,62.78,13.35,,Bajo,,,Bajo,0.87,-0.48,-99.37,18.6,0,0,0,0,0,0
MORELOS,17,ATLATLAHUCAN,17002,25232,12966,51.39,12266,48.61,6573,26.05,16044,63.59,2609,10.34,7901.21,3.19,64.26,7.78,,54.39,12.28,,Bajo,,,Bajo,0.86,-0.49,-98.9,18.94,0,0,0,0,0,0
MORELOS,17,AXOCHIAPAN,17003,39174,19886,50.76,19288,49.24,11094,28.32,24829,63.38,3244,8.28,14103.49,2.78,37.15,3.76,,72.38,23.32,,Medio,,,Bajo,0.85,-0.28,-98.75,18.5,0,0,0,0,0,0
MORELOS,17,AYALA,17004,89834,46292,51.53,43542,48.47,23737,26.42,58336,64.94,7747,8.62,36689.7,2.45,56.11,7.14,,56.62,10.06,,Bajo,,,Bajo,0.87,-0.5,-98.98,18.77,0,0,0,0,0,0
MORELOS,17,COATLAN DEL RIO,17005,10520,5782,54.96,4738,45.04,2484,23.61,6813,64.76,1223,11.63,8306.75,1.27,100,0.21,,59.96,10.8,,Bajo,,,Bajo,0.86,-0.42,-99.43,18.74,0,0,0,0,0,0
MORELOS,17,CUAUTLA,17006,187118,97335,52.02,89783,47.98,43875,23.45,125217,66.92,17975,9.61,12136.63,15.42,15.92,6.66,,51.24,8.38,,Muy bajo,,,Muy bajo,0.91,-0.95,-98.96,18.81,0,0,0,0,0,0
MORELOS,17,CUERNAVACA,17007,378476,199747,52.78,178729,47.22,76300,20.16,256398,67.74,45563,12.04,19880.59,19.04,7.38,2.75,,37.27,4.43,,Muy bajo,,,Muy bajo,0.94,-1.25,-99.23,18.92,0,0,0,0,0,0
MORELOS,17,EMILIANO ZAPATA,17008,107053,55045,51.42,52008,48.58,26025,24.31,72527,67.75,8462,7.9,6797.23,15.75,9.16,2.21,,49.15,8.26,,Muy bajo,,,Muy bajo,0.92,-1.01,-99.18,18.84,0,0,0,0,0,0
MORELOS,17,HUITZILAC,17009,24515,12539,51.15,11976,48.85,6301,25.7,16306,66.51,1892,7.72,18818.84,1.3,47.5,5.61,,46.29,9.31,,Bajo,,,Bajo,0.88,-0.56,-99.27,19.03,0,0,0,0,0,0
MORELOS,17,JANTETELCO,17010,18402,9404,51.1,8998,48.9,4804,26.11,12062,65.55,1527,8.3,10187.41,1.81,40.75,2.36,,64.03,10.29,,Bajo,,,Bajo,0.87,-0.48,-98.78,18.72,0,0,0,0,0,0
MORELOS,17,JIUTEPEC,17011,215357,112238,52.12,103119,47.88,48235,22.4,147634,68.55,19302,8.96,5568.07,38.68,4.66,2.12,,42.69,5.08,,Muy bajo,,,Muy bajo,0.93,-1.17,-99.18,18.88,0,0,0,0,0,0
MORELOS,17,JOJUTLA,17012,57682,29862,51.77,27820,48.23,13061,22.64,38322,66.44,6259,10.85,14851.32,3.88,29.22,1.86,,53.39,9.71,,Muy bajo,,,Muy bajo,0.9,-0.87,-99.18,18.62,0,0,0,0,0,0
MORELOS,17,JONACATEPEC DE LEANDRO VALLE,17013,16694,8618,51.62,8076,48.38,4107,24.6,10998,65.88,1572,9.42,8998.75,1.86,49.24,4.79,,70.5,17.34,,Bajo,,,Bajo,0.88,-0.52,-98.8,18.68,0,0,0,0,0,0
MORELOS,17,MAZATEPEC,17014,9653,5050,52.32,4603,47.68,2372,24.57,6197,64.2,1084,11.23,5768.74,1.67,100,0.54,,48.99,7.94,,Bajo,,,Muy bajo,0.88,-0.72,-99.37,18.73,0,0,0,0,0,0
MORELOS,17,MIACATLAN,17015,15802,8041,50.89,7761,49.11,3987,25.23,10089,63.85,1717,10.87,21455.24,0.74,52.75,0.84,,50.51,7.6,,Muy bajo,,,Bajo,0.89,-0.68,-99.36,18.77,0,0,0,0,0,0
MORELOS,17,OCUITUCO,17016,19219,9794,50.96,9425,49.04,5300,27.58,12391,64.47,1516,7.89,8616.9,2.23,72.04,1.03,,75.11,21.66,,Bajo,,,Bajo,0.87,-0.38,-98.78,18.88,0,0,0,0,0,0
MORELOS,17,PUENTE DE IXTLA,17017,40018,20948,52.35,19070,47.65,10116,25.28,25734,64.31,4133,10.33,29650.96,1.35,48.94,0.74,,62.3,11.89,,Muy bajo,,,Muy bajo,0.89,-0.75,-99.32,18.62,0,0,0,0,0,0
MORELOS,17,TEMIXCO,17018,122263,63277,51.75,58986,48.25,30369,24.84,81363,66.55,10467,8.56,10231.75,11.95,14.56,5.36,,61.54,13.19,,Muy bajo,,,Muy bajo,0.9,-0.8,-99.22,18.85,0,0,0,0,0,0
MORELOS,17,TEPALCINGO,17019,28122,14281,50.78,13841,49.22,7150,25.42,18123,64.44,2836,10.08,36734.75,0.77,52.34,0.98,,68.04,14.26,,Bajo,,,Bajo,0.86,-0.4,-98.84,18.59,0,0,0,0,0,0
MORELOS,17,TEPOZTLAN,17020,54987,28145,51.18,26842,48.82,13135,23.89,37193,67.64,4646,8.45,24126.18,2.28,63.13,10.92,,45.33,9.3,,Bajo,,,Bajo,0.87,-0.65,-99.1,18.99,0,0,0,0,0,0
MORELOS,17,TETECALA,17021,7617,3924,51.52,3693,48.48,1805,23.7,4945,64.92,867,11.38,6742.2,1.13,100,0.63,,58.61,8.84,,Bajo,,,Bajo,0.88,-0.69,-99.4,18.73,0,0,0,0,0,0
MORELOS,17,TETELA DEL VOLCAN,17022,14853,7549,50.82,7304,49.18,4383,29.51,9465,63.72,1005,6.77,9803.43,1.52,18.12,7.35,,79.16,19.77,,Bajo,,,Bajo,0.88,-0.32,-98.73,18.89,0,0,0,0,0,0
MORELOS,17,TLALNEPANTLA,17023,7943,3962,49.88,3981,50.12,2288,28.81,5064,63.75,591,7.44,10734.34,0.74,100,3.02,,69.36,15.37,,Medio,,,Bajo,0.83,-0.1,-99,19.01,0,0,0,0,0,0
MORELOS,17,TLALTIZAPAN DE ZAPATA,17024,52399,26874,51.29,25525,48.71,12859,24.54,34296,65.45,5238,10,23753.26,2.21,46.63,2.06,,59.08,8.95,,Bajo,,,Bajo,0.88,-0.66,-99.12,18.68,0,0,0,0,0,0
MORELOS,17,TLAQUILTENNANGO,17025,33789,17329,51.29,16460,48.71,7851,23.24,22217,65.75,3718,11,54215.39,0.62,45.72,1.82,,57.97,9.6,,Bajo,,,Bajo,0.88,-0.6,-99.16,18.63,0,0,0,0,0,0
MORELOS,17,TLAYACAPAN,17026,19408,9779,50.39,9629,49.61,4931,25.41,12713,65.5,1756,9.05,5694.13,3.41,56.85,12.34,,48.81,9.23,,Bajo,,,Bajo,0.87,-0.55,-98.98,18.96,0,0,0,0,0,0
MORELOS,17,TOTOLAPAN,17027,12750,6548,51.36,6202,48.64,3522,27.62,8181,64.16,1045,8.2,5969.32,2.14,46.68,4.93,,73.19,20.25,,Medio,,,Bajo,0.83,0,-98.92,18.99,0,0,0,0,0,0
MORELOS,17,XOCHITEPEC,17028,73539,36629,49.81,36910,50.19,18329,24.92,49395,67.17,5786,7.87,9285.16,7.92,32.77,3.28,,61.16,8.77,,Muy bajo,,,Muy bajo,0.89,-0.74,-99.23,18.78,0,0,0,0,0,0
MORELOS,17,YAUTEPEC,17029,105780,54681,51.69,51099,48.31,26066,24.64,69535,65.74,10064,9.51,17881.27,5.92,22.96,2.48,,55.3,9.04,,Muy bajo,,,Muy bajo,0.89,-0.76,-99.06,18.89,0,0,0,0,0,0
MORELOS,17,YECAPIXTLA,17030,56083,28433,50.7,27650,49.3,15204,27.11,36697,65.43,4163,7.42,17246.21,3.25,41.99,2.96,,67.91,13.23,,Bajo,,,Bajo,0.88,-0.56,-98.87,18.88,0,0,0,0,0,0
MORELOS,17,ZACATEPEC,17031,36094,18862,52.26,17232,47.74,7828,21.69,24106,66.79,4155,11.51,3063.32,11.78,9.41,1.02,,45.61,4.95,,Muy bajo,,,Muy bajo,0.92,-1.08,-99.19,18.66,0,0,0,0,0,0
MORELOS,17,ZACUALPAN DE AMILPAS,17032,9965,5108,51.26,4857,48.74,2457,24.66,6439,64.62,1069,10.73,5353.05,1.86,45.53,1.02,,61.98,6.76,,Muy bajo,,,Muy bajo,0.89,-0.75,-98.77,18.78,0,0,0,0,0,0
MORELOS,17,TEMOAC,17033,16574,8664,52.27,7910,47.73,4257,25.68,11083,66.87,1222,7.37,3693.55,4.49,61.1,1.63,,75.35,13.73,,Bajo,,,Bajo,0.87,-0.4,-98.78,18.77,0,0,0,0,0,0
MORELOS,17,COATETELCO,17034,11347,5877,51.79,5470,48.21,3286,28.96,7136,62.89,925,8.15,980,11.58,14.76,1.27,,83.85,40.32,,Medio,,,Medio,0.84,0.39,-99.33,18.73,0,0,0,0,0,0
MORELOS,17,XOXOCOTLA,17035,27805,13924,50.08,13881,49.92,7497,26.96,18814,67.66,1491,5.36,63.34,438.98,13.42,23.2,,79.49,32.96,,Medio,,,Medio,0.85,0.22,-99.24,18.69,0,0,0,0,0,0
MORELOS,17,HUEYAPAN,17036,7855,4131,52.59,3724,47.41,2287,29.12,4904,62.43,664,8.45,75,104.73,6.4,70.26,,87.34,31.78,,Bajo,,,Medio,0.87,0.53,-98.69,18.89,0,0,0,0,0,0
NAYARIT,18,ACAPONETA,18001,37232,18617,50,18615,50,9925,26.66,22921,61.56,4371,11.74,141071.81,0.26,46.35,4.22,,38.13,3.39,,Bajo,,,Bajo,0.88,-0.7,-105.36,22.49,0,0,0,0,0,0
NAYARIT,18,AHUACATLAN,18002,15393,7754,50.37,7639,49.63,3795,24.65,9548,62.03,2047,13.3,50025.97,0.31,52.84,0.4,,23.34,0.69,,Muy bajo,,,Muy bajo,0.9,-0.99,-104.48,21.05,0,0,0,0,0,0
NAYARIT,18,AMATLAN DE CANAS,18003,11536,5668,49.13,5868,50.87,2904,25.17,6869,59.54,1761,15.27,51383.31,0.22,100,0.66,,29.11,1.07,,Muy bajo,,,Muy bajo,0.89,-0.91,-104.41,20.81,0,0,0,0,0,0
NAYARIT,18,COMPOSTELA,18004,77436,38866,50.19,38570,49.81,20642,26.66,48711,62.9,8033,10.37,186281.79,0.42,41.46,2.16,,36.52,1.91,,Muy bajo,,,Muy bajo,0.91,-0.89,-104.9,21.24,0,0,0,0,0,0
NAYARIT,18,HUAJICORI,18005,12230,5998,49.04,6232,50.96,4616,37.74,6703,54.81,911,7.45,221349.97,0.06,100,27.31,,76.78,31.85,,Muy alto,,,Muy alto,0.66,1.96,-105.32,22.64,0,0,0,0,0,0
NAYARIT,18,IXTLAN DEL RIO,18006,29299,15155,51.73,14144,48.27,7887,26.92,18412,62.84,2989,10.2,48858.55,0.6,13.04,1.67,,35.3,1.23,,Muy bajo,,,Muy bajo,0.92,-1.09,-104.37,21.04,0,0,0,0,0,0
NAYARIT,18,JALA,18007,19321,9768,50.56,9553,49.44,6134,31.75,11354,58.77,1832,9.48,49898.35,0.39,69.75,1.26,,55.04,5.19,,Bajo,,,Bajo,0.87,-0.29,-104.44,21.1,0,0,0,0,0,0
NAYARIT,18,XALISCO,18008,65229,33507,51.37,31722,48.63,17549,26.9,43260,66.32,4370,6.7,49897.48,1.31,26.15,1.82,,19.8,0.88,,Muy bajo,,,Muy bajo,0.93,-1.22,-104.9,21.44,0,0,0,0,0,0
NAYARIT,18,DEL NAYAR,18009,47550,24089,50.66,23461,49.34,20453,43.01,24963,52.5,2107,4.43,508976.8,0.09,100,89.56,,89.18,55.64,,Muy alto,,,Muy alto,0.45,5.07,-104.52,22.25,0,0,0,0,0,0
NAYARIT,18,ROSAMORADA,18010,33567,16484,49.11,17083,50.89,8990,26.78,20535,61.18,4034,12.02,175049.07,0.19,100,8.61,,39.57,5.07,,Bajo,,,Bajo,0.86,-0.58,-105.2,22.12,0,0,0,0,0,0
NAYARIT,18,RUIZ,18011,24096,11977,49.71,12119,50.29,7019,29.13,14810,61.46,2245,9.32,51531.59,0.47,39.09,14.75,,40.35,4.09,,Medio,,,Bajo,0.85,-0.32,-105.15,21.95,0,0,0,0,0,0
NAYARIT,18,SAN BLAS,18012,41518,20241,48.75,21277,51.25,10911,26.28,25964,62.54,4634,11.16,106758.33,0.39,73.66,3.02,,32.7,2.01,,Muy bajo,,,Bajo,0.89,-0.68,-105.29,21.54,0,0,0,0,0,0
NAYARIT,18,SAN PEDRO LAGUNILLAS,18013,7683,3761,48.95,3922,51.05,1798,23.4,4740,61.69,1145,14.9,51095.02,0.15,100,0.42,,34.67,1.15,,Muy bajo,,,Muy bajo,0.89,-0.92,-104.75,21.22,0,0,0,0,0,0
NAYARIT,18,SANTA MARIA DEL ORO,18014,24911,12362,49.62,12549,50.38,6655,26.72,15664,62.88,2592,10.41,108110.13,0.23,78.55,8.69,,29.82,1.75,,Bajo,,,Bajo,0.87,-0.62,-104.59,21.33,0,0,0,0,0,0
NAYARIT,18,SANTIAGO IXCUINTLA,18015,93981,46515,49.49,47466,50.51,23650,25.16,59003,62.78,11315,12.04,168749.83,0.56,70.74,1.73,,23.4,1.19,,Bajo,,,Muy bajo,0.88,-0.8,-105.21,21.81,0,0,0,0,0,0
NAYARIT,18,TECUALA,18016,37135,18293,49.26,18842,50.74,9129,24.58,22628,60.93,5375,14.47,97774.05,0.38,63.32,0.6,,31.93,1.74,,Muy bajo,,,Muy bajo,0.89,-0.88,-105.46,22.4,0,0,0,0,0,0
NAYARIT,18,TEPIC,18017,425924,218832,51.38,207092,48.62,103105,24.21,286095,67.17,36201,8.5,161928.72,2.63,10.99,3.84,,21.62,0.78,,Muy bajo,,,Muy bajo,0.94,-1.21,-104.89,21.51,0,0,0,0,0,0
NAYARIT,18,TUXPAN,18018,30064,15092,50.2,14972,49.8,7069,23.51,19203,63.87,3790,12.61,30715.87,0.98,26.78,1.08,,32.19,1.33,,Muy bajo,,,Muy bajo,0.9,-0.96,-105.3,21.94,0,0,0,0,0,0
NAYARIT,18,LA YESCA,18019,13719,6861,50.01,6858,49.99,4576,33.36,7954,57.98,1036,7.55,427506.24,0.03,100,44.97,,69.56,25.16,,Muy alto,,,Alto,0.7,1.74,-104.01,21.32,0,0,0,0,0,0
NAYARIT,18,BAHIA DE BANDERAS,18020,187632,93338,49.75,94294,50.25,54071,28.82,124376,66.29,8909,4.75,76389.87,2.46,14.92,2.16,,29.9,1.65,,Muy bajo,,,Muy bajo,0.93,-1.05,-105.25,20.81,0,0,0,0,0,0
NUEVO LEON,19,ABASOLO,19001,2974,1532,51.51,1442,48.49,797,26.8,1959,65.87,216,7.26,4644.99,0.64,100,0.77,,10.38,0.51,,Muy bajo,,,Muy bajo,0.91,-1.13,-100.4,25.95,0,0,0,0,0,0
NUEVO LEON,19,AGUALEGUAS,19002,3382,1692,50.03,1690,49.97,660,19.52,2048,60.56,674,19.93,97246.31,0.03,100,0.15,,8.71,0.43,,Muy bajo,,,Muy bajo,0.89,-0.93,-99.54,26.31,0,0,0,0,0,0
NUEVO LEON,19,LOS ALDAMAS,19003,1407,708,50.32,699,49.68,302,21.46,807,57.36,298,21.18,68832.54,0.02,100,0,,12.55,0.5,,Bajo,,,Muy bajo,0.89,-0.91,-99.2,26.06,0,0,0,0,0,0
NUEVO LEON,19,ALLENDE,19004,35289,17460,49.48,17829,50.52,8612,24.4,23332,66.12,3332,9.44,18855.91,1.87,18.27,0.98,,22.59,0.91,,Muy bajo,,,Muy bajo,0.94,-1.14,-100.01,25.29,0,0,0,0,0,0
NUEVO LEON,19,ANAHUAC,19005,18030,9178,50.9,8852,49.1,4936,27.38,11220,62.23,1874,10.39,450966.05,0.04,8.96,0.19,,33.27,1.56,,Muy bajo,,,Muy bajo,0.9,-0.83,-100.13,27.24,0,0,0,0,0,0
NUEVO LEON,19,APODACA,19006,656464,324951,49.5,331513,50.5,165677,25.24,466977,71.14,23584,3.59,22261.13,29.49,2.7,1.36,,14.21,0.8,,Muy bajo,,,Muy bajo,0.96,-1.51,-100.19,25.78,0,0,0,0,0,0
NUEVO LEON,19,ARAMBERRI,19007,14992,7325,48.86,7667,51.14,3917,26.13,8937,59.61,2138,14.26,265979.55,0.06,100,0.03,,54.78,10.01,,Medio,,,Bajo,0.83,-0.08,-99.82,24.1,0,0,0,0,0,0
NUEVO LEON,19,BUSTAMANTE,19008,3661,1837,50.18,1824,49.82,926,25.29,2225,60.78,505,13.79,46293.31,0.08,100,0.25,,31.84,1.08,,Muy bajo,,,Muy bajo,0.89,-0.91,-100.5,26.53,0,0,0,0,0,0
NUEVO LEON,19,CADEREYTA JIMENEZ,19009,122337,59960,49.01,62377,50.99,31008,25.35,83069,67.9,8175,6.68,112980.73,1.08,14.25,2.7,,21.09,1.42,,Muy bajo,,,Muy bajo,0.94,-1.16,-100,25.59,0,0,0,0,0,0
NUEVO LEON,19,EL CARMEN,19010,104478,51595,49.38,52883,50.62,34472,32.99,68399,65.47,1550,1.48,10331.22,10.11,1.27,8.56,,28.45,1.79,,Muy bajo,,,Muy bajo,0.94,-1.21,-100.36,25.93,0,0,0,0,0,0
NUEVO LEON,19,CERRALVO,19011,7340,3633,49.5,3707,50.5,1798,24.5,4668,63.6,874,11.91,99848.09,0.07,8.19,0.35,,11.01,0.92,,Muy bajo,,,Muy bajo,0.92,-0.9,-99.61,26.09,0,0,0,0,0,0
NUEVO LEON,19,CIENEGA DE FLORES,19012,68747,33541,48.79,35206,51.21,21399,31.13,45676,66.44,1664,2.42,13747.51,5,12,6.8,,23.69,1.58,,Muy bajo,,,Muy bajo,0.94,-1.16,-100.17,25.95,0,0,0,0,0,0
NUEVO LEON,19,CHINA,19013,9930,4969,50.04,4961,49.96,2437,24.54,6203,62.47,1290,12.99,422418.83,0.02,16.78,0.15,,17.22,1.02,,Muy bajo,,,Bajo,0.9,-0.56,-99.24,25.71,0,0,0,0,0,0
NUEVO LEON,19,DOCTOR ARROYO,19014,36088,18028,49.96,18060,50.04,10681,29.6,20995,58.18,4327,11.99,499901.77,0.07,67.24,0.14,,57.42,12.57,,Alto,,,Medio,0.82,0.19,-100.18,23.67,0,0,0,0,0,0
NUEVO LEON,19,DOCTOR COSS,19015,1360,703,51.69,657,48.31,302,22.21,804,59.12,254,18.68,71417.5,0.02,100,1.18,,13.91,0.98,,Bajo,,,Muy bajo,0.88,-0.77,-99.18,25.93,0,0,0,0,0,0
NUEVO LEON,19,DOCTOR GONZALEZ,19016,3256,1584,48.65,1672,51.35,812,24.94,2080,63.88,364,11.18,60901.17,0.05,100,1.54,,15.21,1.29,,Bajo,,,Muy bajo,0.88,-0.75,-99.94,25.86,0,0,0,0,0,0
NUEVO LEON,19,GALEANA,19017,40903,20459,50.02,20444,49.98,11467,28.03,24663,60.3,4771,11.66,699471.25,0.06,80.82,0.18,,41.57,5.53,,Medio,,,Bajo,0.85,-0.38,-100.08,24.83,0,0,0,0,0,0
NUEVO LEON,19,GARCIA,19018,397205,196497,49.47,200708,50.53,124731,31.4,264846,66.68,7494,1.89,102239.17,3.89,2.03,7.18,,22.58,1.32,,Muy bajo,,,Muy bajo,0.95,-1.32,-100.59,25.8,0,0,0,0,0,0
NUEVO LEON,19,SAN PEDRO GARZA GARCIA,19019,132169,69583,52.65,62586,47.35,21363,16.16,88198,66.73,17883,13.53,7010.7,18.85,0.03,1.64,,5.45,0.28,,Muy bajo,,,Muy bajo,0.97,-1.37,-100.4,25.67,0,0,0,0,0,0
NUEVO LEON,19,GENERAL BRAVO,19020,5506,2710,49.22,2796,50.78,1459,26.5,3360,61.02,678,12.31,187097.73,0.03,100,1.42,,18.28,1.46,,Bajo,,,Muy bajo,0.88,-0.88,-99.18,25.79,0,0,0,0,0,0
NUEVO LEON,19,GENERAL ESCOBEDO,19021,481213,239052,49.68,242161,50.32,127161,26.43,335149,69.65,18619,3.87,14753.96,32.62,1.86,3.14,,24.96,2.06,,Muy bajo,,,Muy bajo,0.95,-1.34,-100.32,25.81,0,0,0,0,0,0
NUEVO LEON,19,GENERAL TERAN,19022,14109,6994,49.57,7115,50.43,3240,22.96,8671,61.46,2198,15.58,245414.35,0.06,54,0.67,,12.28,0.94,,Muy bajo,,,Muy bajo,0.9,-0.81,-99.69,25.26,0,0,0,0,0,0
NUEVO LEON,19,GENERAL TREVINO,19023,1808,918,50.77,890,49.23,355,19.63,1093,60.45,360,19.91,38454.47,0.05,100,0,,10.81,0.76,,Muy bajo,,,Muy bajo,0.9,-0.72,-99.48,26.23,0,0,0,0,0,0
NUEVO LEON,19,GENERAL ZARAGOZA,19024,6282,3058,48.68,3224,51.32,1852,29.48,3718,59.18,712,11.33,129252.35,0.05,100,0.06,,65.71,19.62,,Alto,,,Medio,0.8,0.34,-99.77,23.97,0,0,0,0,0,0
NUEVO LEON,19,GENERAL ZUAZUA,19025,102149,50305,49.25,51844,50.75,30998,30.35,69267,67.81,1855,1.82,18280.07,5.59,1.66,7.13,,23.84,1.45,,Muy bajo,,,Muy bajo,0.94,-1.27,-100.11,25.9,0,0,0,0,0,0
NUEVO LEON,19,GUADALUPE,19026,643143,324150,50.4,318993,49.6,127651,19.85,446794,69.47,68613,10.67,11657.63,55.17,1.13,1.1,,15.8,0.78,,Muy bajo,,,Muy bajo,0.95,-1.41,-100.26,25.68,0,0,0,0,0,0
NUEVO LEON,19,LOS HERRERAS,19027,1959,970,49.52,989,50.48,385,19.65,1137,58.04,436,22.26,49199.54,0.04,100,0.15,,10.41,0.9,,Bajo,,,Muy bajo,0.88,-0.71,-99.4,25.91,0,0,0,0,0,0
NUEVO LEON,19,HIGUERAS,19028,1386,662,47.76,724,52.24,346,24.96,864,62.34,176,12.7,43919.13,0.03,100,3.1,,9.99,1.27,,Bajo,,,Muy bajo,0.88,-0.84,-100.01,25.96,0,0,0,0,0,0
NUEVO LEON,19,HUALAHUISES,19029,7026,3546,50.47,3480,49.53,1681,23.93,4390,62.48,954,13.58,12647.16,0.56,16.68,0.14,,23.69,0.56,,Muy bajo,,,Muy bajo,0.92,-1.06,-99.67,24.88,0,0,0,0,0,0
NUEVO LEON,19,ITURBIDE,19030,3298,1582,47.97,1716,52.03,826,25.05,2010,60.95,462,14.01,55461.92,0.06,100,0.3,,36.73,5.81,,Bajo,,,Bajo,0.86,-0.27,-99.91,24.73,0,0,0,0,0,0
NUEVO LEON,19,JUAREZ,19031,471523,233806,49.59,237717,50.41,139095,29.5,320791,68.03,11160,2.37,24492.77,19.25,3.22,4.06,,24.42,1.65,,Muy bajo,,,Muy bajo,0.95,-1.32,-100.09,25.65,0,0,0,0,0,0
NUEVO LEON,19,LAMPAZOS DE NARANJO,19032,5351,2694,50.35,2657,49.65,1439,26.89,3291,61.5,621,11.61,340359.48,0.02,4.95,0.07,,15.12,0.43,,Muy bajo,,,Muy bajo,0.91,-0.96,-100.5,27.03,0,0,0,0,0,0
NUEVO LEON,19,LINARES,19033,84666,42788,50.54,41878,49.46,20938,24.73,55679,65.76,8037,9.49,248323.47,0.34,16.88,0.17,,26.74,2.33,,Muy bajo,,,Muy bajo,0.92,-1.05,-99.57,24.86,0,0,0,0,0,0
NUEVO LEON,19,MARIN,19034,5119,2480,48.45,2639,51.55,1311,25.61,3371,65.85,436,8.52,26241.91,0.2,100,7.15,,9.84,0.61,,Muy bajo,,,Muy bajo,0.9,-1.09,-100.03,25.88,0,0,0,0,0,0
NUEVO LEON,19,MELCHOR OCAMPO,19035,1483,719,48.48,764,51.52,298,20.09,969,65.34,216,14.57,20593.47,0.07,100,0.2,,10.07,0.24,,Muy bajo,,,Muy bajo,0.9,-1.04,-99.54,26.06,0,0,0,0,0,0
NUEVO LEON,19,MIER Y NORIEGA,19036,7652,3857,50.41,3795,49.59,2533,33.1,4252,55.57,867,11.33,98707.62,0.08,100,0.17,,65.15,21.35,,Alto,,,Medio,0.81,0.35,-100.12,23.42,0,0,0,0,0,0
NUEVO LEON,19,MINA,19037,6048,2992,49.47,3056,50.53,1681,27.79,3865,63.91,502,8.3,382680.43,0.02,12.75,0.64,,16.04,1.92,,Muy bajo,,,Muy bajo,0.9,-0.79,-100.53,26,0,0,0,0,0,0
NUEVO LEON,19,MONTEMORELOS,19038,67428,33859,50.22,33569,49.78,15973,23.69,44670,66.25,6572,9.75,185003.89,0.36,19.22,0.57,,18.21,0.63,,Muy bajo,,,Muy bajo,0.93,-1.11,-99.83,25.19,0,0,0,0,0,0
NUEVO LEON,19,MONTERREY,19039,1142994,578189,50.59,564805,49.41,221453,19.37,775139,67.82,138010,12.07,32174.63,35.52,0,1.77,,19.22,1.77,,Muy bajo,,,Muy bajo,0.95,-1.33,-100.31,25.66,0,0,0,0,0,0
NUEVO LEON,19,PARAS,19040,906,449,49.56,457,50.44,175,19.32,526,58.06,205,22.63,116178.55,0.01,100,0.55,,7.32,0.25,,Muy bajo,,,Muy bajo,0.9,-0.91,-99.53,26.5,0,0,0,0,0,0
NUEVO LEON,19,PESQUERIA,19041,147624,71620,48.52,76004,51.48,46023,31.18,99022,67.08,2568,1.74,31976.33,4.62,6.69,9.15,,23.46,1.27,,Muy bajo,,,Muy bajo,0.94,-1.18,-100.05,25.78,0,0,0,0,0,0
NUEVO LEON,19,LOS RAMONES,19042,5389,2613,48.49,2776,51.51,1100,20.41,3294,61.12,995,18.46,132818.03,0.04,100,0.76,,20.72,2.08,,Muy bajo,,,Muy bajo,0.89,-0.78,-99.62,25.7,0,0,0,0,0,0
NUEVO LEON,19,RAYONES,19043,2377,1147,48.25,1230,51.75,595,25.03,1411,59.36,371,15.61,67612.03,0.04,100,0.21,,35.2,4.85,,Medio,,,Bajo,0.84,-0.05,-100.07,25.02,0,0,0,0,0,0
NUEVO LEON,19,SABINAS HIDALGO,19044,34709,17674,50.92,17035,49.08,7847,22.61,23069,66.46,3775,10.88,152898.7,0.23,3.42,0.33,,24.66,0.96,,Muy bajo,,,Muy bajo,0.93,-1.21,-100.18,26.5,0,0,0,0,0,0
NUEVO LEON,19,SALINAS VICTORIA,19045,86766,42631,49.13,44135,50.87,25834,29.77,58208,67.09,2648,3.05,165269.38,0.52,11.51,6.65,,27.38,1.84,,Muy bajo,,,Muy bajo,0.94,-1.18,-100.29,25.96,0,0,0,0,0,0
NUEVO LEON,19,SAN NICOLAS DE LOS GARZA,19046,412199,209241,50.76,202958,49.24,67049,16.27,290321,70.43,54766,13.29,5960.31,69.16,0,0.82,,10.84,0.37,,Muy bajo,,,Muy bajo,0.96,-1.46,-100.29,25.76,0,0,0,0,0,0
NUEVO LEON,19,HIDALGO,19047,16086,8004,49.76,8082,50.24,3923,24.39,10691,66.46,1470,9.14,16904.12,0.95,0.18,0.32,,23.3,1.15,,Muy bajo,,,Muy bajo,0.94,-1.15,-100.45,25.98,0,0,0,0,0,0
NUEVO LEON,19,SANTA CATARINA,19048,306322,153705,50.18,152617,49.82,70891,23.14,211902,69.18,20902,6.82,90698.28,3.38,0.74,2.69,,16.45,0.83,,Muy bajo,,,Muy bajo,0.95,-1.35,-100.46,25.67,0,0,0,0,0,0
NUEVO LEON,19,SANTIAGO,19049,46784,23324,49.85,23460,50.15,9980,21.33,30856,65.95,5462,11.67,73194.7,0.64,8.05,3.21,,12.4,0.73,,Muy bajo,,,Muy bajo,0.94,-1.16,-100.15,25.43,0,0,0,0,0,0
NUEVO LEON,19,VALLECILLO,19050,1552,732,47.16,820,52.84,328,21.13,937,60.37,287,18.49,175091.67,0.01,100,1.61,,11.61,0.9,,Bajo,,,Bajo,0.88,-0.69,-99.99,26.66,0,0,0,0,0,0
NUEVO LEON,19,VILLALDAMA,19051,3573,1786,49.99,1787,50.01,731,20.46,2227,62.33,612,17.13,87205.53,0.04,100,0.11,,12.36,0.98,,Muy bajo,,,Muy bajo,0.89,-0.98,-100.42,26.5,0,0,0,0,0,0
OAXACA,20,ABEJONES,20001,841,481,57.19,360,42.81,231,27.47,515,61.24,95,11.3,12636.59,0.07,100,96.91,,93.57,24.29,,Alto,,,Medio,0.82,0.82,-96.61,17.44,0,0,0,0,0,0
OAXACA,20,ACATLAN DE PEREZ FIGUEROA,20002,45167,23187,51.34,21980,48.66,12366,27.38,28469,63.03,4331,9.59,75218.99,0.6,70.41,18.93,,59.41,18.55,,Medio,,,Bajo,0.83,0.07,-96.61,18.54,0,0,0,0,0,0
OAXACA,20,ASUNCION CACALOTEPEC,20003,2547,1318,51.75,1229,48.25,688,27.01,1437,56.42,422,16.57,7644.42,0.33,100,98.31,,90.4,34.73,,Alto,,,Muy alto,0.78,1.87,-95.96,17.04,0,0,0,0,0,0
OAXACA,20,ASUNCION CUYOTEPEJI,20004,1107,584,52.76,523,47.24,276,24.93,659,59.53,172,15.54,8357.93,0.13,100,0.27,,63.23,15.77,,Medio,,,Bajo,0.85,-0.16,-97.67,17.93,0,0,0,0,0,0
OAXACA,20,ASUNCION IXTALTEPEC,20005,15261,7711,50.53,7550,49.47,3259,21.36,9589,62.83,2410,15.79,66097.67,0.23,50.1,68.19,,30.96,4.55,,Bajo,,,Bajo,0.88,-0.49,-95.06,16.5,0,0,0,0,0,0
OAXACA,20,ASUNCION NOCHIXTLAN,20006,20464,10887,53.2,9577,46.8,6149,30.05,12552,61.34,1760,8.6,34348.37,0.6,22.54,24.24,,75.9,22.15,,Medio,,,Bajo,0.85,-0.05,-97.23,17.46,0,0,0,0,0,0
OAXACA,20,ASUNCION OCOTLAN,20007,2395,1304,54.45,1091,45.55,517,21.59,1317,54.99,561,23.42,453.12,5.29,100,98.62,,83.6,41.15,,Muy alto,,,Muy alto,0.72,2.18,-96.72,16.76,0,0,0,0,0,0
OAXACA,20,ASUNCION TLACOLULITA,20008,734,379,51.63,355,48.37,159,21.66,403,54.9,172,23.43,19090.24,0.04,100,16.21,,70.44,17.61,,Medio,,,Medio,0.83,0.32,-95.73,16.3,0,0,0,0,0,0
OAXACA,20,AYOTZINTEPEC,20009,6857,3574,52.12,3283,47.88,2135,31.14,4175,60.89,547,7.98,15740.89,0.44,100,82.72,,94.16,45.3,,Alto,,,Medio,0.82,0.45,-96.13,17.68,0,0,0,0,0,0
OAXACA,20,EL BARRIO DE LA SOLEDAD,20010,13474,6972,51.74,6502,48.26,2917,21.65,8747,64.92,1809,13.43,25275.22,0.53,100,11.5,,23.14,4.62,,Bajo,,,Muy bajo,0.88,-0.86,-95.11,16.8,0,0,0,0,0,0
OAXACA,20,CALIHUALA,20011,1402,712,50.78,690,49.22,463,33.02,740,52.78,199,14.19,6767.12,0.21,100,48.64,,83.44,39.4,,Alto,,,Medio,0.77,0.82,-98.28,17.53,0,0,0,0,0,0
OAXACA,20,CANDELARIA LOXICHA,20012,11166,5716,51.19,5450,48.81,4255,38.11,6106,54.68,805,7.21,18217.89,0.61,100,79.37,,84.66,44.75,,Muy alto,,,Alto,0.73,1.77,-96.49,15.93,0,0,0,0,0,0
OAXACA,20,CIENEGA DE ZIMATLAN,20013,3043,1579,51.89,1464,48.11,698,22.94,1890,62.11,455,14.95,1029.09,2.96,100,1.94,,69.4,8.96,,Bajo,,,Bajo,0.86,-0.58,-96.77,16.9,0,0,0,0,0,0
OAXACA,20,CIUDAD IXTEPEC,20014,28082,14783,52.64,13299,47.36,6712,23.9,18325,65.26,3045,10.84,29504.89,0.95,7.36,40.72,,30.05,4.36,,Muy bajo,,,Muy bajo,0.9,-0.76,-95.1,16.57,0,0,0,0,0,0
OAXACA,20,COATECAS ALTAS,20015,5356,2829,52.82,2527,47.18,1587,29.63,3129,58.42,640,11.95,11981.85,0.45,100,63.95,,95.11,50.45,,Muy alto,,,Muy alto,0.73,2.01,-96.66,16.54,0,0,0,0,0,0
OAXACA,20,COICOYAN DE LAS FLORES,20016,9563,5103,53.36,4460,46.64,3884,40.61,5088,53.21,590,6.17,12622.22,0.76,100,99.8,,99.3,82.35,,Muy alto,,,Muy alto,0.67,3.3,-98.28,17.27,0,0,0,0,0,0
OAXACA,20,LA COMPANIA,20017,3607,1906,52.84,1701,47.16,960,26.61,2108,58.44,539,14.94,10454.52,0.35,100,1.58,,85.9,32.59,,Alto,,,Alto,0.78,1.03,-96.82,16.56,0,0,0,0,0,0
OAXACA,20,CONCEPCION BUENAVISTA,20018,752,377,50.13,375,49.87,209,27.79,390,51.86,153,20.35,22421.52,0.03,100,3.99,,75.9,23.8,,Alto,,,Medio,0.82,0.42,-97.4,17.88,0,0,0,0,0,0
OAXACA,20,CONCEPCION PAPALO,20019,2754,1378,50.04,1376,49.96,699,25.38,1605,58.28,450,16.34,17340.25,0.16,100,68.3,,93.08,34.53,,Alto,,,Medio,0.8,0.69,-96.88,17.84,0,0,0,0,0,0
OAXACA,20,CONSTANCIA DEL ROSARIO,20020,4847,2672,55.13,2175,44.87,1819,37.53,2678,55.25,350,7.22,5724.61,0.85,100,67.2,,78.34,42.96,,Alto,,,Medio,0.77,0.96,-97.94,17.04,0,0,0,0,0,0
OAXACA,20,COSOLAPA,20021,14488,7642,52.75,6846,47.25,3946,27.24,9274,64.01,1268,8.75,11175.28,1.3,42.54,8.31,,56.91,15.37,,Medio,,,Bajo,0.85,-0.3,-96.68,18.6,0,0,0,0,0,0
OAXACA,20,COSOLTEPEC,20022,803,418,52.05,385,47.95,174,21.67,385,47.95,244,30.39,11142.86,0.07,100,32.5,,75.89,23.55,,Medio,,,Bajo,0.84,0.07,-97.79,18.14,0,0,0,0,0,0
OAXACA,20,CUILAPAM DE GUERRERO,20023,26882,14019,52.15,12863,47.85,7146,26.58,17840,66.36,1896,7.05,4989.06,5.39,41.36,18.31,,57.41,20.09,,Alto,,,Medio,0.82,0.27,-96.78,17,0,0,0,0,0,0
OAXACA,20,CUYAMECALCO VILLA DE ZARAGOZA,20024,3644,1797,49.31,1847,50.69,1063,29.17,2067,56.72,514,14.11,7898.96,0.46,100,41.3,,93.74,46.53,,Alto,,,Alto,0.77,1.25,-96.83,17.97,0,0,0,0,0,0
OAXACA,20,CHAHUITES,20025,11356,5787,50.96,5569,49.04,3045,26.81,7155,63.01,1134,9.99,2278.14,4.98,2.66,11.31,,63.47,20.48,,Medio,,,Bajo,0.84,-0.07,-94.2,16.29,0,0,0,0,0,0
OAXACA,20,CHALCATONGO DE HIDALGO,20026,9035,4798,53.1,4237,46.9,2552,28.25,5376,59.5,1107,12.25,13360.04,0.68,100,65.87,,82.35,25.38,,Alto,,,Medio,0.82,0.7,-97.57,17.03,0,0,0,0,0,0
OAXACA,20,CHIQUIHUITLAN DE BENITO JUAREZ,20027,2179,1185,54.38,994,45.62,535,24.55,1274,58.47,370,16.98,3592.44,0.61,100,79.76,,88.75,32.2,,Alto,,,Alto,0.77,1.48,-96.75,18,0,0,0,0,0,0
OAXACA,20,HEROICA CIUDAD DE EJUTLA DE CRESPO,20028,23148,12069,52.14,11079,47.86,6608,28.55,13862,59.88,2678,11.57,31861.2,0.73,51.75,4.49,,66.08,19.75,,Alto,,,Medio,0.81,0.52,-96.73,16.56,0,0,0,0,0,0
OAXACA,20,ELOXOCHITLAN DE FLORES MAGON,20029,4215,2220,52.67,1995,47.33,1429,33.9,2309,54.78,477,11.32,3573.23,1.18,100,97.7,,91.13,48.32,,Muy alto,,,Muy alto,0.75,2.27,-96.88,18.18,0,0,0,0,0,0
OAXACA,20,EL ESPINAL,20030,8730,4491,51.44,4239,48.56,1905,21.82,5692,65.2,1133,12.98,5628.77,1.55,6.93,67.98,,24.36,2.34,,Muy bajo,,,Muy bajo,0.92,-1.02,-95.04,16.49,0,0,0,0,0,0
OAXACA,20,TAMAZULAPAM DEL ESPIRITU SANTO,20031,7185,3981,55.41,3204,44.59,2109,29.35,4240,59.01,836,11.64,11216.77,0.64,100,96.66,,88.77,31.5,,Alto,,,Alto,0.8,1.29,-96.07,17.05,0,0,0,0,0,0
OAXACA,20,FRESNILLO DE TRUJANO,20032,1077,539,50.05,538,49.95,295,27.39,585,54.32,197,18.29,6118.17,0.18,100,0.19,,75.32,18.99,,Alto,,,Medio,0.78,0.37,-98.14,17.91,0,0,0,0,0,0
OAXACA,20,GUADALUPE ETLA,20033,2929,1532,52.3,1397,47.7,643,21.95,2003,68.39,283,9.66,428.83,6.83,100,12.36,,25.11,4.2,,Muy bajo,,,Muy bajo,0.89,-0.89,-96.81,17.17,0,0,0,0,0,0
OAXACA,20,GUADALUPE DE RAMIREZ,20034,1288,674,52.33,614,47.67,352,27.33,688,53.42,248,19.25,3079.84,0.42,100,3.8,,68.26,14.48,,Medio,,,Bajo,0.84,-0.22,-98.16,17.76,0,0,0,0,0,0
OAXACA,20,GUELATAO DE JUAREZ,20035,657,332,50.53,325,49.47,223,33.94,373,56.77,61,9.28,451.05,1.46,100,31.96,,28.36,1.02,,Muy bajo,,,Muy bajo,0.91,-1.14,-96.49,17.32,0,0,0,0,0,0
OAXACA,20,GUEVEA DE HUMBOLDT,20036,5256,2771,52.72,2485,47.28,1586,30.18,3157,60.06,513,9.76,28160.4,0.19,100,78.52,,80.65,24.74,,Alto,,,Medio,0.81,0.8,-95.37,16.79,0,0,0,0,0,0
OAXACA,20,MESONES HIDALGO,20037,4424,2373,53.64,2051,46.36,1370,30.97,2545,57.53,509,11.51,17510.58,0.25,100,48.67,,87.19,42.9,,Alto,,,Alto,0.77,1,-97.97,16.92,0,0,0,0,0,0
OAXACA,20,VILLA HIDALGO,20038,1885,985,52.25,900,47.75,428,22.71,1192,63.24,265,14.06,5905.14,0.32,100,96.87,,77.27,19.88,,Alto,,,Medio,0.81,0.53,-96.18,17.19,0,0,0,0,0,0
OAXACA,20,HEROICA CIUDAD DE HUAJUAPAN DE LEON,20039,78313,41151,52.55,37162,47.45,21758,27.78,50131,64.01,6366,8.13,32541.27,2.41,28.28,13.33,,45.43,10.4,,Muy bajo,,,Muy bajo,0.89,-0.81,-97.78,17.81,0,0,0,0,0,0
OAXACA,20,HUAUTEPEC,20040,6385,3408,53.38,2977,46.62,2319,36.32,3505,54.89,561,8.79,4692.16,1.36,100,99.55,,97.47,75.29,,Muy alto,,,Muy alto,0.68,2.93,-96.8,18.1,0,0,0,0,0,0
OAXACA,20,HUAUTLA DE JIMENEZ,20041,31710,17082,53.87,14628,46.13,9482,29.9,18334,57.82,3894,12.28,14764.14,2.15,60.64,97.44,,82.05,40.08,,Muy alto,,,Muy alto,0.75,1.85,-96.85,18.13,0,0,0,0,0,0
OAXACA,20,IXTLAN DE JUAREZ,20042,8385,4349,51.87,4036,48.13,2528,30.15,5171,61.67,686,8.18,56228.73,0.15,100,68.78,,74.42,15.71,,Medio,,,Bajo,0.85,-0.07,-96.49,17.33,0,0,0,0,0,0
OAXACA,20,JUCHITAN DE ZARAGOZA,20043,113570,58954,51.91,54616,48.09,28905,25.45,75031,66.07,8737,7.69,48074.21,2.36,17.42,83.95,,50.86,16.03,,Bajo,,,Bajo,0.88,-0.6,-95.02,16.43,0,0,0,0,0,0
OAXACA,20,LOMA BONITA,20044,40934,21441,52.38,19493,47.62,10731,26.22,25652,62.67,4544,11.1,48500.93,0.84,23.12,7.82,,66.47,19.06,,Bajo,,,Bajo,0.86,-0.24,-95.88,18.11,0,0,0,0,0,0
OAXACA,20,MAGDALENA APASCO,20045,7888,4148,52.59,3740,47.41,1907,24.18,5383,68.24,598,7.58,2699.53,2.92,100,6.66,,27.14,1.92,,Muy bajo,,,Muy bajo,0.9,-0.99,-96.82,17.24,0,0,0,0,0,0
OAXACA,20,MAGDALENA JALTEPEC,20046,2943,1604,54.5,1339,45.5,658,22.36,1700,57.76,581,19.74,23487.81,0.13,100,15.12,,83.44,22.71,,Alto,,,Medio,0.82,0.43,-97.22,17.32,0,0,0,0,0,0
OAXACA,20,SANTA MAGDALENA JICOTLAN,20047,81,40,49.38,41,50.62,11,13.58,48,59.26,22,27.16,2673.69,0.03,100,1.23,,67.88,10.4,,Bajo,,,Bajo,0.87,-0.46,-97.47,17.81,0,0,0,0,0,0
OAXACA,20,MAGDALENA MIXTEPEC,20048,1433,741,51.71,692,48.29,556,38.8,768,53.59,109,7.61,4111.82,0.35,100,13.05,,95.69,56.23,,Alto,,,Muy alto,0.77,1.94,-96.91,16.9,0,0,0,0,0,0
OAXACA,20,MAGDALENA OCOTLAN,20049,1184,599,50.59,585,49.41,330,27.87,724,61.15,130,10.98,1036.37,1.14,100,23.48,,75.64,28.15,,Alto,,,Medio,0.81,0.75,-96.71,16.71,0,0,0,0,0,0
OAXACA,20,MAGDALENA PENASCO,20050,3750,1980,52.8,1770,47.2,1213,32.35,2129,56.77,408,10.88,8515.29,0.44,100,97.09,,91.29,29.7,,Alto,,,Alto,0.78,1.79,-97.55,17.24,0,0,0,0,0,0
OAXACA,20,MAGDALENA TEITIPAC,20051,4764,2543,53.38,2221,46.62,1558,32.7,2791,58.59,382,8.02,3944.1,1.21,100,98.47,,94.14,48.98,,Muy alto,,,Muy alto,0.7,1.99,-96.56,16.91,0,0,0,0,0,0
OAXACA,20,MAGDALENA TEQUISISTLAN,20052,5996,3057,50.98,2939,49.02,1482,24.72,3716,61.97,795,13.26,84445.02,0.07,100,8.06,,60.49,14.21,,Medio,,,Bajo,0.83,0.11,-95.6,16.4,0,0,0,0,0,0
OAXACA,20,MAGDALENA TLACOTEPEC,20053,1297,675,52.04,622,47.96,259,19.97,816,62.91,222,17.12,12486.57,0.1,100,34.54,,33.98,4.75,,Bajo,,,Bajo,0.87,-0.45,-95.2,16.5,0,0,0,0,0,0
OAXACA,20,MAGDALENA ZAHUATLAN,20054,404,215,53.22,189,46.78,93,23.02,241,59.65,70,17.33,2484.17,0.16,100,2.48,,84.39,24.4,,Medio,,,Medio,0.84,0.35,-97.23,17.39,0,0,0,0,0,0
OAXACA,20,MARISCALA DE JUAREZ,20055,3739,1952,52.21,1787,47.79,1079,28.86,2126,56.86,534,14.28,14403.81,0.26,100,0.99,,68.05,15.38,,Medio,,,Bajo,0.84,-0.22,-98.14,17.86,0,0,0,0,0,0
OAXACA,20,MARTIRES DE TACUBAYA,20056,1446,736,50.9,710,49.1,414,28.63,848,58.64,184,12.72,5774.19,0.25,100,5.39,,64.27,21.65,,Alto,,,Medio,0.8,0.17,-98.25,16.54,0,0,0,0,0,0
OAXACA,20,MATIAS ROMERO AVENDANO,20057,38183,20007,52.4,18176,47.6,10337,27.07,23567,61.72,4271,11.19,135717.93,0.28,54.1,25,,58.8,17.48,,Medio,,,Bajo,0.85,-0.36,-95.04,16.88,0,0,0,0,0,0
OAXACA,20,MAZATLAN VILLA DE FLORES,20058,12722,6489,51.01,6233,48.99,4013,31.54,7019,55.17,1690,13.28,18186.08,0.7,100,97.48,,95.57,56.47,,Muy alto,,,Muy alto,0.72,2.27,-96.91,18.03,0,0,0,0,0,0
OAXACA,20,MIAHUATLAN DE PORFIRIO DIAZ,20059,50375,25772,51.16,24603,48.84,14501,28.79,32003,63.53,3863,7.67,46951.27,1.07,42.17,19.05,,66.04,24.12,,Medio,,,Medio,0.84,0.24,-96.6,16.33,0,0,0,0,0,0
OAXACA,20,MIXISTLAN DE LA REFORMA,20060,2487,1345,54.08,1142,45.92,713,28.67,1509,60.68,265,10.66,6779.06,0.37,100,100,,89.29,28.29,,Alto,,,Alto,0.79,1.61,-96.11,17.15,0,0,0,0,0,0
OAXACA,20,MONJAS,20061,2893,1562,53.99,1331,46.01,909,31.42,1645,56.86,339,11.72,2252.61,1.28,100,5.63,,75.67,23.45,,Muy alto,,,Alto,0.75,1.51,-96.64,16.37,0,0,0,0,0,0
OAXACA,20,NATIVIDAD,20062,498,276,55.42,222,44.58,105,21.08,317,63.65,76,15.26,221.41,2.25,100,49.4,,46.14,4.41,,Bajo,,,Bajo,0.87,-0.65,-96.43,17.3,0,0,0,0,0,0
OAXACA,20,NAZARENO ETLA,20063,4293,2237,52.11,2056,47.89,898,20.92,2927,68.18,468,10.9,428.91,10.01,100,2.31,,40.36,5.16,,Muy bajo,,,Muy bajo,0.89,-1.03,-96.82,17.18,0,0,0,0,0,0
OAXACA,20,NEJAPA DE MADERO,20064,8494,4327,50.94,4167,49.06,2171,25.56,5346,62.94,977,11.5,50605.73,0.17,100,32.26,,66.73,13.77,,Medio,,,Medio,0.83,0.13,-95.98,16.61,0,0,0,0,0,0
OAXACA,20,IXPANTEPEC NIEVES,20065,1079,592,54.87,487,45.13,238,22.06,548,50.79,293,27.15,7252.67,0.15,100,94.72,,85.52,33.09,,Alto,,,Medio,0.78,0.63,-98.04,17.51,0,0,0,0,0,0
OAXACA,20,SANTIAGO NILTEPEC,20066,5342,2727,51.05,2615,48.95,1306,24.45,3170,59.34,844,15.8,54966.97,0.1,100,2.66,,65.49,12.18,,Medio,,,Bajo,0.84,-0.13,-94.61,16.56,0,0,0,0,0,0
OAXACA,20,OAXACA DE JUAREZ,20067,270955,145103,53.55,125852,46.45,59475,21.95,181878,67.12,27432,10.12,8965.77,30.22,1.31,18.46,,33.97,7.87,,Muy bajo,,,Muy bajo,0.92,-0.96,-96.73,17.06,0,0,0,0,0,0
OAXACA,20,OCOTLAN DE MORELOS,20068,23751,12414,52.27,11337,47.73,6175,26,15414,64.9,2159,9.09,11983.21,1.98,29.92,8.18,,51.59,15.42,,Medio,,,Bajo,0.84,0.08,-96.68,16.79,0,0,0,0,0,0
OAXACA,20,LA PE,20069,3052,1537,50.36,1515,49.64,1039,34.04,1814,59.44,199,6.52,2698.01,1.13,100,0.95,,89.65,29.05,,Alto,,,Alto,0.8,1.49,-96.8,16.63,0,0,0,0,0,0
OAXACA,20,PINOTEPA DE DON LUIS,20070,6416,3254,50.72,3162,49.28,1963,30.6,3741,58.31,711,11.08,6765.49,0.95,14.73,94.95,,83.89,39.8,,Alto,,,Medio,0.8,0.89,-97.98,16.43,0,0,0,0,0,0
OAXACA,20,PLUMA HIDALGO,20071,3255,1675,51.46,1580,48.54,985,30.26,1947,59.82,323,9.92,10389.98,0.31,100,9,,76.93,28.93,,Alto,,,Alto,0.77,1.49,-96.42,15.93,0,0,0,0,0,0
OAXACA,20,SAN JOSE DEL PROGRESO,20072,8059,4206,52.19,3853,47.81,2460,30.52,4989,61.91,610,7.57,10878.11,0.74,100,15.18,,79.28,27.06,,Alto,,,Alto,0.79,1.07,-96.69,16.69,0,0,0,0,0,0
OAXACA,20,PUTLA VILLA DE GUERRERO,20073,34652,18463,53.28,16189,46.72,10212,29.47,21124,60.96,3316,9.57,40755.49,0.85,63.27,39.93,,79.64,34.15,,Medio,,,Medio,0.84,0.17,-97.93,17.03,0,0,0,0,0,0
OAXACA,20,SANTA CATARINA QUIOQUITANI,20074,456,225,49.34,231,50.66,141,30.92,264,57.89,51,11.18,3862.22,0.12,100,99.34,,95.8,18.57,,Medio,,,Medio,0.85,0.3,-96.28,16.32,0,0,0,0,0,0
OAXACA,20,REFORMA DE PINEDA,20075,2660,1378,51.8,1282,48.2,568,21.35,1580,59.4,512,19.25,3351.07,0.79,100,6.24,,69.83,11.22,,Bajo,,,Bajo,0.86,-0.41,-94.46,16.4,0,0,0,0,0,0
OAXACA,20,LA REFORMA,20076,3411,1736,50.89,1675,49.11,977,28.64,2094,61.39,340,9.97,18720.33,0.18,100,3.02,,72.91,23.02,,Medio,,,Medio,0.83,0.15,-97.84,16.62,0,0,0,0,0,0
OAXACA,20,REYES ETLA,20077,4370,2265,51.83,2105,48.17,1101,25.19,2879,65.88,390,8.92,1198.25,3.65,100,8.19,,41.16,7.19,,Bajo,,,Bajo,0.86,-0.48,-96.81,17.21,0,0,0,0,0,0
OAXACA,20,ROJAS DE CUAUHTEMOC,20078,1301,668,51.35,633,48.65,271,20.83,869,66.79,161,12.38,1248.08,1.04,100,3.54,,26.45,2.64,,Bajo,,,Muy bajo,0.88,-0.72,-96.62,17.01,0,0,0,0,0,0
OAXACA,20,SALINA CRUZ,20079,84438,43995,52.1,40443,47.9,19945,23.62,56451,66.85,7979,9.45,12979.07,6.51,9.21,11.44,,26.99,4.6,,Muy bajo,,,Muy bajo,0.9,-0.85,-95.19,16.18,0,0,0,0,0,0
OAXACA,20,SAN AGUSTIN AMATENGO,20080,1593,810,50.85,783,49.15,366,22.98,891,55.93,336,21.09,5580.27,0.29,100,1.69,,73.98,19.98,,Alto,,,Medio,0.79,0.73,-96.79,16.51,0,0,0,0,0,0
OAXACA,20,SAN AGUSTIN ATENNANGO,20081,1871,963,51.47,908,48.53,438,23.41,1018,54.41,415,22.18,9643.59,0.19,100,84.77,,71.45,21.56,,Alto,,,Medio,0.8,0.47,-98.02,17.61,0,0,0,0,0,0
OAXACA,20,SAN AGUSTIN CHAYUCO,20082,4163,2140,51.41,2023,48.59,1183,28.42,2562,61.54,418,10.04,15158.6,0.27,100,67.31,,77.86,25.96,,Alto,,,Medio,0.81,0.6,-97.81,16.4,0,0,0,0,0,0
OAXACA,20,SAN AGUSTIN DE LAS JUNTAS,20083,11391,5884,51.65,5507,48.35,3013,26.45,7743,67.97,562,4.93,2603.69,4.37,24.48,21.03,,36.32,6.7,,Muy bajo,,,Muy bajo,0.9,-0.71,-96.71,17.01,0,0,0,0,0,0
OAXACA,20,SAN AGUSTIN ETLA,20084,4168,2184,52.4,1984,47.6,878,21.07,2779,66.67,511,12.26,5519.96,0.76,100,4.82,,29.56,2.57,,Muy bajo,,,Muy bajo,0.9,-1.15,-96.76,17.19,0,0,0,0,0,0
OAXACA,20,SAN AGUSTIN LOXICHA,20085,26194,13416,51.22,12778,48.78,10180,38.86,14407,55,1607,6.13,33779.8,0.78,100,97.6,,95.81,65.39,,Muy alto,,,Muy alto,0.71,2.62,-96.62,16.02,0,0,0,0,0,0
OAXACA,20,SAN AGUSTIN TLACOTEPEC,20086,1032,576,55.81,456,44.19,273,26.45,583,56.49,176,17.05,5145.86,0.2,100,83.14,,82.08,32.53,,Alto,,,Alto,0.82,0.99,-97.52,17.2,0,0,0,0,0,0
OAXACA,20,SAN AGUSTIN YATARENI,20087,5521,2931,53.09,2590,46.91,1485,26.9,3655,66.2,381,6.9,640.69,8.62,100,27.21,,76.02,24.66,,Alto,,,Bajo,0.81,-0.03,-96.67,17.08,0,0,0,0,0,0
OAXACA,20,SAN ANDRES CABECERA NUEVA,20088,2881,1486,51.58,1395,48.42,859,29.82,1662,57.69,360,12.5,26130.03,0.11,100,6.84,,88.97,37.11,,Alto,,,Alto,0.79,1.09,-97.68,16.89,0,0,0,0,0,0
OAXACA,20,SAN ANDRES DINICUITI,20089,2308,1185,51.34,1123,48.66,598,25.91,1424,61.7,286,12.39,9921.48,0.23,100,3.9,,84.78,29.28,,Medio,,,Bajo,0.84,-0.07,-97.73,17.69,0,0,0,0,0,0
OAXACA,20,SAN ANDRES HUAXPALTEPEC,20090,6234,3240,51.97,2994,48.03,1776,28.49,3899,62.54,559,8.97,8802.94,0.71,100,48.6,,76.15,24.98,,Alto,,,Medio,0.79,0.43,-97.92,16.33,0,0,0,0,0,0
OAXACA,20,SAN ANDRES HUAYAPAM,20091,6279,3279,52.22,3000,47.78,1331,21.2,4345,69.2,567,9.03,2761.4,2.27,9.24,20.15,,26.96,3.05,,Muy bajo,,,Muy bajo,0.93,-1.14,-96.67,17.1,0,0,0,0,0,0
OAXACA,20,SAN ANDRES IXTLAHUACA,20092,1776,931,52.42,845,47.58,444,25,1052,59.23,280,15.77,2885.79,0.62,100,29.5,,54.23,12.72,,Medio,,,Medio,0.84,0.14,-96.83,17.07,0,0,0,0,0,0
OAXACA,20,SAN ANDRES LAGUNAS,20093,518,271,52.32,247,47.68,124,23.94,289,55.79,105,20.27,5000.5,0.1,100,0.97,,85.06,24.19,,Medio,,,Medio,0.85,0.92,-97.52,17.57,0,0,0,0,0,0
OAXACA,20,SAN ANDRES NUXINO,20094,1850,968,52.32,882,47.68,513,27.73,1049,56.7,288,15.57,6406.7,0.29,100,50.38,,95.55,30,,Medio,,,Alto,0.83,1.08,-97.11,17.24,0,0,0,0,0,0
OAXACA,20,SAN ANDRES PAXTLAN,20095,4562,2267,49.69,2295,50.31,1354,29.68,2855,62.58,353,7.74,5737.58,0.8,100,89.06,,94.31,47.62,,Alto,,,Muy alto,0.76,2.28,-96.51,16.22,0,0,0,0,0,0
OAXACA,20,SAN ANDRES SINAXTLA,20096,756,402,53.17,354,46.83,194,25.66,456,60.32,106,14.02,2260.89,0.33,100,7.14,,50.72,6.93,,Bajo,,,Bajo,0.87,-0.6,-97.28,17.47,0,0,0,0,0,0
OAXACA,20,SAN ANDRES SOLAGA,20097,1771,914,51.61,857,48.39,382,21.57,1027,57.99,362,20.44,4867.21,0.36,100,96.44,,75.88,19.39,,Medio,,,Medio,0.82,0.66,-96.24,17.27,0,0,0,0,0,0
OAXACA,20,SAN ANDRES TEOTILALPAM,20098,4233,2239,52.89,1994,47.11,1288,30.43,2464,58.21,481,11.36,14528.68,0.29,100,74.94,,90.71,44.25,,Alto,,,Alto,0.79,1.45,-96.66,17.95,0,0,0,0,0,0
OAXACA,20,SAN ANDRES TEPETLAPA,20099,381,198,51.97,183,48.03,113,29.66,210,55.12,58,15.22,1439.08,0.26,100,0.26,,96.73,50.36,,Muy alto,,,Alto,0.76,1.38,-98.39,17.67,0,0,0,0,0,0
OAXACA,20,SAN ANDRES YAA,20100,393,209,53.18,184,46.82,69,17.56,200,50.89,124,31.55,4097.46,0.1,100,100,,78.25,17.56,,Alto,,,Alto,0.78,1.29,-96.15,17.29,0,0,0,0,0,0
OAXACA,20,SAN ANDRES ZABACHE,20101,748,411,54.95,337,45.05,185,24.73,456,60.96,107,14.3,708.46,1.06,100,32.89,,86.01,41.78,,Alto,,,Alto,0.78,1.28,-96.86,16.6,0,0,0,0,0,0
OAXACA,20,SAN ANDRES ZAUTLA,20102,5326,2771,52.03,2555,47.97,1308,24.56,3518,66.05,500,9.39,6946.14,0.77,100,14.57,,44.19,9.38,,Medio,,,Bajo,0.84,-0.05,-96.86,17.19,0,0,0,0,0,0
OAXACA,20,SAN ANTONINO CASTILLO VELASCO,20103,6064,3182,52.47,2882,47.53,1537,25.35,3896,64.25,631,10.41,1137.15,5.33,4.29,31.63,,71.77,24.06,,Alto,,,Medio,0.78,0.79,-96.68,16.8,0,0,0,0,0,0
OAXACA,20,SAN ANTONINO EL ALTO,20104,2705,1359,50.24,1346,49.76,805,29.76,1683,62.22,217,8.02,10554.63,0.26,100,67.73,,89.55,30.69,,Alto,,,Alto,0.81,1.2,-97.03,16.82,0,0,0,0,0,0
OAXACA,20,SAN ANTONINO MONTE VERDE,20105,7678,4146,54,3532,46,2493,32.47,4502,58.64,683,8.9,10969.36,0.7,100,98.83,,93.27,36.1,,Medio,,,Medio,0.83,0.48,-97.72,17.53,0,0,0,0,0,0
OAXACA,20,SAN ANTONIO ACUTLA,20106,249,123,49.4,126,50.6,52,20.88,156,62.65,41,16.47,1646.43,0.15,100,12.85,,55.59,2.93,,Medio,,,Medio,0.84,0.47,-97.5,17.74,0,0,0,0,0,0
OAXACA,20,SAN ANTONIO DE LA CAL,20107,26282,13890,52.85,12392,47.15,7062,26.87,17612,67.01,1484,5.65,1102.01,23.85,7.09,20.96,,49.9,13.26,,Muy bajo,,,Bajo,0.89,-0.62,-96.7,17.03,0,0,0,0,0,0
OAXACA,20,SAN ANTONIO HUITEPEC,20108,2936,1582,53.88,1354,46.12,872,29.7,1559,53.1,505,17.2,19180.47,0.15,100,64.61,,88.05,30.94,,Alto,,,Medio,0.81,0.84,-97.15,16.93,0,0,0,0,0,0
OAXACA,20,SAN ANTONIO NNANAHUATIPAM,20109,1232,627,50.89,605,49.11,313,25.41,782,63.47,137,11.12,7703.26,0.16,100,16.64,,57.7,13.3,,Medio,,,Bajo,0.85,-0.3,-97.12,18.13,0,0,0,0,0,0
OAXACA,20,SAN ANTONIO SINICAHUA,20110,1668,928,55.64,740,44.36,626,37.53,898,53.84,144,8.63,2927.42,0.57,100,96.28,,96.27,53.32,,Muy alto,,,Muy alto,0.72,2.42,-97.57,17.15,0,0,0,0,0,0
OAXACA,20,SAN ANTONIO TEPETLAPA,20111,4873,2557,52.47,2316,47.53,1584,32.51,2860,58.69,429,8.8,6966.88,0.7,100,92.74,,93.56,50.97,,Muy alto,,,Alto,0.76,1.33,-98.07,16.54,0,0,0,0,0,0
OAXACA,20,SAN BALTAZAR CHICHICAPAM,20112,2576,1351,52.45,1225,47.55,452,17.55,1648,63.98,476,18.48,9243.59,0.28,100,98.52,,85.73,33.34,,Alto,,,Medio,0.82,0.42,-96.49,16.76,0,0,0,0,0,0
OAXACA,20,SAN BALTAZAR LOXICHA,20113,3169,1644,51.88,1525,48.12,965,30.45,1933,61,271,8.55,12161.71,0.26,100,35.06,,86.47,24.88,,Medio,,,Medio,0.83,0.64,-96.79,16.07,0,0,0,0,0,0
OAXACA,20,SAN BALTAZAR YATZACHI EL BAJO,20114,674,349,51.78,325,48.22,138,20.47,360,53.41,176,26.11,3035.74,0.22,100,97.33,,73.05,15.54,,Medio,,,Medio,0.83,0.24,-96.22,17.23,0,0,0,0,0,0
OAXACA,20,SAN BARTOLO COYOTEPEC,20115,10391,5393,51.9,4998,48.1,2539,24.43,7051,67.86,764,7.35,3143.17,3.31,100,9.29,,37.26,7.79,,Bajo,,,Muy bajo,0.88,-0.81,-96.71,16.96,0,0,0,0,0,0
OAXACA,20,SAN BARTOLOME AYAUTLA,20116,4131,2180,52.77,1951,47.23,1354,32.78,2313,55.99,464,11.23,5729.68,0.72,100,99.3,,97.18,68.6,,Muy alto,,,Muy alto,0.75,2.02,-96.67,18.03,0,0,0,0,0,0
OAXACA,20,SAN BARTOLOME LOXICHA,20117,2213,1143,51.65,1070,48.35,662,29.91,1328,60.01,223,10.08,15714.63,0.14,100,89.74,,80.69,27.41,,Alto,,,Alto,0.78,1.4,-96.71,15.97,0,0,0,0,0,0
OAXACA,20,SAN BARTOLOME QUIALANA,20118,2389,1395,58.39,994,41.61,572,23.94,1475,61.74,342,14.32,2393.62,1,100,98.62,,74.69,24.15,,Alto,,,Medio,0.8,0.44,-96.5,16.9,0,0,0,0,0,0
OAXACA,20,SAN BARTOLOME YUCUANE,20119,735,410,55.78,325,44.22,126,17.14,488,66.39,121,16.46,8600.13,0.09,100,94.69,,84.7,39,,Alto,,,Medio,0.82,0.83,-97.45,17.24,0,0,0,0,0,0
OAXACA,20,SAN BARTOLOME ZOOGOCHO,20120,449,207,46.1,242,53.9,166,36.97,214,47.66,69,15.37,874.94,0.51,100,64.14,,85.2,30.34,,Medio,,,Medio,0.84,0.16,-96.24,17.24,0,0,0,0,0,0
OAXACA,20,SAN BARTOLO SOYALTEPEC,20121,596,307,51.51,289,48.49,114,19.13,342,57.38,140,23.49,7490.19,0.08,100,53.36,,58.49,8.7,,Medio,,,Bajo,0.84,0.08,-97.31,17.59,0,0,0,0,0,0
OAXACA,20,SAN BARTOLO YAUTEPEC,20122,653,332,50.84,321,49.16,175,26.8,357,54.67,121,18.53,9377.98,0.07,100,47.47,,85.8,13.22,,Medio,,,Bajo,0.84,0.01,-95.97,16.43,0,0,0,0,0,0
OAXACA,20,SAN BERNARDO MIXTEPEC,20123,2829,1474,52.1,1355,47.9,884,31.25,1615,57.09,330,11.66,10897.36,0.26,100,7.03,,81.78,25.81,,Alto,,,Medio,0.81,0.51,-96.9,16.82,0,0,0,0,0,0
OAXACA,20,SAN BLAS ATEMPA,20124,19696,9925,50.39,9771,49.61,5377,27.3,12824,65.11,1458,7.4,20924.62,0.94,33.4,97.75,,66.87,22.91,,Muy alto,,,Alto,0.74,1.4,-95.23,16.33,0,0,0,0,0,0
OAXACA,20,SAN CARLOS YAUTEPEC,20125,11662,5796,49.7,5866,50.3,3642,31.23,6841,58.66,1179,10.11,231440.88,0.05,100,62.25,,91.98,35.99,,Alto,,,Alto,0.77,1.41,-96.11,16.5,0,0,0,0,0,0
OAXACA,20,SAN CRISTOBAL AMATLAN,20126,5396,2818,52.22,2578,47.78,1742,32.28,3173,58.8,481,8.91,13741.7,0.39,100,93.35,,93.15,32.61,,Muy alto,,,Muy alto,0.76,2.17,-96.41,16.32,0,0,0,0,0,0
OAXACA,20,SAN CRISTOBAL AMOLTEPEC,20127,1252,676,53.99,576,46.01,381,30.43,729,58.23,142,11.34,3182.01,0.39,100,93.93,,95.72,39.53,,Alto,,,Muy alto,0.78,1.96,-97.57,17.28,0,0,0,0,0,0
OAXACA,20,SAN CRISTOBAL LACHIRIOAG,20128,1342,706,52.61,636,47.39,316,23.55,791,58.94,235,17.51,1685.54,0.8,100,93.82,,69.6,8.83,,Medio,,,Bajo,0.85,-0.16,-96.17,17.34,0,0,0,0,0,0
OAXACA,20,SAN CRISTOBAL SUCHIXTLAHUACA,20129,356,181,50.84,175,49.16,98,27.53,200,56.18,58,16.29,5304.89,0.07,100,7.02,,64.06,6.34,,Bajo,,,Muy bajo,0.88,-0.72,-97.37,17.73,0,0,0,0,0,0
OAXACA,20,SAN DIONISIO DEL MAR,20130,5180,2593,50.06,2587,49.94,1496,28.88,3189,61.56,495,9.56,22609.11,0.23,100,72.3,,83.15,30.53,,Muy alto,,,Medio,0.76,0.87,-94.76,16.32,0,0,0,0,0,0
OAXACA,20,SAN DIONISIO OCOTEPEC,20131,11411,5998,52.56,5413,47.44,2951,25.86,7458,65.36,1001,8.77,31121.99,0.37,47.77,98.7,,93.52,45.66,,Alto,,,Alto,0.79,1,-96.4,16.8,0,0,0,0,0,0
OAXACA,20,SAN DIONISIO OCOTLAN,20132,1380,714,51.74,666,48.26,338,24.49,887,64.28,155,11.23,1010.91,1.37,100,10.07,,50.91,13.39,,Medio,,,Bajo,0.83,0.1,-96.68,16.75,0,0,0,0,0,0
OAXACA,20,SAN ESTEBAN ATATLAHUCA,20133,3934,2056,52.26,1878,47.74,1163,29.56,2267,57.63,501,12.74,10939.41,0.36,100,96.47,,93.06,39.71,,Alto,,,Muy alto,0.78,2.09,-97.68,17.07,0,0,0,0,0,0
OAXACA,20,SAN FELIPE JALAPA DE DIAZ,20134,28500,15095,52.96,13405,47.04,9751,34.21,16876,59.21,1872,6.57,13419.34,2.12,75.92,97.61,,96.83,71.34,,Muy alto,,,Muy alto,0.74,1.85,-96.54,18.07,0,0,0,0,0,0
OAXACA,20,SAN FELIPE TEJALAPAM,20135,8231,4291,52.13,3940,47.87,2318,28.16,5182,62.96,731,8.88,9951.88,0.83,100,4.39,,76.7,29.77,,Medio,,,Medio,0.84,0.32,-96.85,17.11,0,0,0,0,0,0
OAXACA,20,SAN FELIPE USILA,20136,12191,6343,52.03,5848,47.97,3900,31.99,7012,57.52,1278,10.48,44699.41,0.27,55.61,98.24,,91.72,46.03,,Alto,,,Alto,0.82,1.16,-96.53,17.88,0,0,0,0,0,0
OAXACA,20,SAN FRANCISCO CAHUACUA,20137,3450,1753,50.81,1697,49.19,1052,30.49,2014,58.38,384,11.13,28101.9,0.12,100,2.67,,93.53,48.24,,Alto,,,Alto,0.77,1.51,-97.31,16.89,0,0,0,0,0,0
OAXACA,20,SAN FRANCISCO CAJONOS,20138,451,239,52.99,212,47.01,83,18.4,252,55.88,116,25.72,4471.61,0.1,100,94.46,,76.38,16.6,,Medio,,,Medio,0.84,0.14,-96.25,17.17,0,0,0,0,0,0
OAXACA,20,SAN FRANCISCO CHAPULAPA,20139,2195,1134,51.66,1061,48.34,746,33.99,1239,56.45,210,9.57,6236.49,0.35,100,19.04,,96.19,48.78,,Alto,,,Alto,0.77,1.32,-96.75,17.94,0,0,0,0,0,0
OAXACA,20,SAN FRANCISCO CHINDUA,20140,812,415,51.11,397,48.89,209,25.74,500,61.58,103,12.68,2258.52,0.36,100,1.11,,84.33,28.68,,Medio,,,Medio,0.85,0.54,-97.31,17.43,0,0,0,0,0,0
OAXACA,20,SAN FRANCISCO DEL MAR,20141,8710,4336,49.78,4374,50.22,2806,32.22,5287,60.7,617,7.08,46584.44,0.19,37.3,29.21,,70.85,19.68,,Alto,,,Medio,0.78,0.8,-94.63,16.23,0,0,0,0,0,0
OAXACA,20,SAN FRANCISCO HUEHUETLAN,20142,842,464,55.11,378,44.89,179,21.26,448,53.21,215,25.53,1422.74,0.59,100,99.05,,96.27,43.62,,Alto,,,Alto,0.77,1.56,-96.95,18.2,0,0,0,0,0,0
OAXACA,20,SAN FRANCISCO IXHUATAN,20143,9461,4695,49.62,4766,50.38,2420,25.58,5921,62.58,1120,11.84,21357.41,0.44,42.57,18.38,,65.75,16.82,,Bajo,,,Bajo,0.86,-0.17,-94.48,16.35,0,0,0,0,0,0
OAXACA,20,SAN FRANCISCO JALTEPETONGO,20144,1075,561,52.19,514,47.81,279,25.95,577,53.67,219,20.37,4745.87,0.23,100,21.21,,88.63,25.72,,Alto,,,Medio,0.81,0.67,-97.26,17.39,0,0,0,0,0,0
OAXACA,20,SAN FRANCISCO LACHIGOLO,20145,5215,2713,52.02,2502,47.98,1347,25.83,3535,67.79,333,6.39,1147.45,4.54,2.38,32.21,,49.19,9.5,,Muy bajo,,,Bajo,0.89,-0.6,-96.6,17.01,0,0,0,0,0,0
OAXACA,20,SAN FRANCISCO LOGUECHE,20146,2803,1479,52.76,1324,47.24,902,32.18,1735,61.9,166,5.92,4099.84,0.68,100,98.93,,93.83,41.45,,Alto,,,Muy alto,0.78,1.87,-96.38,16.35,0,0,0,0,0,0
OAXACA,20,SAN FRANCISCO NUXANO,20147,376,183,48.67,193,51.33,92,24.47,208,55.32,76,20.21,2261.67,0.17,100,0,,84.81,13.55,,Medio,,,Medio,0.85,0.41,-97.34,17.38,0,0,0,0,0,0
OAXACA,20,SAN FRANCISCO OZOLOTEPEC,20148,2182,1142,52.34,1040,47.66,800,36.66,1213,55.59,169,7.75,4974.59,0.44,100,96.2,,90.21,33.12,,Alto,,,Alto,0.78,1.36,-96.22,16.1,0,0,0,0,0,0
OAXACA,20,SAN FRANCISCO SOLA,20149,2019,1072,53.1,947,46.9,649,32.14,1176,58.25,194,9.61,10744.62,0.19,100,3.02,,74.4,31.91,,Alto,,,Alto,0.77,0.97,-96.97,16.51,0,0,0,0,0,0
OAXACA,20,SAN FRANCISCO TELIXTLAHUACA,20150,13856,7182,51.83,6674,48.17,3871,27.94,8939,64.51,1046,7.55,19304.08,0.72,9.97,4.54,,63.07,14.66,,Muy bajo,,,Bajo,0.89,-0.43,-96.9,17.3,0,0,0,0,0,0
OAXACA,20,SAN FRANCISCO TEOPAN,20151,312,151,48.4,161,51.6,70,22.44,179,57.37,63,20.19,8615.39,0.04,100,0,,99.25,44.13,,Alto,,,Medio,0.81,0.57,-97.49,17.85,0,0,0,0,0,0
OAXACA,20,SAN FRANCISCO TLAPANCINGO,20152,2472,1328,53.72,1144,46.28,860,34.79,1359,54.98,253,10.23,9964.41,0.25,100,73.62,,93.4,56.7,,Muy alto,,,Alto,0.72,1.67,-98.27,17.48,0,0,0,0,0,0
OAXACA,20,SAN GABRIEL MIXTEPEC,20153,4910,2515,51.22,2395,48.78,1579,32.16,2961,60.31,370,7.54,17946.52,0.27,100,4.79,,75.47,19.38,,Medio,,,Medio,0.84,0.19,-97.08,16.09,0,0,0,0,0,0
OAXACA,20,SAN ILDEFONSO AMATLAN,20154,2329,1250,53.67,1079,46.33,700,30.06,1338,57.45,291,12.49,6139.71,0.38,100,50.84,,88.97,30.7,,Alto,,,Alto,0.81,1.07,-96.49,16.33,0,0,0,0,0,0
OAXACA,20,SAN ILDEFONSO SOLA,20155,1060,547,51.6,513,48.4,330,31.13,643,60.66,87,8.21,3885.73,0.27,100,3.49,,87.01,48.71,,Muy alto,,,Alto,0.74,1.37,-96.98,16.52,0,0,0,0,0,0
OAXACA,20,SAN ILDEFONSO VILLA ALTA,20156,3677,1898,51.62,1779,48.38,879,23.91,2318,63.04,480,13.05,9398.04,0.39,100,80.55,,57.37,13.16,,Medio,,,Bajo,0.85,-0.04,-96.15,17.34,0,0,0,0,0,0
OAXACA,20,SAN JACINTO AMILPAS,20157,16827,8838,52.52,7989,47.48,3936,23.39,11740,69.77,1097,6.52,416.27,40.42,0,15.23,,22.78,3,,Muy bajo,,,Muy bajo,0.93,-1.15,-96.76,17.1,0,0,0,0,0,0
OAXACA,20,SAN JACINTO TLACOTEPEC,20158,2233,1158,51.86,1075,48.14,678,30.36,1347,60.32,208,9.31,6384.14,0.35,100,7.88,,79.45,23.26,,Alto,,,Medio,0.81,0.67,-97.39,16.52,0,0,0,0,0,0
OAXACA,20,SAN JERONIMO COATLAN,20159,5537,2836,51.22,2701,48.78,1864,33.66,3297,59.54,376,6.79,58675.33,0.09,100,5.71,,91.4,42.55,,Alto,,,Alto,0.77,1.25,-96.87,16.23,0,0,0,0,0,0
OAXACA,20,SAN JERONIMO SILACAYOAPILLA,20160,1429,730,51.08,699,48.92,380,26.59,840,58.78,209,14.63,5845.87,0.24,100,0.56,,65.84,10.91,,Medio,,,Bajo,0.84,-0.06,-97.85,17.81,0,0,0,0,0,0
OAXACA,20,SAN JERONIMO SOSOLA,20161,2730,1425,52.2,1305,47.8,660,24.18,1603,58.72,467,17.11,22017.73,0.12,100,3.44,,81.45,19.97,,Alto,,,Medio,0.82,0.46,-97.03,17.37,0,0,0,0,0,0
OAXACA,20,SAN JERONIMO TAVICHE,20162,2046,1059,51.76,987,48.24,637,31.13,1265,61.83,144,7.04,7294.52,0.28,100,30.25,,92.02,45.46,,Muy alto,,,Alto,0.76,1.32,-96.59,16.71,0,0,0,0,0,0
OAXACA,20,SAN JERONIMO TECOATL,20163,1577,845,53.58,732,46.42,490,31.07,880,55.8,207,13.13,1778.37,0.89,100,93.28,,87.44,47.06,,Alto,,,Alto,0.79,1.4,-96.91,18.17,0,0,0,0,0,0
OAXACA,20,SAN JORGE NUCHITA,20164,2881,1540,53.45,1341,46.55,834,28.95,1652,57.34,395,13.71,5571.97,0.52,100,82.12,,88.29,41.67,,Alto,,,Medio,0.8,0.46,-98.11,17.66,0,0,0,0,0,0
OAXACA,20,SAN JOSE AYUQUILA,20165,1629,864,53.04,765,46.96,499,30.63,915,56.17,215,13.2,2178.18,0.75,100,1.84,,80.52,21.68,,Alto,,,Medio,0.8,0.37,-97.97,17.94,0,0,0,0,0,0
OAXACA,20,SAN JOSE CHILTEPEC,20166,11310,5849,51.72,5461,48.28,2919,25.81,7311,64.64,1080,9.55,19287,0.59,100,55.2,,58.11,18.08,,Medio,,,Bajo,0.84,-0.07,-96.17,17.95,0,0,0,0,0,0
OAXACA,20,SAN JOSE DEL PENASCO,20167,2149,1127,52.44,1022,47.56,679,31.6,1301,60.54,169,7.86,2863.53,0.75,100,5.91,,76.7,19.43,,Alto,,,Alto,0.78,1.67,-96.5,16.32,0,0,0,0,0,0
OAXACA,20,SAN JOSE ESTANCIA GRANDE,20168,938,481,51.28,457,48.72,308,32.84,518,55.22,112,11.94,6616.3,0.14,100,7.25,,61.52,17.78,,Alto,,,Medio,0.79,0.8,-98.25,16.37,0,0,0,0,0,0
OAXACA,20,SAN JOSE INDEPENDENCIA,20169,4251,2198,51.71,2053,48.29,1485,34.93,2292,53.92,474,11.15,5378.93,0.79,100,95.95,,91.33,55.95,,Muy alto,,,Muy alto,0.66,3.19,-96.65,18.24,0,0,0,0,0,0
OAXACA,20,SAN JOSE LACHIGUIRI,20170,3700,1948,52.65,1752,47.35,979,26.46,2353,63.59,368,9.95,7778.91,0.48,100,99.03,,96.41,53.69,,Muy alto,,,Muy alto,0.7,2.79,-96.34,16.38,0,0,0,0,0,0
OAXACA,20,SAN JOSE TENNANGO,20171,18102,9536,52.68,8566,47.32,6350,35.08,9659,53.36,2093,11.56,25729.54,0.7,100,98.43,,96.56,73.55,,Muy alto,,,Muy alto,0.59,3.99,-96.72,18.15,0,0,0,0,0,0
OAXACA,20,SAN JUAN ACHIUTLA,20172,408,205,50.25,203,49.75,59,14.46,246,60.29,103,25.25,3563.34,0.11,100,9.8,,75.54,15.52,,Bajo,,,Bajo,0.86,-0.2,-97.51,17.34,0,0,0,0,0,0
OAXACA,20,SAN JUAN ATEPEC,20173,1457,752,51.61,705,48.39,338,23.2,856,58.75,263,18.05,13422.22,0.11,100,95.68,,83.49,15.14,,Medio,,,Medio,0.84,0.23,-96.54,17.43,0,0,0,0,0,0
OAXACA,20,ANIMAS TRUJANO,20174,4564,2394,52.45,2170,47.55,1068,23.4,3119,68.34,374,8.19,302.61,15.08,100,11.59,,39.85,7.13,,Muy bajo,,,Muy bajo,0.89,-0.96,-96.71,16.99,0,0,0,0,0,0
OAXACA,20,SAN JUAN BAUTISTA ATATLAHUCA,20175,1424,744,52.25,680,47.75,357,25.07,859,60.32,208,14.61,42143.22,0.03,100,62.64,,90.46,28.07,,Alto,,,Medio,0.82,0.3,-96.83,17.53,0,0,0,0,0,0
OAXACA,20,SAN JUAN BAUTISTA COIXTLAHUACA,20176,2725,1411,51.78,1314,48.22,721,26.46,1521,55.82,483,17.72,28593.13,0.1,100,11.96,,79.09,22.33,,Alto,,,Medio,0.8,0.83,-97.32,17.72,0,0,0,0,0,0
OAXACA,20,SAN JUAN BAUTISTA CUICATLAN,20177,10365,5224,50.4,5141,49.6,2774,26.76,6375,61.51,1216,11.73,49598.07,0.21,47.87,28.39,,66.56,20.51,,Bajo,,,Bajo,0.86,0.09,-96.96,17.8,0,0,0,0,0,0
OAXACA,20,SAN JUAN BAUTISTA GUELACHE,20178,6692,3525,52.67,3167,47.33,1669,24.94,4467,66.75,556,8.31,5216.86,1.28,100,13.73,,38.88,8.32,,Bajo,,,Muy bajo,0.88,-0.82,-96.78,17.23,0,0,0,0,0,0
OAXACA,20,SAN JUAN BAUTISTA JAYACATLAN,20179,1447,744,51.42,703,48.58,393,27.16,820,56.67,234,16.17,11442.81,0.13,100,2.56,,87.09,26.46,,Medio,,,Bajo,0.83,0.01,-96.82,17.42,0,0,0,0,0,0
OAXACA,20,SAN JUAN BAUTISTA LO DE SOTO,20180,2344,1167,49.79,1177,50.21,661,28.2,1325,56.53,358,15.27,7239.97,0.32,100,4.69,,51.76,11.54,,Medio,,,Bajo,0.83,-0.16,-98.35,16.51,0,0,0,0,0,0
OAXACA,20,SAN JUAN BAUTISTA SUCHITEPEC,20181,453,231,50.99,222,49.01,93,20.53,249,54.97,111,24.5,9312.92,0.05,100,3.53,,77.96,17.09,,Medio,,,Medio,0.83,0.46,-97.66,17.97,0,0,0,0,0,0
OAXACA,20,SAN JUAN BAUTISTA TLACOATZINTEPEC,20182,2181,1175,53.87,1006,46.13,725,33.24,1224,56.12,232,10.64,5006.72,0.44,100,98.12,,93.25,44.27,,Alto,,,Muy alto,0.77,1.85,-96.59,17.86,0,0,0,0,0,0
OAXACA,20,SAN JUAN BAUTISTA TLACHICHILCO,20183,1475,786,53.29,689,46.71,468,31.73,837,56.75,170,11.53,8864.39,0.17,100,18.31,,84.28,29.5,,Alto,,,Medio,0.81,0.24,-98.34,17.62,0,0,0,0,0,0
OAXACA,20,SAN JUAN BAUTISTA TUXTEPEC,20184,159452,83485,52.36,75967,47.64,41188,25.83,105205,65.98,13020,8.17,86667.79,1.84,35.02,28.91,,53.37,17.97,,Bajo,,,Bajo,0.88,-0.63,-96.12,18.08,0,0,0,0,0,0
OAXACA,20,SAN JUAN CACAHUATEPEC,20185,8939,4642,51.93,4297,48.07,2573,28.78,5495,61.47,871,9.74,20326.15,0.44,100,8.16,,70.51,25.41,,Medio,,,Bajo,0.83,0.04,-98.16,16.61,0,0,0,0,0,0
OAXACA,20,SAN JUAN CIENEGUILLA,20186,524,253,48.28,271,51.72,144,27.48,268,51.15,112,21.37,8987.36,0.06,100,0,,79.57,14.89,,Medio,,,Bajo,0.83,-0.01,-98.28,17.85,0,0,0,0,0,0
OAXACA,20,SAN JUAN COATZOSPAM,20187,1808,934,51.66,874,48.34,439,24.28,1098,60.73,271,14.99,6598.82,0.27,100,96.74,,93.52,48.37,,Alto,,,Alto,0.78,1.73,-96.76,18.05,0,0,0,0,0,0
OAXACA,20,SAN JUAN COLORADO,20188,9609,4941,51.42,4668,48.58,3151,32.79,5486,57.09,972,10.12,12446.51,0.77,40.9,79.6,,85.53,43.34,,Alto,,,Alto,0.77,1.41,-97.95,16.46,0,0,0,0,0,0
OAXACA,20,SAN JUAN COMALTEPEC,20189,3116,1593,51.12,1523,48.88,1032,33.12,1864,59.82,220,7.06,9866.35,0.32,100,99.26,,96.4,55.17,,Muy alto,,,Muy alto,0.76,2.16,-95.98,17.34,0,0,0,0,0,0
OAXACA,20,SAN JUAN COTZOCON,20190,22444,11601,51.69,10843,48.31,6564,29.25,13580,60.51,2299,10.24,138341.3,0.16,100,66.34,,74.39,27.23,,Alto,,,Medio,0.8,0.61,-95.78,17.16,0,0,0,0,0,0
OAXACA,20,SAN JUAN CHICOMEZUCHIL,20191,296,163,55.07,133,44.93,64,21.62,170,57.43,62,20.95,2039.8,0.15,100,21.62,,73.15,11.71,,Medio,,,Bajo,0.85,-0.11,-96.49,17.29,0,0,0,0,0,0
OAXACA,20,SAN JUAN CHILATECA,20192,1522,825,54.2,697,45.8,284,18.66,996,65.44,242,15.9,521.86,2.92,100,2.17,,34.76,3.73,,Muy bajo,,,Muy bajo,0.89,-0.93,-96.67,16.83,0,0,0,0,0,0
OAXACA,20,SAN JUAN DEL ESTADO,20193,2807,1465,52.19,1342,47.81,713,25.4,1756,62.56,338,12.04,13213.79,0.21,100,2.03,,66.69,13.84,,Bajo,,,Bajo,0.86,-0.5,-96.8,17.27,0,0,0,0,0,0
OAXACA,20,SAN JUAN DEL RIO,20194,1372,721,52.55,651,47.45,263,19.17,882,64.29,227,16.55,7150.84,0.19,100,98.54,,76.36,15.45,,Medio,,,Bajo,0.85,-0.36,-96.16,16.88,0,0,0,0,0,0
OAXACA,20,SAN JUAN DIUXI,20195,1056,559,52.94,497,47.06,228,21.59,548,51.89,280,26.52,3493.19,0.3,100,99.34,,94.83,50.93,,Muy alto,,,Muy alto,0.74,1.94,-97.37,17.28,0,0,0,0,0,0
OAXACA,20,SAN JUAN EVANGELISTA ANALCO,20196,407,215,52.83,192,47.17,85,20.88,214,52.58,108,26.54,1659.81,0.25,100,67.08,,82.72,9.53,,Bajo,,,Bajo,0.87,-0.36,-96.54,17.41,0,0,0,0,0,0
OAXACA,20,SAN JUAN GUELAVIA,20197,3288,1671,50.82,1617,49.18,780,23.72,2067,62.86,441,13.41,3182.77,1.03,100,91.3,,77.88,17.91,,Medio,,,Bajo,0.83,0.12,-96.55,16.96,0,0,0,0,0,0
OAXACA,20,SAN JUAN GUICHICOVI,20198,29802,15841,53.15,13961,46.85,7890,26.47,17786,59.68,4124,13.84,79830.27,0.37,100,86.49,,71.26,22.37,,Alto,,,Medio,0.78,0.95,-95.1,16.96,0,0,0,0,0,0
OAXACA,20,SAN JUAN IHUALTEPEC,20199,494,268,54.25,226,45.75,111,22.47,235,47.57,144,29.15,5216.14,0.09,100,14.98,,93.53,42.74,,Alto,,,Medio,0.77,0.95,-98.29,17.74,0,0,0,0,0,0
OAXACA,20,SAN JUAN JUQUILA MIXES,20200,3703,1939,52.36,1764,47.64,995,26.87,2213,59.76,493,13.31,31675.07,0.12,100,96.33,,82.53,29.31,,Alto,,,Muy alto,0.77,1.88,-95.92,16.94,0,0,0,0,0,0
OAXACA,20,SAN JUAN JUQUILA VIJANOS,20201,1880,996,52.98,884,47.02,576,30.64,1151,61.22,153,8.14,5658.32,0.33,100,99.73,,88.93,29.92,,Alto,,,Alto,0.81,1.02,-96.3,17.35,0,0,0,0,0,0
OAXACA,20,SAN JUAN LACHAO,20202,4577,2382,52.04,2195,47.96,1569,34.28,2679,58.53,319,6.97,21055.9,0.22,100,65.5,,73.6,17.41,,Alto,,,Medio,0.81,0.65,-97.13,16.16,0,0,0,0,0,0
OAXACA,20,SAN JUAN LACHIGALLA,20203,3538,1798,50.82,1740,49.18,1137,32.14,2160,61.05,241,6.81,10781.64,0.33,100,1.72,,91.92,40.25,,Muy alto,,,Alto,0.75,1.58,-96.55,16.59,0,0,0,0,0,0
OAXACA,20,SAN JUAN LAJARCIA,20204,634,342,53.94,292,46.06,144,22.71,372,58.68,118,18.61,10668.77,0.06,100,1.89,,82.1,22.73,,Medio,,,Bajo,0.84,-0.04,-95.93,16.51,0,0,0,0,0,0
OAXACA,20,SAN JUAN LALANA,20205,16989,8745,51.47,8244,48.53,5259,30.96,10168,59.85,1562,9.19,69409.32,0.24,100,89.12,,90.59,56.26,,Muy alto,,,Alto,0.76,1.55,-95.88,17.47,0,0,0,0,0,0
OAXACA,20,SAN JUAN DE LOS CUES,20206,2421,1237,51.09,1184,48.91,663,27.39,1440,59.48,318,13.14,11928.78,0.2,100,53.78,,72.14,25.04,,Alto,,,Medio,0.82,0.39,-97.06,18.05,0,0,0,0,0,0
OAXACA,20,SAN JUAN MAZATLAN,20207,19032,9665,50.78,9367,49.22,6253,32.86,11138,58.52,1641,8.62,162973.19,0.12,100,73.07,,80.6,34.98,,Alto,,,Alto,0.78,1.12,-95.45,17.03,0,0,0,0,0,0
OAXACA,20,SAN JUAN MIXTEPEC,20208,6941,3632,52.33,3309,47.67,1496,21.55,4078,58.75,1367,19.69,35839.75,0.19,100,98.44,,85.91,39.36,,Alto,,,Alto,0.77,1.56,-97.83,17.31,0,0,0,0,0,0
OAXACA,20,SAN JUAN MIXTEPEC,20209,607,362,59.64,245,40.36,122,20.1,340,56.01,145,23.89,7582.81,0.08,100,99.18,,93.82,20.2,,Alto,,,Alto,0.77,1.76,-96.3,16.28,0,0,0,0,0,0
OAXACA,20,SAN JUAN NUMI,20210,5773,3155,54.65,2618,45.35,1620,28.06,3416,59.17,737,12.77,21213.83,0.27,100,99.64,,94.64,46.51,,Alto,,,Alto,0.81,1.58,-97.71,17.4,0,0,0,0,0,0
OAXACA,20,SAN JUAN OZOLOTEPEC,20211,3411,1703,49.93,1708,50.07,1344,39.4,1827,53.56,240,7.04,20768.44,0.16,100,79.1,,93.64,46.86,,Alto,,,Alto,0.77,1.69,-96.26,16.13,0,0,0,0,0,0
OAXACA,20,SAN JUAN PETLAPA,20212,3117,1633,52.39,1484,47.61,1180,37.86,1692,54.28,245,7.86,18830.4,0.17,100,99.58,,93.23,57.53,,Muy alto,,,Muy alto,0.75,2.6,-96.04,17.47,0,0,0,0,0,0
OAXACA,20,SAN JUAN QUIAHIJE,20213,4203,2291,54.51,1912,45.49,1686,40.11,2187,52.03,330,7.85,20481.16,0.21,100,99.1,,81.84,26.6,,Alto,,,Alto,0.79,1.1,-97.32,16.3,0,0,0,0,0,0
OAXACA,20,SAN JUAN QUIOTEPEC,20214,2033,1026,50.47,1007,49.53,512,25.18,1212,59.62,309,15.2,20275.06,0.1,100,98.82,,85.84,21.31,,Alto,,,Medio,0.81,0.25,-96.59,17.6,0,0,0,0,0,0
OAXACA,20,SAN JUAN SAYULTEPEC,20215,879,475,54.04,404,45.96,266,30.26,504,57.34,109,12.4,1456.26,0.6,100,6.48,,56.3,8.75,,Bajo,,,Bajo,0.87,-0.23,-97.28,17.45,0,0,0,0,0,0
OAXACA,20,SAN JUAN TABAA,20216,1241,646,52.05,595,47.95,336,27.07,733,59.07,172,13.86,1962.34,0.63,100,99.27,,90.41,18.99,,Medio,,,Medio,0.83,0.46,-96.21,17.31,0,0,0,0,0,0
OAXACA,20,SAN JUAN TAMAZOLA,20217,3325,1709,51.4,1616,48.6,1116,33.56,1734,52.15,475,14.29,36011.33,0.09,100,63.43,,95.09,51.33,,Muy alto,,,Muy alto,0.69,2.76,-97.23,17.16,0,0,0,0,0,0
OAXACA,20,SAN JUAN TEITA,20218,544,284,52.21,260,47.79,127,23.35,301,55.33,116,21.32,7110.93,0.08,100,92.1,,97.04,47.96,,Alto,,,Alto,0.81,1.34,-97.41,17.1,0,0,0,0,0,0
OAXACA,20,SAN JUAN TEITIPAC,20219,2668,1392,52.17,1276,47.83,656,24.59,1547,57.98,465,17.43,4136.44,0.64,100,24.48,,86.76,27.28,,Alto,,,Medio,0.8,0.66,-96.61,16.93,0,0,0,0,0,0
OAXACA,20,SAN JUAN TEPEUXILA,20220,2692,1304,48.44,1388,51.56,750,27.86,1578,58.62,364,13.52,25490.84,0.11,100,83.25,,92.54,31.3,,Medio,,,Medio,0.83,0.76,-96.84,17.72,0,0,0,0,0,0
OAXACA,20,SAN JUAN TEPOSCOLULA,20221,1494,771,51.61,723,48.39,370,24.77,888,59.44,236,15.8,8697.86,0.17,100,3.95,,71.65,16.51,,Medio,,,Medio,0.83,0.36,-97.42,17.55,0,0,0,0,0,0
OAXACA,20,SAN JUAN YAEE,20222,1426,739,51.82,687,48.18,373,26.16,857,60.1,196,13.74,3783.18,0.38,100,99.65,,92.33,16.49,,Medio,,,Medio,0.83,0.74,-96.28,17.43,0,0,0,0,0,0
OAXACA,20,SAN JUAN YATZONA,20223,440,243,55.23,197,44.77,128,29.09,253,57.5,59,13.41,2911.9,0.15,100,100,,91.98,18.63,,Bajo,,,Bajo,0.86,-0.19,-96.17,17.4,0,0,0,0,0,0
OAXACA,20,SAN JUAN YUCUITA,20224,643,338,52.57,305,47.43,127,19.75,394,61.28,122,18.97,2338.74,0.27,100,3.11,,60.53,9.72,,Medio,,,Bajo,0.85,-0.29,-97.27,17.51,0,0,0,0,0,0
OAXACA,20,SAN LORENZO,20225,5903,3101,52.53,2802,47.47,1782,30.19,3579,60.63,542,9.18,5883.8,1,100,84.91,,85.67,41.23,,Muy alto,,,Alto,0.72,1.71,-97.87,16.39,0,0,0,0,0,0
OAXACA,20,SAN LORENZO ALBARRADAS,20226,2971,1466,49.34,1505,50.66,771,25.95,1830,61.6,370,12.45,13473.83,0.22,100,20.9,,80.48,16.56,,Medio,,,Bajo,0.84,0.08,-96.26,16.91,0,0,0,0,0,0
OAXACA,20,SAN LORENZO CACAOTEPEC,20227,18339,9480,51.69,8859,48.31,4389,23.93,12558,68.48,1380,7.52,2764.21,6.63,14.76,9.4,,39.89,9.16,,Muy bajo,,,Muy bajo,0.9,-0.85,-96.8,17.13,0,0,0,0,0,0
OAXACA,20,SAN LORENZO CUAUNECUILTITLA,20228,833,402,48.26,431,51.74,299,35.89,447,53.66,87,10.44,915.08,0.91,100,97,,97.15,50.31,,Alto,,,Alto,0.77,1.57,-96.91,18.21,0,0,0,0,0,0
OAXACA,20,SAN LORENZO TEXMELUCAN,20229,9148,5031,55,4117,45,3613,39.49,5040,55.09,495,5.41,13790.81,0.66,100,98.4,,97.8,60.72,,Muy alto,,,Muy alto,0.74,2.69,-97.2,16.59,0,0,0,0,0,0
OAXACA,20,SAN LORENZO VICTORIA,20230,932,454,48.71,478,51.29,245,26.29,498,53.43,189,20.28,5195.05,0.18,100,6.44,,69.25,22.16,,Medio,,,Bajo,0.84,-0.34,-98.12,17.67,0,0,0,0,0,0
OAXACA,20,SAN LUCAS CAMOTLAN,20231,3187,1648,51.71,1539,48.29,941,29.53,1977,62.03,269,8.44,10181.21,0.31,100,99.84,,98.99,55.73,,Muy alto,,,Muy alto,0.74,2.31,-95.71,16.94,0,0,0,0,0,0
OAXACA,20,SAN LUCAS OJITLAN,20232,22185,11569,52.15,10616,47.85,7003,31.57,13380,60.31,1791,8.07,45405.14,0.49,72.27,95.77,,87.6,45.52,,Muy alto,,,Alto,0.75,1.73,-96.4,18.06,0,0,0,0,0,0
OAXACA,20,SAN LUCAS QUIAVINI,20233,1720,992,57.67,728,42.33,335,19.48,1106,64.3,279,16.22,5189.67,0.33,100,99.3,,84.2,31.42,,Alto,,,Medio,0.79,0.62,-96.47,16.89,0,0,0,0,0,0
OAXACA,20,SAN LUCAS ZOQUIAPAM,20234,7163,3720,51.93,3443,48.07,2419,33.77,3955,55.21,789,11.01,6481.91,1.11,100,99.04,,96.36,56.53,,Muy alto,,,Muy alto,0.73,2.24,-96.91,18.14,0,0,0,0,0,0
OAXACA,20,SAN LUIS AMATLAN,20235,3829,2036,53.17,1793,46.83,1107,28.91,2222,58.03,500,13.06,29017.93,0.13,100,0.97,,81.51,25.73,,Alto,,,Medio,0.79,0.83,-96.5,16.39,0,0,0,0,0,0
OAXACA,20,SAN MARCIAL OZOLOTEPEC,20236,1372,742,54.08,630,45.92,505,36.81,754,54.96,113,8.24,5409.34,0.25,100,99.13,,92.94,31.75,,Muy alto,,,Muy alto,0.73,3.05,-96.41,16.09,0,0,0,0,0,0
OAXACA,20,SAN MARCOS ARTEAGA,20237,1568,834,53.19,734,46.81,399,25.45,882,56.25,287,18.3,12778.06,0.12,100,6.19,,60.45,14.4,,Bajo,,,Bajo,0.86,-0.47,-97.86,17.72,0,0,0,0,0,0
OAXACA,20,SAN MARTIN DE LOS CANSECOS,20238,994,522,52.52,472,47.48,272,27.36,605,60.87,117,11.77,833.81,1.19,100,4.12,,77.55,25.68,,Medio,,,Medio,0.83,0.33,-96.73,16.66,0,0,0,0,0,0
OAXACA,20,SAN MARTIN HUAMELULPAM,20239,1000,532,53.2,468,46.8,230,23,591,59.1,179,17.9,4279.02,0.23,100,6.5,,75.17,19.42,,Medio,,,Medio,0.83,0.8,-97.6,17.4,0,0,0,0,0,0
OAXACA,20,SAN MARTIN ITUNYOSO,20240,2749,1498,54.49,1251,45.51,959,34.89,1545,56.2,245,8.91,6380.48,0.43,100,97.53,,97.54,77.18,,Muy alto,,,Muy alto,0.72,2.81,-97.88,17.23,0,0,0,0,0,0
OAXACA,20,SAN MARTIN LACHILA,20241,1034,569,55.03,465,44.97,258,24.95,600,58.03,176,17.02,1077.61,0.96,100,3,,79.83,29.37,,Medio,,,Medio,0.83,0.14,-96.85,16.61,0,0,0,0,0,0
OAXACA,20,SAN MARTIN PERAS,20242,12436,6582,52.93,5854,47.07,5034,40.48,6244,50.21,1158,9.31,24282.31,0.51,100,99.36,,97.78,69.87,,Muy alto,,,Muy alto,0.7,2.36,-98.24,17.36,0,0,0,0,0,0
OAXACA,20,SAN MARTIN TILCAJETE,20243,1975,1053,53.32,922,46.68,498,25.22,1259,63.75,218,11.04,2428.89,0.81,100,2.33,,51.27,11.1,,Bajo,,,Bajo,0.86,-0.22,-96.7,16.86,0,0,0,0,0,0
OAXACA,20,SAN MARTIN TOXPALAN,20244,3934,2043,51.93,1891,48.07,1204,30.6,2351,59.76,379,9.63,6397.06,0.61,100,53.05,,73.34,29.37,,Alto,,,Medio,0.82,0.3,-97.06,18.1,0,0,0,0,0,0
OAXACA,20,SAN MARTIN ZACATEPEC,20245,1324,660,49.85,664,50.15,387,29.23,743,56.12,194,14.65,4329.52,0.31,100,1.96,,85,29.71,,Alto,,,Medio,0.76,0.54,-98.06,17.81,0,0,0,0,0,0
OAXACA,20,SAN MATEO CAJONOS,20246,611,314,51.39,297,48.61,171,27.99,336,54.99,104,17.02,1470.48,0.42,100,97.87,,88.13,21.55,,Medio,,,Medio,0.83,0.41,-96.21,17.16,0,0,0,0,0,0
OAXACA,20,CAPULALPAM DE MENDEZ,20247,1619,896,55.34,723,44.66,368,22.73,1079,66.65,172,10.62,3717.97,0.44,100,18.34,,34.34,2.57,,Muy bajo,,,Muy bajo,0.9,-1.18,-96.45,17.31,0,0,0,0,0,0
OAXACA,20,SAN MATEO DEL MAR,20248,15571,7780,49.96,7791,50.04,5125,32.91,9326,59.89,1120,7.19,8800.7,1.77,64.14,99.79,,90.3,49.37,,Muy alto,,,Muy alto,0.6,3.47,-94.98,16.21,0,0,0,0,0,0
OAXACA,20,SAN MATEO YOLOXOCHITLAN,20249,3831,2026,52.88,1805,47.12,1256,32.79,2279,59.49,296,7.73,710.3,5.39,100,96.32,,92.43,47,,Alto,,,Alto,0.79,1.09,-96.87,18.14,0,0,0,0,0,0
OAXACA,20,SAN MATEO ETLATONGO,20250,1239,633,51.09,606,48.91,298,24.05,801,64.65,140,11.3,2350.89,0.53,100,3.95,,71.03,18.16,,Medio,,,Medio,0.85,0.27,-97.27,17.41,0,0,0,0,0,0
OAXACA,20,SAN MATEO NEJAPAM,20251,1217,653,53.66,564,46.34,401,32.95,684,56.2,132,10.85,6393.8,0.19,100,1.97,,90.54,40.97,,Alto,,,Alto,0.78,1.21,-98.42,17.66,0,0,0,0,0,0
OAXACA,20,SAN MATEO PENASCO,20252,2384,1264,53.02,1120,46.98,746,31.29,1380,57.89,258,10.82,5595.8,0.43,100,93.71,,92.14,42.29,,Alto,,,Alto,0.78,1.57,-97.53,17.15,0,0,0,0,0,0
OAXACA,20,SAN MATEO PINAS,20253,2021,995,49.23,1026,50.77,526,26.03,1158,57.3,337,16.67,16278.17,0.12,100,18.7,,88.3,45.84,,Muy alto,,,Muy alto,0.7,2.81,-96.34,16,0,0,0,0,0,0
OAXACA,20,SAN MATEO RIO HONDO,20254,3207,1636,51.01,1571,48.99,915,28.53,1930,60.18,362,11.29,21230.09,0.15,100,6.27,,77.8,23.03,,Alto,,,Alto,0.81,1.21,-96.45,16.14,0,0,0,0,0,0
OAXACA,20,SAN MATEO SINDIHUI,20255,1977,1045,52.86,932,47.14,582,29.44,1158,58.57,237,11.99,14181.91,0.14,100,4.1,,91.98,46.24,,Alto,,,Medio,0.8,0.65,-97.35,17,0,0,0,0,0,0
OAXACA,20,SAN MATEO TLAPILTEPEC,20256,229,118,51.53,111,48.47,49,21.4,143,62.45,37,16.16,2438.87,0.09,100,6.11,,82.59,17.89,,Medio,,,Bajo,0.85,-0.09,-97.43,17.81,0,0,0,0,0,0
OAXACA,20,SAN MELCHOR BETAZA,20257,1052,548,52.09,504,47.91,248,23.57,626,59.51,178,16.92,3411.38,0.31,100,99.14,,90.34,32.66,,Alto,,,Alto,0.79,1.06,-96.15,17.25,0,0,0,0,0,0
OAXACA,20,SAN MIGUEL ACHIUTLA,20258,698,348,49.86,350,50.14,157,22.49,378,54.15,163,23.35,6763.68,0.1,100,4.58,,88.26,39.59,,Alto,,,Medio,0.82,0.69,-97.49,17.31,0,0,0,0,0,0
OAXACA,20,SAN MIGUEL AHUEHUETITLAN,20259,2142,1109,51.77,1033,48.23,668,31.19,1150,53.69,324,15.13,8607.94,0.25,100,83.19,,92.42,49.98,,Alto,,,Alto,0.77,1.39,-98.32,17.67,0,0,0,0,0,0
OAXACA,20,SAN MIGUEL ALOAPAM,20260,2191,1193,54.45,998,45.55,603,27.52,1328,60.61,260,11.87,14214.68,0.15,100,99.82,,87.41,30.94,,Alto,,,Medio,0.81,0.39,-96.69,17.41,0,0,0,0,0,0
OAXACA,20,SAN MIGUEL AMATITLAN,20261,6932,3589,51.77,3343,48.23,2292,33.06,3856,55.63,784,11.31,17898.67,0.39,100,26.05,,74.94,21.74,,Alto,,,Medio,0.78,0.77,-98.03,17.89,0,0,0,0,0,0
OAXACA,20,SAN MIGUEL AMATLAN,20262,991,518,52.27,473,47.73,268,27.04,600,60.54,123,12.41,6091.41,0.16,100,21.7,,75.34,6.53,,Bajo,,,Bajo,0.86,-0.23,-96.47,17.28,0,0,0,0,0,0
OAXACA,20,SAN MIGUEL COATLAN,20263,3184,1725,54.18,1459,45.82,1092,34.3,1800,56.53,292,9.17,12411.9,0.26,100,30.18,,90.14,40.04,,Alto,,,Alto,0.78,1.65,-96.69,16.2,0,0,0,0,0,0
OAXACA,20,SAN MIGUEL CHICAHUA,20264,2169,1198,55.23,971,44.77,717,33.06,1169,53.9,283,13.05,6153.02,0.35,100,92.81,,91.25,33.63,,Alto,,,Alto,0.78,1.5,-97.19,17.64,0,0,0,0,0,0
OAXACA,20,SAN MIGUEL CHIMALAPA,20265,6711,3296,49.11,3415,50.89,1712,25.51,3699,55.12,742,11.06,118809.05,0.06,100,52.39,,76.81,28.03,,Alto,,,Medio,0.77,0.85,-94.75,16.71,0,0,0,0,0,0
OAXACA,20,SAN MIGUEL DEL PUERTO,20266,8551,4283,50.09,4268,49.91,2390,27.95,5356,62.64,793,9.27,52215.63,0.16,100,12.48,,47.06,8.05,,Alto,,,Alto,0.8,1.16,-96.17,15.92,0,0,0,0,0,0
OAXACA,20,SAN MIGUEL DEL RIO,20267,245,123,50.2,122,49.8,52,21.22,153,62.45,40,16.33,1065.11,0.23,100,90.61,,82.81,17.29,,Bajo,,,Bajo,0.86,0.08,-96.57,17.32,0,0,0,0,0,0
OAXACA,20,SAN MIGUEL EJUTLA,20268,1149,613,53.35,536,46.65,331,28.81,700,60.92,118,10.27,1078.41,1.07,100,7.14,,61.43,15.12,,Medio,,,Bajo,0.83,-0.02,-96.74,16.58,0,0,0,0,0,0
OAXACA,20,SAN MIGUEL EL GRANDE,20269,4313,2305,53.44,2008,46.56,1120,25.97,2641,61.23,552,12.8,10342.53,0.42,100,81.13,,69.52,17.88,,Medio,,,Alto,0.83,1.05,-97.62,17.05,0,0,0,0,0,0
OAXACA,20,SAN MIGUEL HUAUTLA,20270,1311,696,53.09,615,46.91,443,33.79,644,49.12,224,17.09,6491.54,0.2,100,57.89,,96.84,51.91,,Muy alto,,,Muy alto,0.73,2.4,-97.14,17.75,0,0,0,0,0,0
OAXACA,20,SAN MIGUEL MIXTEPEC,20271,3194,1612,50.47,1582,49.53,1137,35.6,1826,57.17,231,7.23,7309.54,0.44,100,97.65,,98.66,72.84,,Muy alto,,,Muy alto,0.76,2.26,-96.96,16.78,0,0,0,0,0,0
OAXACA,20,SAN MIGUEL PANIXTLAHUACA,20272,6252,3494,55.89,2758,44.11,2391,38.24,3510,56.14,351,5.61,14490.92,0.43,5.79,98.11,,96.1,53.91,,Alto,,,Medio,0.81,0.91,-97.38,16.26,0,0,0,0,0,0
OAXACA,20,SAN MIGUEL PERAS,20273,3818,1996,52.28,1822,47.72,1331,34.86,2163,56.65,324,8.49,15557.73,0.25,100,39.26,,96.73,60.75,,Muy alto,,,Muy alto,0.74,2.24,-97.01,16.94,0,0,0,0,0,0
OAXACA,20,SAN MIGUEL PIEDRAS,20274,1328,692,52.11,636,47.89,395,29.74,761,57.3,172,12.95,6560.9,0.2,100,75.38,,95,49.8,,Alto,,,Muy alto,0.77,2.14,-97.23,17,0,0,0,0,0,0
OAXACA,20,SAN MIGUEL QUETZALTEPEC,20275,7286,3756,51.55,3530,48.45,2113,29,4544,62.37,629,8.63,20814.37,0.35,100,99.81,,95.83,42.41,,Alto,,,Alto,0.77,1.54,-95.76,16.98,0,0,0,0,0,0
OAXACA,20,SAN MIGUEL SANTA FLOR,20276,691,330,47.76,361,52.24,163,23.59,387,56.01,141,20.41,1978.83,0.35,100,82.78,,93.2,24.01,,Muy alto,,,Muy alto,0.74,2.11,-96.8,17.92,0,0,0,0,0,0
OAXACA,20,VILLA SOLA DE VEGA,20277,12350,6395,51.78,5955,48.22,3778,30.59,7318,59.26,1254,10.15,97673.32,0.13,100,9.15,,86.44,44.37,,Alto,,,Alto,0.77,1.2,-96.98,16.51,0,0,0,0,0,0
OAXACA,20,SAN MIGUEL SOYALTEPEC,20278,38682,20070,51.88,18612,48.12,12092,31.26,23210,60,3365,8.7,73924.77,0.52,81.22,80.58,,78.11,39.64,,Alto,,,Alto,0.78,1.1,-96.4,18.24,0,0,0,0,0,0
OAXACA,20,SAN MIGUEL SUCHIXTEPEC,20279,2932,1531,52.22,1401,47.78,795,27.11,1843,62.86,294,10.03,6994.79,0.42,100,91.95,,90.27,32.97,,Medio,,,Medio,0.83,0.82,-96.47,16.09,0,0,0,0,0,0
OAXACA,20,VILLA TALEA DE CASTRO,20280,2011,1066,53.01,945,46.99,461,22.92,1234,61.36,316,15.71,6109.69,0.33,100,76.23,,79,19.47,,Medio,,,Bajo,0.85,-0.09,-96.25,17.36,0,0,0,0,0,0
OAXACA,20,SAN MIGUEL TECOMATLAN,20281,305,153,50.16,152,49.84,53,17.38,172,56.39,80,26.23,1968.76,0.15,100,14.1,,65.19,9.32,,Bajo,,,Bajo,0.87,-0.61,-97.27,17.39,0,0,0,0,0,0
OAXACA,20,SAN MIGUEL TENNANGO,20282,653,319,48.85,334,51.15,162,24.81,406,62.17,85,13.02,20658.65,0.03,100,6.58,,85.85,15.31,,Alto,,,Medio,0.81,0.74,-95.59,16.27,0,0,0,0,0,0
OAXACA,20,SAN MIGUEL TEQUIXTEPEC,20283,1044,548,52.49,496,47.51,292,27.97,569,54.5,183,17.53,16199.22,0.06,100,0.67,,79.88,15.3,,Medio,,,Bajo,0.84,-0.12,-97.34,17.8,0,0,0,0,0,0
OAXACA,20,SAN MIGUEL TILQUIAPAM,20284,3141,1726,54.95,1415,45.05,1025,32.63,1734,55.21,382,12.16,7125.63,0.44,100,99.78,,98.79,68.99,,Muy alto,,,Muy alto,0.73,2.26,-96.58,16.78,0,0,0,0,0,0
OAXACA,20,SAN MIGUEL TLACAMAMA,20285,3668,1882,51.31,1786,48.69,1073,29.25,2267,61.8,328,8.94,10417.26,0.35,100,43.73,,64.34,17.68,,Alto,,,Medio,0.79,0.53,-98.06,16.42,0,0,0,0,0,0
OAXACA,20,SAN MIGUEL TLACOTEPEC,20286,3100,1668,53.81,1432,46.19,791,25.52,1804,58.19,505,16.29,5558.62,0.56,100,26.77,,74.23,23.99,,Alto,,,Medio,0.81,0.34,-98.01,17.45,0,0,0,0,0,0
OAXACA,20,SAN MIGUEL TULANCINGO,20287,307,173,56.35,134,43.65,56,18.24,169,55.05,82,26.71,4666.18,0.07,100,18.57,,69.72,11.02,,Medio,,,Bajo,0.84,-0.08,-97.44,17.75,0,0,0,0,0,0
OAXACA,20,SAN MIGUEL YOTAO,20288,585,313,53.5,272,46.5,155,26.5,378,64.62,52,8.89,3922.16,0.15,100,99.49,,97.63,59.37,,Alto,,,Alto,0.82,1,-96.34,17.37,0,0,0,0,0,0
OAXACA,20,SAN NICOLAS,20289,1214,634,52.22,580,47.78,341,28.09,684,56.34,189,15.57,2968.44,0.41,100,1.24,,81.87,24.01,,Alto,,,Medio,0.8,0.61,-96.74,16.42,0,0,0,0,0,0
OAXACA,20,SAN NICOLAS HIDALGO,20290,1043,544,52.16,499,47.84,300,28.76,590,56.57,153,14.67,1133.56,0.92,100,0.96,,65.8,19.86,,Medio,,,Bajo,0.83,-0.27,-98.14,17.78,0,0,0,0,0,0
OAXACA,20,SAN PABLO COATLAN,20291,4308,2201,51.09,2107,48.91,1331,30.9,2519,58.47,458,10.63,18889.36,0.23,100,3.55,,89.1,30.33,,Alto,,,Medio,0.82,0.54,-96.78,16.22,0,0,0,0,0,0
OAXACA,20,SAN PABLO CUATRO VENADOS,20292,1510,792,52.45,718,47.55,499,33.05,873,57.81,138,9.14,7392.61,0.2,100,17.15,,98.34,59.14,,Muy alto,,,Alto,0.76,1.8,-96.89,16.98,0,0,0,0,0,0
OAXACA,20,SAN PABLO ETLA,20293,17116,9083,53.07,8033,46.93,4022,23.5,11996,70.09,1036,6.05,4442.19,3.85,57.99,10.68,,19.47,2.89,,Muy bajo,,,Muy bajo,0.92,-1.16,-96.76,17.15,0,0,0,0,0,0
OAXACA,20,SAN PABLO HUITZO,20294,7035,3717,52.84,3318,47.16,1707,24.26,4510,64.11,818,11.63,10156.14,0.69,13.69,6.45,,48.59,8.85,,Muy bajo,,,Bajo,0.9,-0.64,-96.88,17.28,0,0,0,0,0,0
OAXACA,20,SAN PABLO HUIXTEPEC,20295,10020,5299,52.88,4721,47.12,2522,25.17,6364,63.51,1130,11.28,4341.39,2.31,4.09,4.13,,54.87,13.91,,Muy bajo,,,Bajo,0.89,-0.6,-96.78,16.83,0,0,0,0,0,0
OAXACA,20,SAN PABLO MACUILTIANGUIS,20296,955,477,49.95,478,50.05,213,22.3,522,54.66,220,23.04,14957.51,0.06,100,92.88,,84.67,16.82,,Medio,,,Bajo,0.85,-0.22,-96.55,17.53,0,0,0,0,0,0
OAXACA,20,SAN PABLO TIJALTEPEC,20297,2751,1474,53.58,1277,46.42,907,32.97,1657,60.23,187,6.8,11770.99,0.23,100,98.29,,97.51,51.96,,Muy alto,,,Muy alto,0.74,2.51,-97.5,17.02,0,0,0,0,0,0
OAXACA,20,SAN PABLO VILLA DE MITLA,20298,13587,7061,51.97,6526,48.03,3418,25.16,8808,64.83,1361,10.02,28100.26,0.48,28.95,58.59,,71.16,21.31,,Medio,,,Medio,0.84,0.21,-96.36,16.92,0,0,0,0,0,0
OAXACA,20,SAN PABLO YAGANIZA,20299,1125,582,51.73,543,48.27,304,27.02,685,60.89,136,12.09,3547.54,0.32,100,97.96,,82.06,19.78,,Medio,,,Medio,0.84,0.22,-96.23,17.15,0,0,0,0,0,0
OAXACA,20,SAN PEDRO AMUZGOS,20300,6632,3552,53.56,3080,46.44,1904,28.71,4116,62.06,612,9.23,12183.19,0.54,100,86.47,,85.6,43.31,,Alto,,,Alto,0.8,1.01,-98.09,16.65,0,0,0,0,0,0
OAXACA,20,SAN PEDRO APOSTOL,20301,1594,847,53.14,747,46.86,381,23.9,966,60.6,247,15.5,890.3,1.79,100,5.77,,61.97,15.38,,Medio,,,Bajo,0.83,0.09,-96.73,16.74,0,0,0,0,0,0
OAXACA,20,SAN PEDRO ATOYAC,20302,4559,2446,53.65,2113,46.35,1584,34.74,2638,57.86,337,7.39,7463.43,0.61,100,83.64,,93.49,40.05,,Muy alto,,,Alto,0.76,1.38,-97.99,16.49,0,0,0,0,0,0
OAXACA,20,SAN PEDRO CAJONOS,20303,1081,586,54.21,495,45.79,271,25.07,618,57.17,192,17.76,281.72,3.84,100,99.17,,79.96,18.29,,Medio,,,Medio,0.83,0.35,-96.26,17.17,0,0,0,0,0,0
OAXACA,20,SAN PEDRO COXCALTEPEC CANTAROS,20304,716,382,53.35,334,46.65,179,25,382,53.35,155,21.65,9467.55,0.08,100,14.53,,94.93,31.52,,Alto,,,Alto,0.81,1.15,-97.14,17.5,0,0,0,0,0,0
OAXACA,20,SAN PEDRO COMITANCILLO,20305,4333,2268,52.34,2065,47.66,952,21.97,2770,63.93,611,14.1,4698.78,0.92,100,79.51,,32.8,3.61,,Bajo,,,Muy bajo,0.88,-0.79,-95.16,16.49,0,0,0,0,0,0
OAXACA,20,SAN PEDRO EL ALTO,20306,4654,2398,51.53,2256,48.47,1694,36.4,2647,56.88,313,6.73,7491.86,0.62,100,94.5,,92.74,41.28,,Muy alto,,,Alto,0.75,1.78,-96.47,16.03,0,0,0,0,0,0
OAXACA,20,SAN PEDRO HUAMELULA,20307,9735,4933,50.67,4802,49.33,2601,26.72,6004,61.67,1130,11.61,69717.07,0.14,100,25.03,,44.75,7.3,,Alto,,,Alto,0.82,1.01,-95.67,16.03,0,0,0,0,0,0
OAXACA,20,SAN PEDRO HUILOTEPEC,20308,3307,1684,50.92,1623,49.08,944,28.55,2099,63.47,264,7.98,2663.56,1.24,100,83.67,,68.29,21.83,,Alto,,,Medio,0.81,0.18,-95.15,16.24,0,0,0,0,0,0
OAXACA,20,SAN PEDRO IXCATLAN,20309,10368,5392,52.01,4976,47.99,3543,34.17,5875,56.66,950,9.16,10164.88,1.02,100,96.05,,88.9,47.55,,Muy alto,,,Muy alto,0.74,2.02,-96.51,18.15,0,0,0,0,0,0
OAXACA,20,SAN PEDRO IXTLAHUACA,20310,14552,7434,51.09,7118,48.91,4521,31.07,9335,64.15,693,4.76,2320.71,6.27,100,35.88,,54.35,15.32,,Muy alto,,,Medio,0.76,0.78,-96.82,17.06,0,0,0,0,0,0
OAXACA,20,SAN PEDRO JALTEPETONGO,20311,483,252,52.17,231,47.83,126,26.09,240,49.69,117,24.22,5150.33,0.09,100,98.14,,96.23,55.06,,Muy alto,,,Alto,0.75,1.55,-97.03,17.69,0,0,0,0,0,0
OAXACA,20,SAN PEDRO JICAYAN,20312,11279,6007,53.26,5272,46.74,3843,34.07,6305,55.9,1096,9.72,8548.86,1.32,100,97.37,,85.24,45.8,,Muy alto,,,Alto,0.74,1.39,-98.02,16.45,0,0,0,0,0,0
OAXACA,20,SAN PEDRO JOCOTIPAC,20313,730,389,53.29,341,46.71,133,18.22,423,57.95,174,23.84,6937.22,0.11,100,88.63,,89.37,28.52,,Alto,,,Alto,0.79,1.53,-97.08,17.77,0,0,0,0,0,0
OAXACA,20,SAN PEDRO JUCHATENGO,20314,1755,913,52.02,842,47.98,429,24.44,1149,65.47,177,10.09,5851.14,0.3,100,5.36,,74.34,17.44,,Medio,,,Bajo,0.85,-0.21,-97.09,16.34,0,0,0,0,0,0
OAXACA,20,SAN PEDRO MARTIR,20315,1899,1032,54.34,867,45.66,546,28.75,1094,57.61,259,13.64,759.95,2.5,100,86.68,,65.3,22.79,,Muy alto,,,Muy alto,0.74,2.04,-96.71,16.74,0,0,0,0,0,0
OAXACA,20,SAN PEDRO MARTIR QUIECHAPA,20316,738,392,53.12,346,46.88,163,22.09,477,64.63,98,13.28,12153.17,0.06,100,30.62,,88.62,40.72,,Medio,,,Medio,0.84,0.68,-96.25,16.42,0,0,0,0,0,0
OAXACA,20,SAN PEDRO MARTIR YUCUXACO,20317,1257,658,52.35,599,47.65,308,24.5,770,61.26,179,14.24,8189.89,0.15,100,5.33,,85.57,38.53,,Alto,,,Alto,0.81,0.99,-97.61,17.43,0,0,0,0,0,0
OAXACA,20,SAN PEDRO MIXTEPEC,20318,49780,25772,51.77,24008,48.23,13807,27.74,32817,65.92,3151,6.33,32673.2,1.52,16.23,9.61,,51.99,12.02,,Bajo,,,Bajo,0.86,-0.12,-97.08,15.98,0,0,0,0,0,0
OAXACA,20,SAN PEDRO MIXTEPEC,20319,972,504,51.85,468,48.15,256,26.34,555,57.1,161,16.56,15542.93,0.06,100,98.87,,91.39,28.51,,Alto,,,Alto,0.8,1.15,-96.28,16.27,0,0,0,0,0,0
OAXACA,20,SAN PEDRO MOLINOS,20320,706,367,51.98,339,48.02,180,25.5,398,56.37,128,18.13,2643.64,0.27,100,93.34,,85.82,29.57,,Medio,,,Medio,0.83,0.71,-97.54,17.1,0,0,0,0,0,0
OAXACA,20,SAN PEDRO NOPALA,20321,751,393,52.33,358,47.67,226,30.09,402,53.53,123,16.38,10948.39,0.07,100,0,,95.79,48.97,,Alto,,,Medio,0.82,0.46,-97.54,17.81,0,0,0,0,0,0
OAXACA,20,SAN PEDRO OCOPETATILLO,20322,786,438,55.73,348,44.27,212,26.97,439,55.85,135,17.18,658.23,1.19,100,100,,95.87,49.99,,Muy alto,,,Muy alto,0.74,2.15,-96.91,18.18,0,0,0,0,0,0
OAXACA,20,SAN PEDRO OCOTEPEC,20323,2404,1208,50.25,1196,49.75,706,29.37,1460,60.73,238,9.9,4218.93,0.57,100,99.5,,92.78,29.62,,Alto,,,Alto,0.81,1.14,-95.85,16.96,0,0,0,0,0,0
OAXACA,20,SAN PEDRO POCHUTLA,20324,48204,24685,51.21,23519,48.79,14206,29.47,30330,62.92,3668,7.61,44709.74,1.08,70.81,16.44,,46.77,12.21,,Alto,,,Medio,0.82,0.28,-96.47,15.75,0,0,0,0,0,0
OAXACA,20,SAN PEDRO QUIATONI,20325,11930,6149,51.54,5781,48.46,3504,29.37,7468,62.6,958,8.03,56571.22,0.21,100,99.63,,96.13,50.42,,Muy alto,,,Alto,0.76,1.44,-96.03,16.78,0,0,0,0,0,0
OAXACA,20,SAN PEDRO SOCHIAPAM,20326,5052,2614,51.74,2438,48.26,1796,35.55,2788,55.19,468,9.26,15205.81,0.33,100,98.75,,93.97,55.97,,Alto,,,Alto,0.77,1.46,-96.66,17.83,0,0,0,0,0,0
OAXACA,20,SAN PEDRO TAPANATEPEC,20327,15479,7865,50.81,7614,49.19,4405,28.46,9312,60.16,1762,11.38,74229.7,0.21,47.32,8.2,,53.8,14.18,,Medio,,,Bajo,0.83,0.08,-94.19,16.37,0,0,0,0,0,0
OAXACA,20,SAN PEDRO TAVICHE,20328,1441,750,52.05,691,47.95,464,32.2,883,61.28,94,6.52,9871.7,0.15,100,0,,94.96,51.42,,Alto,,,Alto,0.78,1.35,-96.54,16.64,0,0,0,0,0,0
OAXACA,20,SAN PEDRO TEOZACOALCO,20329,1153,578,50.13,575,49.87,308,26.71,678,58.8,167,14.48,9317.55,0.12,100,5.9,,91.59,44.6,,Alto,,,Alto,0.8,1.05,-97.29,17.02,0,0,0,0,0,0
OAXACA,20,SAN PEDRO TEUTILA,20330,4296,2196,51.12,2100,48.88,1261,29.35,2587,60.22,447,10.41,14841.35,0.29,100,42.13,,93.04,46.16,,Alto,,,Alto,0.81,0.99,-96.71,17.98,0,0,0,0,0,0
OAXACA,20,SAN PEDRO TIDAA,20331,982,531,54.07,451,45.93,262,26.68,495,50.41,225,22.91,4597.22,0.21,100,54.07,,87.23,33.41,,Alto,,,Alto,0.81,1.04,-97.38,17.34,0,0,0,0,0,0
OAXACA,20,SAN PEDRO TOPILTEPEC,20332,373,190,50.94,183,49.06,70,18.77,197,52.82,106,28.42,3282.89,0.11,100,4.29,,80.32,18.59,,Medio,,,Bajo,0.85,0.01,-97.34,17.44,0,0,0,0,0,0
OAXACA,20,SAN PEDRO TOTOLAPAM,20333,3294,1657,50.3,1637,49.7,798,24.23,2103,63.84,391,11.87,40306.66,0.08,100,16.82,,46.71,6.98,,Bajo,,,Bajo,0.86,-0.36,-96.3,16.67,0,0,0,0,0,0
OAXACA,20,VILLA DE TUTUTEPEC,20334,50541,26008,51.46,24533,48.54,14357,28.41,31785,62.89,4390,8.69,118692.61,0.43,59.63,14.68,,61.66,14.9,,Medio,,,Medio,0.83,0.24,-97.61,16.13,0,0,0,0,0,0
OAXACA,20,SAN PEDRO YANERI,20335,867,449,51.79,418,48.21,248,28.6,542,62.51,77,8.88,2815.24,0.31,100,99.54,,93.45,31.94,,Alto,,,Alto,0.81,1.12,-96.35,17.42,0,0,0,0,0,0
OAXACA,20,SAN PEDRO YOLOX,20336,1697,878,51.74,819,48.26,418,24.63,1029,60.64,250,14.73,16529.52,0.1,100,97.94,,85.17,12.03,,Medio,,,Bajo,0.83,-0.11,-96.55,17.59,0,0,0,0,0,0
OAXACA,20,SAN PEDRO Y SAN PABLO AYUTLA,20337,5616,3083,54.9,2533,45.1,1733,30.86,3131,55.75,752,13.39,17198.68,0.33,100,93.79,,80.16,34.83,,Muy alto,,,Muy alto,0.74,1.97,-96.08,17.03,0,0,0,0,0,0
OAXACA,20,VILLA DE ETLA,20338,10361,5369,51.82,4992,48.18,2563,24.74,6934,66.92,864,8.34,825.77,12.55,22.82,19.87,,36.5,8.29,,Muy bajo,,,Muy bajo,0.89,-0.77,-96.8,17.21,0,0,0,0,0,0
OAXACA,20,SAN PEDRO Y SAN PABLO TEPOSCOLULA,20339,4353,2299,52.81,2054,47.19,1125,25.84,2717,62.42,511,11.74,17877.42,0.24,100,6.39,,48.7,7.39,,Bajo,,,Bajo,0.87,-0.35,-97.49,17.51,0,0,0,0,0,0
OAXACA,20,SAN PEDRO Y SAN PABLO TEQUIXTEPEC,20340,1747,947,54.21,800,45.79,340,19.46,933,53.41,474,27.13,17987.58,0.1,100,25.19,,79.87,24.41,,Medio,,,Medio,0.83,0.3,-97.72,18.06,0,0,0,0,0,0
OAXACA,20,SAN PEDRO YUCUNAMA,20341,241,132,54.77,109,45.23,53,21.99,152,63.07,36,14.94,2981.09,0.08,100,1.66,,78.04,14.74,,Medio,,,Medio,0.84,0.3,-97.48,17.56,0,0,0,0,0,0
OAXACA,20,SAN RAYMUNDO JALPAN,20342,4105,2186,53.25,1919,46.75,1044,25.43,2816,68.6,245,5.97,823.57,4.98,100,12.42,,20.36,2.89,,Muy bajo,,,Muy bajo,0.89,-0.76,-96.76,16.97,0,0,0,0,0,0
OAXACA,20,SAN SEBASTIAN ABASOLO,20343,1999,1051,52.58,948,47.42,436,21.81,1265,63.28,298,14.91,1539.9,1.3,100,50.33,,60.26,15.14,,Medio,,,Bajo,0.85,0.01,-96.59,16.99,0,0,0,0,0,0
OAXACA,20,SAN SEBASTIAN COATLAN,20344,2809,1450,51.62,1359,48.38,890,31.68,1648,58.67,271,9.65,20808.32,0.13,100,2.53,,88.5,36.87,,Alto,,,Alto,0.8,0.96,-96.83,16.2,0,0,0,0,0,0
OAXACA,20,SAN SEBASTIAN IXCAPA,20345,4188,2154,51.43,2034,48.57,1198,28.61,2498,59.65,492,11.75,9865.09,0.42,100,16.93,,65.17,18.28,,Alto,,,Medio,0.81,0.23,-98.14,16.54,0,0,0,0,0,0
OAXACA,20,SAN SEBASTIAN NICANNANDUTA,20346,1542,838,54.35,704,45.65,423,27.43,874,56.68,245,15.89,4406.95,0.35,100,82.43,,92.22,40.79,,Alto,,,Medio,0.82,0.13,-97.68,17.52,0,0,0,0,0,0
OAXACA,20,SAN SEBASTIAN RIO HONDO,20347,4202,2102,50.02,2100,49.98,1209,28.77,2625,62.47,351,8.35,10673.09,0.39,100,21.68,,93.55,39.43,,Medio,,,Alto,0.83,1.17,-96.46,16.18,0,0,0,0,0,0
OAXACA,20,SAN SEBASTIAN TECOMAXTLAHUACA,20348,8192,4283,52.28,3909,47.72,2173,26.53,4918,60.03,1101,13.44,23106.72,0.35,100,43.38,,75.16,23.53,,Alto,,,Medio,0.8,0.87,-98.03,17.35,0,0,0,0,0,0
OAXACA,20,SAN SEBASTIAN TEITIPAC,20349,2189,1182,54,1007,46,526,24.03,1358,62.04,305,13.93,3054.72,0.72,100,50.07,,52.46,13.3,,Alto,,,Medio,0.81,0.5,-96.61,16.95,0,0,0,0,0,0
OAXACA,20,SAN SEBASTIAN TUTLA,20350,16878,9172,54.34,7706,45.66,3396,20.12,12273,72.72,1194,7.07,734.18,22.99,0.33,12.66,,16.86,2.07,,Muy bajo,,,Muy bajo,0.95,-1.31,-96.67,17.06,0,0,0,0,0,0
OAXACA,20,SAN SIMON ALMOLONGAS,20351,2802,1469,52.43,1333,47.57,767,27.37,1639,58.49,396,14.13,5099.68,0.55,100,1.46,,80.52,25.63,,Alto,,,Medio,0.81,0.8,-96.72,16.41,0,0,0,0,0,0
OAXACA,20,SAN SIMON ZAHUATLAN,20352,4940,2471,50.02,2469,49.98,1985,40.18,2725,55.16,230,4.66,4603.98,1.07,100,99.57,,99.65,84.33,,Muy alto,,,Muy alto,0.72,1.89,-98,17.83,0,0,0,0,0,0
OAXACA,20,SANTA ANA,20353,2406,1218,50.62,1188,49.38,723,30.05,1431,59.48,252,10.47,5500.4,0.44,100,1.33,,83.9,30.8,,Alto,,,Medio,0.82,0.52,-96.72,16.34,0,0,0,0,0,0
OAXACA,20,SANTA ANA ATEIXTLAHUACA,20354,477,239,50.1,238,49.9,118,24.74,274,57.44,85,17.82,1499.45,0.32,100,98.53,,97.23,78.51,,Muy alto,,,Muy alto,0.76,1.88,-96.91,18.21,0,0,0,0,0,0
OAXACA,20,SANTA ANA CUAUHTEMOC,20355,681,339,49.78,342,50.22,176,25.84,384,56.39,121,17.77,4120.27,0.17,100,71.37,,89.58,37.38,,Alto,,,Alto,0.8,1.21,-96.79,17.98,0,0,0,0,0,0
OAXACA,20,SANTA ANA DEL VALLE,20356,2179,1103,50.62,1076,49.38,530,24.32,1342,61.59,307,14.09,2792.9,0.78,100,95.59,,71.63,23.64,,Medio,,,Medio,0.83,0.19,-96.47,16.99,0,0,0,0,0,0
OAXACA,20,SANTA ANA TAVELA,20357,848,439,51.77,409,48.23,147,17.33,529,62.38,172,20.28,17294.77,0.05,100,4.25,,80.87,27.98,,Medio,,,Alto,0.83,0.97,-95.91,16.65,0,0,0,0,0,0
OAXACA,20,SANTA ANA TLAPACOYAN,20358,1958,1033,52.76,925,47.24,461,23.54,1110,56.69,387,19.77,4680.02,0.42,100,1.23,,67.97,20.12,,Alto,,,Medio,0.82,0.4,-96.84,16.74,0,0,0,0,0,0
OAXACA,20,SANTA ANA YARENI,20359,637,356,55.89,281,44.11,104,16.33,370,58.08,163,25.59,4638.77,0.14,100,99.69,,91.6,33.83,,Alto,,,Alto,0.8,1.52,-96.61,17.4,0,0,0,0,0,0
OAXACA,20,SANTA ANA ZEGACHE,20360,3981,2118,53.2,1863,46.8,993,24.94,2457,61.72,531,13.34,2686.96,1.48,100,49.91,,74.83,23.11,,Alto,,,Medio,0.81,0.79,-96.73,16.84,0,0,0,0,0,0
OAXACA,20,SANTA CATALINA QUIERI,20361,825,459,55.64,366,44.36,209,25.33,489,59.27,127,15.39,5142.64,0.16,100,99.27,,94.56,38.13,,Alto,,,Alto,0.79,1.54,-96.27,16.32,0,0,0,0,0,0
OAXACA,20,SANTA CATARINA CUIXTLA,20362,1495,820,54.85,675,45.15,342,22.88,850,56.86,303,20.27,2569.68,0.58,100,32.71,,68.81,14.47,,Medio,,,Bajo,0.84,0.08,-96.64,16.3,0,0,0,0,0,0
OAXACA,20,SANTA CATARINA IXTEPEJI,20363,2675,1413,52.82,1262,47.18,626,23.4,1707,63.81,342,12.79,22029.75,0.12,100,11.51,,77.2,18.49,,Medio,,,Bajo,0.85,-0.21,-96.56,17.27,0,0,0,0,0,0
OAXACA,20,SANTA CATARINA JUQUILA,20364,18654,9673,51.85,8981,48.15,5994,32.13,11409,61.16,1251,6.71,64116.84,0.29,56.66,39.13,,75.57,24.39,,Alto,,,Medio,0.82,0.74,-97.29,16.24,0,0,0,0,0,0
OAXACA,20,SANTA CATARINA LACHATAO,20365,1059,574,54.2,485,45.8,244,23.04,625,59.02,190,17.94,10121.45,0.1,100,64.97,,73.91,9.18,,Medio,,,Medio,0.84,0.22,-96.47,17.27,0,0,0,0,0,0
OAXACA,20,SANTA CATARINA LOXICHA,20366,3676,1947,52.97,1729,47.03,1341,36.48,2020,54.95,315,8.57,12733.83,0.29,100,20.43,,96.56,53.21,,Alto,,,Alto,0.79,1.26,-96.75,16.07,0,0,0,0,0,0
OAXACA,20,SANTA CATARINA MECHOACAN,20367,4582,2344,51.16,2238,48.84,1245,27.17,2943,64.23,394,8.6,5144.81,0.89,100,98.71,,92.54,48.87,,Muy alto,,,Alto,0.76,1.3,-97.84,16.33,0,0,0,0,0,0
OAXACA,20,SANTA CATARINA MINAS,20368,2067,1039,50.27,1028,49.73,544,26.32,1280,61.93,243,11.76,3642.32,0.57,100,2.13,,65.11,16.27,,Alto,,,Medio,0.82,0.65,-96.62,16.78,0,0,0,0,0,0
OAXACA,20,SANTA CATARINA QUIANE,20369,2193,1124,51.25,1069,48.75,553,25.22,1377,62.79,263,11.99,2072.57,1.06,100,4.15,,43.84,6.74,,Medio,,,Bajo,0.85,-0.15,-96.74,16.88,0,0,0,0,0,0
OAXACA,20,SANTA CATARINA TAYATA,20370,662,346,52.27,316,47.73,155,23.41,399,60.27,108,16.31,3861.7,0.17,100,19.49,,76.95,20.24,,Bajo,,,Medio,0.85,0.22,-97.56,17.35,0,0,0,0,0,0
OAXACA,20,SANTA CATARINA TICUA,20371,986,558,56.59,428,43.41,233,23.63,530,53.75,223,22.62,2982.87,0.33,100,86.41,,93.24,39.71,,Alto,,,Alto,0.8,1.33,-97.53,17.07,0,0,0,0,0,0
OAXACA,20,SANTA CATARINA YOSONOTU,20372,1316,725,55.09,591,44.91,279,21.2,725,55.09,312,23.71,3834.88,0.34,100,92.55,,90.93,22.6,,Muy alto,,,Muy alto,0.76,2.24,-97.66,17.02,0,0,0,0,0,0
OAXACA,20,SANTA CATARINA ZAPOQUILA,20373,403,202,50.12,201,49.88,96,23.82,223,55.33,84,20.84,11811.64,0.03,100,1.74,,93.79,44.64,,Alto,,,Medio,0.8,0.37,-97.6,18.06,0,0,0,0,0,0
OAXACA,20,SANTA CRUZ ACATEPEC,20374,1645,872,53.01,773,46.99,569,34.59,930,56.53,146,8.88,708.14,2.32,100,98.91,,93.95,55.53,,Muy alto,,,Muy alto,0.75,2.31,-96.88,18.16,0,0,0,0,0,0
OAXACA,20,SANTA CRUZ AMILPAS,20375,13200,7010,53.11,6190,46.89,3257,24.67,9239,69.99,695,5.27,227.77,57.95,0,30.42,,36.29,6.85,,Muy bajo,,,Muy bajo,0.92,-0.92,-96.68,17.06,0,0,0,0,0,0
OAXACA,20,SANTA CRUZ DE BRAVO,20376,365,195,53.42,170,46.58,97,26.58,191,52.33,77,21.1,1837.06,0.2,100,4.38,,75.46,14.62,,Alto,,,Bajo,0.82,0.08,-98.22,17.58,0,0,0,0,0,0
OAXACA,20,SANTA CRUZ ITUNDUJIA,20377,10860,5680,52.3,5180,47.7,3353,30.87,6374,58.69,1133,10.43,56569.18,0.19,100,20.3,,88.9,37.3,,Alto,,,Alto,0.77,1.66,-97.66,16.87,0,0,0,0,0,0
OAXACA,20,SANTA CRUZ MIXTEPEC,20378,3720,1928,51.83,1792,48.17,1068,28.71,2242,60.27,410,11.02,4698.77,0.79,100,29.11,,81.06,34.79,,Alto,,,Medio,0.81,0.57,-96.88,16.79,0,0,0,0,0,0
OAXACA,20,SANTA CRUZ NUNDACO,20379,2951,1624,55.03,1327,44.97,950,32.19,1684,57.07,317,10.74,4361.96,0.68,100,95.73,,89.85,41.19,,Alto,,,Alto,0.81,1.42,-97.72,17.17,0,0,0,0,0,0
OAXACA,20,SANTA CRUZ PAPALUTLA,20380,2242,1148,51.2,1094,48.8,558,24.89,1392,62.09,292,13.02,1480.37,1.51,100,53.88,,59.07,11.38,,Medio,,,Medio,0.85,0.2,-96.58,16.96,0,0,0,0,0,0
OAXACA,20,SANTA CRUZ TACACHE DE MINA,20381,2940,1552,52.79,1388,47.21,882,30,1692,57.55,366,12.45,2751.58,1.07,100,0.48,,63.94,12.19,,Medio,,,Bajo,0.85,-0.5,-98.15,17.83,0,0,0,0,0,0
OAXACA,20,SANTA CRUZ TACAHUA,20382,1182,621,52.54,561,47.46,300,25.38,686,58.04,196,16.58,4752.35,0.25,100,60.32,,89.26,26.34,,Alto,,,Alto,0.82,1.16,-97.49,16.92,0,0,0,0,0,0
OAXACA,20,SANTA CRUZ TAYATA,20383,595,302,50.76,293,49.24,158,26.55,350,58.82,87,14.62,2179.13,0.27,100,3.03,,89.41,35.4,,Medio,,,Medio,0.83,0.83,-97.57,17.36,0,0,0,0,0,0
OAXACA,20,SANTA CRUZ XITLA,20384,4794,2513,52.42,2281,47.58,1472,30.71,2843,59.3,479,9.99,5714.62,0.84,100,82.48,,90.27,42.1,,Alto,,,Alto,0.8,1.13,-96.67,16.32,0,0,0,0,0,0
OAXACA,20,SANTA CRUZ XOXOCOTLAN,20385,100402,53386,53.17,47016,46.83,24475,24.38,69123,68.85,6324,6.3,4393.88,22.85,18.48,20.98,,48.17,14.13,,Muy bajo,,,Bajo,0.89,-0.66,-96.73,17.03,0,0,0,0,0,0
OAXACA,20,SANTA CRUZ ZENZONTEPEC,20386,19079,9836,51.55,9243,48.45,6607,34.63,11295,59.2,1177,6.17,48573.2,0.39,100,76.86,,94.7,53.67,,Muy alto,,,Muy alto,0.74,2.42,-97.5,16.54,0,0,0,0,0,0
OAXACA,20,SANTA GERTRUDIS,20387,2891,1505,52.06,1386,47.94,696,24.07,1776,61.43,419,14.49,3044.9,0.95,100,1.11,,69.33,13.37,,Medio,,,Bajo,0.85,-0.25,-96.8,16.79,0,0,0,0,0,0
OAXACA,20,SANTA INES DEL MONTE,20388,2809,1419,50.52,1390,49.48,946,33.68,1669,59.42,194,6.91,4920.98,0.57,100,2.99,,95.86,51.63,,Alto,,,Alto,0.77,1.7,-96.86,16.93,0,0,0,0,0,0
OAXACA,20,SANTA INES YATZECHE,20389,908,486,53.52,422,46.48,159,17.51,600,66.08,149,16.41,241.98,3.75,100,99.45,,73.73,17.42,,Alto,,,Alto,0.79,1.07,-96.76,16.81,0,0,0,0,0,0
OAXACA,20,SANTA LUCIA DEL CAMINO,20390,50362,26191,52.01,24171,47.99,11003,21.85,35033,69.56,4050,8.04,945.19,53.28,8.87,23.99,,27.19,3.79,,Muy bajo,,,Muy bajo,0.93,-1.04,-96.69,17.06,0,0,0,0,0,0
OAXACA,20,SANTA LUCIA MIAHUATLAN,20391,3375,1728,51.2,1647,48.8,1215,36,1923,56.98,237,7.02,7034.09,0.48,100,99.59,,98.09,72.94,,Muy alto,,,Muy alto,0.72,2.85,-96.62,16.19,0,0,0,0,0,0
OAXACA,20,SANTA LUCIA MONTEVERDE,20392,6726,3494,51.95,3232,48.05,1969,29.27,3893,57.88,861,12.8,15669.65,0.43,100,74.74,,95.82,52.72,,Muy alto,,,Muy alto,0.74,2.49,-97.67,16.97,0,0,0,0,0,0
OAXACA,20,SANTA LUCIA OCOTLAN,20393,4173,2202,52.77,1971,47.23,1128,27.03,2679,64.2,366,8.77,1170.85,3.56,100,96.48,,89.5,34.44,,Alto,,,Alto,0.81,1,-96.68,16.74,0,0,0,0,0,0
OAXACA,20,SANTA MARIA ALOTEPEC,20394,2796,1443,51.61,1353,48.39,684,24.46,1762,63.02,350,12.52,9868.19,0.28,100,97.68,,79.88,19.33,,Alto,,,Alto,0.8,1.05,-95.85,17.09,0,0,0,0,0,0
OAXACA,20,SANTA MARIA APAZCO,20395,1629,889,54.57,740,45.43,415,25.48,822,50.46,392,24.06,8047.33,0.2,100,95.27,,94.23,48.71,,Muy alto,,,Muy alto,0.72,2.38,-97.1,17.63,0,0,0,0,0,0
OAXACA,20,SANTA MARIA LA ASUNCION,20396,3259,1827,56.06,1432,43.94,993,30.47,1833,56.24,433,13.29,757.77,4.3,100,98.19,,96.13,62.51,,Muy alto,,,Muy alto,0.7,2.68,-96.82,18.11,0,0,0,0,0,0
OAXACA,20,HEROICA CIUDAD DE TLAXIACO,20397,40123,21521,53.64,18602,46.36,11563,28.82,25452,63.43,3106,7.74,34684.76,1.16,52.86,43.31,,54.39,16.14,,Medio,,,Bajo,0.85,0.12,-97.68,17.27,0,0,0,0,0,0
OAXACA,20,AYOQUEZCO DE ALDAMA,20398,4874,2514,51.58,2360,48.42,1193,24.48,2961,60.75,720,14.77,10474.36,0.47,100,17.09,,77.31,20.48,,Alto,,,Medio,0.82,0.38,-96.84,16.69,0,0,0,0,0,0
OAXACA,20,SANTA MARIA ATZOMPA,20399,41921,21973,52.42,19948,47.58,11137,26.57,28533,68.06,2152,5.13,3134.77,13.37,31.81,26.63,,42.42,12.78,,Bajo,,,Bajo,0.87,-0.53,-96.78,17.1,0,0,0,0,0,0
OAXACA,20,SANTA MARIA CAMOTLAN,20400,1713,892,52.07,821,47.93,439,25.63,974,56.86,300,17.51,9503.1,0.18,100,1.05,,63.05,11.18,,Medio,,,Bajo,0.83,-0.07,-97.69,17.9,0,0,0,0,0,0
OAXACA,20,SANTA MARIA COLOTEPEC,20401,27046,13805,51.04,13241,48.96,8154,30.15,17230,63.71,1644,6.08,41646.84,0.65,60.69,15.87,,38.51,7.79,,Medio,,,Bajo,0.84,-0.04,-96.94,15.9,0,0,0,0,0,0
OAXACA,20,SANTA MARIA CORTIJO,20402,1067,549,51.45,518,48.55,327,30.65,634,59.42,106,9.93,8167.62,0.13,100,9.65,,74.01,30.36,,Alto,,,Medio,0.81,0.22,-98.29,16.45,0,0,0,0,0,0
OAXACA,20,SANTA MARIA COYOTEPEC,20403,3751,1983,52.87,1768,47.13,967,25.78,2513,67,246,6.56,655.17,5.73,100,16.42,,53.94,9.2,,Bajo,,,Bajo,0.88,-0.66,-96.71,16.97,0,0,0,0,0,0
OAXACA,20,SANTA MARIA CHACHOAPAM,20404,761,394,51.77,367,48.23,149,19.58,463,60.84,149,19.58,6180.79,0.12,100,3.68,,59.74,6.28,,Bajo,,,Bajo,0.87,-0.47,-97.28,17.53,0,0,0,0,0,0
OAXACA,20,VILLA DE CHILAPA DE DIAZ,20405,1815,986,54.33,829,45.67,466,25.67,1063,58.57,286,15.76,17487.95,0.1,100,25.07,,61.56,13.61,,Medio,,,Bajo,0.84,-0.1,-97.63,17.59,0,0,0,0,0,0
OAXACA,20,SANTA MARIA CHILCHOTLA,20406,21469,11096,51.68,10373,48.32,7018,32.69,12268,57.14,2183,10.17,28279.89,0.76,100,98.37,,95.54,61.97,,Muy alto,,,Muy alto,0.64,3.52,-96.83,18.23,0,0,0,0,0,0
OAXACA,20,SANTA MARIA CHIMALAPA,20407,9578,4788,49.99,4790,50.01,2479,25.88,4458,46.54,612,6.39,455650.2,0.02,100,51.55,,84.48,32.3,,Alto,,,Alto,0.76,1.48,-94.68,16.91,0,0,0,0,0,0
OAXACA,20,SANTA MARIA DEL ROSARIO,20408,499,253,50.7,246,49.3,139,27.86,287,57.52,73,14.63,2522.42,0.2,100,26.25,,85.82,27.56,,Medio,,,Medio,0.84,0.72,-97.59,17.35,0,0,0,0,0,0
OAXACA,20,SANTA MARIA DEL TULE,20409,8939,4800,53.7,4139,46.3,1953,21.85,6101,68.25,856,9.58,1683.19,5.31,7.51,14.35,,34.13,3.19,,Muy bajo,,,Muy bajo,0.93,-1.13,-96.64,17.05,0,0,0,0,0,0
OAXACA,20,SANTA MARIA ECATEPEC,20410,3418,1684,49.27,1734,50.73,1064,31.13,1925,56.32,429,12.55,54297.31,0.06,100,60.27,,91.98,18.09,,Medio,,,Medio,0.83,0.36,-95.88,16.28,0,0,0,0,0,0
OAXACA,20,SANTA MARIA GUELACE,20411,908,479,52.75,429,47.25,198,21.81,605,66.63,105,11.56,739.18,1.23,100,38.11,,59.27,15.35,,Bajo,,,Bajo,0.87,-0.34,-96.6,17,0,0,0,0,0,0
OAXACA,20,SANTA MARIA GUIENAGATI,20412,3178,1624,51.1,1554,48.9,1033,32.5,1881,59.19,264,8.31,39040.1,0.08,100,47.92,,81.75,33.43,,Alto,,,Medio,0.79,0.93,-95.35,16.74,0,0,0,0,0,0
OAXACA,20,SANTA MARIA HUATULCO,20413,50862,26008,51.13,24854,48.87,13441,26.43,34824,68.47,2564,5.04,51406.66,0.99,41.5,10.06,,40.05,9.84,,Bajo,,,Bajo,0.87,-0.33,-96.32,15.84,0,0,0,0,0,0
OAXACA,20,SANTA MARIA HUAZOLOTITLAN,20414,11995,6105,50.9,5890,49.1,3339,27.84,7391,61.62,1265,10.55,27663.52,0.43,56.94,42.73,,69.31,17.77,,Medio,,,Medio,0.83,0.22,-97.91,16.3,0,0,0,0,0,0
OAXACA,20,SANTA MARIA IPALAPA,20415,4878,2576,52.81,2302,47.19,1531,31.39,2821,57.83,526,10.78,16794.43,0.29,100,30.83,,78.53,30.09,,Medio,,,Medio,0.83,0.13,-98.03,16.64,0,0,0,0,0,0
OAXACA,20,SANTA MARIA IXCATLAN,20416,461,237,51.41,224,48.59,78,16.92,272,59,111,24.08,17707.53,0.03,100,6.72,,95.9,62.83,,Alto,,,Medio,0.8,0.87,-97.19,17.85,0,0,0,0,0,0
OAXACA,20,SANTA MARIA JACATEPEC,20417,9682,5094,52.61,4588,47.39,2791,28.83,5916,61.1,975,10.07,32388.26,0.3,100,77.07,,74.86,29.04,,Alto,,,Medio,0.81,0.49,-96.21,17.86,0,0,0,0,0,0
OAXACA,20,SANTA MARIA JALAPA DEL MARQUES,20418,11735,6075,51.77,5660,48.23,2919,24.87,7411,63.15,1387,11.82,73236.07,0.16,23.66,9.65,,46.03,10.15,,Bajo,,,Bajo,0.86,-0.19,-95.44,16.44,0,0,0,0,0,0
OAXACA,20,SANTA MARIA JALTIANGUIS,20419,592,314,53.04,278,46.96,146,24.66,350,59.12,96,16.22,5392.72,0.11,100,75,,75.82,9.17,,Bajo,,,Bajo,0.87,-0.45,-96.53,17.37,0,0,0,0,0,0
OAXACA,20,SANTA MARIA LACHIXIO,20420,1679,919,54.73,760,45.27,531,31.63,1040,61.94,108,6.43,4978.17,0.34,100,97.32,,94.52,36.11,,Alto,,,Alto,0.78,1.7,-97.02,16.73,0,0,0,0,0,0
OAXACA,20,SANTA MARIA MIXTEQUILLA,20421,4690,2412,51.43,2278,48.57,1139,24.29,3018,64.35,533,11.36,14843.32,0.32,100,4.12,,50.34,7.85,,Bajo,,,Bajo,0.86,-0.47,-95.26,16.37,0,0,0,0,0,0
OAXACA,20,SANTA MARIA NATIVITAS,20422,603,327,54.23,276,45.77,138,22.89,352,58.37,113,18.74,4306.75,0.14,100,49.42,,83.56,27.86,,Medio,,,Medio,0.85,0.3,-97.33,17.66,0,0,0,0,0,0
OAXACA,20,SANTA MARIA NDUAYACO,20423,453,234,51.66,219,48.34,78,17.22,250,55.19,125,27.59,7684.25,0.06,100,2.87,,92.19,34.8,,Alto,,,Medio,0.81,0.57,-97.5,17.41,0,0,0,0,0,0
OAXACA,20,SANTA MARIA OZOLOTEPEC,20424,3793,1958,51.62,1835,48.38,1234,32.53,2191,57.76,368,9.7,14610.62,0.26,100,37.81,,95.77,52.2,,Alto,,,Alto,0.78,1.74,-96.37,16.13,0,0,0,0,0,0
OAXACA,20,SANTA MARIA PAPALO,20425,2058,1030,50.05,1028,49.95,540,26.24,1312,63.75,206,10.01,5572.55,0.37,100,99.47,,95.92,39.71,,Alto,,,Alto,0.81,1.19,-96.8,17.78,0,0,0,0,0,0
OAXACA,20,SANTA MARIA PENOLES,20426,8967,4644,51.79,4323,48.21,3119,34.78,5032,56.12,816,9.1,23360.87,0.38,100,97.58,,98.32,63.19,,Muy alto,,,Muy alto,0.76,2.25,-97,17.08,0,0,0,0,0,0
OAXACA,20,SANTA MARIA PETAPA,20427,16706,8626,51.63,8080,48.37,3956,23.68,9610,57.52,1477,8.84,15609.23,1.07,100,43.37,,58.54,18.14,,Medio,,,Bajo,0.83,0.03,-95.12,16.82,0,0,0,0,0,0
OAXACA,20,SANTA MARIA QUIEGOLANI,20428,2224,1090,49.01,1134,50.99,798,35.88,1251,56.25,175,7.87,16149.1,0.14,100,94.42,,96.68,42.31,,Alto,,,Medio,0.79,0.96,-96.05,16.28,0,0,0,0,0,0
OAXACA,20,SANTA MARIA SOLA,20429,1516,780,51.45,736,48.55,388,25.59,883,58.25,245,16.16,5222.65,0.29,100,5.08,,88.01,44.51,,Alto,,,Alto,0.8,0.98,-97.01,16.57,0,0,0,0,0,0
OAXACA,20,SANTA MARIA TATALTEPEC,20430,317,163,51.42,154,48.58,59,18.61,194,61.2,64,20.19,3710.82,0.09,100,28.71,,82.84,28.59,,Medio,,,Medio,0.83,0.32,-97.4,17.14,0,0,0,0,0,0
OAXACA,20,SANTA MARIA TECOMAVACA,20431,1830,939,51.31,891,48.69,477,26.07,1150,62.84,203,11.09,37070.78,0.05,100,28.85,,56.79,15.85,,Medio,,,Bajo,0.84,-0.15,-97.02,17.96,0,0,0,0,0,0
OAXACA,20,SANTA MARIA TEMAXCALAPA,20432,903,460,50.94,443,49.06,174,19.27,593,65.67,136,15.06,1319.14,0.68,100,98.89,,69.64,11.68,,Bajo,,,Bajo,0.86,-0.09,-96.16,17.38,0,0,0,0,0,0
OAXACA,20,SANTA MARIA TEMAXCALTEPEC,20433,2694,1472,54.64,1222,45.36,1066,39.57,1483,55.05,145,5.38,3490.92,0.77,100,95.73,,91.8,47.57,,Muy alto,,,Muy alto,0.75,2.32,-97.19,16.16,0,0,0,0,0,0
OAXACA,20,SANTA MARIA TEOPOXCO,20434,3985,2195,55.08,1790,44.92,1397,35.06,2095,52.57,493,12.37,3665.08,1.09,100,99.6,,94.44,35.18,,Alto,,,Alto,0.78,1.45,-96.96,18.17,0,0,0,0,0,0
OAXACA,20,SANTA MARIA TEPANTLALI,20435,3576,1839,51.43,1737,48.57,1138,31.82,2134,59.68,304,8.5,8464.66,0.42,100,97.6,,88.11,33.22,,Muy alto,,,Muy alto,0.76,2.13,-96.01,17,0,0,0,0,0,0
OAXACA,20,SANTA MARIA TEXCATITLAN,20436,896,464,51.79,432,48.21,251,28.01,490,54.69,155,17.3,3541.94,0.25,100,99.44,,91.28,30.58,,Muy alto,,,Muy alto,0.71,2.63,-97.07,17.71,0,0,0,0,0,0
OAXACA,20,SANTA MARIA TLAHUITOLTEPEC,20437,9653,5078,52.61,4575,47.39,2931,30.36,5747,59.54,975,10.1,15328.16,0.63,100,98.04,,90.68,43.33,,Alto,,,Muy alto,0.79,1.88,-96.06,17.1,0,0,0,0,0,0
OAXACA,20,SANTA MARIA TLALIXTAC,20438,1839,915,49.76,924,50.24,620,33.71,1054,57.31,165,8.97,2409,0.76,100,70.36,,92.9,38.2,,Alto,,,Alto,0.79,0.99,-96.74,17.95,0,0,0,0,0,0
OAXACA,20,SANTA MARIA TONAMECA,20439,25347,12983,51.22,12364,48.78,8032,31.69,15610,61.59,1705,6.73,52398.82,0.48,100,51.49,,59.39,19.72,,Alto,,,Alto,0.76,1.15,-96.55,15.75,0,0,0,0,0,0
OAXACA,20,SANTA MARIA TOTOLAPILLA,20440,812,416,51.23,396,48.77,171,21.06,491,60.47,150,18.47,11438.82,0.07,100,53.45,,77.43,10.19,,Alto,,,Medio,0.82,0.28,-95.63,16.6,0,0,0,0,0,0
OAXACA,20,SANTA MARIA XADANI,20441,9234,4674,50.62,4560,49.38,3171,34.34,5522,59.8,533,5.77,8636.41,1.07,6.52,98.91,,83.64,31.51,,Medio,,,Medio,0.83,0.54,-95.02,16.36,0,0,0,0,0,0
OAXACA,20,SANTA MARIA YALINA,20442,250,138,55.2,112,44.8,56,22.4,151,60.4,43,17.2,4828.87,0.05,100,92.4,,89.85,4.8,,Medio,,,Bajo,0.84,0.06,-96.26,17.24,0,0,0,0,0,0
OAXACA,20,SANTA MARIA YAVESIA,20443,434,235,54.15,199,45.85,104,23.96,250,57.6,80,18.43,8769.94,0.05,100,46.54,,71.61,6.22,,Bajo,,,Bajo,0.87,-0.5,-96.43,17.23,0,0,0,0,0,0
OAXACA,20,SANTA MARIA YOLOTEPEC,20444,481,255,53.01,226,46.99,147,30.56,266,55.3,68,14.14,1796.1,0.27,100,75.47,,92.76,46.08,,Medio,,,Medio,0.84,0.61,-97.51,16.88,0,0,0,0,0,0
OAXACA,20,SANTA MARIA YOSOYUA,20445,1699,886,52.15,813,47.85,468,27.55,1073,63.15,158,9.3,3363.46,0.51,100,98.29,,89.77,20.96,,Medio,,,Alto,0.84,1.03,-97.51,17.12,0,0,0,0,0,0
OAXACA,20,SANTA MARIA YUCUHITI,20446,6008,3158,52.56,2850,47.44,1568,26.1,3501,58.27,939,15.63,7314.36,0.82,100,97.75,,89.36,38.64,,Alto,,,Alto,0.82,1.04,-97.77,17.02,0,0,0,0,0,0
OAXACA,20,SANTA MARIA ZACATEPEC,20447,17100,8954,52.36,8146,47.64,5252,30.71,10266,60.04,1582,9.25,50219.99,0.34,65.14,33.78,,85.74,36.91,,Alto,,,Medio,0.81,0.42,-97.99,16.76,0,0,0,0,0,0
OAXACA,20,SANTA MARIA ZANIZA,20448,2469,1279,51.8,1190,48.2,1030,41.72,1316,53.3,123,4.98,15804.72,0.16,100,57.76,,98.39,67.7,,Muy alto,,,Muy alto,0.76,2.06,-97.34,16.66,0,0,0,0,0,0
OAXACA,20,SANTA MARIA ZOQUITLAN,20449,3294,1664,50.52,1630,49.48,852,25.87,1940,58.89,501,15.21,41721.63,0.08,100,1.03,,80.56,23.39,,Alto,,,Medio,0.82,0.34,-96.35,16.56,0,0,0,0,0,0
OAXACA,20,SANTIAGO AMOLTEPEC,20450,13855,7070,51.03,6785,48.97,5905,42.62,7332,52.92,618,4.46,20796.9,0.67,100,84.16,,98.78,84.45,,Muy alto,,,Muy alto,0.69,3.45,-97.49,16.64,0,0,0,0,0,0
OAXACA,20,SANTIAGO APOALA,20451,1019,550,53.97,469,46.03,267,26.2,487,47.79,265,26.01,8576.29,0.12,100,93.42,,93.68,39.12,,Muy alto,,,Muy alto,0.7,2.63,-97.14,17.65,0,0,0,0,0,0
OAXACA,20,SANTIAGO APOSTOL,20452,4421,2415,54.63,2006,45.37,1080,24.43,2764,62.52,577,13.05,1765.66,2.5,100,93.76,,91.22,49.61,,Muy alto,,,Alto,0.76,1.46,-96.72,16.8,0,0,0,0,0,0
OAXACA,20,SANTIAGO ASTATA,20453,3918,1970,50.28,1948,49.72,1030,26.29,2428,61.97,460,11.74,18713.16,0.21,100,19.24,,53.86,12.48,,Alto,,,Medio,0.82,0.82,-95.68,15.99,0,0,0,0,0,0
OAXACA,20,SANTIAGO ATITLAN,20454,3556,1773,49.86,1783,50.14,985,27.7,2251,63.3,320,9,7091.36,0.5,100,98.99,,93.24,47.08,,Alto,,,Alto,0.79,1.64,-95.95,17.1,0,0,0,0,0,0
OAXACA,20,SANTIAGO AYUQUILILLA,20455,2904,1497,51.55,1407,48.45,957,32.95,1611,55.48,336,11.57,8971.04,0.32,100,1.41,,86.52,37.97,,Alto,,,Medio,0.78,0.61,-97.96,17.94,0,0,0,0,0,0
OAXACA,20,SANTIAGO CACALOXTEPEC,20456,1667,865,51.89,802,48.11,422,25.31,1000,59.99,245,14.7,3867.27,0.43,100,50.75,,65.58,16.83,,Alto,,,Bajo,0.82,0.1,-97.74,17.72,0,0,0,0,0,0
OAXACA,20,SANTIAGO CAMOTLAN,20457,3346,1715,51.26,1631,48.74,888,26.54,2188,65.39,270,8.07,31205.91,0.11,100,93.87,,94.31,46.71,,Alto,,,Alto,0.81,1.1,-96.18,17.45,0,0,0,0,0,0
OAXACA,20,SANTIAGO COMALTEPEC,20458,1157,617,53.33,540,46.67,292,25.24,635,54.88,230,19.88,20402.98,0.06,100,96.63,,84.13,8.74,,Medio,,,Bajo,0.85,-0.22,-96.55,17.56,0,0,0,0,0,0
OAXACA,20,VILLA DE SANTIAGO CHAZUMBA,20459,4877,2581,52.92,2296,47.08,1148,23.54,2728,55.94,1001,20.52,32428.21,0.15,100,17.65,,66.15,14.99,,Medio,,,Bajo,0.85,-0.13,-97.68,18.19,0,0,0,0,0,0
OAXACA,20,SANTIAGO CHOAPAM,20460,5242,2751,52.48,2491,47.52,1604,30.6,3102,59.18,518,9.88,31122.44,0.17,100,70.18,,95.52,58.76,,Alto,,,Alto,0.78,1.65,-95.92,17.36,0,0,0,0,0,0
OAXACA,20,SANTIAGO DEL RIO,20461,527,276,52.37,251,47.63,113,21.44,259,49.15,155,29.41,3843.39,0.14,100,34.35,,82.48,34.58,,Alto,,,Medio,0.78,0.95,-98.09,17.46,0,0,0,0,0,0
OAXACA,20,SANTIAGO HUAJOLOTITLAN,20462,4600,2387,51.89,2213,48.11,1170,25.43,2879,62.59,551,11.98,11055.86,0.42,100,1.2,,51.47,12.56,,Bajo,,,Bajo,0.86,-0.45,-97.73,17.83,0,0,0,0,0,0
OAXACA,20,SANTIAGO HUAUCLILLA,20463,525,280,53.33,245,46.67,86,16.38,280,53.33,159,30.29,10076.95,0.05,100,4.57,,89.13,22.41,,Medio,,,Medio,0.83,0.7,-97.07,17.45,0,0,0,0,0,0
OAXACA,20,SANTIAGO IHUITLAN PLUMAS,20464,341,186,54.55,155,45.45,90,26.39,178,52.2,73,21.41,4611.2,0.07,100,3.23,,92.92,29.43,,Medio,,,Medio,0.83,0.23,-97.43,17.85,0,0,0,0,0,0
OAXACA,20,SANTIAGO IXCUINTEPEC,20465,1636,861,52.63,775,47.37,554,33.86,951,58.13,131,8.01,12234.21,0.13,100,96.45,,95.38,28.43,,Alto,,,Alto,0.79,1.22,-95.62,16.93,0,0,0,0,0,0
OAXACA,20,SANTIAGO IXTAYUTLA,20466,13880,7329,52.8,6551,47.2,4948,35.65,8222,59.24,710,5.12,45775.42,0.3,100,87.28,,96.77,72.55,,Muy alto,,,Muy alto,0.69,2.83,-97.65,16.57,0,0,0,0,0,0
OAXACA,20,SANTIAGO JAMILTEPEC,20467,19112,9953,52.08,9159,47.92,5546,29.02,11686,61.14,1880,9.84,64069.38,0.3,45.65,38.94,,66.25,25.21,,Medio,,,Medio,0.83,0.28,-97.82,16.28,0,0,0,0,0,0
OAXACA,20,SANTIAGO JOCOTEPEC,20468,14198,7335,51.66,6863,48.34,5051,35.58,8054,56.73,1093,7.7,61849.53,0.23,100,87.41,,88.07,51.6,,Alto,,,Alto,0.78,1.55,-95.94,17.54,0,0,0,0,0,0
OAXACA,20,SANTIAGO JUXTLAHUACA,20469,34735,18208,52.42,16527,47.58,11944,34.39,19750,56.86,3037,8.74,77501.87,0.45,69.45,76.4,,82.26,42.62,,Alto,,,Alto,0.77,1.13,-98.01,17.34,0,0,0,0,0,0
OAXACA,20,SANTIAGO LACHIGUIRI,20470,4394,2259,51.41,2135,48.59,1024,23.3,2800,63.72,570,12.97,43417.65,0.1,100,77.63,,80.69,19.38,,Alto,,,Alto,0.79,1.13,-95.53,16.69,0,0,0,0,0,0
OAXACA,20,SANTIAGO LALOPA,20471,431,228,52.9,203,47.1,90,20.88,290,67.29,51,11.83,2561.41,0.17,100,94.9,,92.6,14.36,,Medio,,,Medio,0.85,0.2,-96.25,17.42,0,0,0,0,0,0
OAXACA,20,SANTIAGO LAOLLAGA,20472,3361,1732,51.53,1629,48.47,779,23.18,2084,62.01,498,14.82,26397.09,0.13,100,19.61,,50.69,9.53,,Bajo,,,Bajo,0.86,-0.35,-95.2,16.58,0,0,0,0,0,0
OAXACA,20,SANTIAGO LAXOPA,20473,1291,696,53.91,595,46.09,334,25.87,787,60.96,170,13.17,11740.71,0.11,100,99.46,,91.62,11.55,,Bajo,,,Medio,0.86,0.27,-96.31,17.22,0,0,0,0,0,0
OAXACA,20,SANTIAGO LLANO GRANDE,20474,3440,1724,50.12,1716,49.88,989,28.75,1990,57.85,461,13.4,11081.76,0.31,100,4.27,,57.37,16.31,,Alto,,,Medio,0.82,0.15,-98.29,16.49,0,0,0,0,0,0
OAXACA,20,SANTIAGO MATATLAN,20475,10175,5461,53.67,4714,46.33,2698,26.52,6421,63.11,1056,10.38,18428.42,0.55,100,96.71,,88.83,30.48,,Alto,,,Medio,0.8,0.56,-96.38,16.87,0,0,0,0,0,0
OAXACA,20,SANTIAGO MILTEPEC,20476,421,211,50.12,210,49.88,106,25.18,248,58.91,67,15.91,5166.81,0.08,100,2.38,,69.8,11.65,,Medio,,,Bajo,0.84,-0.1,-97.69,17.98,0,0,0,0,0,0
OAXACA,20,SANTIAGO MINAS,20477,1327,675,50.87,652,49.13,349,26.3,836,63,142,10.7,19899.17,0.07,100,11.53,,81.13,22.04,,Alto,,,Medio,0.79,0.54,-97.23,16.43,0,0,0,0,0,0
OAXACA,20,SANTIAGO NACALTEPEC,20478,1599,864,54.03,735,45.97,358,22.39,809,50.59,432,27.02,20444.9,0.08,100,3.31,,90.29,29.86,,Medio,,,Medio,0.83,0.57,-96.92,17.51,0,0,0,0,0,0
OAXACA,20,SANTIAGO NEJAPILLA,20479,174,90,51.72,84,48.28,25,14.37,98,56.32,51,29.31,2045.55,0.09,100,3.45,,93.81,38.29,,Medio,,,Medio,0.83,0.87,-97.37,17.42,0,0,0,0,0,0
OAXACA,20,SANTIAGO NUNDICHE,20480,1351,707,52.33,644,47.67,322,23.83,845,62.55,184,13.62,7137.15,0.19,100,98.08,,93.22,55.89,,Muy alto,,,Muy alto,0.75,2.27,-97.67,17.33,0,0,0,0,0,0
OAXACA,20,SANTIAGO NUYOO,20481,1898,988,52.05,910,47.95,500,26.34,1032,54.37,366,19.28,5819.14,0.33,100,98.37,,89.3,26.56,,Alto,,,Alto,0.82,1.34,-97.77,17.02,0,0,0,0,0,0
OAXACA,20,SANTIAGO PINOTEPA NACIONAL,20482,55840,28626,51.26,27214,48.74,16127,28.88,35350,63.31,4355,7.8,79005.83,0.71,39.6,34.87,,54.77,17.87,,Alto,,,Medio,0.82,0.16,-98.05,16.34,0,0,0,0,0,0
OAXACA,20,SANTIAGO SUCHILQUITONGO,20483,10886,5642,51.83,5244,48.17,2754,25.3,7182,65.97,950,8.73,9556.62,1.14,24,2.99,,76.96,30.73,,Bajo,,,Bajo,0.87,-0.05,-96.87,17.25,0,0,0,0,0,0
OAXACA,20,SANTIAGO TAMAZOLA,20484,4458,2356,52.85,2102,47.15,1392,31.22,2505,56.19,561,12.58,20098.53,0.22,100,13.82,,74.01,21.42,,Alto,,,Bajo,0.81,0.04,-98.22,17.67,0,0,0,0,0,0
OAXACA,20,SANTIAGO TAPEXTLA,20485,3134,1552,49.52,1582,50.48,1152,36.76,1658,52.9,324,10.34,12936.3,0.24,100,3.1,,84.97,42.4,,Muy alto,,,Alto,0.75,1.27,-98.45,16.34,0,0,0,0,0,0
OAXACA,20,VILLA TEJUPAM DE LA UNION,20486,2419,1259,52.05,1160,47.95,613,25.34,1499,61.97,307,12.69,14140.84,0.17,100,2.44,,59.9,10.58,,Medio,,,Bajo,0.84,-0.05,-97.47,17.67,0,0,0,0,0,0
OAXACA,20,SANTIAGO TENNANGO,20487,1966,997,50.71,969,49.29,540,27.47,1208,61.44,218,11.09,10922.11,0.18,100,2.9,,86.8,31.57,,Medio,,,Medio,0.83,0.46,-97,17.32,0,0,0,0,0,0
OAXACA,20,SANTIAGO TEPETLAPA,20488,130,78,60,52,40,32,24.62,70,53.85,28,21.54,1356.58,0.1,100,3.08,,77.86,17.47,,Medio,,,Bajo,0.85,-0.24,-97.4,17.78,0,0,0,0,0,0
OAXACA,20,SANTIAGO TETEPEC,20489,4909,2531,51.56,2378,48.44,1527,31.11,2924,59.56,458,9.33,29220.6,0.17,100,36.06,,84.48,32.69,,Alto,,,Medio,0.79,0.74,-97.75,16.32,0,0,0,0,0,0
OAXACA,20,SANTIAGO TEXCALCINGO,20490,2974,1569,52.76,1405,47.24,966,32.48,1754,58.98,254,8.54,1656.18,1.8,100,99.5,,96.96,44.99,,Alto,,,Alto,0.79,1.46,-96.97,18.21,0,0,0,0,0,0
OAXACA,20,SANTIAGO TEXTITLAN,20491,4930,2510,50.91,2420,49.09,1850,37.53,2810,57,270,5.48,25262.55,0.2,100,49.49,,95.88,46.45,,Alto,,,Alto,0.82,1.05,-97.26,16.69,0,0,0,0,0,0
OAXACA,20,SANTIAGO TILANTONGO,20492,2764,1490,53.91,1274,46.09,774,28,1458,52.75,532,19.25,24801.39,0.11,100,78.44,,95.19,41.67,,Alto,,,Alto,0.77,1.7,-97.34,17.28,0,0,0,0,0,0
OAXACA,20,SANTIAGO TILLO,20493,545,286,52.48,259,47.52,127,23.3,325,59.63,93,17.06,1706.97,0.32,100,5.5,,68.01,14.37,,Bajo,,,Bajo,0.86,-0.32,-97.32,17.46,0,0,0,0,0,0
OAXACA,20,SANTIAGO TLAZOYALTEPEC,20494,6300,3394,53.87,2906,46.13,2130,33.81,3582,56.86,588,9.33,6320.36,1,100,96,,98.6,58.83,,Muy alto,,,Muy alto,0.76,2.09,-97,17.03,0,0,0,0,0,0
OAXACA,20,SANTIAGO XANICA,20495,3029,1491,49.22,1538,50.78,1037,34.24,1732,57.18,260,8.58,13798.45,0.22,100,71.05,,94.29,52.25,,Muy alto,,,Muy alto,0.74,2.45,-96.22,16.01,0,0,0,0,0,0
OAXACA,20,SANTIAGO XIACUI,20496,1893,987,52.14,906,47.86,472,24.93,1186,62.65,235,12.41,6336.48,0.3,100,22.4,,63.59,9.06,,Bajo,,,Bajo,0.88,-0.53,-96.43,17.29,0,0,0,0,0,0
OAXACA,20,SANTIAGO YAITEPEC,20497,4233,2327,54.97,1906,45.03,1512,35.72,2384,56.32,337,7.96,4116.48,1.03,100,99.27,,98.05,66.27,,Muy alto,,,Muy alto,0.73,2.17,-97.27,16.23,0,0,0,0,0,0
OAXACA,20,SANTIAGO YAVEO,20498,7593,3806,50.13,3787,49.87,2297,30.25,4597,60.54,697,9.18,102422.48,0.07,100,44.92,,79.38,29.33,,Muy alto,,,Alto,0.74,1.13,-95.7,17.34,0,0,0,0,0,0
OAXACA,20,SANTIAGO YOLOMECATL,20499,1922,1038,54.01,884,45.99,472,24.56,1203,62.59,247,12.85,6692.25,0.29,100,9.37,,52.19,7.45,,Bajo,,,Bajo,0.87,-0.49,-97.57,17.47,0,0,0,0,0,0
OAXACA,20,SANTIAGO YOSONDUA,20500,7991,4238,53.03,3753,46.97,2384,29.83,4489,56.18,1118,13.99,33494.73,0.24,100,42.12,,87.28,26.37,,Alto,,,Alto,0.8,1.16,-97.58,16.87,0,0,0,0,0,0
OAXACA,20,SANTIAGO YUCUYACHI,20501,998,505,50.6,493,49.4,225,22.55,522,52.3,251,25.15,5012.69,0.2,100,25.75,,68.34,15.08,,Alto,,,Medio,0.82,0.13,-98.2,17.61,0,0,0,0,0,0
OAXACA,20,SANTIAGO ZACATEPEC,20502,5089,2610,51.29,2479,48.71,1595,31.34,2885,56.69,609,11.97,21325.14,0.24,100,99.27,,93.22,59.64,,Muy alto,,,Muy alto,0.72,2.82,-95.91,17.16,0,0,0,0,0,0
OAXACA,20,SANTIAGO ZOOCHILA,20503,425,219,51.53,206,48.47,92,21.65,256,60.24,77,18.12,822.16,0.52,100,92.24,,83.41,12.4,,Bajo,,,Bajo,0.86,-0.51,-96.24,17.22,0,0,0,0,0,0
OAXACA,20,NUEVO ZOQUIAPAM,20504,1590,828,52.08,762,47.92,470,29.56,956,60.13,164,10.31,10073.95,0.16,100,82.39,,81.85,19.45,,Medio,,,Bajo,0.84,-0.17,-96.62,17.29,0,0,0,0,0,0
OAXACA,20,SANTO DOMINGO INGENIO,20505,7681,3916,50.98,3765,49.02,1751,22.8,4794,62.41,1136,14.79,19990.16,0.38,20.19,9.54,,57.2,10.67,,Bajo,,,Bajo,0.88,-0.6,-94.77,16.59,0,0,0,0,0,0
OAXACA,20,SANTO DOMINGO ALBARRADAS,20506,798,421,52.76,377,47.24,179,22.43,494,61.9,125,15.66,4364.85,0.18,100,99.12,,92.87,30.63,,Medio,,,Medio,0.83,0.3,-96.2,17.07,0,0,0,0,0,0
OAXACA,20,SANTO DOMINGO ARMENTA,20507,3155,1573,49.86,1582,50.14,1023,32.42,1780,56.42,351,11.13,14435.75,0.22,100,5.58,,87.39,35.63,,Alto,,,Medio,0.8,0.66,-98.38,16.33,0,0,0,0,0,0
OAXACA,20,SANTO DOMINGO CHIHUITAN,20508,1618,825,50.99,793,49.01,358,22.13,985,60.88,275,17,7129.41,0.23,100,20.27,,31.59,4.5,,Bajo,,,Bajo,0.86,-0.49,-95.16,16.59,0,0,0,0,0,0
OAXACA,20,SANTO DOMINGO DE MORELOS,20509,11384,5914,51.95,5470,48.05,4254,37.37,6508,57.17,622,5.46,10604.18,1.07,100,95.33,,86.15,48.21,,Muy alto,,,Muy alto,0.74,2.01,-96.67,15.83,0,0,0,0,0,0
OAXACA,20,SANTO DOMINGO IXCATLAN,20510,760,415,54.61,345,45.39,205,26.97,440,57.89,115,15.13,1795.86,0.42,100,34.87,,86.5,25.9,,Alto,,,Alto,0.79,1.12,-97.53,16.91,0,0,0,0,0,0
OAXACA,20,SANTO DOMINGO NUXAA,20511,3335,1709,51.24,1626,48.76,1128,33.82,1810,54.27,397,11.9,14646.82,0.23,100,81.32,,97.05,48.12,,Muy alto,,,Muy alto,0.76,1.96,-97.12,17.22,0,0,0,0,0,0
OAXACA,20,SANTO DOMINGO OZOLOTEPEC,20512,1101,576,52.32,525,47.68,372,33.79,606,55.04,123,11.17,6449.47,0.17,100,75.2,,95.27,40.17,,Alto,,,Alto,0.8,1.22,-96.31,16.15,0,0,0,0,0,0
OAXACA,20,SANTO DOMINGO PETAPA,20513,9027,4525,50.13,4502,49.87,2688,29.78,5443,60.3,896,9.93,34049.53,0.27,35.13,60.39,,75.95,21.34,,Medio,,,Medio,0.83,0.44,-95.14,16.82,0,0,0,0,0,0
OAXACA,20,SANTO DOMINGO ROAYAGA,20514,941,491,52.18,450,47.82,290,30.82,565,60.04,86,9.14,5628.33,0.17,100,98.09,,95.31,60.98,,Muy alto,,,Muy alto,0.74,2.37,-96.11,17.34,0,0,0,0,0,0
OAXACA,20,SANTO DOMINGO TEHUANTEPEC,20515,67739,34914,51.54,32825,48.46,17244,25.46,44443,65.61,6002,8.86,120344.47,0.56,33.37,18.01,,48.9,14.05,,Bajo,,,Bajo,0.86,-0.37,-95.23,16.33,0,0,0,0,0,0
OAXACA,20,SANTO DOMINGO TEOJOMULCO,20516,5260,2684,51.03,2576,48.97,1752,33.31,3094,58.82,414,7.87,22530.31,0.23,100,3.29,,86.37,25.56,,Alto,,,Medio,0.81,0.47,-97.23,16.59,0,0,0,0,0,0
OAXACA,20,SANTO DOMINGO TEPUXTEPEC,20517,6029,3233,53.62,2796,46.38,1960,32.51,3511,58.24,558,9.26,11379.37,0.53,100,96.6,,90.98,43.58,,Muy alto,,,Muy alto,0.73,2.63,-96.06,16.96,0,0,0,0,0,0
OAXACA,20,SANTO DOMINGO TLATAYAPAM,20518,113,61,53.98,52,46.02,21,18.58,64,56.64,28,24.78,1182.35,0.1,100,0,,77.7,30.71,,Bajo,,,Medio,0.86,0.32,-97.35,17.41,0,0,0,0,0,0
OAXACA,20,SANTO DOMINGO TOMALTEPEC,20519,3386,1735,51.24,1651,48.76,784,23.15,2253,66.54,349,10.31,3059.14,1.11,100,36.5,,69.38,15.6,,Medio,,,Bajo,0.85,-0.34,-96.62,17.06,0,0,0,0,0,0
OAXACA,20,SANTO DOMINGO TONALA,20520,7393,3826,51.75,3567,48.25,1975,26.71,4448,60.17,970,13.12,16561.1,0.45,100,33.82,,56.37,10.51,,Medio,,,Bajo,0.83,-0.01,-97.96,17.67,0,0,0,0,0,0
OAXACA,20,SANTO DOMINGO TONALTEPEC,20521,250,133,53.2,117,46.8,58,23.2,140,56,52,20.8,2652.18,0.09,100,17.2,,97.79,39.68,,Medio,,,Medio,0.83,0.51,-97.36,17.61,0,0,0,0,0,0
OAXACA,20,SANTO DOMINGO XAGACIA,20522,1205,651,54.02,554,45.98,393,32.61,613,50.87,199,16.51,5652.45,0.21,100,99.75,,90.69,37.76,,Alto,,,Alto,0.79,1.29,-96.27,17.16,0,0,0,0,0,0
OAXACA,20,SANTO DOMINGO YANHUITLAN,20523,1633,874,53.52,759,46.48,436,26.7,919,56.28,278,17.02,6963,0.23,100,6.55,,50.14,11.05,,Medio,,,Bajo,0.85,-0.01,-97.34,17.53,0,0,0,0,0,0
OAXACA,20,SANTO DOMINGO YODOHINO,20524,327,156,47.71,171,52.29,51,15.6,228,69.72,48,14.68,3641.15,0.09,100,0,,97.64,37.68,,Bajo,,,Bajo,0.86,-0.27,-97.68,17.62,0,0,0,0,0,0
OAXACA,20,SANTO DOMINGO ZANATEPEC,20525,12483,6333,50.73,6150,49.27,3192,25.57,7682,61.54,1589,12.73,64870.36,0.19,36.71,3.98,,58.75,13.53,,Medio,,,Bajo,0.84,-0.15,-94.35,16.48,0,0,0,0,0,0
OAXACA,20,SANTOS REYES NOPALA,20526,16688,8791,52.68,7897,47.32,5193,31.12,10287,61.64,1204,7.21,22740.12,0.73,64.79,64.69,,71.88,21.1,,Alto,,,Medio,0.81,0.95,-97.14,16.11,0,0,0,0,0,0
OAXACA,20,SANTOS REYES PAPALO,20527,2490,1272,51.08,1218,48.92,855,34.34,1404,56.39,231,9.28,8333.04,0.3,100,99.56,,98.21,58.32,,Alto,,,Alto,0.8,1.4,-96.86,17.8,0,0,0,0,0,0
OAXACA,20,SANTOS REYES TEPEJILLO,20528,904,490,54.2,414,45.8,227,25.11,479,52.99,198,21.9,5298.93,0.17,100,98.78,,87.93,31.38,,Alto,,,Medio,0.8,0.82,-97.94,17.44,0,0,0,0,0,0
OAXACA,20,SANTOS REYES YUCUNA,20529,1474,743,50.41,731,49.59,549,37.25,847,57.46,78,5.29,6083.84,0.24,100,98.1,,97.8,41.36,,Muy alto,,,Alto,0.75,1.64,-98,17.78,0,0,0,0,0,0
OAXACA,20,SANTO TOMAS JALIEZA,20530,3923,2065,52.64,1858,47.36,1105,28.17,2493,63.55,325,8.28,7027.07,0.56,100,31.43,,70.98,23.86,,Alto,,,Medio,0.78,0.92,-96.67,16.84,0,0,0,0,0,0
OAXACA,20,SANTO TOMAS MAZALTEPEC,20531,2612,1349,51.65,1263,48.35,680,26.03,1668,63.86,264,10.11,4406.07,0.59,100,84.3,,80.13,22.82,,Medio,,,Bajo,0.85,-0.02,-96.87,17.17,0,0,0,0,0,0
OAXACA,20,SANTO TOMAS OCOTEPEC,20532,4066,2209,54.33,1857,45.67,1227,30.18,2276,55.98,563,13.85,8016.4,0.51,100,98.84,,96.95,55.65,,Alto,,,Alto,0.79,1.78,-97.76,17.15,0,0,0,0,0,0
OAXACA,20,SANTO TOMAS TAMAZULAPAN,20533,2726,1418,52.02,1308,47.98,772,28.32,1676,61.48,278,10.2,6691.16,0.41,100,21.68,,63.54,16.31,,Medio,,,Bajo,0.83,0.1,-96.59,16.27,0,0,0,0,0,0
OAXACA,20,SAN VICENTE COATLAN,20534,3512,1895,53.96,1617,46.04,1106,31.49,2004,57.06,402,11.45,10646.91,0.33,100,94.82,,95.87,52.11,,Alto,,,Muy alto,0.76,1.81,-96.84,16.39,0,0,0,0,0,0
OAXACA,20,SAN VICENTE LACHIXIO,20535,3227,1767,54.76,1460,45.24,1094,33.9,1903,58.97,230,7.13,13689.7,0.24,100,99.47,,97.08,63.47,,Alto,,,Alto,0.8,1.3,-97.02,16.7,0,0,0,0,0,0
OAXACA,20,SAN VICENTE NUNU,20536,449,238,53.01,211,46.99,91,20.27,271,60.36,87,19.38,7140.18,0.06,100,1.56,,71.54,10.74,,Bajo,,,Bajo,0.86,-0.13,-97.44,17.46,0,0,0,0,0,0
OAXACA,20,SILACAYOAPAM,20537,6710,3483,51.91,3227,48.09,1723,25.68,3836,57.17,1151,17.15,43150.05,0.16,100,24.26,,76.64,22.74,,Alto,,,Bajo,0.82,0.1,-98.14,17.5,0,0,0,0,0,0
OAXACA,20,SITIO DE XITLAPEHUA,20538,713,364,51.05,349,48.95,201,28.19,425,59.61,87,12.2,1830.1,0.39,100,3.65,,77.06,21.86,,Medio,,,Medio,0.84,0.39,-96.53,16.35,0,0,0,0,0,0
OAXACA,20,SOLEDAD ETLA,20539,6348,3271,51.53,3077,48.47,1520,23.94,4304,67.8,524,8.25,1248.54,5.08,100,7.14,,50.71,7.63,,Bajo,,,Bajo,0.86,-0.53,-96.82,17.17,0,0,0,0,0,0
OAXACA,20,VILLA DE TAMAZULAPAM DEL PROGRESO,20540,8326,4570,54.89,3756,45.11,2200,26.42,5380,64.62,746,8.96,14382.47,0.58,20.23,5.16,,59.43,11.52,,Bajo,,,Bajo,0.89,-0.52,-97.57,17.67,0,0,0,0,0,0
OAXACA,20,TANETZE DE ZARAGOZA,20541,1558,812,52.12,746,47.88,301,19.32,1008,64.7,249,15.98,2248.05,0.69,100,96.15,,81.13,16.69,,Medio,,,Medio,0.84,0.38,-96.3,17.38,0,0,0,0,0,0
OAXACA,20,TANICHE,20542,887,474,53.44,413,46.56,212,23.9,545,61.44,130,14.66,1079.75,0.82,100,1.8,,78.87,24.03,,Medio,,,Medio,0.83,0.32,-96.75,16.57,0,0,0,0,0,0
OAXACA,20,TATALTEPEC DE VALDES,20543,6386,3274,51.27,3112,48.73,2016,31.57,3864,60.51,503,7.88,22136.08,0.29,100,76.07,,94.74,58.3,,Alto,,,Alto,0.77,1.15,-97.55,16.31,0,0,0,0,0,0
OAXACA,20,TEOCOCUILCO DE MARCOS PEREZ,20544,1032,533,51.65,499,48.35,265,25.68,566,54.84,201,19.48,13317.75,0.08,100,96.12,,87.5,33.57,,Alto,,,Medio,0.82,0.23,-96.61,17.35,0,0,0,0,0,0
OAXACA,20,TEOTITLAN DE FLORES MAGON,20545,10099,5313,52.61,4786,47.39,2913,28.84,6289,62.27,897,8.88,14365.19,0.7,16.14,32.62,,51.32,15.75,,Bajo,,,Bajo,0.87,-0.41,-97.07,18.13,0,0,0,0,0,0
OAXACA,20,TEOTITLAN DEL VALLE,20546,6392,3355,52.49,3037,47.51,1363,21.32,4173,65.28,856,13.39,10804.62,0.59,100,84.76,,75.04,21.76,,Alto,,,Medio,0.82,0.15,-96.52,17.03,0,0,0,0,0,0
OAXACA,20,TEOTONGO,20547,1005,548,54.53,457,45.47,254,25.27,566,56.32,185,18.41,4576.97,0.22,100,3.18,,60.56,8.63,,Medio,,,Bajo,0.85,-0.1,-97.54,17.73,0,0,0,0,0,0
OAXACA,20,TEPELMEME VILLA DE MORELOS,20548,1960,1044,53.27,916,46.73,610,31.12,1068,54.49,282,14.39,57316.75,0.03,100,3.27,,85.23,26.71,,Alto,,,Medio,0.78,0.84,-97.36,17.87,0,0,0,0,0,0
OAXACA,20,"HEROICA VILLA TEZOATLAN DE SEGURA Y LUNA, CUNA DE LA INDEPENDENCIA DE OAXACA",20549,11465,6069,52.94,5396,47.06,3021,26.35,6588,57.46,1856,16.19,48649.26,0.24,100,59.9,,74.28,29.22,,Alto,,,Medio,0.81,0.53,-97.81,17.65,0,0,0,0,0,0
OAXACA,20,SAN JERONIMO TLACOCHAHUAYA,20550,5764,3052,52.95,2712,47.05,1338,23.21,3752,65.09,674,11.69,3672.9,1.57,100,74.22,,54.86,11.46,,Medio,,,Bajo,0.84,0.09,-96.58,17.01,0,0,0,0,0,0
OAXACA,20,TLACOLULA DE MATAMOROS,20551,30254,15869,52.45,14385,47.55,8079,26.7,19868,65.67,2303,7.61,13602.85,2.22,27.98,35.23,,40.68,9.89,,Bajo,,,Bajo,0.88,-0.38,-96.48,16.96,0,0,0,0,0,0
OAXACA,20,TLACOTEPEC PLUMAS,20552,410,212,51.71,198,48.29,90,21.95,222,54.15,98,23.9,5579.67,0.07,100,0.98,,87.68,24.22,,Medio,,,Bajo,0.85,-0.12,-97.43,17.85,0,0,0,0,0,0
OAXACA,20,TLALIXTAC DE CABRERA,20553,12067,6295,52.17,5772,47.83,2975,24.65,8069,66.87,987,8.18,8164.8,1.48,5.53,21.35,,44.31,13.99,,Muy bajo,,,Bajo,0.89,-0.58,-96.65,17.07,0,0,0,0,0,0
OAXACA,20,TOTONTEPEC VILLA DE MORELOS,20554,5904,3063,51.88,2841,48.12,1913,32.4,3329,56.39,662,11.21,26696.72,0.22,100,97.36,,91.31,41.93,,Alto,,,Alto,0.79,1.36,-96.03,17.26,0,0,0,0,0,0
OAXACA,20,TRINIDAD ZAACHILA,20555,3419,1812,53,1607,47,827,24.19,2207,64.55,385,11.26,2135.41,1.6,100,2.92,,66.68,17.9,,Medio,,,Bajo,0.83,0,-96.77,16.92,0,0,0,0,0,0
OAXACA,20,LA TRINIDAD VISTA HERMOSA,20556,306,155,50.65,151,49.35,86,28.1,171,55.88,49,16.01,1080.29,0.28,100,4.58,,78.66,12.2,,Medio,,,Bajo,0.85,0.03,-97.51,17.77,0,0,0,0,0,0
OAXACA,20,UNION HIDALGO,20557,14542,7465,51.33,7077,48.67,3343,22.99,9378,64.49,1820,12.52,11323.75,1.28,4.08,86.08,,45.15,12.26,,Muy bajo,,,Muy bajo,0.9,-0.83,-94.83,16.47,0,0,0,0,0,0
OAXACA,20,VALERIO TRUJANO,20558,1376,736,53.49,640,46.51,305,22.17,878,63.81,193,14.03,5465.55,0.25,100,31.9,,68.22,16.55,,Medio,,,Bajo,0.84,0.04,-96.98,17.77,0,0,0,0,0,0
OAXACA,20,SAN JUAN BAUTISTA VALLE NACIONAL,20559,23067,12081,52.37,10986,47.63,6329,27.44,14352,62.22,2386,10.34,68371.13,0.34,74.8,70.9,,77.41,23.74,,Medio,,,Bajo,0.84,0.1,-96.3,17.77,0,0,0,0,0,0
OAXACA,20,VILLA DIAZ ORDAZ,20560,6467,3503,54.17,2964,45.83,1551,23.98,3988,61.67,901,13.93,28378.38,0.23,100,95.56,,89.45,41.71,,Alto,,,Medio,0.81,0.46,-96.43,17,0,0,0,0,0,0
OAXACA,20,YAXE,20561,2954,1524,51.59,1430,48.41,797,26.98,1912,64.73,245,8.29,6017.22,0.49,100,2.91,,88.22,29.04,,Alto,,,Alto,0.78,1.75,-96.47,16.73,0,0,0,0,0,0
OAXACA,20,MAGDALENA YODOCONO DE PORFIRIO DIAZ,20562,1682,869,51.66,813,48.34,456,27.11,1058,62.9,168,9.99,3905.11,0.43,100,1.19,,78.03,20.41,,Medio,,,Bajo,0.85,0.09,-97.35,17.39,0,0,0,0,0,0
OAXACA,20,YOGANA,20563,1245,649,52.13,596,47.87,272,21.85,738,59.28,235,18.88,6595.94,0.19,100,0,,84.97,30.95,,Muy alto,,,Alto,0.74,1.57,-96.79,16.46,0,0,0,0,0,0
OAXACA,20,YUTANDUCHI DE GUERRERO,20564,1195,618,51.72,577,48.28,332,27.78,612,51.21,251,21,6418.43,0.19,100,97.49,,92.75,49.86,,Alto,,,Alto,0.79,1.43,-97.3,17.04,0,0,0,0,0,0
OAXACA,20,VILLA DE ZAACHILA,20565,46464,24301,52.3,22163,47.7,13096,28.19,30501,65.64,2865,6.17,8159.18,5.69,29.63,24.71,,55.21,18.08,,Alto,,,Medio,0.81,0.43,-96.75,16.95,0,0,0,0,0,0
OAXACA,20,SAN MATEO YUCUTINDOO,20566,3144,1558,49.55,1586,50.45,985,31.33,1830,58.21,329,10.46,19831.76,0.16,100,2.8,,90.61,34.34,,Alto,,,Alto,0.78,1.45,-97.24,16.88,0,0,0,0,0,0
OAXACA,20,ZAPOTITLAN LAGUNAS,20567,3382,1745,51.6,1637,48.4,1062,31.4,1867,55.2,452,13.36,30513.42,0.11,100,1.09,,79.89,33.9,,Muy alto,,,Medio,0.75,0.8,-98.39,17.76,0,0,0,0,0,0
OAXACA,20,ZAPOTITLAN PALMAS,20568,1695,930,54.87,765,45.13,478,28.2,969,57.17,248,14.63,4377.37,0.39,100,28.2,,67.87,15.36,,Medio,,,Bajo,0.83,0.02,-97.82,17.89,0,0,0,0,0,0
OAXACA,20,SANTA INES DE ZARAGOZA,20569,1454,760,52.27,694,47.73,416,28.61,686,47.18,352,24.21,8383.67,0.17,100,56.53,,87.29,17.87,,Alto,,,Alto,0.78,1.19,-97.16,17.23,0,0,0,0,0,0
OAXACA,20,ZIMATLAN DE ALVAREZ,20570,22093,11663,52.79,10430,47.21,5801,26.26,14056,63.62,2219,10.04,35470.41,0.62,35.61,9.34,,62.59,18.55,,Medio,,,Bajo,0.85,0,-96.79,16.87,0,0,0,0,0,0
PUEBLA,21,ACAJETE,21001,72894,37755,51.79,35139,48.21,24084,33.04,44635,61.23,4128,5.66,17599.68,4.14,23.33,13.52,,85.73,25.04,,Medio,,,Bajo,0.85,0.04,-97.95,19.1,0,0,0,0,0,0
PUEBLA,21,ACATENO,21002,9170,4584,49.99,4586,50.01,2366,25.8,5762,62.84,1042,11.36,17949.49,0.51,100,5.8,,69.25,13.98,,Alto,,,Medio,0.81,0.41,-97.21,20.13,0,0,0,0,0,0
PUEBLA,21,ACATLAN,21003,37955,20119,53.01,17836,46.99,10619,27.98,22977,60.54,4359,11.48,60718.96,0.63,49.04,2.76,,69.79,17.1,,Medio,,,Bajo,0.85,-0.38,-98.05,18.2,0,0,0,0,0,0
PUEBLA,21,ACATZINGO,21004,63743,32820,51.49,30923,48.51,20903,32.79,39687,62.26,3119,4.89,13990.2,4.56,24.54,0.76,,85.32,18.97,,Medio,,,Bajo,0.85,0.03,-97.79,18.98,0,0,0,0,0,0
PUEBLA,21,ACTEOPAN,21005,3070,1624,52.9,1446,47.1,683,22.25,2049,66.74,338,11.01,7482.41,0.41,100,47.39,,89.44,37.47,,Muy alto,,,Alto,0.74,1.47,-98.72,18.77,0,0,0,0,0,0
PUEBLA,21,AHUACATLAN,21006,14542,7690,52.88,6852,47.12,4427,30.44,8737,60.08,1378,9.48,9068.35,1.6,100,93.2,,76.06,19.79,,Alto,,,Alto,0.78,1.41,-97.86,20.01,0,0,0,0,0,0
PUEBLA,21,AHUATLAN,21007,3162,1605,50.76,1557,49.24,973,30.77,1732,54.78,457,14.45,18438.16,0.17,100,5,,83.4,23.63,,Alto,,,Medio,0.81,0.25,-98.26,18.57,0,0,0,0,0,0
PUEBLA,21,AHUAZOTEPEC,21008,11439,5890,51.49,5549,48.51,3393,29.66,7153,62.53,893,7.81,6029.56,1.9,100,1.61,,62.11,9.37,,Bajo,,,Bajo,0.87,-0.61,-98.16,20.05,0,0,0,0,0,0
PUEBLA,21,AHUEHUETITLA,21009,2207,1154,52.29,1053,47.71,624,28.27,1200,54.37,383,17.35,7207.28,0.31,100,1.31,,65.47,12.36,,Alto,,,Bajo,0.82,-0.03,-98.22,18.21,0,0,0,0,0,0
PUEBLA,21,AJALPAN,21010,74768,38577,51.6,36191,48.4,24632,32.94,46357,62,3774,5.05,39267.42,1.9,57.61,59.87,,81.07,27.79,,Alto,,,Alto,0.78,1.3,-97.26,18.38,0,0,0,0,0,0
PUEBLA,21,ALBINO ZERTUCHE,21011,1885,999,53,886,47,566,30.03,1081,57.35,238,12.63,7923.66,0.24,100,3.08,,76.04,18.05,,Medio,,,Bajo,0.83,-0.08,-98.54,18.02,0,0,0,0,0,0
PUEBLA,21,ALJOJUCA,21012,6591,3491,52.97,3100,47.03,1698,25.76,4153,63.01,740,11.23,5203.44,1.27,100,0.41,,81.76,13.23,,Medio,,,Bajo,0.85,-0.17,-97.53,19.1,0,0,0,0,0,0
PUEBLA,21,ALTEPEXI,21013,22629,11740,51.88,10889,48.12,6557,28.98,14756,65.21,1316,5.82,4701.49,4.81,5.84,85.83,,83.85,25.1,,Bajo,,,Bajo,0.86,-0.11,-97.3,18.37,0,0,0,0,0,0
PUEBLA,21,AMIXTLAN,21014,4812,2542,52.83,2270,47.17,1296,26.93,2929,60.87,587,12.2,4419.42,1.09,100,88.76,,81.87,23.55,,Alto,,,Alto,0.78,1.32,-97.8,20.05,0,0,0,0,0,0
PUEBLA,21,AMOZOC,21015,125876,64397,51.16,61479,48.84,35307,28.05,84162,66.86,5873,4.67,13443.69,9.36,14.07,5.81,,62.1,12.19,,Muy bajo,,,Bajo,0.89,-0.64,-98.04,19.04,0,0,0,0,0,0
PUEBLA,21,AQUIXTLA,21016,9021,4513,50.03,4508,49.97,2638,29.24,5535,61.36,848,9.4,16570.14,0.54,100,8.1,,72.46,13.07,,Medio,,,Medio,0.83,0.29,-97.94,19.8,0,0,0,0,0,0
PUEBLA,21,ATEMPAN,21017,29742,15463,51.99,14279,48.01,9732,32.72,18449,62.03,1561,5.25,4777.04,6.23,57.16,62.35,,84.39,26.55,,Medio,,,Medio,0.85,0.31,-97.46,19.84,0,0,0,0,0,0
PUEBLA,21,ATEXCAL,21018,3859,2018,52.29,1841,47.71,1152,29.85,2211,57.29,480,12.44,33065.29,0.12,100,2.69,,70.63,22,,Medio,,,Medio,0.83,0.26,-97.74,18.4,0,0,0,0,0,0
PUEBLA,21,ATLIXCO,21019,141793,74931,52.85,66862,47.15,37069,26.14,91686,64.66,13030,9.19,29190.69,4.86,27.63,6.85,,61.31,10.71,,Muy bajo,,,Bajo,0.89,-0.66,-98.43,18.91,0,0,0,0,0,0
PUEBLA,21,ATOYATEMPAN,21020,7704,3944,51.19,3760,48.81,2388,31,4809,62.42,507,6.58,2682.48,2.87,5.65,20.9,,89.22,18.67,,Bajo,,,Bajo,0.87,-0.09,-97.91,18.82,0,0,0,0,0,0
PUEBLA,21,ATZALA,21021,1512,783,51.79,729,48.21,425,28.11,963,63.69,124,8.2,1130.38,1.34,100,1.26,,51.98,9.88,,Medio,,,Bajo,0.85,-0.54,-98.55,18.54,0,0,0,0,0,0
PUEBLA,21,ATZITZIHUACAN,21022,12857,6832,53.14,6025,46.86,3735,29.05,7753,60.3,1369,10.65,12925.3,0.99,100,1.66,,85.88,24.66,,Medio,,,Medio,0.83,0.25,-98.58,18.82,0,0,0,0,0,0
PUEBLA,21,ATZITZINTLA,21023,9051,4630,51.15,4421,48.85,3032,33.5,5353,59.14,666,7.36,13253.6,0.68,100,0.09,,91.18,26.63,,Alto,,,Medio,0.81,0.55,-97.33,18.9,0,0,0,0,0,0
PUEBLA,21,AXUTLA,21024,976,510,52.25,466,47.75,210,21.52,543,55.64,223,22.85,18773.17,0.05,100,1.84,,56.31,11.23,,Medio,,,Bajo,0.83,-0.38,-98.39,18.19,0,0,0,0,0,0
PUEBLA,21,AYOTOXCO DE GUERRERO,21025,8208,4240,51.66,3968,48.34,2337,28.47,5162,62.89,709,8.64,10595.11,0.77,100,45.59,,76.03,20.82,,Alto,,,Medio,0.82,0.31,-97.41,20.1,0,0,0,0,0,0
PUEBLA,21,CALPAN,21026,15271,7934,51.95,7337,48.05,4085,26.75,9580,62.73,1606,10.52,6657.04,2.29,46.34,28.21,,82.42,19.16,,Medio,,,Bajo,0.85,-0.08,-98.46,19.11,0,0,0,0,0,0
PUEBLA,21,CALTEPEC,21027,4128,2205,53.42,1923,46.58,1053,25.51,2340,56.69,735,17.81,39193.56,0.11,100,4.46,,79.47,19.41,,Alto,,,Medio,0.8,0.64,-97.48,18.18,0,0,0,0,0,0
PUEBLA,21,CAMOCUAUTLA,21028,2758,1391,50.44,1367,49.56,827,29.99,1721,62.4,210,7.61,1605.34,1.72,100,99.38,,90.49,35.46,,Alto,,,Alto,0.79,1.34,-97.76,20.04,0,0,0,0,0,0
PUEBLA,21,CAXHUACAN,21029,3811,1995,52.35,1816,47.65,1008,26.45,2310,60.61,493,12.94,1388.86,2.74,100,95.04,,83.94,38.05,,Alto,,,Medio,0.81,0.62,-97.61,20.06,0,0,0,0,0,0
PUEBLA,21,COATEPEC,21030,772,400,51.81,372,48.19,206,26.68,437,56.61,129,16.71,1216.93,0.63,100,98.45,,70.91,21.58,,Alto,,,Medio,0.82,0.65,-97.73,20.06,0,0,0,0,0,0
PUEBLA,21,COATZINGO,21031,2820,1457,51.67,1363,48.33,821,29.11,1626,57.66,373,13.23,11472.65,0.25,100,0.11,,79.38,22.7,,Alto,,,Medio,0.81,0.22,-98.17,18.62,0,0,0,0,0,0
PUEBLA,21,COHETZALA,21032,1382,663,47.97,719,52.03,362,26.19,771,55.79,249,18.02,24009.1,0.06,100,12.3,,73.31,17.11,,Medio,,,Bajo,0.83,-0.15,-98.81,18.21,0,0,0,0,0,0
PUEBLA,21,COHUECAN,21033,5403,2854,52.82,2549,47.18,1560,28.87,3338,61.78,505,9.35,4726.87,1.14,100,17.12,,80.79,22.99,,Medio,,,Medio,0.83,0.29,-98.72,18.78,0,0,0,0,0,0
PUEBLA,21,CORONNANGO,21034,46836,23852,50.93,22984,49.07,12833,27.4,31265,66.75,2610,5.57,3655.31,12.81,11.97,2.35,,68.76,15.64,,Muy bajo,,,Muy bajo,0.9,-0.74,-98.31,19.13,0,0,0,0,0,0
PUEBLA,21,COXCATLAN,21035,20653,10878,52.67,9775,47.33,5644,27.33,13095,63.4,1914,9.27,24866.19,0.83,66.51,44.49,,78.1,23.83,,Medio,,,Bajo,0.84,0.1,-97.15,18.27,0,0,0,0,0,0
PUEBLA,21,COYOMEAPAN,21036,14806,7863,53.11,6943,46.89,5374,36.3,8208,55.44,1224,8.27,22810.28,0.65,100,98.97,,95.34,48.69,,Muy alto,,,Muy alto,0.76,1.82,-96.99,18.28,0,0,0,0,0,0
PUEBLA,21,COYOTEPEC,21037,2334,1235,52.91,1099,47.09,525,22.49,1288,55.18,521,22.32,13334.17,0.18,100,8.05,,54.59,9.69,,Medio,,,Bajo,0.85,-0.23,-97.83,18.4,0,0,0,0,0,0
PUEBLA,21,CUAPIAXTLA DE MADERO,21038,10542,5346,50.71,5196,49.29,3496,33.16,6551,62.14,495,4.7,2319.57,4.54,21.83,1.38,,83.69,16.95,,Medio,,,Bajo,0.85,-0.02,-97.83,18.92,0,0,0,0,0,0
PUEBLA,21,CUAUTEMPAN,21039,9837,5178,52.64,4659,47.36,2956,30.05,5969,60.68,911,9.26,6091.58,1.61,100,92.18,,82.06,23.74,,Alto,,,Medio,0.82,0.84,-97.8,19.91,0,0,0,0,0,0
PUEBLA,21,CUAUTINCHAN,21040,12340,6236,50.53,6104,49.47,3899,31.6,7750,62.8,680,5.51,15953.87,0.77,100,5.23,,78,18.09,,Alto,,,Medio,0.82,0.18,-98.02,18.96,0,0,0,0,0,0
PUEBLA,21,CUAUTLANCINGO,21041,137435,70485,51.29,66950,48.71,33722,24.54,96981,70.56,6396,4.65,3798.16,36.18,11.43,3.17,,35.89,4.44,,Muy bajo,,,Muy bajo,0.94,-1.21,-98.27,19.09,0,0,0,0,0,0
PUEBLA,21,CUAYUCA DE ANDRADE,21042,3315,1686,50.86,1629,49.14,913,27.54,1857,56.02,545,16.44,19822.87,0.17,100,0.39,,77.45,21.96,,Alto,,,Medio,0.8,0.31,-98.18,18.49,0,0,0,0,0,0
PUEBLA,21,CUETZALAN DEL PROGRESO,21043,49864,25715,51.57,24149,48.43,14831,29.74,30525,61.22,4507,9.04,18038.68,2.76,87.16,80.29,,82.44,28.94,,Alto,,,Medio,0.8,0.85,-97.52,20.02,0,0,0,0,0,0
PUEBLA,21,CUYOACO,21044,17139,8913,52,8226,48,5218,30.45,10526,61.42,1395,8.14,29944.97,0.57,100,3.92,,71.94,11.74,,Medio,,,Bajo,0.85,-0.2,-97.62,19.61,0,0,0,0,0,0
PUEBLA,21,CHALCHICOMULA DE SESMA,21045,47410,24622,51.93,22788,48.07,13221,27.89,30186,63.67,4001,8.44,38784.34,1.22,46.28,0.54,,73.19,11.63,,Bajo,,,Bajo,0.87,-0.25,-97.45,18.99,0,0,0,0,0,0
PUEBLA,21,CHAPULCO,21046,8193,4256,51.95,3937,48.05,2661,32.48,5068,61.86,464,5.66,8682.65,0.94,20.22,4.14,,80.2,15.81,,Bajo,,,Bajo,0.86,-0.13,-97.41,18.62,0,0,0,0,0,0
PUEBLA,21,CHIAUTLA,21047,21699,11027,50.82,10672,49.18,5961,27.47,13267,61.14,2471,11.39,80208,0.27,45.73,0.71,,68.08,15,,Medio,,,Bajo,0.85,-0.36,-98.6,18.3,0,0,0,0,0,0
PUEBLA,21,CHIAUTZINGO,21048,22039,11543,52.38,10496,47.62,6133,27.83,14156,64.23,1749,7.94,8065.15,2.73,58.27,2.76,,77.28,16.51,,Bajo,,,Bajo,0.87,-0.46,-98.47,19.2,0,0,0,0,0,0
PUEBLA,21,CHICONCUAUTLA,21049,17382,8918,51.31,8464,48.69,6050,34.81,10264,59.05,1065,6.13,8895.05,1.95,100,82.37,,92.61,45.36,,Alto,,,Alto,0.77,1.62,-97.94,20.09,0,0,0,0,0,0
PUEBLA,21,CHICHIQUILA,21050,26928,13625,50.6,13303,49.4,9267,34.41,16110,59.83,1551,5.76,10876.97,2.48,100,46.62,,88.76,36.11,,Alto,,,Alto,0.77,1.72,-97.07,19.2,0,0,0,0,0,0
PUEBLA,21,CHIETLA,21051,37030,19041,51.42,17989,48.58,10032,27.09,22955,61.99,4040,10.91,32442.83,1.14,52.6,0.55,,67.37,13.29,,Bajo,,,Bajo,0.86,-0.46,-98.58,18.52,0,0,0,0,0,0
PUEBLA,21,CHIGMECATITLAN,21052,1215,679,55.88,536,44.12,237,19.51,765,62.96,213,17.53,2584.62,0.47,100,93.58,,85.75,21.18,,Alto,,,Medio,0.81,0.54,-98.08,18.65,0,0,0,0,0,0
PUEBLA,21,CHIGNAHUAPAN,21053,66464,34302,51.61,32162,48.39,19689,29.62,41896,63.04,4858,7.31,75456.5,0.88,65.54,1.57,,70.41,12.48,,Bajo,,,Bajo,0.86,-0.32,-98.03,19.84,0,0,0,0,0,0
PUEBLA,21,CHIGNAUTLA,21054,35223,18291,51.93,16932,48.07,11389,32.33,22134,62.84,1696,4.82,14735.67,2.39,64.04,30.64,,76.78,18.12,,Medio,,,Medio,0.84,0.21,-97.39,19.81,0,0,0,0,0,0
PUEBLA,21,CHILA,21055,5082,2664,52.42,2418,47.58,1418,27.9,2962,58.28,702,13.81,12858.32,0.4,100,1.28,,76.12,25.03,,Alto,,,Medio,0.81,0.17,-97.86,17.97,0,0,0,0,0,0
PUEBLA,21,CHILA DE LA SAL,21056,1317,682,51.78,635,48.22,321,24.37,724,54.97,272,20.65,14082.21,0.09,100,0.38,,63.41,8.85,,Medio,,,Bajo,0.83,-0.3,-98.48,18.11,0,0,0,0,0,0
PUEBLA,21,HONEY,21057,6687,3482,52.07,3205,47.93,2157,32.26,3918,58.59,612,9.15,6325.87,1.06,100,13.55,,80.19,16.28,,Alto,,,Medio,0.82,0.28,-98.21,20.24,0,0,0,0,0,0
PUEBLA,21,CHILCHOTLA,21058,21002,10595,50.45,10407,49.55,7539,35.9,12012,57.19,1418,6.75,14511.89,1.45,71.17,20.35,,92.21,35.75,,Alto,,,Medio,0.81,0.83,-97.18,19.26,0,0,0,0,0,0
PUEBLA,21,CHINNANTLA,21059,2846,1464,51.44,1382,48.56,808,28.39,1577,55.41,461,16.2,8827.74,0.32,100,2.11,,64.82,16.53,,Alto,,,Bajo,0.8,0.04,-98.26,18.2,0,0,0,0,0,0
PUEBLA,21,DOMINGO ARENAS,21060,7982,4150,51.99,3832,48.01,2477,31.03,4999,62.63,506,6.34,1602.58,4.98,17.92,7.63,,86.3,28.02,,Bajo,,,Medio,0.86,0.23,-98.46,19.14,0,0,0,0,0,0
PUEBLA,21,ELOXOCHITLAN,21061,14461,7391,51.11,7070,48.89,4923,34.04,8604,59.5,934,6.46,9924.29,1.46,100,99.02,,95.81,60.88,,Muy alto,,,Muy alto,0.72,2.42,-96.95,18.5,0,0,0,0,0,0
PUEBLA,21,EPATLAN,21062,4943,2522,51.02,2421,48.98,1428,28.89,2964,59.96,551,11.15,5195.88,0.95,100,3.03,,57.84,11.18,,Medio,,,Bajo,0.84,-0.38,-98.37,18.64,0,0,0,0,0,0
PUEBLA,21,ESPERANZA,21063,14766,7675,51.98,7091,48.02,4423,29.95,9142,61.91,1201,8.13,7892.63,1.87,42.81,0.42,,77.71,11.87,,Bajo,,,Bajo,0.87,-0.21,-97.38,18.86,0,0,0,0,0,0
PUEBLA,21,FRANCISCO Z. MENA,21064,17824,8957,50.25,8867,49.75,4674,26.22,11048,61.98,2102,11.79,42502.66,0.42,100,17.07,,75.19,21.83,,Alto,,,Medio,0.81,0.38,-97.85,20.73,0,0,0,0,0,0
PUEBLA,21,GENERAL FELIPE ANGELES,21065,22694,11712,51.61,10982,48.39,7210,31.77,14077,62.03,1407,6.2,9108.41,2.49,44.81,0.83,,85.98,16.06,,Medio,,,Bajo,0.85,0.12,-97.71,18.99,0,0,0,0,0,0
PUEBLA,21,GUADALUPE,21066,6451,3438,53.29,3013,46.71,1731,26.83,3675,56.97,1045,16.2,15471.35,0.42,100,0.73,,68.14,17.17,,Alto,,,Bajo,0.81,-0.04,-98.12,18.09,0,0,0,0,0,0
PUEBLA,21,GUADALUPE VICTORIA,21067,18784,9575,50.97,9209,49.03,5659,30.13,11716,62.37,1409,7.5,22682.15,0.83,36.99,2,,77.73,10.88,,Bajo,,,Bajo,0.86,-0.01,-97.34,19.29,0,0,0,0,0,0
PUEBLA,21,HERMENEGILDO GALEANA,21068,7011,3633,51.82,3378,48.18,2138,30.49,4067,58.01,806,11.5,5013.01,1.4,100,82.64,,82.18,28.58,,Alto,,,Alto,0.78,1.27,-97.74,20.12,0,0,0,0,0,0
PUEBLA,21,HUAQUECHULA,21069,29233,15433,52.79,13800,47.21,8774,30.01,17561,60.07,2898,9.91,23041.69,1.27,100,1.31,,74.36,18.08,,Medio,,,Bajo,0.83,-0.03,-98.54,18.77,0,0,0,0,0,0
PUEBLA,21,HUATLATLAUCA,21070,6111,3327,54.44,2784,45.56,1564,25.59,3631,59.42,916,14.99,16776.45,0.36,100,85.13,,81.17,22.55,,Alto,,,Medio,0.79,0.58,-98.05,18.68,0,0,0,0,0,0
PUEBLA,21,HUAUCHINNANGO,21071,103946,55128,53.04,48818,46.96,30000,28.86,66123,63.61,7802,7.51,24907.84,4.17,35.87,34.09,,68.45,17.82,,Bajo,,,Bajo,0.87,-0.3,-98.05,20.17,0,0,0,0,0,0
PUEBLA,21,HUEHUETLA,21072,17082,8709,50.98,8373,49.02,5021,29.39,9933,58.15,2127,12.45,4725.81,3.61,100,93.99,,83.21,36.14,,Muy alto,,,Alto,0.75,1.66,-97.62,20.1,0,0,0,0,0,0
PUEBLA,21,HUEHUETLAN EL CHICO,21073,9760,4968,50.9,4792,49.1,2821,28.9,5878,60.23,1061,10.87,13768.83,0.71,45.64,0.42,,85.19,23.06,,Medio,,,Bajo,0.84,-0.07,-98.69,18.37,0,0,0,0,0,0
PUEBLA,21,HUEJOTZINGO,21074,90794,46719,51.46,44075,48.54,25473,28.06,60288,66.4,4987,5.49,17205.73,5.28,36.16,3.94,,64.34,12.59,,Muy bajo,,,Muy bajo,0.9,-0.83,-98.41,19.16,0,0,0,0,0,0
PUEBLA,21,HUEYAPAN,21075,13080,6821,52.15,6259,47.85,4249,32.48,8034,61.42,797,6.09,7428.5,1.76,46.2,95.5,,87.63,27.1,,Medio,,,Medio,0.84,0.68,-97.45,19.88,0,0,0,0,0,0
PUEBLA,21,HUEYTAMALCO,21076,27600,14003,50.74,13597,49.26,7595,27.52,17514,63.46,2491,9.03,31682.15,0.87,78.62,14.25,,77.43,18.91,,Medio,,,Medio,0.83,0.23,-97.29,19.94,0,0,0,0,0,0
PUEBLA,21,HUEYTLALPAN,21077,5951,3027,50.87,2924,49.13,1685,28.31,3697,62.12,569,9.56,4182.62,1.42,100,95.24,,90.36,37.77,,Muy alto,,,Muy alto,0.73,2.09,-97.7,20.03,0,0,0,0,0,0
PUEBLA,21,HUITZILAN DE SERDAN,21078,15928,7836,49.2,8092,50.8,5319,33.39,9601,60.28,1005,6.31,6908.89,2.31,100,85.04,,91.5,43.29,,Alto,,,Alto,0.78,1.6,-97.69,19.97,0,0,0,0,0,0
PUEBLA,21,HUITZILTEPEC,21079,5782,2985,51.63,2797,48.37,1671,28.9,3651,63.14,460,7.96,5036.32,1.15,100,2.54,,71.09,13.83,,Medio,,,Bajo,0.85,-0.32,-97.88,18.77,0,0,0,0,0,0
PUEBLA,21,ATLEQUIZAYAN,21080,2633,1405,53.36,1228,46.64,694,26.36,1531,58.15,408,15.5,1234.51,2.13,100,99.01,,86.98,32.14,,Alto,,,Alto,0.8,1.01,-97.62,20.01,0,0,0,0,0,0
PUEBLA,21,IXCAMILPA DE GUERRERO,21081,4065,2117,52.08,1948,47.92,1186,29.18,2310,56.83,569,14,30773.54,0.13,100,5.29,,78.05,26.49,,Alto,,,Medio,0.78,0.41,-98.7,18.03,0,0,0,0,0,0
PUEBLA,21,IXCAQUIXTLA,21082,8804,4611,52.37,4193,47.63,2490,28.28,5433,61.71,881,10.01,10640.22,0.83,40.91,2.34,,60.66,8.49,,Bajo,,,Bajo,0.88,-0.49,-97.83,18.46,0,0,0,0,0,0
PUEBLA,21,IXTACAMAXTITLAN,21083,25319,12831,50.68,12488,49.32,7564,29.87,14840,58.61,2909,11.49,55760.13,0.45,100,21.19,,74.74,15.68,,Alto,,,Medio,0.82,0.51,-97.82,19.62,0,0,0,0,0,0
PUEBLA,21,IXTEPEC,21084,6950,3580,51.51,3370,48.49,2058,29.61,4184,60.2,707,10.17,1950.71,3.56,100,98.33,,91.27,42.34,,Alto,,,Alto,0.76,1.68,-97.65,20.02,0,0,0,0,0,0
PUEBLA,21,IZUCAR DE MATAMOROS,21085,82809,43258,52.24,39551,47.76,23146,27.95,51978,62.77,7669,9.26,53527.35,1.55,40.13,1.65,,66.21,12.69,,Bajo,,,Bajo,0.88,-0.67,-98.47,18.6,0,0,0,0,0,0
PUEBLA,21,JALPAN,21086,12050,6333,52.56,5717,47.44,3591,29.8,7261,60.26,1198,9.94,20426.51,0.59,100,22.72,,71.56,20.06,,Alto,,,Medio,0.78,0.86,-97.94,20.48,0,0,0,0,0,0
PUEBLA,21,JOLALPAN,21087,13308,6890,51.77,6418,48.23,3933,29.55,8002,60.13,1373,10.32,59978.04,0.22,41.69,10.16,,86.26,28.47,,Alto,,,Medio,0.81,0.62,-98.84,18.32,0,0,0,0,0,0
PUEBLA,21,JONOTLA,21088,4457,2285,51.27,2172,48.73,1227,27.53,2653,59.52,577,12.95,2977.26,1.5,100,76.42,,78.67,24.51,,Alto,,,Medio,0.8,0.51,-97.57,20.03,0,0,0,0,0,0
PUEBLA,21,JOPALA,21089,12131,6314,52.05,5817,47.95,3690,30.42,7131,58.78,1310,10.8,16905.73,0.72,100,75.18,,81.75,20.06,,Alto,,,Medio,0.8,0.71,-97.69,20.16,0,0,0,0,0,0
PUEBLA,21,JUAN C. BONILLA,21090,23783,12308,51.75,11475,48.25,6755,28.4,15474,65.06,1465,6.16,2218.36,10.72,37.67,2.75,,61.8,10.45,,Muy bajo,,,Muy bajo,0.9,-0.75,-98.33,19.11,0,0,0,0,0,0
PUEBLA,21,JUAN GALINDO,21091,9828,5269,53.61,4559,46.39,2559,26.04,6304,64.14,965,9.82,2280.6,4.31,20.25,23.46,,59.69,10.1,,Muy bajo,,,Muy bajo,0.9,-0.81,-98,20.21,0,0,0,0,0,0
PUEBLA,21,JUAN N. MENDEZ,21092,5293,2738,51.73,2555,48.27,1616,30.53,3060,57.81,617,11.66,22432.37,0.24,100,3,,78.84,22.28,,Alto,,,Medio,0.81,0.35,-97.77,18.54,0,0,0,0,0,0
PUEBLA,21,LAFRAGUA,21093,7650,3941,51.52,3709,48.48,2277,29.76,4494,58.75,879,11.49,17935.82,0.43,100,2.24,,87.01,15.23,,Medio,,,Medio,0.83,0.24,-97.3,19.3,0,0,0,0,0,0
PUEBLA,21,LIBRES,21094,37257,19160,51.43,18097,48.57,11550,31,23082,61.95,2617,7.02,27251.81,1.37,51.39,4.35,,68.98,9.51,,Bajo,,,Bajo,0.87,-0.39,-97.69,19.46,0,0,0,0,0,0
PUEBLA,21,LA MAGDALENA TLATLAUQUITEPEC,21095,650,326,50.15,324,49.85,186,28.62,411,63.23,53,8.15,1120.06,0.58,100,4.92,,87.36,28.16,,Bajo,,,Muy bajo,0.87,-0.76,-98.1,18.76,0,0,0,0,0,0
PUEBLA,21,MAZAPILTEPEC DE JUAREZ,21096,3176,1619,50.98,1557,49.02,927,29.19,2001,63,248,7.81,5516.57,0.58,100,0.88,,67.52,12.7,,Bajo,,,Bajo,0.86,-0.12,-97.7,19.12,0,0,0,0,0,0
PUEBLA,21,MIXTLA,21097,2668,1398,52.4,1270,47.6,760,28.49,1674,62.74,234,8.77,946.38,2.82,100,10.83,,56.87,7.72,,Bajo,,,Bajo,0.88,-0.67,-97.9,18.9,0,0,0,0,0,0
PUEBLA,21,MOLCAXAC,21098,6668,3495,52.41,3173,47.59,1897,28.45,4018,60.26,753,11.29,15606.13,0.43,100,12.51,,70.55,15.62,,Medio,,,Bajo,0.84,0.08,-97.91,18.74,0,0,0,0,0,0
PUEBLA,21,CANADA MORELOS,21099,20659,10748,52.03,9911,47.97,6469,31.31,12585,60.92,1605,7.77,24363.76,0.85,100,0.99,,81.85,17.48,,Alto,,,Medio,0.82,0.25,-97.42,18.74,0,0,0,0,0,0
PUEBLA,21,NAUPAN,21100,9310,4990,53.6,4320,46.4,2924,31.41,5433,58.36,953,10.24,6062.91,1.54,100,98.3,,88.28,31.93,,Alto,,,Alto,0.79,1.12,-98.11,20.23,0,0,0,0,0,0
PUEBLA,21,NAUZONTLA,21101,3317,1774,53.48,1543,46.52,856,25.81,2012,60.66,449,13.54,2742.6,1.21,100,35.91,,74.44,15.61,,Medio,,,Medio,0.82,0.44,-97.6,19.96,0,0,0,0,0,0
PUEBLA,21,NEALTICAN,21102,14075,7260,51.58,6815,48.42,4382,31.13,8844,62.83,849,6.03,1878.7,7.49,5.91,19.27,,83.39,12.17,,Muy bajo,,,Bajo,0.89,-0.37,-98.43,19.05,0,0,0,0,0,0
PUEBLA,21,NICOLAS BRAVO,21103,6644,3414,51.38,3230,48.62,2030,30.55,4159,62.6,455,6.85,10800.52,0.62,100,2.89,,77.32,17.71,,Alto,,,Medio,0.82,0.38,-97.31,18.61,0,0,0,0,0,0
PUEBLA,21,NOPALUCAN,21104,32772,16881,51.51,15891,48.49,10598,32.34,20469,62.46,1703,5.2,16662.5,1.97,29.81,0.63,,72.16,16.62,,Bajo,,,Bajo,0.87,-0.15,-97.82,19.22,0,0,0,0,0,0
PUEBLA,21,OCOTEPEC,21105,5077,2644,52.08,2433,47.92,1466,28.88,2968,58.46,643,12.66,6676.11,0.76,100,7.88,,66.74,11.7,,Medio,,,Bajo,0.84,-0.02,-97.65,19.56,0,0,0,0,0,0
PUEBLA,21,OCOYUCAN,21106,42669,22249,52.14,20420,47.86,12500,29.3,27738,65.01,2357,5.52,11924.9,3.58,21.81,6.94,,66.45,16.45,,Bajo,,,Bajo,0.88,-0.55,-98.3,18.98,0,0,0,0,0,0
PUEBLA,21,OLINTLA,21107,11993,6158,51.35,5835,48.65,3862,32.2,6685,55.74,1446,12.06,6257.95,1.92,100,98.35,,89.99,46.75,,Muy alto,,,Muy alto,0.68,2.41,-97.68,20.1,0,0,0,0,0,0
PUEBLA,21,ORIENTAL,21108,19903,10225,51.37,9678,48.63,6119,30.74,12538,63,1246,6.26,23824.9,0.84,43.35,1.42,,68.61,8.76,,Bajo,,,Bajo,0.87,-0.29,-97.62,19.38,0,0,0,0,0,0
PUEBLA,21,PAHUATLAN,21109,20274,10600,52.28,9674,47.72,6463,31.88,11785,58.13,2026,9.99,9769.63,2.08,100,55.82,,83.22,29.12,,Alto,,,Medio,0.81,0.62,-98.15,20.28,0,0,0,0,0,0
PUEBLA,21,PALMAR DE BRAVO,21110,50226,25631,51.03,24595,48.97,16424,32.7,30863,61.45,2938,5.85,36071.21,1.39,49.01,0.57,,84.42,20.88,,Medio,,,Medio,0.83,0.35,-97.55,18.84,0,0,0,0,0,0
PUEBLA,21,PANTEPEC,21111,18528,9624,51.94,8904,48.06,4981,26.88,11050,59.64,2477,13.37,21849.56,0.85,100,54.15,,77.82,20.08,,Alto,,,Medio,0.78,0.93,-97.94,20.52,0,0,0,0,0,0
PUEBLA,21,PETLALCINGO,21112,9350,4861,51.99,4489,48.01,2576,27.55,5424,58.01,1350,14.44,23240.46,0.4,100,6.46,,84.27,25.04,,Alto,,,Bajo,0.82,0.12,-97.92,18.08,0,0,0,0,0,0
PUEBLA,21,PIAXTLA,21113,4627,2365,51.11,2262,48.89,1167,25.22,2594,56.06,866,18.72,22072.2,0.21,100,2.83,,68.83,17.92,,Alto,,,Bajo,0.82,-0.09,-98.26,18.2,0,0,0,0,0,0
PUEBLA,21,PUEBLA,21114,1692181,882696,52.16,809485,47.84,372742,22.03,1173783,69.37,144652,8.55,54017.87,31.33,4.42,6.5,,41.42,5.42,,Muy bajo,,,Muy bajo,0.93,-1.13,-98.2,19.04,0,0,0,0,0,0
PUEBLA,21,QUECHOLAC,21115,57992,29625,51.08,28367,48.92,19273,33.23,35537,61.28,3148,5.43,18597.77,3.12,37.11,0.39,,89.99,20.73,,Medio,,,Medio,0.84,0.3,-97.66,18.96,0,0,0,0,0,0
PUEBLA,21,QUIMIXTLAN,21116,22855,11753,51.42,11102,48.58,8102,35.45,13164,57.6,1589,6.95,16622.73,1.37,100,6.96,,85.84,31.72,,Alto,,,Alto,0.8,0.98,-97.14,19.25,0,0,0,0,0,0
PUEBLA,21,RAFAEL LARA GRAJALES,21117,15952,8327,52.2,7625,47.8,4673,29.29,10278,64.43,1001,6.28,409.08,38.99,31.29,0.61,,63.41,7.66,,Muy bajo,,,Bajo,0.89,-0.54,-97.8,19.23,0,0,0,0,0,0
PUEBLA,21,LOS REYES DE JUAREZ,21118,30021,15415,51.35,14606,48.65,9995,33.29,18342,61.1,1681,5.6,3063.09,9.8,36.1,0.57,,87.5,18.76,,Bajo,,,Bajo,0.86,-0.05,-97.81,18.95,0,0,0,0,0,0
PUEBLA,21,SAN ANDRES CHOLULA,21119,154448,80176,51.91,74272,48.09,31555,20.43,110896,71.8,9906,6.41,6291.56,24.55,1.28,6.23,,49.71,7.7,,Muy bajo,,,Muy bajo,0.94,-1.22,-98.3,19.05,0,0,0,0,0,0
PUEBLA,21,SAN ANTONIO CANADA,21120,5938,3147,53,2791,47,1874,31.56,3680,61.97,384,6.47,7977.85,0.74,100,56.32,,85.81,32.8,,Alto,,,Medio,0.79,0.92,-97.29,18.5,0,0,0,0,0,0
PUEBLA,21,SAN DIEGO LA MESA TOCHIMILTZINGO,21121,1270,644,50.71,626,49.29,350,27.56,766,60.31,154,12.13,13247.76,0.1,100,1.57,,79.8,20.36,,Alto,,,Medio,0.82,0.24,-98.33,18.81,0,0,0,0,0,0
PUEBLA,21,SAN FELIPE TEOTLALCINGO,21122,11063,5714,51.65,5349,48.35,3124,28.24,7030,63.55,908,8.21,3917.8,2.82,35.61,2.42,,76.31,10.42,,Bajo,,,Bajo,0.88,-0.45,-98.5,19.24,0,0,0,0,0,0
PUEBLA,21,SAN FELIPE TEPATLAN,21123,3793,1964,51.78,1829,48.22,1140,30.06,2202,58.05,451,11.89,4481.88,0.85,100,86.05,,83.84,26.43,,Alto,,,Alto,0.77,1.6,-97.8,20.09,0,0,0,0,0,0
PUEBLA,21,SAN GABRIEL CHILAC,21124,15954,8385,52.56,7569,47.44,4376,27.43,10302,64.57,1275,7.99,10897.63,1.46,14.21,77.47,,84.69,23.59,,Medio,,,Bajo,0.85,0.02,-97.35,18.33,0,0,0,0,0,0
PUEBLA,21,SAN GREGORIO ATZOMPA,21125,9671,4989,51.59,4682,48.41,2432,25.15,6342,65.58,832,8.6,1173.31,8.24,47.62,1.11,,53.28,5.27,,Muy bajo,,,Muy bajo,0.91,-0.89,-98.35,19.03,0,0,0,0,0,0
PUEBLA,21,SAN JERONIMO TECUANIPAN,21126,6597,3479,52.74,3118,47.26,2048,31.04,4076,61.79,473,7.17,3963.97,1.66,100,4.09,,78.03,16.87,,Medio,,,Bajo,0.84,-0.12,-98.4,19.01,0,0,0,0,0,0
PUEBLA,21,SAN JERONIMO XAYACATLAN,21127,3606,1872,51.91,1734,48.09,836,23.18,2085,57.82,685,19,14265.52,0.25,100,73.35,,59.39,11.64,,Alto,,,Bajo,0.82,0.07,-97.91,18.22,0,0,0,0,0,0
PUEBLA,21,SAN JOSE CHIAPA,21128,10443,5336,51.1,5107,48.9,3314,31.73,6438,61.65,691,6.62,17606.21,0.59,39.95,0.68,,70.05,9.08,,Bajo,,,Bajo,0.88,-0.32,-97.77,19.24,0,0,0,0,0,0
PUEBLA,21,SAN JOSE MIAHUATLAN,21129,14018,7298,52.06,6720,47.94,3821,27.26,8971,64,1213,8.65,33449.88,0.42,37.32,95.97,,85.37,27.29,,Medio,,,Bajo,0.84,0,-97.29,18.29,0,0,0,0,0,0
PUEBLA,21,SAN JUAN ATENCO,21130,3604,1944,53.94,1660,46.06,939,26.05,2158,59.88,507,14.07,9578.69,0.38,100,0.33,,67.03,9.64,,Medio,,,Bajo,0.85,-0.16,-97.54,19.09,0,0,0,0,0,0
PUEBLA,21,SAN JUAN ATZOMPA,21131,975,467,47.9,508,52.1,272,27.9,618,63.38,85,8.72,2464.49,0.4,100,1.54,,83.37,12.75,,Medio,,,Bajo,0.85,-0.5,-98.02,18.75,0,0,0,0,0,0
PUEBLA,21,SAN MARTIN TEXMELUCAN,21132,155738,80816,51.89,74922,48.11,41012,26.33,103330,66.35,11333,7.28,8908.13,17.48,6.54,1.26,,65.29,11.61,,Muy bajo,,,Muy bajo,0.91,-0.92,-98.44,19.28,0,0,0,0,0,0
PUEBLA,21,SAN MARTIN TOTOLTEPEC,21133,692,334,48.27,358,51.73,174,25.14,435,62.86,83,11.99,718.11,0.96,100,12.14,,63.31,7.15,,Medio,,,Bajo,0.85,-0.47,-98.35,18.65,0,0,0,0,0,0
PUEBLA,21,SAN MATIAS TLALANCALECA,21134,20974,10756,51.28,10218,48.72,5702,27.19,13561,64.66,1711,8.16,5044.19,4.16,44.83,0.69,,76.84,14.67,,Muy bajo,,,Bajo,0.89,-0.68,-98.5,19.32,0,0,0,0,0,0
PUEBLA,21,SAN MIGUEL IXITLAN,21135,526,272,51.71,254,48.29,109,20.72,276,52.47,141,26.81,7265.43,0.07,100,2.85,,79,18.6,,Medio,,,Bajo,0.84,0.08,-97.77,18,0,0,0,0,0,0
PUEBLA,21,SAN MIGUEL XOXTLA,21136,12461,6372,51.14,6089,48.86,3328,26.71,8300,66.61,833,6.68,827.64,15.06,3.22,1.85,,48.12,3.88,,Muy bajo,,,Muy bajo,0.92,-1.03,-98.31,19.17,0,0,0,0,0,0
PUEBLA,21,SAN NICOLAS BUENOS AIRES,21137,10464,5344,51.07,5120,48.93,3300,31.54,6515,62.26,647,6.18,20931.03,0.5,100,0.79,,85.7,21.35,,Medio,,,Medio,0.83,0.15,-97.55,19.16,0,0,0,0,0,0
PUEBLA,21,SAN NICOLAS DE LOS RANCHOS,21138,11780,6043,51.3,5737,48.7,3547,30.11,7030,59.68,1203,10.21,16135.25,0.73,45.38,2.45,,83.52,19.52,,Bajo,,,Bajo,0.86,-0.06,-98.49,19.07,0,0,0,0,0,0
PUEBLA,21,SAN PABLO ANICANO,21139,3759,1968,52.35,1791,47.65,1036,27.56,2219,59.03,504,13.41,9667.28,0.39,100,1.22,,70.35,18.15,,Medio,,,Bajo,0.82,-0.18,-98.08,18.12,0,0,0,0,0,0
PUEBLA,21,SAN PEDRO CHOLULA,21140,138433,71979,52,66454,48,32592,23.54,94657,68.38,10802,7.8,7652.85,18.09,6.64,2.86,,49.43,8.59,,Muy bajo,,,Muy bajo,0.93,-1.07,-98.31,19.06,0,0,0,0,0,0
PUEBLA,21,SAN PEDRO YELOIXTLAHUACA,21141,3488,1803,51.69,1685,48.31,946,27.12,2002,57.4,540,15.48,17474.71,0.2,100,1.63,,63.4,13.93,,Medio,,,Bajo,0.83,-0.24,-98.08,18.12,0,0,0,0,0,0
PUEBLA,21,SAN SALVADOR EL SECO,21142,30639,15649,51.08,14990,48.92,8741,28.53,19675,64.22,2223,7.26,21916.23,1.4,17.69,0.51,,83.52,20.51,,Bajo,,,Bajo,0.87,0.03,-97.64,19.13,0,0,0,0,0,0
PUEBLA,21,SAN SALVADOR EL VERDE,21143,34880,17925,51.39,16955,48.61,9779,28.04,22920,65.71,2159,6.19,11033.39,3.16,58.18,1.07,,69.22,8.59,,Muy bajo,,,Bajo,0.89,-0.7,-98.52,19.27,0,0,0,0,0,0
PUEBLA,21,SAN SALVADOR HUIXCOLOTLA,21144,16790,8614,51.3,8176,48.7,5243,31.23,10641,63.38,904,5.38,2372,7.08,15.02,1.47,,83.08,22.12,,Medio,,,Bajo,0.84,0.08,-97.77,18.92,0,0,0,0,0,0
PUEBLA,21,SAN SEBASTIAN TLACOTEPEC,21145,13189,6703,50.82,6486,49.18,4379,33.2,7594,57.58,1214,9.2,23605.92,0.56,100,97.9,,92.83,50.9,,Muy alto,,,Muy alto,0.75,2.04,-96.85,18.4,0,0,0,0,0,0
PUEBLA,21,SANTA CATARINA TLALTEMPAN,21146,749,377,50.33,372,49.67,162,21.63,434,57.94,153,20.43,4737.72,0.16,100,85.45,,76.98,21.13,,Alto,,,Medio,0.82,0.41,-98.08,18.61,0,0,0,0,0,0
PUEBLA,21,SANTA INES AHUATEMPAN,21147,6341,3303,52.09,3038,47.91,1796,28.32,3627,57.2,918,14.48,28543.33,0.22,100,13.58,,80.05,20.5,,Alto,,,Medio,0.8,0.62,-98.02,18.41,0,0,0,0,0,0
PUEBLA,21,SANTA ISABEL CHOLULA,21148,11498,5885,51.18,5613,48.82,3686,32.06,7091,61.67,721,6.27,3263.15,3.52,100,4.04,,81.57,23.83,,Alto,,,Medio,0.81,0.24,-98.38,18.99,0,0,0,0,0,0
PUEBLA,21,SANTIAGO MIAHUATLAN,21149,30309,15636,51.59,14673,48.41,8960,29.56,19835,65.44,1511,4.99,9367.1,3.24,45.8,18.95,,73.02,14.24,,Medio,,,Medio,0.84,0.2,-97.44,18.55,0,0,0,0,0,0
PUEBLA,21,HUEHUETLAN EL GRANDE,21150,6105,3159,51.74,2946,48.26,1800,29.48,3485,57.08,820,13.43,17962.57,0.34,100,6.39,,79.82,20.53,,Alto,,,Medio,0.82,0.2,-98.17,18.74,0,0,0,0,0,0
PUEBLA,21,SANTO TOMAS HUEYOTLIPAN,21151,9315,4791,51.43,4524,48.57,2667,28.63,5949,63.86,699,7.5,1932.23,4.82,35.02,1.92,,84.5,17.15,,Bajo,,,Bajo,0.88,-0.59,-97.87,18.89,0,0,0,0,0,0
PUEBLA,21,SOLTEPEC,21152,12631,6528,51.68,6103,48.32,3594,28.45,7776,61.56,1260,9.98,11370.07,1.11,48.28,0.7,,76.62,11.26,,Bajo,,,Bajo,0.86,-0.12,-97.71,19.12,0,0,0,0,0,0
PUEBLA,21,TECALI DE HERRERA,21153,23625,12131,51.35,11494,48.65,6983,29.56,14966,63.35,1676,7.09,17488.59,1.35,74.16,1.52,,74.14,12.97,,Bajo,,,Bajo,0.87,-0.51,-97.97,18.9,0,0,0,0,0,0
PUEBLA,21,TECAMACHALCO,21154,80771,41990,51.99,38781,48.01,24219,29.98,52080,64.48,4431,5.49,17962.64,4.5,35.3,0.85,,69.34,11.66,,Bajo,,,Bajo,0.87,-0.47,-97.73,18.88,0,0,0,0,0,0
PUEBLA,21,TECOMATLAN,21155,6830,3414,49.99,3416,50.01,1733,25.37,4325,63.32,772,11.3,14497.47,0.47,100,11.33,,65.36,17.28,,Medio,,,Bajo,0.83,-0.16,-98.31,18.11,0,0,0,0,0,0
PUEBLA,21,TEHUACAN,21156,327312,172905,52.83,154407,47.17,86785,26.51,219892,67.18,20582,6.29,55123.72,5.94,6.9,20.46,,57.15,8.31,,Muy bajo,,,Bajo,0.9,-0.66,-97.39,18.46,0,0,0,0,0,0
PUEBLA,21,TEHUITZINGO,21157,12672,6579,51.92,6093,48.08,3587,28.31,7307,57.66,1778,14.03,49030.01,0.26,47.57,1.48,,75.04,19.09,,Alto,,,Bajo,0.82,0.08,-98.28,18.33,0,0,0,0,0,0
PUEBLA,21,TENAMPULCO,21158,6743,3439,51,3304,49,1577,23.39,4207,62.39,959,14.22,13922.99,0.48,100,31.28,,66.1,16.4,,Alto,,,Medio,0.79,0.65,-97.41,20.17,0,0,0,0,0,0
PUEBLA,21,TEOPANTLAN,21159,3836,2124,55.37,1712,44.63,800,20.86,2211,57.64,825,21.51,24769.04,0.15,100,76.98,,92.95,43.19,,Alto,,,Alto,0.76,1.08,-98.26,18.71,0,0,0,0,0,0
PUEBLA,21,TEOTLALCO,21160,3689,1849,50.12,1840,49.88,1041,28.22,2203,59.72,419,11.36,13631.66,0.27,100,0.73,,67.17,15.17,,Medio,,,Bajo,0.84,-0.26,-98.78,18.47,0,0,0,0,0,0
PUEBLA,21,TEPANCO DE LOPEZ,21161,22218,11817,53.19,10401,46.81,6505,29.28,14348,64.58,1363,6.13,22400.02,0.99,71.92,17.35,,71.02,14.65,,Bajo,,,Bajo,0.86,-0.32,-97.56,18.56,0,0,0,0,0,0
PUEBLA,21,TEPANGO DE RODRIGUEZ,21162,4155,2236,53.81,1919,46.19,1221,29.39,2465,59.33,469,11.29,2852.62,1.46,100,96.05,,95.51,50.73,,Muy alto,,,Alto,0.75,1.76,-97.8,20,0,0,0,0,0,0
PUEBLA,21,TEPATLAXCO DE HIDALGO,21163,18854,9734,51.63,9120,48.37,5786,30.69,11966,63.47,1102,5.84,6100.31,3.09,2.55,27.79,,83.44,18.29,,Bajo,,,Bajo,0.88,-0.05,-97.97,19.08,0,0,0,0,0,0
PUEBLA,21,TEPEACA,21164,84270,43761,51.93,40509,48.07,26106,30.98,53183,63.11,4973,5.9,21643.82,3.89,41.92,0.89,,74.03,14.12,,Bajo,,,Bajo,0.87,-0.43,-97.91,18.97,0,0,0,0,0,0
PUEBLA,21,TEPEMAXALCO,21165,1216,602,49.51,614,50.49,416,34.21,669,55.02,131,10.77,2944.65,0.41,100,6.41,,85.61,30.06,,Alto,,,Medio,0.78,0.79,-98.63,18.74,0,0,0,0,0,0
PUEBLA,21,TEPEOJUMA,21166,8918,4779,53.59,4139,46.41,2497,28,5490,61.56,931,10.44,13174.17,0.68,42.29,10.61,,78.07,18.1,,Medio,,,Bajo,0.85,-0.32,-98.45,18.72,0,0,0,0,0,0
PUEBLA,21,TEPETZINTLA,21167,10373,5458,52.62,4915,47.38,3428,33.05,6004,57.88,941,9.07,7042.63,1.47,100,98.69,,88.71,34.13,,Alto,,,Muy alto,0.77,1.82,-97.84,19.97,0,0,0,0,0,0
PUEBLA,21,TEPEXCO,21168,7523,3819,50.76,3704,49.24,2324,30.89,4553,60.52,646,8.59,11577.38,0.65,26.64,0.97,,89.62,38.18,,Alto,,,Medio,0.79,0.91,-98.69,18.64,0,0,0,0,0,0
PUEBLA,21,TEPEXI DE RODRIGUEZ,21169,22331,11137,49.87,11194,50.13,6210,27.81,13904,62.26,2217,9.93,39076.46,0.57,74.46,9.74,,68.72,16.78,,Alto,,,Bajo,0.82,0.1,-97.93,18.58,0,0,0,0,0,0
PUEBLA,21,TEPEYAHUALCO,21170,19200,9834,51.22,9366,48.78,5902,30.74,11731,61.1,1540,8.02,44794.07,0.43,100,0.69,,76.94,13.99,,Medio,,,Bajo,0.84,-0.05,-97.49,19.49,0,0,0,0,0,0
PUEBLA,21,TEPEYAHUALCO DE CUAUHTEMOC,21171,3851,2035,52.84,1816,47.16,1078,27.99,2476,64.29,297,7.71,1557.74,2.47,100,1.69,,73.97,6.65,,Bajo,,,Bajo,0.87,-0.55,-97.88,18.81,0,0,0,0,0,0
PUEBLA,21,TETELA DE OCAMPO,21172,27216,14116,51.87,13100,48.13,7707,28.32,16869,61.98,2640,9.7,32637.13,0.83,79.38,30.07,,76.88,22.08,,Medio,,,Medio,0.83,0.33,-97.81,19.82,0,0,0,0,0,0
PUEBLA,21,TETELES DE AVILA CASTILLO,21173,6653,3766,56.61,2887,43.39,1690,25.4,4472,67.22,491,7.38,970.99,6.85,22.5,32.08,,55.74,7.22,,Muy bajo,,,Bajo,0.91,-0.63,-97.46,19.86,0,0,0,0,0,0
PUEBLA,21,TEZIUTLAN,21174,103583,54934,53.03,48649,46.97,26541,25.62,69337,66.94,7689,7.42,9189.23,11.27,27.1,13.77,,51.13,7.15,,Muy bajo,,,Muy bajo,0.9,-0.76,-97.36,19.82,0,0,0,0,0,0
PUEBLA,21,TIANGUISMANALCO,21175,14432,7442,51.57,6990,48.43,4159,28.82,9155,63.44,1118,7.75,13262.2,1.09,59.94,12.06,,77.87,26.69,,Bajo,,,Bajo,0.86,-0.19,-98.45,18.98,0,0,0,0,0,0
PUEBLA,21,TILAPA,21176,9664,5029,52.04,4635,47.96,2717,28.11,6008,62.17,920,9.52,8332.66,1.16,100,1.02,,61.45,9.72,,Medio,,,Bajo,0.85,-0.48,-98.56,18.59,0,0,0,0,0,0
PUEBLA,21,TLACOTEPEC DE BENITO JUAREZ,21177,54757,29003,52.97,25754,47.03,19261,35.18,32222,58.85,3274,5.98,39491.71,1.39,48.44,36.53,,80.64,17.71,,Medio,,,Medio,0.83,0.25,-97.65,18.68,0,0,0,0,0,0
PUEBLA,21,TLACUILOTEPEC,21178,15977,8101,50.7,7876,49.3,4843,30.31,9184,57.48,1950,12.21,17195.18,0.93,100,32.58,,83.87,31.94,,Alto,,,Alto,0.78,1.01,-98.07,20.33,0,0,0,0,0,0
PUEBLA,21,TLACHICHUCA,21179,31639,16141,51.02,15498,48.98,9478,29.96,19744,62.4,2397,7.58,41928.16,0.75,73.19,0.63,,82.01,15.91,,Medio,,,Bajo,0.85,0.09,-97.42,19.12,0,0,0,0,0,0
PUEBLA,21,TLAHUAPAN,21180,41547,21086,50.75,20461,49.25,12283,29.56,26195,63.05,3025,7.28,31207.92,1.33,64.39,0.9,,78.04,10.64,,Bajo,,,Bajo,0.87,-0.43,-98.58,19.33,0,0,0,0,0,0
PUEBLA,21,TLALTENNANGO,21181,7425,3791,51.06,3634,48.94,2281,30.72,4640,62.49,504,6.79,2137.4,3.47,4.59,1.89,,72.05,12.67,,Muy bajo,,,Bajo,0.89,-0.6,-98.34,19.17,0,0,0,0,0,0
PUEBLA,21,TLANEPANTLA,21182,5390,2808,52.1,2582,47.9,1699,31.52,3393,62.95,298,5.53,1485.96,3.63,4.19,5.44,,91.84,20.28,,Bajo,,,Bajo,0.87,-0.08,-97.89,18.87,0,0,0,0,0,0
PUEBLA,21,TLAOLA,21183,20433,10583,51.79,9850,48.21,6807,33.31,12194,59.68,1432,7.01,14190.11,1.44,100,76.81,,91.64,37.86,,Alto,,,Alto,0.77,1.41,-97.92,20.14,0,0,0,0,0,0
PUEBLA,21,TLAPACOYA,21184,6422,3347,52.12,3075,47.88,2060,32.08,3775,58.78,587,9.14,6286.15,1.02,100,65.43,,87.05,31.35,,Alto,,,Alto,0.8,1.07,-97.85,20.12,0,0,0,0,0,0
PUEBLA,21,TLAPANALA,21185,10344,5294,51.18,5050,48.82,3202,30.96,6236,60.29,906,8.76,8345.85,1.24,100,1.03,,74.76,17.54,,Medio,,,Bajo,0.83,-0.18,-98.54,18.7,0,0,0,0,0,0
PUEBLA,21,TLATLAUQUITEPEC,21186,55576,28959,52.11,26617,47.89,16030,28.84,34898,62.79,4648,8.36,29212.81,1.9,83.16,32.07,,67.34,11.9,,Bajo,,,Bajo,0.86,-0.17,-97.5,19.85,0,0,0,0,0,0
PUEBLA,21,TLAXCO,21187,4934,2506,50.79,2428,49.21,1389,28.15,2907,58.92,638,12.93,5435.25,0.91,100,11.03,,76.91,20.36,,Alto,,,Alto,0.78,1.11,-98.03,20.42,0,0,0,0,0,0
PUEBLA,21,TOCHIMILCO,21188,19315,10119,52.39,9196,47.61,5926,30.68,11619,60.16,1753,9.08,21797.07,0.89,100,21.11,,86.94,30.35,,Alto,,,Medio,0.82,0.43,-98.57,18.89,0,0,0,0,0,0
PUEBLA,21,TOCHTEPEC,21189,22454,11626,51.78,10828,48.22,6763,30.12,14099,62.79,1520,6.77,10143,2.21,41.92,0.9,,76.61,12.46,,Bajo,,,Bajo,0.86,-0.28,-97.83,18.84,0,0,0,0,0,0
PUEBLA,21,TOTOLTEPEC DE GUERRERO,21190,1187,634,53.41,553,46.59,278,23.42,651,54.84,258,21.74,15500.1,0.08,100,2.95,,70.73,20.54,,Medio,,,Bajo,0.84,-0.09,-97.86,18.22,0,0,0,0,0,0
PUEBLA,21,TULCINGO,21191,9871,5230,52.98,4641,47.02,2794,28.31,5822,58.98,1255,12.71,27731.83,0.36,38.73,3.91,,75.77,17.06,,Alto,,,Bajo,0.82,0.04,-98.44,18.05,0,0,0,0,0,0
PUEBLA,21,TUZAMAPAN DE GALEANA,21192,5924,3015,50.89,2909,49.11,1439,24.29,3723,62.85,762,12.86,4161.56,1.42,100,71.69,,76.63,18.41,,Medio,,,Medio,0.83,0.28,-97.58,20.07,0,0,0,0,0,0
PUEBLA,21,TZICATLACOYAN,21193,6476,3286,50.74,3190,49.26,1867,28.83,3918,60.5,691,10.67,27764.51,0.23,100,0.69,,75.73,11.39,,Alto,,,Medio,0.82,0.32,-98.05,18.84,0,0,0,0,0,0
PUEBLA,21,VENUSTIANO CARRANZA,21194,28395,14982,52.76,13413,47.24,8280,29.16,17357,61.13,2758,9.71,31397.13,0.9,31.62,10.03,,72.58,17.69,,Medio,,,Bajo,0.83,-0.09,-97.67,20.5,0,0,0,0,0,0
PUEBLA,21,VICENTE GUERRERO,21195,26559,14125,53.18,12434,46.82,9245,34.81,15368,57.86,1945,7.32,26039.38,1.02,100,44.2,,93.51,42.99,,Muy alto,,,Muy alto,0.75,1.88,-97.2,18.54,0,0,0,0,0,0
PUEBLA,21,XAYACATLAN DE BRAVO,21196,1570,844,53.76,726,46.24,397,25.29,884,56.31,289,18.41,6015.31,0.26,100,72.61,,63.98,11.1,,Medio,,,Bajo,0.84,-0.11,-97.98,18.24,0,0,0,0,0,0
PUEBLA,21,XICOTEPEC,21197,80591,42143,52.29,38448,47.71,23516,29.18,50560,62.74,6512,8.08,31009.44,2.6,36.54,10.14,,70.08,17.23,,Bajo,,,Bajo,0.86,-0.21,-97.96,20.28,0,0,0,0,0,0
PUEBLA,21,XICOTLAN,21198,1312,684,52.13,628,47.87,364,27.74,789,60.14,155,11.81,20423.59,0.06,100,1.75,,82.68,18.07,,Muy alto,,,Medio,0.74,0.66,-98.52,18.06,0,0,0,0,0,0
PUEBLA,21,XIUTETELCO,21199,42943,22264,51.85,20679,48.15,13906,32.38,26689,62.15,2348,5.47,14493.57,2.96,64.81,2.4,,75.06,14.1,,Medio,,,Medio,0.83,0.27,-97.33,19.8,0,0,0,0,0,0
PUEBLA,21,XOCHIAPULCO,21200,3443,1818,52.8,1625,47.2,922,26.78,2032,59.02,489,14.2,5979.18,0.58,100,52.86,,74.42,19.93,,Alto,,,Medio,0.81,0.88,-97.66,19.82,0,0,0,0,0,0
PUEBLA,21,XOCHILTEPEC,21201,3375,1807,53.54,1568,46.46,1007,29.84,2019,59.82,349,10.34,4643.68,0.73,100,8.59,,70.95,15.52,,Medio,,,Bajo,0.84,-0.33,-98.34,18.65,0,0,0,0,0,0
PUEBLA,21,XOCHITLAN DE VICENTE SUAREZ,21202,13025,6763,51.92,6262,48.08,3984,30.59,7895,60.61,1146,8.8,7785.48,1.67,100,95.39,,87.75,31.79,,Alto,,,Alto,0.79,1.26,-97.63,19.97,0,0,0,0,0,0
PUEBLA,21,XOCHITLAN TODOS SANTOS,21203,7178,3771,52.54,3407,47.46,2225,31,4376,60.96,577,8.04,16299.45,0.44,16.76,0.68,,87.54,21.69,,Medio,,,Medio,0.84,0.16,-97.78,18.71,0,0,0,0,0,0
PUEBLA,21,YAONAHUAC,21204,7926,4243,53.53,3683,46.47,2208,27.86,5073,64,645,8.14,2938.51,2.7,100,81.39,,64.04,12.01,,Bajo,,,Bajo,0.86,-0.03,-97.47,19.87,0,0,0,0,0,0
PUEBLA,21,YEHUALTEPEC,21205,26392,13683,51.85,12709,48.15,8601,32.59,16289,61.72,1414,5.36,12724.79,2.07,25.34,1.54,,83.27,16.49,,Bajo,,,Bajo,0.86,-0.14,-97.66,18.79,0,0,0,0,0,0
PUEBLA,21,ZACAPALA,21206,4647,2442,52.55,2205,47.45,1425,30.66,2613,56.23,566,12.18,24688.23,0.19,100,2.54,,69.61,16.56,,Alto,,,Medio,0.8,0.3,-98.07,18.59,0,0,0,0,0,0
PUEBLA,21,ZACAPOAXTLA,21207,57887,30736,53.1,27151,46.9,17103,29.55,36387,62.86,4397,7.6,17533.1,3.3,74.73,60.54,,74.08,19.5,,Medio,,,Medio,0.84,0.17,-97.59,19.87,0,0,0,0,0,0
PUEBLA,21,ZACATLAN,21208,87361,45856,52.49,41505,47.51,25679,29.39,54891,62.83,6775,7.76,48575.7,1.8,55.13,17.66,,73.54,17.33,,Bajo,,,Bajo,0.87,-0.29,-97.96,19.93,0,0,0,0,0,0
PUEBLA,21,ZAPOTITLAN,21209,8595,4610,53.64,3985,46.36,2275,26.47,5398,62.8,922,10.73,42819.86,0.2,100,16.97,,73.86,17.57,,Medio,,,Bajo,0.83,0.04,-97.48,18.33,0,0,0,0,0,0
PUEBLA,21,ZAPOTITLAN DE MENDEZ,21210,5675,2882,50.78,2793,49.22,1525,26.87,3512,61.89,638,11.24,2020.09,2.81,100,87.49,,79.37,23.32,,Medio,,,Medio,0.83,0.46,-97.72,20,0,0,0,0,0,0
PUEBLA,21,ZARAGOZA,21211,16752,8998,53.71,7754,46.29,4609,27.51,10844,64.73,1299,7.75,3056.66,5.48,31.43,12.44,,61.17,9,,Muy bajo,,,Bajo,0.9,-0.66,-97.56,19.77,0,0,0,0,0,0
PUEBLA,21,ZAUTLA,21212,20717,10889,52.56,9828,47.44,6465,31.21,12561,60.63,1691,8.16,26498.23,0.78,100,64.07,,85.54,30.82,,Alto,,,Alto,0.8,1.04,-97.67,19.72,0,0,0,0,0,0
PUEBLA,21,ZIHUATEUTLA,21213,11967,6193,51.75,5774,48.25,3668,30.65,7168,59.9,1131,9.45,17486.24,0.68,100,43.92,,78.7,23.17,,Alto,,,Medio,0.8,0.78,-97.89,20.25,0,0,0,0,0,0
PUEBLA,21,ZINACATEPEC,21214,18359,9578,52.17,8781,47.83,4892,26.65,12138,66.11,1323,7.21,6267.43,2.93,2.4,82.59,,82.54,21.61,,Medio,,,Bajo,0.85,-0.07,-97.25,18.33,0,0,0,0,0,0
PUEBLA,21,ZONGOZOTLA,21215,4539,2322,51.16,2217,48.84,1022,22.52,2987,65.81,530,11.68,3624.49,1.25,100,97,,90.33,18.7,,Alto,,,Alto,0.82,0.97,-97.73,19.98,0,0,0,0,0,0
PUEBLA,21,ZOQUIAPAN,21216,2452,1314,53.59,1138,46.41,657,26.79,1444,58.89,351,14.31,1901.4,1.29,100,89.4,,78.64,23.7,,Alto,,,Alto,0.8,0.99,-97.6,20.01,0,0,0,0,0,0
PUEBLA,21,ZOQUITLAN,21217,20335,10630,52.27,9705,47.73,7078,34.81,11356,55.84,1901,9.35,26847.49,0.76,100,99.11,,95.25,47.84,,Muy alto,,,Muy alto,0.75,2.05,-97.02,18.34,0,0,0,0,0,0
QUERETARO,22,AMEALCO DE BONFIL,22001,66841,34606,51.77,32235,48.23,21061,31.51,40861,61.13,4902,7.33,70799.74,0.94,88.1,31.53,,56.18,12.81,,Medio,,,Medio,0.82,0.3,-100.14,20.19,39,18,127,58.35,26.93,190
QUERETARO,22,PINAL DE AMOLES,22002,27365,14072,51.42,13293,48.58,8997,32.88,15881,58.03,2487,9.09,70554.32,0.39,100,0.34,,72.19,13.63,,Alto,,,Medio,0.8,0.47,-99.63,21.14,15,3,83,54.81,10.96,303.31
QUERETARO,22,ARROYO SECO,22003,13142,6872,52.29,6270,47.71,3689,28.07,7721,58.75,1732,13.18,72516.34,0.18,100,1.03,,49.61,5.79,,Medio,,,Bajo,0.85,-0.33,-99.69,21.55,4,1,47,30.44,7.61,357.63
QUERETARO,22,CADEREYTA DE MONTES,22004,69075,36082,52.24,32993,47.76,20405,29.54,43745,63.33,4907,7.1,133579.46,0.52,77.54,4.32,,52.21,8.94,,Medio,,,Bajo,0.84,-0.06,-99.82,20.7,92,50,381,133.19,72.39,551.57
QUERETARO,22,COLON,22005,67121,33910,50.52,33211,49.48,20324,30.28,42960,64,3823,5.7,80333.65,0.84,78.76,0.67,,43.81,5.53,,Bajo,,,Bajo,0.86,-0.34,-100.05,20.79,64,34,199,95.35,50.65,296.48
QUERETARO,22,CORREGIDORA,22006,212567,109535,51.53,103032,48.47,46997,22.11,149861,70.5,15460,7.27,23299.04,9.12,12.93,0.88,,18.43,1.3,,Muy bajo,,,Muy bajo,0.95,-1.38,-100.45,20.55,282,109,2416,132.66,51.28,1136.58
QUERETARO,22,EZEQUIEL MONTES,22007,45141,23449,51.95,21692,48.05,12971,28.73,29259,64.82,2853,6.32,29772.2,1.52,47.62,1.75,,53,7.39,,Bajo,,,Bajo,0.88,-0.59,-99.9,20.67,61,27,214,135.13,59.81,474.07
QUERETARO,22,HUIMILPAN,22008,36808,19463,52.88,17345,47.12,11335,30.79,23062,62.65,2400,6.52,38505.34,0.96,100,0.36,,49.23,6.55,,Bajo,,,Bajo,0.87,-0.63,-100.27,20.38,26,9,126,70.64,24.45,342.32
QUERETARO,22,JALPAN DE SERRA,22009,27343,14307,52.32,13036,47.68,7834,28.65,17103,62.55,2340,8.56,117500.02,0.23,48.98,1.95,,48.27,7.83,,Bajo,,,Bajo,0.87,-0.39,-99.47,21.22,20,7,387,73.14,25.6,1415.35
QUERETARO,22,LANDA DE MATAMOROS,22010,18794,9806,52.18,8988,47.82,5323,28.32,11246,59.84,2222,11.82,71273.08,0.26,100,0.68,,59.41,11.05,,Alto,,,Bajo,0.81,0.05,-99.32,21.18,8,3,48,42.57,15.96,255.4
QUERETARO,22,EL MARQUES,22011,231668,116185,50.15,115483,49.85,60085,25.94,161587,69.75,9673,4.18,74129.29,3.13,38.53,1.5,,34.03,2.7,,Muy bajo,,,Muy bajo,0.92,-1.04,-100.33,20.61,333,151,1748,143.74,65.18,754.53
QUERETARO,22,PEDRO ESCOBEDO,22012,77404,39479,51,37925,49,22115,28.57,50844,65.69,4395,5.68,32060.9,2.41,51.84,0.87,,41.65,4.65,,Muy bajo,,,Muy bajo,0.89,-0.75,-100.14,20.5,151,67,650,195.08,86.56,839.75
QUERETARO,22,PENAMILLER,22013,19141,9789,51.14,9352,48.86,5746,30.02,11515,60.16,1871,9.77,68864.33,0.28,100,0.64,,56.47,8.7,,Medio,,,Medio,0.83,0.14,-99.81,21.05,8,5,28,41.8,26.12,146.28
QUERETARO,22,QUERETARO,22014,1049777,535188,50.98,514589,49.02,231542,22.06,741089,70.59,72340,6.89,67694.64,15.51,7.14,1.52,,24.66,2.23,,Muy bajo,,,Muy bajo,0.95,-1.25,-100.39,20.59,3781,1805,26814,360.17,171.94,2554.26
QUERETARO,22,SAN JOAQUIN,22015,8359,4484,53.64,3875,46.36,2652,31.73,5059,60.52,647,7.74,27435.4,0.3,100,1.03,,43.11,6.99,,Alto,,,Bajo,0.82,0.09,-99.57,20.92,4,0,38,47.85,0,454.6
QUERETARO,22,SAN JUAN DEL RIO,22016,297804,152454,51.19,145350,48.81,75345,25.3,201673,67.72,19661,6.6,76482.86,3.89,27.04,1.31,,33.34,2.48,,Muy bajo,,,Muy bajo,0.92,-1.04,-100,20.39,613,298,2394,205.84,100.07,803.88
QUERETARO,22,TEQUISQUIAPAN,22017,72201,37178,51.49,35023,48.51,18576,25.73,47804,66.21,5796,8.03,36658.88,1.97,34.64,0.64,,48.2,5.01,,Muy bajo,,,Muy bajo,0.9,-0.81,-99.88,20.52,72,50,268,99.72,69.25,371.19
QUERETARO,22,TOLIMAN,22018,27916,14788,52.97,13128,47.03,8466,30.33,17417,62.39,1984,7.11,67467.26,0.41,77.47,33.54,,61.63,12.31,,Medio,,,Medio,0.84,0.27,-99.93,20.91,14,11,108,50.15,39.4,386.87
QUINTANA ROO,23,COZUMEL,23001,88626,44211,49.88,44415,50.12,21748,24.54,61978,69.93,4873,5.5,48088.74,1.84,4.63,20.8,,39.59,5.06,,Muy bajo,,,Muy bajo,0.92,-1.13,-86.96,20.5,0,0,0,0,0,0
QUINTANA ROO,23,FELIPE CARRILLO PUERTO,23002,83990,42036,50.05,41954,49.95,25553,30.42,52829,62.9,5516,6.57,1286877.55,0.07,57.16,83.06,,81.08,31.66,,Medio,,,Bajo,0.82,-0.01,-88.05,19.58,0,0,0,0,0,0
QUINTANA ROO,23,ISLA MUJERES,23003,22686,11144,49.12,11542,50.88,5983,26.37,15647,68.97,1014,4.47,91646.64,0.25,12.54,16.61,,50.3,7.97,,Muy bajo,,,Bajo,0.89,-0.7,-86.75,21.26,0,0,0,0,0,0
QUINTANA ROO,23,OTHON P. BLANCO,23004,233648,118552,50.74,115096,49.26,55457,23.74,161046,68.93,16803,7.19,855778.27,0.27,25.28,13.75,,43.78,9.69,,Muy bajo,,,Muy bajo,0.91,-0.97,-88.3,18.49,0,0,0,0,0,0
QUINTANA ROO,23,BENITO JUAREZ,23005,911503,452178,49.61,459325,50.39,213487,23.42,653396,71.68,35376,3.88,208966.19,4.36,0.32,16.24,,37.92,6.23,,Muy bajo,,,Muy bajo,0.94,-1.14,-86.82,21.16,0,0,0,0,0,0
QUINTANA ROO,23,JOSE MARIA MORELOS,23006,39165,19310,49.3,19855,50.7,12065,30.81,24251,61.92,2819,7.2,475777.08,0.08,65.96,81.68,,80.77,25.09,,Alto,,,Bajo,0.82,0.1,-88.83,19.42,0,0,0,0,0,0
QUINTANA ROO,23,LAZARO CARDENAS,23007,29171,14327,49.11,14844,50.89,8668,29.71,18563,63.64,1940,6.65,329805.8,0.09,72.11,65.57,,65.67,20.04,,Medio,,,Bajo,0.84,-0.22,-87.49,21.1,0,0,0,0,0,0
QUINTANA ROO,23,SOLIDARIDAD,23008,333800,163324,48.93,170476,51.07,82039,24.58,233019,69.81,7640,2.29,209754.3,1.59,1.79,16.84,,37.34,4.28,,Muy bajo,,,Muy bajo,0.93,-0.99,-87.08,20.63,0,0,0,0,0,0
QUINTANA ROO,23,TULUM,23009,46721,22331,47.8,24390,52.2,13269,28.4,32093,68.69,1295,2.77,196944.03,0.24,28.57,42.66,,61.81,18.8,,Bajo,,,Bajo,0.88,-0.39,-87.46,20.21,0,0,0,0,0,0
QUINTANA ROO,23,BACALAR,23010,41754,20703,49.58,21051,50.42,12546,30.05,26208,62.77,2981,7.14,603061.99,0.07,70,43.27,,73.46,24.12,,Medio,,,Bajo,0.84,-0.12,-88.39,18.68,0,0,0,0,0,0
QUINTANA ROO,23,PUERTO MORELOS,23011,26921,13090,48.62,13831,51.38,6585,24.46,18802,69.84,1474,5.48,1044,25.79,2.56,21.29,,42.68,8.74,,Muy bajo,,,Muy bajo,0.91,-0.88,-86.88,20.85,0,0,0,0,0,0
SAN LUIS POTOSI,24,AHUALULCO,24001,18974,10029,52.86,8945,47.14,5605,29.54,11434,60.26,1935,10.2,76728.73,0.25,72.34,0.29,,69.08,9.65,,Medio,,,Bajo,0.83,-0.09,-100.85,22.64,0,0,0,0,0,0
SAN LUIS POTOSI,24,ALAQUINES,24002,7785,3998,51.36,3787,48.64,2143,27.53,4547,58.41,1095,14.07,58023.12,0.13,100,2.67,,70.82,15.56,,Alto,,,Medio,0.8,0.36,-99.6,22.13,0,0,0,0,0,0
SAN LUIS POTOSI,24,AQUISMON,24003,48359,24346,50.34,24013,49.66,15305,31.65,28787,59.53,4251,8.79,78635.01,0.61,100,78.5,,91.3,48.99,,Muy alto,,,Alto,0.75,1.62,-99.02,21.62,0,0,0,0,0,0
SAN LUIS POTOSI,24,ARMADILLO DE LOS INFANTE,24004,4013,2016,50.24,1997,49.76,929,23.15,2376,59.21,708,17.64,61689.75,0.07,100,0.22,,51.22,6.6,,Medio,,,Medio,0.83,0.31,-100.65,22.24,0,0,0,0,0,0
SAN LUIS POTOSI,24,CARDENAS,24005,18317,9582,52.31,8735,47.69,4809,26.25,11170,60.98,2326,12.7,38653.73,0.47,16.25,2.41,,54.38,7.95,,Muy bajo,,,Bajo,0.89,-0.62,-99.64,22,0,0,0,0,0,0
SAN LUIS POTOSI,24,CATORCE,24006,9579,4689,48.95,4890,51.05,2771,28.93,5659,59.08,1140,11.9,192382.37,0.05,100,0.19,,67.82,9.7,,Alto,,,Medio,0.8,0.18,-100.89,23.69,0,0,0,0,0,0
SAN LUIS POTOSI,24,CEDRAL,24007,19840,10164,51.23,9676,48.77,5656,28.51,12395,62.47,1778,8.96,115670.03,0.17,35.45,0.25,,51.67,5.28,,Muy bajo,,,Muy bajo,0.89,-0.8,-100.73,23.82,0,0,0,0,0,0
SAN LUIS POTOSI,24,CERRITOS,24008,22075,11293,51.16,10782,48.84,5564,25.2,13494,61.13,3008,13.63,95232.94,0.23,28.92,0.57,,52.77,6.75,,Muy bajo,,,Bajo,0.89,-0.68,-100.28,22.43,0,0,0,0,0,0
SAN LUIS POTOSI,24,CERRO DE SAN PEDRO,24009,5050,2497,49.45,2553,50.55,1288,25.5,3305,65.45,452,8.95,12135.23,0.42,100,0.63,,18.29,1.36,,Bajo,,,Muy bajo,0.88,-0.74,-100.8,22.22,0,0,0,0,0,0
SAN LUIS POTOSI,24,CIUDAD DEL MAIZ,24010,30320,15325,50.54,14995,49.46,9034,29.8,17760,58.58,3512,11.58,311731.88,0.1,63.91,1.13,,75.62,14.79,,Medio,,,Bajo,0.85,-0.21,-99.6,22.4,0,0,0,0,0,0
SAN LUIS POTOSI,24,CIUDAD FERNNANDEZ,24011,48106,24663,51.27,23443,48.73,13132,27.3,30327,63.04,4647,9.66,51316.52,0.94,24.59,1.15,,60.09,8.35,,Muy bajo,,,Muy bajo,0.89,-0.81,-100.01,21.94,0,0,0,0,0,0
SAN LUIS POTOSI,24,TANCANHUITZ,24012,20300,10299,50.73,10001,49.27,5688,28.02,12399,61.08,2203,10.85,13602.25,1.49,100,81.7,,78.1,31.39,,Alto,,,Alto,0.77,0.97,-98.97,21.6,0,0,0,0,0,0
SAN LUIS POTOSI,24,CIUDAD VALLES,24013,179371,93009,51.85,86362,48.15,42387,23.63,119650,66.71,17239,9.61,239875.09,0.75,23.98,12.13,,43.25,7.06,,Muy bajo,,,Muy bajo,0.9,-0.84,-99.02,21.99,0,0,0,0,0,0
SAN LUIS POTOSI,24,COXCATLAN,24014,15660,7897,50.43,7763,49.57,4101,26.19,9337,59.62,2222,14.19,9006.1,1.74,100,91.23,,81.57,22.76,,Alto,,,Alto,0.79,1.01,-98.9,21.54,0,0,0,0,0,0
SAN LUIS POTOSI,24,CHARCAS,24015,21814,11158,51.15,10656,48.85,5758,26.4,13636,62.51,2393,10.97,213334.17,0.1,35.28,0.41,,47.04,7.83,,Bajo,,,Bajo,0.86,-0.23,-101.11,23.13,0,0,0,0,0,0
SAN LUIS POTOSI,24,EBANO,24016,40899,20968,51.27,19931,48.73,10823,26.46,25618,62.64,4453,10.89,69133.03,0.59,25.79,12.34,,59.47,12.86,,Bajo,,,Bajo,0.88,-0.52,-98.38,22.21,0,0,0,0,0,0
SAN LUIS POTOSI,24,GUADALCAZAR,24017,25119,12608,50.19,12511,49.81,7288,29.01,14457,57.55,3364,13.39,370571.9,0.07,100,0.18,,72.88,21.78,,Alto,,,Medio,0.77,0.76,-100.4,22.62,0,0,0,0,0,0
SAN LUIS POTOSI,24,HUEHUETLAN,24018,15334,7852,51.21,7482,48.79,4311,28.11,9472,61.77,1549,10.1,7076.18,2.17,100,75.97,,72.34,22.66,,Alto,,,Medio,0.79,0.82,-98.97,21.55,0,0,0,0,0,0
SAN LUIS POTOSI,24,LAGUNILLAS,24019,5453,2723,49.94,2730,50.06,1280,23.47,3088,56.63,1085,19.9,53027.29,0.1,100,2.97,,65.45,9.63,,Medio,,,Medio,0.83,0.17,-99.57,21.59,0,0,0,0,0,0
SAN LUIS POTOSI,24,MATEHUALA,24020,102199,52548,51.42,49651,48.58,26926,26.35,66809,65.37,8449,8.27,128754.29,0.79,15.18,0.39,,37.23,3.36,,Muy bajo,,,Muy bajo,0.91,-1.03,-100.64,23.65,0,0,0,0,0,0
SAN LUIS POTOSI,24,MEXQUITIC DE CARMONA,24021,58469,30598,52.33,27871,47.67,16367,27.99,37313,63.82,4782,8.18,86800.38,0.67,100,0.31,,54.57,7.98,,Medio,,,Bajo,0.85,-0.41,-101.11,22.27,0,0,0,0,0,0
SAN LUIS POTOSI,24,MOCTEZUMA,24022,19036,9955,52.3,9081,47.7,5555,29.18,11428,60.03,2052,10.78,127774.7,0.15,72.47,0.3,,64.06,7.57,,Medio,,,Bajo,0.84,-0.21,-101.09,22.75,0,0,0,0,0,0
SAN LUIS POTOSI,24,RAYON,24023,15301,7843,51.26,7458,48.74,4039,26.4,8891,58.11,2336,15.27,77856.08,0.2,59.22,10.18,,66.33,14.54,,Medio,,,Bajo,0.83,0.06,-99.65,21.84,0,0,0,0,0,0
SAN LUIS POTOSI,24,RIOVERDE,24024,97943,50900,51.97,47043,48.03,25606,26.14,61502,62.79,10828,11.06,303303.7,0.32,40.62,0.84,,56.25,11.45,,Bajo,,,Bajo,0.88,-0.59,-99.99,21.93,0,0,0,0,0,0
SAN LUIS POTOSI,24,SALINAS,24025,31107,16233,52.18,14874,47.82,9741,31.31,18919,60.82,2428,7.81,171135.03,0.18,40.25,0.11,,64.36,6.52,,Bajo,,,Bajo,0.87,-0.53,-101.72,22.63,0,0,0,0,0,0
SAN LUIS POTOSI,24,SAN ANTONIO,24026,9382,4678,49.86,4704,50.14,2660,28.35,5717,60.94,1005,10.71,9376.67,1,100,94.53,,90.93,37.21,,Alto,,,Alto,0.8,1,-98.9,21.62,0,0,0,0,0,0
SAN LUIS POTOSI,24,SAN CIRO DE ACOSTA,24027,10215,5274,51.63,4941,48.37,2635,25.8,5925,58,1655,16.2,63294.86,0.16,27.94,0.65,,63.1,7.83,,Bajo,,,Bajo,0.87,-0.32,-99.82,21.65,0,0,0,0,0,0
SAN LUIS POTOSI,24,SAN LUIS POTOSI,24028,911908,471011,51.65,440897,48.35,206048,22.6,631746,69.28,73237,8.03,146662.64,6.22,4.37,1.21,,20.32,1.6,,Muy bajo,,,Muy bajo,0.95,-1.28,-100.98,22.15,0,0,0,0,0,0
SAN LUIS POTOSI,24,SAN MARTIN CHALCHICUAUTLA,24029,18468,9361,50.69,9107,49.31,4545,24.61,10827,58.63,3086,16.71,40920.89,0.45,100,57.15,,84.08,30.31,,Alto,,,Alto,0.77,1.06,-98.66,21.37,0,0,0,0,0,0
SAN LUIS POTOSI,24,SAN NICOLAS TOLENTINO,24030,4779,2408,50.39,2371,49.61,1003,20.99,2710,56.71,1066,22.31,68524,0.07,100,0,,51.31,6.76,,Medio,,,Bajo,0.84,-0.24,-100.55,22.25,0,0,0,0,0,0
SAN LUIS POTOSI,24,SANTA CATARINA,24031,12163,6246,51.35,5917,48.65,3941,32.4,7129,58.61,1089,8.95,63441.64,0.19,100,67.39,,86.14,37.84,,Muy alto,,,Muy alto,0.7,2.08,-99.5,21.66,0,0,0,0,0,0
SAN LUIS POTOSI,24,SANTA MARIA DEL RIO,24032,39880,20722,51.96,19158,48.04,11214,28.12,24823,62.24,3800,9.53,168416.65,0.24,64.04,0.19,,53.47,8.15,,Medio,,,Bajo,0.84,0.07,-100.74,21.8,0,0,0,0,0,0
SAN LUIS POTOSI,24,SANTO DOMINGO,24033,10785,5506,51.05,5279,48.95,3008,27.89,6315,58.55,1431,13.27,427572.97,0.03,100,0.06,,63.8,10.84,,Medio,,,Bajo,0.83,-0.16,-101.74,23.33,0,0,0,0,0,0
SAN LUIS POTOSI,24,SAN VICENTE TANCUAYALAB,24034,14945,7534,50.41,7411,49.59,3805,25.46,9488,63.49,1652,11.05,51357.83,0.29,54.96,31.09,,77.26,24.4,,Medio,,,Bajo,0.84,0.09,-98.59,21.71,0,0,0,0,0,0
SAN LUIS POTOSI,24,SOLEDAD DE GRACIANO SANCHEZ,24035,332072,170195,51.25,161877,48.75,84302,25.39,228640,68.85,18613,5.61,30254.74,10.98,3.69,1.1,,22.61,1.73,,Muy bajo,,,Muy bajo,0.94,-1.29,-100.94,22.19,0,0,0,0,0,0
SAN LUIS POTOSI,24,TAMASOPO,24036,29184,14438,49.47,14746,50.53,7947,27.23,18028,61.77,3205,10.98,130960.62,0.22,100,14.1,,63.63,20.91,,Alto,,,Medio,0.8,0.3,-99.39,21.92,0,0,0,0,0,0
SAN LUIS POTOSI,24,TAMAZUNCHALE,24037,95037,48828,51.38,46209,48.62,27603,29.04,58359,61.41,9075,9.55,35042.27,2.71,74.48,56.04,,78.19,26.01,,Medio,,,Medio,0.83,0.31,-98.79,21.26,0,0,0,0,0,0
SAN LUIS POTOSI,24,TAMPACAN,24038,14348,7067,49.25,7281,50.75,3685,25.68,8621,60.09,2039,14.21,18553.34,0.77,100,60.56,,77.07,27.93,,Alto,,,Medio,0.79,0.63,-98.73,21.4,0,0,0,0,0,0
SAN LUIS POTOSI,24,TAMPAMOLON CORONA,24039,13603,6848,50.34,6755,49.66,3875,28.49,8202,60.3,1526,11.22,26011.31,0.52,100,79.14,,80.4,36.94,,Alto,,,Medio,0.8,0.82,-98.82,21.56,0,0,0,0,0,0
SAN LUIS POTOSI,24,TAMUIN,24040,36968,18859,51.01,18109,48.99,9778,26.45,23435,63.39,3754,10.15,182439.88,0.2,55.14,20.94,,61.74,21,,Bajo,,,Bajo,0.86,-0.37,-98.78,22,0,0,0,0,0,0
SAN LUIS POTOSI,24,TANLAJAS,24041,18208,9097,49.96,9111,50.04,5137,28.21,11199,61.51,1861,10.22,37108.86,0.49,100,89.66,,85.83,42.43,,Alto,,,Medio,0.82,0.93,-98.89,21.67,0,0,0,0,0,0
SAN LUIS POTOSI,24,TANQUIAN DE ESCOBEDO,24042,13448,6875,51.12,6573,48.88,3537,26.3,8280,61.57,1627,12.1,14200.92,0.95,29.67,26.13,,75.19,25.82,,Bajo,,,Bajo,0.87,-0.39,-98.66,21.6,0,0,0,0,0,0
SAN LUIS POTOSI,24,TIERRA NUEVA,24043,7966,4246,53.3,3720,46.7,2209,27.73,4645,58.31,1112,13.96,47395.35,0.17,100,0.16,,71.21,11.86,,Alto,,,Medio,0.82,0.19,-100.57,21.67,0,0,0,0,0,0
SAN LUIS POTOSI,24,VANEGAS,24044,7557,3751,49.64,3806,50.36,2250,29.77,4575,60.54,732,9.69,276934.65,0.03,100,0.52,,49.67,7.44,,Medio,,,Bajo,0.83,-0.08,-100.95,23.88,0,0,0,0,0,0
SAN LUIS POTOSI,24,VENADO,24045,14188,7172,50.55,7016,49.45,3488,24.58,8876,62.56,1824,12.86,128700.74,0.11,55,0.39,,61.92,9.87,,Medio,,,Bajo,0.84,-0.19,-101.09,22.93,0,0,0,0,0,0
SAN LUIS POTOSI,24,VILLA DE ARRIAGA,24046,18206,9213,50.6,8993,49.4,5529,30.37,11143,61.21,1489,8.18,86924.82,0.21,66.35,0.35,,58.64,7.77,,Medio,,,Bajo,0.83,0.08,-101.38,21.91,0,0,0,0,0,0
SAN LUIS POTOSI,24,VILLA DE GUADALUPE,24047,9277,4646,50.08,4631,49.92,2466,26.58,5499,59.28,1312,14.14,189173.91,0.05,100,0.32,,68.15,12.44,,Alto,,,Medio,0.8,0.29,-100.76,23.37,0,0,0,0,0,0
SAN LUIS POTOSI,24,VILLA DE LA PAZ,24048,5298,2664,50.28,2634,49.72,1444,27.26,3346,63.16,508,9.59,14228.68,0.37,100,0.55,,30.84,1.88,,Bajo,,,Muy bajo,0.88,-0.9,-100.71,23.68,0,0,0,0,0,0
SAN LUIS POTOSI,24,VILLA DE RAMOS,24049,38389,20122,52.42,18267,47.58,12248,31.9,22903,59.66,3220,8.39,246541.67,0.16,67.04,0.21,,83.89,14,,Medio,,,Bajo,0.84,-0.16,-101.91,22.83,0,0,0,0,0,0
SAN LUIS POTOSI,24,VILLA DE REYES,24050,52912,26749,50.55,26163,49.45,16179,30.58,33199,62.74,3487,6.59,100967.4,0.52,77.29,0.12,,46.66,5.34,,Bajo,,,Bajo,0.86,-0.44,-100.93,21.8,0,0,0,0,0,0
SAN LUIS POTOSI,24,VILLA HIDALGO,24051,15458,7803,50.48,7655,49.52,4026,26.04,9399,60.8,2033,13.15,148061.87,0.1,100,0.3,,48.77,7.13,,Medio,,,Bajo,0.85,-0.47,-100.68,22.45,0,0,0,0,0,0
SAN LUIS POTOSI,24,VILLA JUAREZ,24052,10304,5169,50.16,5135,49.84,2754,26.73,5973,57.97,1577,15.3,63345.18,0.16,100,0.26,,67.36,13.8,,Medio,,,Bajo,0.84,0.04,-100.27,22.32,0,0,0,0,0,0
SAN LUIS POTOSI,24,AXTLA DE TERRAZAS,24053,32544,16627,51.09,15917,48.91,8985,27.61,20009,61.48,3546,10.9,18936.84,1.72,75.28,73.96,,81.08,28.5,,Medio,,,Bajo,0.85,-0.02,-98.88,21.44,0,0,0,0,0,0
SAN LUIS POTOSI,24,XILITLA,24054,49741,25311,50.89,24430,49.11,15272,30.7,29273,58.85,5189,10.43,39483.1,1.26,86.64,53.76,,85.52,29.4,,Alto,,,Medio,0.8,0.69,-98.99,21.39,0,0,0,0,0,0
SAN LUIS POTOSI,24,ZARAGOZA,24055,27386,13904,50.77,13482,49.23,8278,30.23,17203,62.82,1905,6.96,60793.68,0.45,58.28,0.09,,37.07,4.89,,Bajo,,,Bajo,0.86,-0.24,-100.73,22.04,0,0,0,0,0,0
SAN LUIS POTOSI,24,VILLA DE ARISTA,24056,17258,8888,51.5,8370,48.5,5360,31.06,10578,61.29,1320,7.65,58050.79,0.3,50.96,0.67,,69.58,9.74,,Bajo,,,Bajo,0.86,-0.29,-100.85,22.64,0,0,0,0,0,0
SAN LUIS POTOSI,24,MATLAPA,24057,28996,14885,51.33,14111,48.67,9212,31.77,16931,58.39,2853,9.84,11605.53,2.5,100,75.44,,83.39,28.29,,Alto,,,Medio,0.82,0.56,-98.83,21.34,0,0,0,0,0,0
SAN LUIS POTOSI,24,EL NARANJO,24058,20959,10514,50.16,10445,49.84,5909,28.19,13142,62.7,1901,9.07,81262.01,0.26,47.23,0.96,,51.34,8.15,,Bajo,,,Bajo,0.88,-0.71,-99.32,22.52,0,0,0,0,0,0
SINALOA,25,AHOME,25001,459310,233994,50.94,225316,49.06,109552,23.85,309762,67.44,39930,8.69,341591.71,1.34,26.67,3.18,,27.75,2.44,,Muy bajo,,,Muy bajo,0.92,-1.11,-108.99,25.78,0,0,0,0,0,0
SINALOA,25,ANGOSTURA,25002,44093,21964,49.81,22129,50.19,9827,22.29,28653,64.98,5613,12.73,139650.86,0.32,72.66,0.79,,26.01,2.12,,Muy bajo,,,Muy bajo,0.9,-0.95,-108.16,25.36,0,0,0,0,0,0
SINALOA,25,BADIRAGUATO,25003,26542,12873,48.5,13669,51.5,8020,30.22,15739,59.3,2776,10.46,478996.71,0.06,100,0.13,,56.79,16.46,,Alto,,,Medio,0.8,0.3,-107.55,25.36,0,0,0,0,0,0
SINALOA,25,CONCORDIA,25004,24899,12360,49.64,12539,50.36,6559,26.34,15109,60.68,3231,12.98,214374.52,0.12,60.38,0.29,,34.56,4.31,,Bajo,,,Bajo,0.88,-0.55,-106.07,23.29,0,0,0,0,0,0
SINALOA,25,COSALA,25005,17012,8336,49,8676,51,5309,31.21,10133,59.56,1570,9.23,214904.09,0.08,53.63,0.24,,51.1,11.69,,Bajo,,,Bajo,0.86,-0.33,-106.69,24.41,0,0,0,0,0,0
SINALOA,25,CULIACAN,25006,1003530,512484,51.07,491046,48.93,248043,24.72,678895,67.65,74751,7.45,602348.34,1.67,13.21,0.47,,23,1.69,,Muy bajo,,,Muy bajo,0.93,-1.2,-107.39,24.81,0,0,0,0,0,0
SINALOA,25,CHOIX,25007,29334,14445,49.24,14889,50.76,8325,28.38,17623,60.08,3386,11.54,318930.35,0.09,64.79,5.29,,54.19,14.16,,Medio,,,Medio,0.84,0.13,-108.32,26.71,0,0,0,0,0,0
SINALOA,25,ELOTA,25008,55339,26793,48.42,28546,51.58,16089,29.07,35327,63.84,3881,7.01,161544.53,0.34,64.33,2.8,,38.18,5.68,,Bajo,,,Bajo,0.87,-0.44,-106.89,23.92,0,0,0,0,0,0
SINALOA,25,ESCUINAPA,25009,59988,29887,49.82,30101,50.18,16376,27.3,37794,63,5780,9.64,148468.63,0.4,29.87,6.87,,44.12,6.73,,Bajo,,,Bajo,0.88,-0.55,-105.78,22.84,0,0,0,0,0,0
SINALOA,25,EL FUERTE,25010,96593,48137,49.83,48456,50.17,24192,25.05,61819,64,10565,10.94,413379.88,0.23,67.42,11.94,,41.38,7.73,,Bajo,,,Bajo,0.87,-0.39,-108.62,26.42,0,0,0,0,0,0
SINALOA,25,GUASAVE,25011,289370,146352,50.58,143018,49.42,70052,24.21,189837,65.6,29424,10.17,267421.44,1.08,49.71,1.6,,34.99,4.47,,Muy bajo,,,Muy bajo,0.9,-0.91,-108.47,25.57,0,0,0,0,0,0
SINALOA,25,MAZATLAN,25012,501441,256060,51.06,245381,48.94,115734,23.08,341005,68.01,44582,8.89,249114.02,2.01,6.66,0.92,,20.92,1.22,,Muy bajo,,,Muy bajo,0.93,-1.17,-106.42,23.2,0,0,0,0,0,0
SINALOA,25,MOCORITO,25013,40358,19783,49.02,20575,50.98,9729,24.11,24448,60.58,6166,15.28,277295.04,0.15,69.84,0.11,,37.65,5.45,,Bajo,,,Bajo,0.87,-0.52,-107.92,25.48,0,0,0,0,0,0
SINALOA,25,ROSARIO,25014,52345,25896,49.47,26449,50.53,13966,26.68,32263,61.64,6116,11.68,260459.85,0.2,67.34,2.78,,35.42,4.41,,Bajo,,,Bajo,0.87,-0.58,-105.85,22.99,0,0,0,0,0,0
SINALOA,25,SALVADOR ALVARADO,25015,79492,41068,51.66,38424,48.34,19534,24.57,51902,65.29,8046,10.12,76596.4,1.04,11.4,0.52,,29.43,1.69,,Muy bajo,,,Muy bajo,0.93,-1.23,-108.08,25.46,0,0,0,0,0,0
SINALOA,25,SAN IGNACIO,25016,19505,9223,47.29,10282,52.71,4976,25.51,11829,60.65,2697,13.83,501231.54,0.04,100,0.32,,46.95,7.19,,Bajo,,,Bajo,0.86,-0.37,-106.43,23.94,0,0,0,0,0,0
SINALOA,25,SINALOA,25017,78670,38820,49.35,39850,50.65,21350,27.14,47969,60.97,9351,11.89,626827.14,0.13,85.3,2.41,,46.41,8.51,,Medio,,,Bajo,0.84,-0.18,-108.22,25.82,0,0,0,0,0,0
SINALOA,25,NAVOLATO,25018,149122,73653,49.39,75469,50.61,39271,26.33,97816,65.59,12026,8.06,203886.07,0.73,49.52,3.44,,35.22,4.07,,Muy bajo,,,Bajo,0.89,-0.63,-107.7,24.77,0,0,0,0,0,0
SONORA,26,ACONCHI,26001,2563,1227,47.87,1336,52.13,589,22.98,1624,63.36,350,13.66,36858.37,0.07,100,0.16,,11.05,1.1,,Muy bajo,,,Muy bajo,0.9,-1.03,-110.23,29.83,10,5,25,390.17,195.08,975.42
SONORA,26,AGUA PRIETA,26002,91929,46118,50.17,45811,49.83,25287,27.51,61326,66.71,5261,5.72,397342.57,0.23,0.98,1.27,,32.86,3.51,,Muy bajo,,,Muy bajo,0.92,-1.18,-109.55,31.33,389,214,1122,423.15,232.79,1220.51
SONORA,26,ALAMOS,26003,24976,12067,48.31,12909,51.69,6339,25.38,15540,62.22,3094,12.39,637709.98,0.04,56.11,8.25,,49.98,15.31,,Medio,,,Medio,0.84,0.21,-108.93,27.02,17,10,139,68.07,40.04,556.53
SONORA,26,ALTAR,26004,9492,4780,50.36,4712,49.64,2752,28.99,6058,63.82,678,7.14,448673.96,0.02,11.09,2,,47.47,6.98,,Muy bajo,,,Muy bajo,0.9,-1,-111.83,30.71,10,5,66,105.35,52.68,695.32
SONORA,26,ARIVECHI,26005,1177,583,49.53,594,50.47,283,24.04,707,60.07,187,15.89,72471.62,0.02,100,2.04,,29.62,5.26,,Muy bajo,,,Bajo,0.89,-0.63,-109.19,28.93,3,2,15,254.89,169.92,1274.43
SONORA,26,ARIZPE,26006,2788,1342,48.13,1446,51.87,616,22.09,1675,60.08,497,17.83,308321.04,0.01,100,0.11,,27.59,2,,Muy bajo,,,Muy bajo,0.9,-0.89,-110.17,30.34,6,3,30,215.21,107.6,1076.04
SONORA,26,ATIL,26007,626,316,50.48,310,49.52,131,20.93,384,61.34,111,17.73,30206.96,0.02,100,0.16,,26.97,1.65,,Muy bajo,,,Muy bajo,0.9,-1.15,-111.58,30.84,0,0,0,0,0,0
SONORA,26,BACADEHUACHI,26008,979,457,46.68,522,53.32,196,20.02,608,62.1,175,17.88,106740.73,0.01,100,0,,49.87,4.33,,Muy bajo,,,Muy bajo,0.89,-0.9,-109.14,29.81,0,0,3,0,0,306.44
SONORA,26,BACANORA,26009,759,369,48.62,390,51.38,169,22.27,422,55.6,160,21.08,112653.78,0.01,100,0,,28.72,4.14,,Bajo,,,Muy bajo,0.88,-0.79,-109.4,28.98,1,1,1,131.75,131.75,131.75
SONORA,26,BACERAC,26010,1221,618,50.61,603,49.39,308,25.23,756,61.92,157,12.86,134893.71,0.01,100,0,,40.97,5,,Bajo,,,Muy bajo,0.88,-0.74,-108.93,30.36,1,0,5,81.9,0,409.5
SONORA,26,BACOACHI,26011,1475,725,49.15,750,50.85,312,21.15,924,62.64,239,16.2,123685.48,0.01,100,0.34,,41.26,1.53,,Muy bajo,,,Muy bajo,0.9,-0.9,-109.97,30.63,12,7,39,813.56,474.58,2644.07
SONORA,26,BACUM,26012,23151,11367,49.1,11784,50.9,5680,24.53,15147,65.43,2310,9.98,157315.53,0.15,72.62,13.84,,40.43,6.38,,Bajo,,,Bajo,0.87,-0.49,-110.08,27.55,53,36,190,228.93,155.5,820.7
SONORA,26,BANAMICHI,26013,1825,901,49.37,924,50.63,453,24.82,1143,62.63,229,12.55,80983.19,0.02,100,0,,19.35,1.08,,Muy bajo,,,Muy bajo,0.91,-1.02,-110.22,30.01,6,3,9,328.77,164.38,493.15
SONORA,26,BAVIACORA,26014,3191,1529,47.92,1662,52.08,707,22.16,1959,61.39,525,16.45,84292.16,0.04,100,0,,15.65,0.54,,Muy bajo,,,Muy bajo,0.9,-1.02,-110.17,29.72,9,6,99,282.04,188.03,3102.48
SONORA,26,BAVISPE,26015,1169,551,47.13,618,52.87,323,27.63,675,57.74,171,14.63,172952.37,0.01,100,0.17,,57.84,7.16,,Muy bajo,,,Muy bajo,0.89,-1.01,-108.94,30.48,2,2,7,171.09,171.09,598.8
SONORA,26,BENJAMIN HILL,26016,4988,2505,50.22,2483,49.78,1292,25.9,3135,62.85,561,11.25,141592.04,0.04,100,0.38,,31.16,3.3,,Muy bajo,,,Muy bajo,0.9,-0.93,-111.12,30.17,9,6,36,180.43,120.29,721.73
SONORA,26,CABORCA,26017,89122,44386,49.8,44736,50.2,23690,26.58,59010,66.21,6370,7.15,1072790.7,0.08,18.36,1.92,,31.36,3.59,,Muy bajo,,,Muy bajo,0.91,-0.96,-112.15,30.71,240,168,2271,269.29,188.51,2548.19
SONORA,26,CAJEME,26018,436484,221883,50.83,214601,49.17,99834,22.87,296090,67.84,40477,9.27,482703.14,0.9,8.67,1.75,,28.95,2.71,,Muy bajo,,,Muy bajo,0.93,-1.17,-109.93,27.5,1540,984,7238,352.82,225.44,1658.25
SONORA,26,CANNANEA,26019,39451,19841,50.29,19610,49.71,10842,27.48,25347,64.25,3217,8.15,233068.79,0.17,3.39,0.69,,28.4,2.18,,Muy bajo,,,Muy bajo,0.93,-1.37,-110.3,30.98,264,109,1767,669.18,276.29,4478.97
SONORA,26,CARBO,26020,4946,2378,48.08,2568,51.92,1356,27.42,3137,63.42,453,9.16,258396.48,0.02,100,2.73,,46.29,4.87,,Bajo,,,Bajo,0.88,-0.6,-110.95,29.68,3,2,9,60.66,40.44,181.97
SONORA,26,LA COLORADA,26021,1848,828,44.81,1020,55.19,385,20.83,1179,63.8,284,15.37,411106.79,0,100,0.65,,20.36,1.39,,Bajo,,,Bajo,0.88,-0.35,-110.58,28.8,1,1,2,54.11,54.11,108.23
SONORA,26,CUCURPE,26022,863,393,45.54,470,54.46,191,22.13,562,65.12,110,12.75,158365.46,0.01,100,0.23,,35.54,1.66,,Bajo,,,Bajo,0.88,-0.26,-110.71,30.33,3,1,9,347.62,115.87,1042.87
SONORA,26,CUMPAS,26023,5829,2864,49.13,2965,50.87,1306,22.41,3722,63.85,801,13.74,201449.96,0.03,100,0.1,,19.22,0.57,,Muy bajo,,,Muy bajo,0.92,-1.17,-109.78,29.99,29,14,63,497.51,240.18,1080.8
SONORA,26,DIVISADEROS,26024,753,359,47.68,394,52.32,180,23.9,448,59.5,125,16.6,38586.67,0.02,100,0.4,,33.45,1.5,,Muy bajo,,,Muy bajo,0.9,-1.14,-109.47,29.62,0,0,5,0,0,664.01
SONORA,26,EMPALME,26025,51431,25463,49.51,25968,50.49,12975,25.23,33874,65.86,4579,8.9,59017.25,0.87,24.39,1.51,,35.36,5.4,,Muy bajo,,,Muy bajo,0.92,-0.96,-110.82,27.96,175,92,823,340.26,178.88,1600.2
SONORA,26,ETCHOJOA,26026,61309,30001,48.93,31308,51.07,15467,25.23,39655,64.68,6187,10.09,92586.85,0.66,70.48,33.01,,57.15,15.21,,Bajo,,,Bajo,0.86,-0.04,-109.63,26.91,205,81,599,334.37,132.12,977.02
SONORA,26,FRONTERAS,26027,9041,4461,49.34,4580,50.66,2690,29.75,5788,64.02,563,6.23,263102.36,0.03,19.92,3.24,,26.63,2.3,,Muy bajo,,,Muy bajo,0.92,-1.17,-109.56,30.9,31,15,42,342.88,165.91,464.55
SONORA,26,GRANADOS,26028,1009,485,48.07,524,51.93,221,21.9,629,62.34,159,15.76,36425.05,0.03,100,0,,22.59,0.59,,Muy bajo,,,Muy bajo,0.91,-1.08,-109.31,29.86,3,1,12,297.32,99.11,1189.3
SONORA,26,GUAYMAS,26029,156863,78876,50.28,77987,49.72,38544,24.57,104569,66.66,13633,8.69,787489.34,0.2,14.77,11.6,,32.44,6.48,,Muy bajo,,,Muy bajo,0.92,-0.84,-110.89,27.92,594,306,2540,378.67,195.07,1619.25
SONORA,26,HERMOSILLO,26030,936263,468773,50.07,467490,49.93,220771,23.58,646237,69.02,67282,7.19,1689319.8,0.55,3.71,1.97,,22.42,3.04,,Muy bajo,,,Muy bajo,0.95,-1.26,-110.96,29.07,3953,1900,27869,422.21,202.93,2976.62
SONORA,26,HUACHINERA,26031,1186,579,48.82,607,51.18,260,21.92,761,64.17,165,13.91,120048.2,0.01,100,0.59,,43.56,4.07,,Muy bajo,,,Muy bajo,0.89,-0.76,-108.96,30.21,3,0,3,252.95,0,252.95
SONORA,26,HUASABAS,26032,888,421,47.41,467,52.59,178,20.05,550,61.94,160,18.02,82325.09,0.01,100,0.68,,19.73,1.06,,Muy bajo,,,Muy bajo,0.91,-1.18,-109.3,29.9,0,0,8,0,0,900.9
SONORA,26,HUATABAMPO,26033,77682,38265,49.26,39417,50.74,18321,23.58,50488,64.99,8873,11.42,175373.2,0.44,60.96,21.51,,50.99,9.91,,Bajo,,,Bajo,0.88,-0.4,-109.64,26.83,196,116,985,252.31,149.33,1267.99
SONORA,26,HUEPAC,26034,943,449,47.61,494,52.39,204,21.63,558,59.17,181,19.19,42151.27,0.02,100,0.32,,9.75,0,,Muy bajo,,,Muy bajo,0.91,-1.22,-110.21,29.91,2,2,4,212.09,212.09,424.18
SONORA,26,IMURIS,26035,12536,6135,48.94,6401,51.06,3471,27.69,7933,63.28,1115,8.89,218216.99,0.06,44.77,1.08,,36.48,3.67,,Muy bajo,,,Muy bajo,0.91,-0.97,-110.86,30.78,25,19,83,199.43,151.56,662.09
SONORA,26,MAGDALENA,26036,33049,16819,50.89,16230,49.11,8632,26.12,21706,65.68,2707,8.19,124571.27,0.27,7.93,0.54,,28.67,2.44,,Muy bajo,,,Muy bajo,0.93,-1.24,-110.97,30.63,120,68,516,363.1,205.76,1561.32
SONORA,26,MAZATAN,26037,1101,507,46.05,594,53.95,198,17.98,695,63.12,208,18.89,68170.79,0.02,100,0.36,,30.19,2.53,,Muy bajo,,,Muy bajo,0.89,-0.82,-110.14,29,0,0,1,0,0,90.83
SONORA,26,MOCTEZUMA,26038,5173,2630,50.84,2543,49.16,1141,22.06,3462,66.92,523,10.11,187914.92,0.03,100,0.17,,22.04,0.38,,Muy bajo,,,Muy bajo,0.92,-1.18,-109.68,29.8,15,9,62,289.97,173.98,1198.53
SONORA,26,NACO,26039,5774,2877,49.83,2897,50.17,1715,29.7,3630,62.87,427,7.4,124704.81,0.05,5.01,1.21,,47.84,7.59,,Muy bajo,,,Muy bajo,0.92,-1.15,-109.95,31.33,15,9,36,259.79,155.87,623.48
SONORA,26,NACORI CHICO,26040,1531,723,47.22,808,52.78,364,23.78,909,59.37,258,16.85,283412.76,0.01,100,0,,56.06,10.13,,Bajo,,,Bajo,0.86,-0.26,-108.98,29.69,1,1,13,65.32,65.32,849.12
SONORA,26,NACOZARI DE GARCIA,26041,14369,7095,49.38,7274,50.62,4005,27.87,9455,65.8,909,6.33,174267.68,0.08,9.62,1.69,,18.28,1.8,,Muy bajo,,,Muy bajo,0.94,-1.17,-109.69,30.37,110,51,298,765.54,354.93,2073.91
SONORA,26,NAVOJOA,26042,164387,83123,50.57,81264,49.43,39304,23.91,109181,66.42,15873,9.66,278883.75,0.59,26.44,9.53,,38.89,6.67,,Muy bajo,,,Muy bajo,0.91,-0.74,-109.45,27.08,580,236,2473,352.83,143.56,1504.38
SONORA,26,NOGALES,26043,264782,132522,50.05,132260,49.95,70320,26.56,181090,68.39,13293,5.02,176687.3,1.5,1.38,1.9,,29.5,2.38,,Muy bajo,,,Muy bajo,0.92,-1.26,-110.95,31.33,863,473,3868,325.93,178.64,1460.82
SONORA,26,ONAVAS,26044,365,181,49.59,184,50.41,84,23.01,211,57.81,70,19.18,53228.31,0.01,100,0.55,,24.57,2.53,,Muy bajo,,,Muy bajo,0.9,-0.98,-109.53,28.46,1,0,6,273.97,0,1643.84
SONORA,26,OPODEPE,26045,2438,1113,45.65,1325,54.35,562,23.05,1480,60.71,396,16.24,222885.27,0.01,100,0.53,,35.76,6.44,,Bajo,,,Bajo,0.87,-0.49,-110.63,29.93,1,1,1,41.02,41.02,41.02
SONORA,26,OQUITOA,26046,496,265,53.43,231,46.57,98,19.76,326,65.73,72,14.52,92115.81,0.01,100,0,,23.64,3,,Muy bajo,,,Muy bajo,0.91,-1.04,-111.73,30.74,1,1,2,201.61,201.61,403.23
SONORA,26,PITIQUITO,26047,9122,4428,48.54,4694,51.46,2252,24.69,6012,65.91,858,9.41,983088.1,0.01,43.66,4.49,,29.4,5.6,,Muy bajo,,,Bajo,0.9,-0.65,-112.05,30.68,29,15,178,317.91,164.44,1951.33
SONORA,26,PUERTO PENASCO,26048,62689,31053,49.54,31636,50.46,17175,27.4,41830,66.73,3658,5.84,624122.22,0.1,0.62,2.5,,36.39,3.92,,Muy bajo,,,Muy bajo,0.92,-1.09,-113.54,31.31,128,73,411,204.18,116.45,655.62
SONORA,26,QUIRIEGO,26049,3090,1472,47.64,1618,52.36,798,25.83,1854,60,437,14.14,375816.7,0.01,100,7.48,,54.94,18.51,,Alto,,,Alto,0.77,0.99,-109.25,27.52,3,2,11,97.09,64.72,355.99
SONORA,26,RAYON,26050,1496,687,45.92,809,54.08,311,20.79,878,58.69,307,20.52,87989.81,0.02,100,1.07,,38.34,4.15,,Bajo,,,Bajo,0.88,-0.62,-110.57,29.71,4,4,9,267.38,267.38,601.6
SONORA,26,ROSARIO,26051,4830,2346,48.57,2484,51.43,1242,25.71,2837,58.74,742,15.36,350311.11,0.01,100,0.85,,38.71,6.2,,Medio,,,Bajo,0.85,-0.1,-109.37,27.84,7,6,50,144.93,124.22,1035.2
SONORA,26,SAHUARIPA,26052,5257,2538,48.28,2719,51.72,1186,22.56,3238,61.59,833,15.85,499516.4,0.01,100,0.38,,38.57,6.5,,Bajo,,,Bajo,0.89,-0.67,-109.23,29.06,11,6,97,209.24,114.13,1845.16
SONORA,26,SAN FELIPE DE JESUS,26053,369,168,45.53,201,54.47,95,25.75,212,57.45,62,16.8,15156.29,0.02,100,0,,16.79,0.31,,Muy bajo,,,Muy bajo,0.91,-1.2,-110.24,29.86,2,1,5,542.01,271,1355.01
SONORA,26,SAN JAVIER,26054,537,243,45.25,294,54.75,171,31.84,316,58.85,50,9.31,53430.42,0.01,100,2.23,,23.26,2.16,,Muy bajo,,,Muy bajo,0.9,-0.94,-109.74,28.6,0,0,3,0,0,558.66
SONORA,26,SAN LUIS RIO COLORADO,26055,199021,98469,49.48,100552,50.52,50595,25.42,133390,67.02,14922,7.5,896581.81,0.22,8.22,0.93,,41.39,4.8,,Muy bajo,,,Muy bajo,0.92,-1.08,-114.78,32.48,743,470,2805,373.33,236.16,1409.4
SONORA,26,SAN MIGUEL DE HORCASITAS,26056,10729,5122,47.74,5607,52.26,3334,31.07,6890,64.22,496,4.62,111550.55,0.1,12,38.04,,59.66,17.85,,Medio,,,Medio,0.85,0.39,-110.73,29.49,12,5,18,111.85,46.6,167.77
SONORA,26,SAN PEDRO DE LA CUEVA,26057,1458,665,45.61,793,54.39,265,18.18,868,59.53,317,21.74,222764.76,0.01,100,0.48,,35.21,5.11,,Muy bajo,,,Bajo,0.89,-0.68,-109.74,29.29,1,1,1,68.59,68.59,68.59
SONORA,26,SANTA ANA,26058,16203,8214,50.69,7989,49.31,4129,25.48,10507,64.85,1567,9.67,148224.31,0.11,23.64,0.33,,27.27,1.73,,Muy bajo,,,Muy bajo,0.92,-1.17,-111.12,30.54,56,44,318,345.62,271.55,1962.6
SONORA,26,SANTA CRUZ,26059,1835,873,47.57,962,52.43,521,28.39,1154,62.89,160,8.72,100837.68,0.02,100,1.14,,35.43,2.73,,Muy bajo,,,Muy bajo,0.89,-0.92,-110.6,31.23,2,0,3,108.99,0,163.49
SONORA,26,SARIC,26060,2058,979,47.57,1079,52.43,531,25.8,1291,62.73,227,11.03,136008.96,0.02,100,0.63,,46.2,5.42,,Bajo,,,Muy bajo,0.87,-0.78,-111.38,31.1,2,2,22,97.18,97.18,1069
SONORA,26,SOYOPA,26061,1368,599,43.79,769,56.21,320,23.39,814,59.5,234,17.11,171253.19,0.01,100,0.51,,18.52,3.39,,Bajo,,,Bajo,0.88,-0.55,-109.63,28.76,0,0,1,0,0,73.1
SONORA,26,SUAQUI GRANDE,26062,1114,513,46.05,601,53.95,241,21.63,682,61.22,191,17.15,91139,0.01,100,0,,25.31,1.76,,Muy bajo,,,Muy bajo,0.89,-0.88,-109.89,28.4,1,1,2,89.77,89.77,179.53
SONORA,26,TEPACHE,26063,1178,557,47.28,621,52.72,218,18.51,724,61.46,236,20.03,77860,0.02,100,0,,31.53,1.77,,Muy bajo,,,Muy bajo,0.9,-1.02,-109.53,29.53,2,0,5,169.78,0,424.45
SONORA,26,TRINCHERAS,26064,1381,642,46.49,739,53.51,342,24.76,843,61.04,196,14.19,302019.06,0,100,0.29,,30.1,2.5,,Bajo,,,Bajo,0.88,-0.67,-111.53,30.4,0,0,14,0,0,1013.76
SONORA,26,TUBUTAMA,26065,1473,690,46.84,783,53.16,329,22.34,921,62.53,223,15.14,173569.46,0.01,100,0.75,,34.68,2.74,,Bajo,,,Muy bajo,0.88,-0.76,-111.47,30.88,1,0,5,67.89,0,339.44
SONORA,26,URES,26066,8548,4097,47.93,4451,52.07,1674,19.58,5453,63.79,1421,16.62,308630.15,0.03,100,0.34,,20.87,1.4,,Muy bajo,,,Muy bajo,0.9,-0.95,-110.39,29.43,17,9,76,198.88,105.29,889.1
SONORA,26,VILLA HIDALGO,26067,1429,681,47.66,748,52.34,335,23.44,865,60.53,229,16.03,147576.88,0.01,100,0.49,,23.49,1.93,,Muy bajo,,,Muy bajo,0.9,-0.77,-109.32,30.16,6,5,11,419.87,349.9,769.77
SONORA,26,VILLA PESQUEIRA,26068,1043,451,43.24,592,56.76,181,17.35,648,62.13,214,20.52,112158.51,0.01,100,0,,24.05,3.13,,Muy bajo,,,Muy bajo,0.89,-0.73,-109.97,29.12,0,0,4,0,0,383.51
SONORA,26,YECORA,26069,4793,2378,49.61,2415,50.39,1286,26.83,2899,60.48,594,12.39,265800.06,0.02,100,15.98,,74.84,27.78,,Medio,,,Medio,0.83,0.26,-108.93,28.37,3,0,26,62.59,0,542.46
SONORA,26,GENERAL PLUTARCO ELIAS CALLES,26070,13627,6900,50.63,6727,49.37,4164,30.56,8521,62.53,942,6.91,368194.01,0.04,16.05,1.14,,45.55,5.29,,Muy bajo,,,Muy bajo,0.9,-0.99,-112.86,31.87,40,20,167,293.53,146.77,1225.51
SONORA,26,BENITO JUAREZ,26071,21692,10791,49.75,10901,50.25,5655,26.07,13854,63.87,2183,10.06,32582.97,0.67,39.36,12.46,,49.4,8.64,,Muy bajo,,,Bajo,0.89,-0.66,-109.84,27.13,0,0,0,0,0,0
SONORA,26,SAN IGNACIO RIO MUERTO,26072,14279,6937,48.58,7342,51.42,3751,26.27,9201,64.44,1327,9.29,125644.58,0.11,43.03,14.66,,57.18,13.01,,Bajo,,,Bajo,0.87,-0.18,-110.24,27.41,0,0,0,0,0,0
TABASCO,27,BALANCAN,27001,58524,29282,50.03,29242,49.97,16855,28.8,36458,62.3,5206,8.9,357357.1,0.16,66.49,3.26,,61.8,15.74,,Medio,,,Bajo,0.85,-0.4,-91.53,17.8,0,0,0,0,0,0
TABASCO,27,CARDENAS,27002,243229,124434,51.16,118795,48.84,72473,29.8,154079,63.35,16657,6.85,186230.5,1.31,59.86,0.94,,56.08,14.64,,Bajo,,,Bajo,0.88,-0.67,-93.38,17.99,0,0,0,0,0,0
TABASCO,27,CENTLA,27003,107731,54617,50.7,53114,49.3,32371,30.05,68213,63.32,7143,6.63,255151.31,0.42,69.95,20.82,,76.79,35.2,,Medio,,,Bajo,0.85,-0.47,-92.65,18.53,0,0,0,0,0,0
TABASCO,27,CENTRO,27004,683607,353527,51.71,330080,48.29,162885,23.83,469127,68.63,51331,7.51,169382.42,4.04,24.69,6.55,,35.81,6.4,,Muy bajo,,,Muy bajo,0.92,-1.22,-92.92,17.99,0,0,0,0,0,0
TABASCO,27,COMALCALCO,27005,214877,109594,51,105283,49,60620,28.21,138856,64.62,15322,7.13,76616.36,2.8,66.03,0.6,,54.93,11.81,,Bajo,,,Muy bajo,0.88,-0.8,-93.23,18.27,0,0,0,0,0,0
TABASCO,27,CUNDUACAN,27006,137257,69985,50.99,67272,49.01,40047,29.18,87754,63.93,9424,6.87,58887.24,2.33,80.46,0.8,,60.34,16.42,,Bajo,,,Bajo,0.87,-0.69,-93.17,18.07,0,0,0,0,0,0
TABASCO,27,EMILIANO ZAPATA,27007,32181,16728,51.98,15453,48.02,8483,26.36,20847,64.78,2847,8.85,59188.78,0.54,30.18,2.11,,56.25,11.2,,Muy bajo,,,Muy bajo,0.9,-0.91,-91.77,17.74,0,0,0,0,0,0
TABASCO,27,HUIMANGUILLO,27008,190885,96975,50.8,93910,49.2,59092,30.96,119048,62.37,12728,6.67,367044.68,0.52,72.84,0.71,,62.09,16.9,,Medio,,,Bajo,0.85,-0.46,-93.39,17.84,0,0,0,0,0,0
TABASCO,27,JALAPA,27009,37749,18870,49.99,18879,50.01,9458,25.05,24927,66.03,3354,8.89,59171.71,0.64,86.75,0.83,,51.82,10.54,,Bajo,,,Muy bajo,0.87,-0.8,-92.81,17.72,0,0,0,0,0,0
TABASCO,27,JALPA DE MENDEZ,27010,91185,46272,50.75,44913,49.25,25671,28.15,59049,64.76,6457,7.08,36864.8,2.47,68.55,1.53,,57.7,17.85,,Bajo,,,Muy bajo,0.88,-0.9,-93.06,18.18,0,0,0,0,0,0
TABASCO,27,JONUTA,27011,30798,15344,49.82,15454,50.18,8645,28.07,19577,63.57,2576,8.36,160870.75,0.19,76.01,5.64,,65.42,18.99,,Medio,,,Bajo,0.83,-0.2,-92.14,18.09,0,0,0,0,0,0
TABASCO,27,MACUSPANA,27012,158601,81070,51.12,77531,48.88,44423,28.01,102697,64.75,11429,7.21,240994.8,0.66,60.29,13.5,,69.32,24.47,,Medio,,,Bajo,0.85,-0.46,-92.59,17.76,0,0,0,0,0,0
TABASCO,27,NACAJUCA,27013,150300,77406,51.5,72894,48.5,40169,26.73,101684,67.65,8081,5.38,52733.64,2.85,49.07,20.22,,48.23,11.08,,Muy bajo,,,Muy bajo,0.9,-1.11,-93.02,18.17,0,0,0,0,0,0
TABASCO,27,PARAISO,27014,96741,49069,50.72,47672,49.28,25768,26.64,64037,66.19,6926,7.16,34414.86,2.81,67.04,0.49,,50.2,14.01,,Muy bajo,,,Muy bajo,0.9,-1.07,-93.21,18.4,0,0,0,0,0,0
TABASCO,27,TACOTALPA,27015,47905,24151,50.41,23754,49.59,13651,28.5,30519,63.71,3733,7.79,73452.55,0.65,83.91,34.85,,62.43,18.98,,Medio,,,Bajo,0.85,-0.29,-92.83,17.59,0,0,0,0,0,0
TABASCO,27,TEAPA,27016,58718,29954,51.01,28764,48.99,15754,26.83,38733,65.96,4230,7.2,42062.48,1.4,50.5,1.31,,52.92,7.63,,Bajo,,,Bajo,0.87,-0.52,-92.95,17.55,0,0,0,0,0,0
TABASCO,27,TENOSIQUE,27017,62310,31649,50.79,30661,49.21,17268,27.71,39845,63.95,5195,8.34,188271.35,0.33,43.92,9.84,,54.07,11.82,,Bajo,,,Bajo,0.86,-0.49,-91.43,17.48,0,0,0,0,0,0
TAMAULIPAS,28,ABASOLO,28001,9822,4924,50.13,4898,49.87,2565,26.11,6019,61.28,1238,12.6,183887.7,0.05,46.5,0.31,,56.14,4.39,,Bajo,,,Bajo,0.88,-0.67,-98.37,24.06,0,0,0,0,0,0
TAMAULIPAS,28,ALDAMA,28002,28725,14378,50.05,14347,49.95,7623,26.54,17874,62.22,3228,11.24,367874.89,0.08,50.1,0.97,,52.59,5.97,,Bajo,,,Bajo,0.88,-0.44,-98.07,22.92,0,0,0,0,0,0
TAMAULIPAS,28,ALTAMIRA,28003,269790,136484,50.59,133306,49.41,70329,26.07,183545,68.03,15132,5.61,164129,1.64,8.3,3.42,,42.14,5.57,,Muy bajo,,,Muy bajo,0.92,-1.05,-97.94,22.39,0,0,0,0,0,0
TAMAULIPAS,28,ANTIGUO MORELOS,28004,8850,4463,50.43,4387,49.57,2231,25.21,5482,61.94,1137,12.85,57608.45,0.15,100,0.5,,50.1,5.25,,Medio,,,Bajo,0.85,-0.53,-99.08,22.55,0,0,0,0,0,0
TAMAULIPAS,28,BURGOS,28005,4256,2055,48.28,2201,51.72,1016,23.87,2539,59.66,701,16.47,188543,0.02,100,0.16,,47.66,3.75,,Bajo,,,Bajo,0.86,-0.31,-98.8,24.95,0,0,0,0,0,0
TAMAULIPAS,28,BUSTAMANTE,28006,7542,3689,48.91,3853,51.09,2261,29.98,4313,57.19,968,12.83,143440.44,0.05,100,0.13,,75.5,22.22,,Muy alto,,,Alto,0.76,1.09,-99.76,23.44,0,0,0,0,0,0
TAMAULIPAS,28,CAMARGO,28007,16546,7926,47.9,8620,52.1,3870,23.39,10894,65.84,1782,10.77,92178.44,0.18,43.35,0.37,,40.96,2.75,,Muy bajo,,,Muy bajo,0.9,-0.87,-98.84,26.32,0,0,0,0,0,0
TAMAULIPAS,28,CASAS,28008,4143,1965,47.43,2178,52.57,1271,30.68,2391,57.71,479,11.56,298127.64,0.01,100,0.65,,58.26,12.09,,Alto,,,Medio,0.81,0.73,-98.74,23.73,0,0,0,0,0,0
TAMAULIPAS,28,CIUDAD MADERO,28009,205933,107685,52.29,98248,47.71,40141,19.49,141402,68.66,24116,11.71,4566.64,45.1,0,1.78,,23.35,2.29,,Muy bajo,,,Muy bajo,0.95,-1.3,-97.84,22.25,0,0,0,0,0,0
TAMAULIPAS,28,CRUILLAS,28010,1671,845,50.57,826,49.43,399,23.88,1000,59.84,272,16.28,186958.34,0.01,100,0.54,,53.73,6.62,,Medio,,,Bajo,0.85,-0.05,-98.53,24.76,0,0,0,0,0,0
TAMAULIPAS,28,GOMEZ FARIAS,28011,8288,4058,48.96,4230,51.04,1926,23.24,5295,63.89,1067,12.87,72243.58,0.11,100,0.42,,46.11,5.75,,Bajo,,,Bajo,0.86,-0.48,-99.03,22.89,0,0,0,0,0,0
TAMAULIPAS,28,GONZALEZ,28012,41470,21102,50.88,20368,49.12,11422,27.54,25701,61.97,4339,10.46,320791.31,0.13,44.33,1.48,,61.31,10.85,,Bajo,,,Bajo,0.87,-0.36,-98.43,22.83,0,0,0,0,0,0
TAMAULIPAS,28,GUEMEZ,28013,15032,7270,48.36,7762,51.64,3935,26.18,9228,61.39,1831,12.18,119624.98,0.13,100,0.44,,52.43,7.59,,Bajo,,,Bajo,0.86,-0.29,-99.01,23.92,0,0,0,0,0,0
TAMAULIPAS,28,GUERRERO,28014,3803,1688,44.39,2115,55.61,683,17.96,2680,70.47,440,11.57,241912.97,0.02,100,0.29,,31.47,0.91,,Bajo,,,Bajo,0.87,-0.31,-99.23,26.57,0,0,0,0,0,0
TAMAULIPAS,28,GUSTAVO DIAZ ORDAZ,28015,15677,7811,49.82,7866,50.18,4017,25.62,10015,63.88,1622,10.35,42838.09,0.37,23.03,0.54,,45.76,5.04,,Muy bajo,,,Muy bajo,0.9,-1.04,-98.59,26.23,0,0,0,0,0,0
TAMAULIPAS,28,HIDALGO,28016,17012,8323,48.92,8689,51.08,4031,23.7,10080,59.25,2901,17.05,211315.19,0.08,64.02,0.21,,69.78,12.43,,Bajo,,,Bajo,0.87,-0.46,-99.44,24.25,0,0,0,0,0,0
TAMAULIPAS,28,JAUMAVE,28017,15994,8002,50.03,7992,49.97,4411,27.58,9656,60.37,1891,11.82,263441.6,0.06,60.7,0.51,,60.69,12.48,,Bajo,,,Bajo,0.87,-0.19,-99.38,23.41,0,0,0,0,0,0
TAMAULIPAS,28,JIMENEZ,28018,6375,3204,50.26,3171,49.74,1579,24.77,3999,62.73,797,12.5,165173.47,0.04,100,0.22,,60.49,5.98,,Bajo,,,Muy bajo,0.88,-0.79,-98.49,24.21,0,0,0,0,0,0
TAMAULIPAS,28,LLERA,28019,14645,7177,49.01,7468,50.99,3413,23.3,8692,59.35,2540,17.34,254073.78,0.06,100,0.71,,54.91,7.61,,Medio,,,Bajo,0.85,-0.31,-99.02,23.32,0,0,0,0,0,0
TAMAULIPAS,28,MAINERO,28020,2048,1027,50.15,1021,49.85,461,22.51,1148,56.05,439,21.44,36038.74,0.06,100,0.1,,57,8.3,,Bajo,,,Bajo,0.87,-0.41,-99.61,24.56,0,0,0,0,0,0
TAMAULIPAS,28,EL MANTE,28021,106144,55225,52.03,50919,47.97,23753,22.38,69186,65.18,13171,12.41,161989.58,0.66,25.09,0.52,,39.65,3.6,,Muy bajo,,,Muy bajo,0.91,-0.97,-98.97,22.74,0,0,0,0,0,0
TAMAULIPAS,28,MATAMOROS,28022,541979,274081,50.57,267898,49.43,137470,25.36,368765,68.04,35069,6.47,383561.03,1.41,5.76,2.1,,34.61,3.36,,Muy bajo,,,Muy bajo,0.91,-1.01,-97.5,25.88,0,0,0,0,0,0
TAMAULIPAS,28,MENDEZ,28023,4280,2138,49.95,2142,50.05,1066,24.91,2595,60.63,619,14.46,250773.42,0.02,100,0.58,,42.29,6.15,,Medio,,,Bajo,0.84,-0.09,-98.59,25.12,0,0,0,0,0,0
TAMAULIPAS,28,MIER,28024,6385,3002,47.02,3383,52.98,1108,17.35,4277,66.99,1000,15.66,91495.5,0.07,5.07,1.1,,34.27,0.2,,Muy bajo,,,Muy bajo,0.92,-1,-99.15,26.43,0,0,0,0,0,0
TAMAULIPAS,28,MIGUEL ALEMAN,28025,26237,12612,48.07,13625,51.93,5005,19.08,18389,70.09,2843,10.84,63308.39,0.41,29.14,0.78,,39.12,4.37,,Muy bajo,,,Muy bajo,0.91,-1.11,-99.03,26.4,0,0,0,0,0,0
TAMAULIPAS,28,MIQUIHUANA,28026,3704,1792,48.38,1912,51.62,1098,29.64,2077,56.07,487,13.15,87575.84,0.04,100,0,,81.34,24.49,,Alto,,,Medio,0.79,0.65,-99.75,23.57,0,0,0,0,0,0
TAMAULIPAS,28,NUEVO LAREDO,28027,425058,215616,50.73,209442,49.27,112973,26.58,283982,66.81,27832,6.55,121575.85,3.5,0.29,1.19,,33.57,3.15,,Muy bajo,,,Muy bajo,0.92,-1.21,-99.51,27.49,0,0,0,0,0,0
TAMAULIPAS,28,NUEVO MORELOS,28028,3810,1833,48.11,1977,51.89,1097,28.79,2301,60.39,412,10.81,29982.83,0.13,100,2.02,,60.2,6.48,,Bajo,,,Bajo,0.87,-0.7,-99.22,22.53,0,0,0,0,0,0
TAMAULIPAS,28,OCAMPO,28029,13190,6460,48.98,6730,51.02,3375,25.59,7847,59.49,1966,14.91,146132.38,0.09,58.64,0.69,,56.61,8.75,,Bajo,,,Bajo,0.87,-0.39,-99.34,22.85,0,0,0,0,0,0
TAMAULIPAS,28,PADILLA,28030,13618,6767,49.69,6851,50.31,3619,26.58,8315,61.06,1684,12.37,134426.28,0.1,59.38,0.23,,56.05,7.2,,Bajo,,,Muy bajo,0.88,-0.73,-98.9,24.05,0,0,0,0,0,0
TAMAULIPAS,28,PALMILLAS,28031,1917,956,49.87,961,50.13,496,25.87,1110,57.9,302,15.75,47479.16,0.04,100,0.26,,54.87,7.36,,Medio,,,Bajo,0.84,-0.02,-99.55,23.3,0,0,0,0,0,0
TAMAULIPAS,28,REYNOSA,28032,704767,354406,50.29,350361,49.71,183050,25.97,481897,68.38,37438,5.31,311673.49,2.26,1.87,2.27,,27.87,2.15,,Muy bajo,,,Muy bajo,0.92,-1.17,-98.28,26.09,0,0,0,0,0,0
TAMAULIPAS,28,RIO BRAVO,28033,132484,66363,50.09,66121,49.91,35409,26.73,86969,65.64,10040,7.58,156868.4,0.84,8.23,1.22,,45.71,6.5,,Muy bajo,,,Muy bajo,0.9,-0.96,-98.09,25.98,0,0,0,0,0,0
TAMAULIPAS,28,SAN CARLOS,28034,7411,3556,47.98,3855,52.02,1691,22.82,4363,58.87,1357,18.31,288419.07,0.03,100,0,,72.1,16.59,,Medio,,,Medio,0.83,0.24,-98.94,24.58,0,0,0,0,0,0
TAMAULIPAS,28,SAN FERNNANDO,28035,51405,25693,49.98,25712,50.02,14121,27.47,32261,62.76,5020,9.77,589064.7,0.09,45.11,0.71,,59.2,10.55,,Bajo,,,Bajo,0.88,-0.38,-98.16,24.85,0,0,0,0,0,0
TAMAULIPAS,28,SAN NICOLAS,28036,926,432,46.65,494,53.35,252,27.21,572,61.77,98,10.58,53893.21,0.02,100,0,,82.89,24.13,,Muy alto,,,Muy alto,0.69,1.87,-98.83,24.69,0,0,0,0,0,0
TAMAULIPAS,28,SOTO LA MARINA,28037,23673,11570,48.87,12103,51.13,6063,25.61,15246,64.4,2360,9.97,632536.36,0.04,52.22,1.48,,51.86,7.23,,Bajo,,,Bajo,0.86,-0.07,-98.21,23.77,0,0,0,0,0,0
TAMAULIPAS,28,TAMPICO,28038,297562,155805,52.36,141757,47.64,58750,19.74,203139,68.27,34973,11.75,11230.53,26.5,0.06,2.16,,28.77,2.12,,Muy bajo,,,Muy bajo,0.94,-1.32,-97.86,22.22,0,0,0,0,0,0
TAMAULIPAS,28,TULA,28039,28230,14220,50.37,14010,49.63,8426,29.85,16446,58.26,3358,11.9,304290.84,0.09,61.12,0.4,,62.39,11.72,,Medio,,,Bajo,0.84,0.11,-99.71,23,0,0,0,0,0,0
TAMAULIPAS,28,VALLE HERMOSO,28040,60055,30613,50.97,29442,49.03,15374,25.6,38840,64.67,5827,9.7,89123.72,0.67,19.79,0.46,,46.69,3.31,,Muy bajo,,,Muy bajo,0.9,-0.95,-97.81,25.67,0,0,0,0,0,0
TAMAULIPAS,28,VICTORIA,28041,349688,180459,51.61,169229,48.39,83245,23.81,236254,67.56,29907,8.55,144767.73,2.42,5.03,0.47,,33.35,2.74,,Muy bajo,,,Muy bajo,0.93,-1.26,-99.15,23.73,0,0,0,0,0,0
TAMAULIPAS,28,VILLAGRAN,28042,5361,2626,48.98,2735,51.02,1310,24.44,3116,58.12,935,17.44,127465.01,0.04,100,0.39,,57.46,9.49,,Bajo,,,Bajo,0.86,-0.19,-99.49,24.47,0,0,0,0,0,0
TAMAULIPAS,28,XICOTENCATL,28043,22229,11294,50.81,10935,49.19,5202,23.4,14317,64.41,2709,12.19,86134.68,0.26,53.54,0.3,,28.01,2.28,,Muy bajo,,,Muy bajo,0.9,-0.82,-98.95,23,0,0,0,0,0,0
TLAXCALA,29,AMAXAC DE GUERRERO,29001,11403,5849,51.29,5554,48.71,2783,24.41,7666,67.23,943,8.27,1110.52,10.27,8.65,3.76,,48.86,5.72,,Muy bajo,,,Muy bajo,0.92,-1.02,-98.17,19.35,0,0,0,0,0,0
TLAXCALA,29,APETATITLAN DE ANTONIO CARVAJAL,29002,16003,8258,51.6,7745,48.4,3967,24.79,10670,66.67,1270,7.94,1155.13,13.85,100,2.69,,42.78,5.82,,Muy bajo,,,Muy bajo,0.91,-1.1,-98.2,19.33,0,0,0,0,0,0
TLAXCALA,29,ATLANGATEPEC,29003,7087,3629,51.21,3458,48.79,2019,28.49,4485,63.28,583,8.23,10749.88,0.66,100,1.88,,58.24,6.01,,Bajo,,,Bajo,0.86,-0.46,-98.21,19.53,0,0,0,0,0,0
TLAXCALA,29,ATLTZAYANCA,29004,18111,9168,50.62,8943,49.38,5196,28.69,11367,62.76,1539,8.5,18872.37,0.96,100,0.46,,73.47,15.06,,Bajo,,,Bajo,0.86,-0.23,-97.8,19.43,0,0,0,0,0,0
TLAXCALA,29,APIZACO,29005,80725,42258,52.35,38467,47.65,18768,23.25,54696,67.76,7192,8.91,4339.42,18.6,10.43,1.97,,44.2,3.51,,Muy bajo,,,Muy bajo,0.93,-1.16,-98.14,19.42,0,0,0,0,0,0
TLAXCALA,29,CALPULALPAN,29006,51172,26556,51.9,24616,48.1,14219,27.79,33399,65.27,3518,6.87,25238.91,2.03,26.32,0.82,,59.87,7.2,,Muy bajo,,,Muy bajo,0.91,-0.88,-98.57,19.59,0,0,0,0,0,0
TLAXCALA,29,EL CARMEN TEQUEXQUITLA,29007,17332,8927,51.51,8405,48.49,5223,30.14,11030,63.64,1079,6.23,5810.65,2.98,19.2,0.44,,87.85,22.86,,Bajo,,,Bajo,0.86,0.03,-97.66,19.32,0,0,0,0,0,0
TLAXCALA,29,CUAPIAXTLA,29008,16222,8250,50.86,7972,49.14,4727,29.14,10432,64.31,1059,6.53,8216.4,1.97,37.92,0.28,,75.3,13.47,,Bajo,,,Bajo,0.88,-0.42,-97.77,19.3,0,0,0,0,0,0
TLAXCALA,29,CUAXOMULCO,29009,5928,3026,51.05,2902,48.95,1564,26.38,3843,64.83,499,8.42,1657.88,3.58,100,1.27,,55.46,5.12,,Bajo,,,Bajo,0.88,-0.71,-98.1,19.36,0,0,0,0,0,0
TLAXCALA,29,CHIAUTEMPAN,29010,73215,37964,51.85,35251,48.15,17854,24.39,47910,65.44,5825,7.96,7679.93,9.53,27.1,6.59,,58.19,9.06,,Muy bajo,,,Muy bajo,0.91,-0.84,-98.19,19.31,0,0,0,0,0,0
TLAXCALA,29,MUNOZ DE DOMINGO ARENAS,29011,4755,2464,51.82,2291,48.18,1296,27.26,3066,64.48,393,8.26,3615.97,1.31,100,0.23,,43.66,2.31,,Muy bajo,,,Muy bajo,0.89,-0.89,-98.21,19.48,0,0,0,0,0,0
TLAXCALA,29,ESPANITA,29012,9416,4830,51.3,4586,48.7,2742,29.12,5754,61.11,902,9.58,13887.57,0.68,100,1.03,,69.37,7.15,,Bajo,,,Bajo,0.87,-0.45,-98.42,19.46,0,0,0,0,0,0
TLAXCALA,29,HUAMANTLA,29013,98764,51003,51.64,47761,48.36,28197,28.55,64298,65.1,6186,6.26,34685.19,2.85,18.41,0.65,,63.89,13.73,,Muy bajo,,,Bajo,0.89,-0.5,-97.92,19.31,0,0,0,0,0,0
TLAXCALA,29,HUEYOTLIPAN,29014,15190,7764,51.11,7426,48.89,4191,27.59,9591,63.14,1373,9.04,17493.78,0.87,61.09,0.77,,76.64,8.74,,Muy bajo,,,Bajo,0.89,-0.66,-98.35,19.47,0,0,0,0,0,0
TLAXCALA,29,IXTACUIXTLA DE MARIANO MATAMOROS,29015,38970,20054,51.46,18916,48.54,9837,25.24,25721,66,3400,8.72,16058.01,2.43,69.03,1.16,,55.75,6.69,,Muy bajo,,,Muy bajo,0.89,-0.84,-98.38,19.33,0,0,0,0,0,0
TLAXCALA,29,IXTENCO,29016,7504,3882,51.73,3622,48.27,1884,25.11,4815,64.17,805,10.73,4416.1,1.7,0.91,10.77,,68.23,8.04,,Muy bajo,,,Bajo,0.9,-0.63,-97.9,19.25,0,0,0,0,0,0
TLAXCALA,29,MAZATECOCHCO DE JOSE MARIA MORELOS,29017,11592,5773,49.8,5819,50.2,3257,28.1,7495,64.66,754,6.5,1456.55,7.96,0.1,24.9,,90.41,27.3,,Bajo,,,Bajo,0.88,-0.18,-98.19,19.18,0,0,0,0,0,0
TLAXCALA,29,CONTLA DE JUAN CUAMATZI,29018,38579,19787,51.29,18792,48.71,9710,25.17,25913,67.17,2831,7.34,2600.41,14.84,21.16,28.88,,64.79,13.15,,Muy bajo,,,Bajo,0.9,-0.62,-98.17,19.33,0,0,0,0,0,0
TLAXCALA,29,TEPETITLA DE LARDIZABAL,29019,22274,11575,51.97,10699,48.03,5852,26.27,14993,67.31,1424,6.39,2298.21,9.69,22.05,1.88,,72.06,11.22,,Muy bajo,,,Muy bajo,0.91,-0.83,-98.38,19.27,0,0,0,0,0,0
TLAXCALA,29,SANCTORUM DE LAZARO CARDENAS,29020,9432,4849,51.41,4583,48.59,2651,28.11,6077,64.43,704,7.46,9863.29,0.96,44.24,0.5,,81.31,6.83,,Muy bajo,,,Muy bajo,0.9,-0.73,-98.47,19.49,0,0,0,0,0,0
TLAXCALA,29,NNANACAMILPA DE MARIANO ARISTA,29021,18686,9624,51.5,9062,48.5,5085,27.21,11940,63.9,1643,8.79,10758.1,1.74,28.28,0.73,,67.94,5.5,,Muy bajo,,,Muy bajo,0.9,-0.78,-98.54,19.49,0,0,0,0,0,0
TLAXCALA,29,ACUAMANALA DE MIGUEL HIDALGO,29022,6432,3248,50.5,3184,49.5,1720,26.74,4324,67.23,369,5.74,1491.68,4.31,100,5.19,,40.46,4.05,,Muy bajo,,,Muy bajo,0.89,-0.9,-98.2,19.22,0,0,0,0,0,0
TLAXCALA,29,NATIVITAS,29023,26309,13584,51.63,12725,48.37,7030,26.72,17077,64.91,2197,8.35,5221.79,5.04,100,0.93,,61.88,10.3,,Bajo,,,Bajo,0.88,-0.68,-98.32,19.23,0,0,0,0,0,0
TLAXCALA,29,PANOTLA,29024,28357,14938,52.68,13419,47.32,6677,23.55,18905,66.67,2756,9.72,6061.16,4.68,69.33,2.08,,44.27,6.22,,Muy bajo,,,Muy bajo,0.91,-0.94,-98.27,19.32,0,0,0,0,0,0
TLAXCALA,29,SAN PABLO DEL MONTE,29025,82688,41886,50.66,40802,49.34,24146,29.2,54519,65.93,3880,4.69,5862.62,14.1,1.19,24.81,,73.82,17.98,,Muy bajo,,,Bajo,0.89,-0.38,-98.17,19.12,0,0,0,0,0,0
TLAXCALA,29,SANTA CRUZ TLAXCALA,29026,24116,12514,51.89,11602,48.11,6325,26.23,16116,66.83,1663,6.9,2574.31,9.37,36.14,6.98,,48.23,5.35,,Muy bajo,,,Muy bajo,0.91,-0.89,-98.15,19.36,0,0,0,0,0,0
TLAXCALA,29,TENNANCINGO,29027,12974,6664,51.36,6310,48.64,3456,26.64,8280,63.82,1120,8.63,1317.97,9.84,0.63,11.63,,76.31,15.56,,Muy bajo,,,Bajo,0.9,-0.57,-98.2,19.15,0,0,0,0,0,0
TLAXCALA,29,TEOLOCHOLCO,29028,25257,12881,51,12376,49,7118,28.18,16502,65.34,1611,6.38,7622.5,3.31,24.19,12.71,,63.13,13.68,,Muy bajo,,,Bajo,0.9,-0.67,-98.19,19.24,0,0,0,0,0,0
TLAXCALA,29,TEPEYANCO,29029,13328,6970,52.3,6358,47.7,3408,25.57,8783,65.9,1079,8.1,1629.61,8.18,100,2.87,,47.29,5.21,,Muy bajo,,,Muy bajo,0.89,-0.9,-98.24,19.25,0,0,0,0,0,0
TLAXCALA,29,TERRENATE,29030,15475,7791,50.35,7684,49.65,4760,30.76,9600,62.04,1105,7.14,15374.5,1.01,63.53,0.78,,73.7,6.88,,Bajo,,,Bajo,0.87,-0.28,-97.92,19.48,0,0,0,0,0,0
TLAXCALA,29,TETLA DE LA SOLIDARIDAD,29031,35284,18031,51.1,17253,48.9,9409,26.67,23534,66.7,2260,6.41,16880.29,2.09,11.8,1.33,,53.39,5.42,,Muy bajo,,,Muy bajo,0.91,-0.84,-98.1,19.44,0,0,0,0,0,0
TLAXCALA,29,TETLATLAHUCA,29032,13561,7040,51.91,6521,48.09,3384,24.95,8966,66.12,1211,8.93,2599.99,5.22,100,0.63,,52.48,5.89,,Muy bajo,,,Muy bajo,0.89,-0.93,-98.3,19.23,0,0,0,0,0,0
TLAXCALA,29,TLAXCALA,29033,99896,52644,52.7,47252,47.3,21755,21.78,69712,69.78,8368,8.38,5169.09,19.33,11.9,2.83,,25.04,1.35,,Muy bajo,,,Muy bajo,0.94,-1.28,-98.24,19.32,0,0,0,0,0,0
TLAXCALA,29,TLAXCO,29034,45438,23361,51.41,22077,48.59,13363,29.41,28736,63.24,3326,7.32,57186.56,0.79,60.43,0.69,,67.54,8.2,,Bajo,,,Bajo,0.87,-0.45,-98.12,19.61,0,0,0,0,0,0
TLAXCALA,29,TOCATLAN,29035,6294,3175,50.44,3119,49.56,1728,27.45,4097,65.09,442,7.02,1417.06,4.44,1.02,0.92,,71.68,8.38,,Muy bajo,,,Muy bajo,0.9,-0.75,-98.03,19.39,0,0,0,0,0,0
TLAXCALA,29,TOTOLAC,29036,22529,11801,52.38,10728,47.62,5338,23.69,15136,67.18,1952,8.66,1373.37,16.4,66.34,3.77,,42.12,5.02,,Muy bajo,,,Muy bajo,0.92,-1.15,-98.26,19.33,0,0,0,0,0,0
TLAXCALA,29,ZILTLALTEPEC DE TRINIDAD SANCHEZ SANTOS,29037,9207,4768,51.79,4439,48.21,2745,29.81,5588,60.69,861,9.35,7668.45,1.2,24.77,1.82,,78.73,17.13,,Medio,,,Bajo,0.85,0.07,-97.91,19.2,0,0,0,0,0,0
TLAXCALA,29,TZOMPANTEPEC,29038,18006,9270,51.48,8736,48.52,4607,25.59,12205,67.78,1151,6.39,3818.35,4.72,29.87,1.62,,47.28,6.62,,Muy bajo,,,Muy bajo,0.91,-0.82,-98.09,19.38,0,0,0,0,0,0
TLAXCALA,29,XALOZTOC,29039,25607,12861,50.22,12746,49.78,7254,28.33,16682,65.15,1645,6.42,4127.13,6.2,53.77,0.97,,65.84,10.2,,Muy bajo,,,Muy bajo,0.89,-0.81,-98.05,19.4,0,0,0,0,0,0
TLAXCALA,29,XALTOCAN,29040,10601,5588,52.71,5013,47.29,2673,25.21,6822,64.35,1073,10.12,10221.43,1.04,100,0.49,,55.87,5.82,,Bajo,,,Muy bajo,0.88,-0.75,-98.21,19.42,0,0,0,0,0,0
TLAXCALA,29,PAPALOTLA DE XICOHTENCATL,29041,33499,17317,51.69,16182,48.31,8986,26.82,22094,65.95,2326,6.94,2312.63,14.49,14.45,4.9,,64.58,12.15,,Muy bajo,,,Muy bajo,0.91,-0.78,-98.2,19.17,0,0,0,0,0,0
TLAXCALA,29,XICOHTZINCO,29042,14197,7435,52.37,6762,47.63,3451,24.31,9487,66.82,1239,8.73,728.2,19.5,0,1.76,,51.15,6.69,,Muy bajo,,,Muy bajo,0.92,-0.98,-98.23,19.18,0,0,0,0,0,0
TLAXCALA,29,YAUHQUEMEHCAN,29043,42242,21854,51.74,20388,48.26,10336,24.47,29023,68.71,2769,6.56,3717.95,11.36,41.77,1.31,,48.98,6.19,,Muy bajo,,,Muy bajo,0.92,-1.12,-98.18,19.41,0,0,0,0,0,0
TLAXCALA,29,ZACATELCO,29044,45717,23777,52.01,21940,47.99,11662,25.51,30485,66.68,3497,7.65,2934.32,15.58,0.28,1.47,,57.73,6.61,,Muy bajo,,,Muy bajo,0.91,-0.9,-98.24,19.22,0,0,0,0,0,0
TLAXCALA,29,BENITO JUAREZ,29045,6211,3248,52.29,2963,47.71,1826,29.4,3997,64.35,378,6.09,2545.07,2.44,0.42,0.43,,80.68,4.46,,Muy bajo,,,Bajo,0.91,-0.63,-98.43,19.58,0,0,0,0,0,0
TLAXCALA,29,EMILIANO ZAPATA,29046,4951,2524,50.98,2427,49.02,1514,30.58,3124,63.1,305,6.16,4959.02,1,100,0.22,,83.69,4.77,,Medio,,,Bajo,0.85,-0.21,-97.92,19.56,0,0,0,0,0,0
TLAXCALA,29,LAZARO CARDENAS,29047,3534,1799,50.91,1735,49.09,1033,29.23,2250,63.67,251,7.1,2528.81,1.4,100,0.31,,75.91,3.36,,Bajo,,,Muy bajo,0.87,-0.73,-97.98,19.54,0,0,0,0,0,0
TLAXCALA,29,LA MAGDALENA TLALTELULCO,29048,19036,9596,50.41,9440,49.59,443,2.33,1140,5.99,103,0.54,1175.11,16.2,0,0.46,,,,,Muy bajo,,,Alto,0.92,1.35,-98.19,19.28,0,0,0,0,0,0
TLAXCALA,29,SAN DAMIAN TEXOLOC,29049,5884,2962,50.34,2922,49.66,1364,23.18,3892,66.15,574,9.76,1015.18,5.8,0.88,0.83,,56.59,3.95,,Muy bajo,,,Muy bajo,0.92,-0.97,-98.28,19.28,0,0,0,0,0,0
TLAXCALA,29,SAN FRANCISCO TETLANOHCAN,29050,11761,6119,52.03,5642,47.97,3195,27.17,7628,64.86,926,7.87,3929.38,2.99,0.13,33.82,,67.38,12.63,,Muy bajo,,,Bajo,0.9,-0.62,-98.16,19.26,0,0,0,0,0,0
TLAXCALA,29,SAN JERONIMO ZACUALPAN,29051,4092,2152,52.59,1940,47.41,999,24.41,2679,65.47,408,9.97,774.42,5.28,100,0.68,,53.59,4.48,,Muy bajo,,,Bajo,0.89,-0.71,-98.26,19.24,0,0,0,0,0,0
TLAXCALA,29,SAN JOSE TEACALCO,29052,6436,3279,50.95,3157,49.05,1792,27.84,4095,63.63,549,8.53,3578.53,1.8,4.01,1.04,,81.04,11.79,,Muy bajo,,,Bajo,0.89,-0.45,-98.06,19.34,0,0,0,0,0,0
TLAXCALA,29,SAN JUAN HUACTZINCO,29053,7688,4011,52.17,3677,47.83,2005,26.08,5038,65.53,598,7.78,453.43,16.96,0.12,3.56,,64.92,10.08,,Muy bajo,,,Muy bajo,0.91,-0.89,-98.25,19.24,0,0,0,0,0,0
TLAXCALA,29,SAN LORENZO AXOCOMANITLA,29054,5689,2922,51.36,2767,48.64,1392,24.47,3790,66.62,507,8.91,447.25,12.72,0.09,0.91,,53.63,3.89,,Muy bajo,,,Muy bajo,0.92,-0.98,-98.25,19.23,0,0,0,0,0,0
TLAXCALA,29,SAN LUCAS TECOPILCO,29055,3077,1536,49.92,1541,50.08,756,24.57,1996,64.87,313,10.17,2863.01,1.07,100,0.91,,75.22,6.2,,Bajo,,,Muy bajo,0.88,-0.79,-98.26,19.48,0,0,0,0,0,0
TLAXCALA,29,SANTA ANA NOPALUCAN,29056,7952,4052,50.96,3900,49.04,2040,25.65,5305,66.71,592,7.44,914.85,8.69,0.01,1.24,,69.97,7.04,,Muy bajo,,,Muy bajo,0.91,-0.83,-98.33,19.3,0,0,0,0,0,0
TLAXCALA,29,SANTA APOLONIA TEACALCO,29057,4636,2392,51.6,2244,48.4,1152,24.85,3022,65.19,437,9.43,792.35,5.85,100,0.54,,62.85,9.31,,Muy bajo,,,Muy bajo,0.89,-0.92,-98.31,19.24,0,0,0,0,0,0
TLAXCALA,29,SANTA CATARINA AYOMETLA,29058,9463,4896,51.74,4567,48.26,2371,25.06,6289,66.46,803,8.49,1003.67,9.43,0.05,3.9,,61.36,6.13,,Muy bajo,,,Muy bajo,0.91,-0.79,-98.21,19.2,0,0,0,0,0,0
TLAXCALA,29,SANTA CRUZ QUILEHTLA,29059,7750,3921,50.59,3829,49.41,2251,29.05,5016,64.72,474,6.12,540.81,14.33,28.3,7.85,,72.69,6.25,,Muy bajo,,,Muy bajo,0.9,-0.75,-98.22,19.21,0,0,0,0,0,0
TLAXCALA,29,SANTA ISABEL XILOXOXTLA,29060,5443,2786,51.19,2657,48.81,1430,26.27,3660,67.24,341,6.26,601.21,9.05,0,2.98,,60.81,5.2,,Muy bajo,,,Muy bajo,0.92,-0.78,-98.21,19.27,0,0,0,0,0,0
VERACRUZ,30,ACAJETE,30001,9701,4781,49.28,4920,50.72,2675,27.57,6309,65.03,717,7.39,9689.55,1,100,0.33,,72.77,20.67,,Medio,,,Medio,0.83,0.26,-97.01,19.59,0,0,0,0,0,0
VERACRUZ,30,ACATLAN,30002,3441,1775,51.58,1666,48.42,964,28.02,2192,63.7,285,8.28,1815.14,1.9,100,1.34,,77.54,12.8,,Medio,,,Bajo,0.85,-0.13,-96.84,19.7,0,0,0,0,0,0
VERACRUZ,30,ACAYUCAN,30003,80815,42298,52.34,38517,47.66,19818,24.52,53279,65.93,7706,9.54,65446.79,1.23,39.9,8.14,,63.06,14.31,,Bajo,,,Bajo,0.86,-0.41,-94.91,17.95,0,0,0,0,0,0
VERACRUZ,30,ACTOPAN,30004,41742,21132,50.63,20610,49.37,8388,20.09,27624,66.18,5727,13.72,85240.57,0.49,100,0.33,,50.95,9.32,,Bajo,,,Bajo,0.86,-0.5,-96.62,19.5,0,0,0,0,0,0
VERACRUZ,30,ACULA,30005,5253,2583,49.17,2670,50.83,1208,23,3337,63.53,708,13.48,18256.94,0.29,100,0.38,,57.47,7.63,,Alto,,,Medio,0.81,0.13,-95.77,18.51,0,0,0,0,0,0
VERACRUZ,30,ACULTZINGO,30006,23100,11922,51.61,11178,48.39,6932,30.01,14559,63.03,1609,6.97,16823.61,1.37,66.35,27.08,,81.22,30.54,,Alto,,,Medio,0.8,0.76,-97.3,18.72,0,0,0,0,0,0
VERACRUZ,30,CAMARON DE TEJEDA,30007,6538,3343,51.13,3195,48.87,1573,24.06,4203,64.29,762,11.65,12347.88,0.53,100,0.02,,56.4,11.07,,Medio,,,Bajo,0.83,0.12,-96.61,19.02,0,0,0,0,0,0
VERACRUZ,30,ALPATLAHUAC,30008,10338,5304,51.31,5034,48.69,3403,32.92,6086,58.87,849,8.21,7052.68,1.47,100,1.04,,82.56,29.83,,Alto,,,Medio,0.81,0.95,-97.09,19.12,0,0,0,0,0,0
VERACRUZ,30,ALTO LUCERO DE GUTIERREZ BARRIOS,30009,28184,14178,50.31,14006,49.69,6083,21.58,18198,64.57,3898,13.83,64143.88,0.44,81.41,0.44,,63.15,4.77,,Bajo,,,Bajo,0.86,-0.35,-96.73,19.62,0,0,0,0,0,0
VERACRUZ,30,ALTOTONGA,30010,64234,33707,52.48,30527,47.52,20297,31.6,39314,61.2,4623,7.2,32629.98,1.97,66.31,3.01,,87.24,28.14,,Medio,,,Medio,0.83,0.41,-97.25,19.77,0,0,0,0,0,0
VERACRUZ,30,ALVARADO,30011,57035,29097,51.02,27938,48.98,11487,20.14,38904,68.21,6637,11.64,69097.84,0.83,52.52,0.67,,30.02,3.55,,Muy bajo,,,Muy bajo,0.9,-0.79,-95.76,18.77,0,0,0,0,0,0
VERACRUZ,30,AMATITLAN,30012,7866,4018,51.08,3848,48.92,1611,20.48,5110,64.96,1145,14.56,12966.03,0.61,100,0.23,,43.16,4.67,,Medio,,,Bajo,0.83,-0.07,-95.73,18.43,0,0,0,0,0,0
VERACRUZ,30,NARANJOS AMATLAN,30013,26843,14174,52.8,12669,47.2,5999,22.35,17264,64.31,3580,13.34,13467.76,1.99,28.2,5.68,,48.73,8.68,,Muy bajo,,,Muy bajo,0.89,-0.76,-97.69,21.35,0,0,0,0,0,0
VERACRUZ,30,AMATLAN DE LOS REYES,30014,46955,24181,51.5,22774,48.5,11106,23.65,31585,67.27,4259,9.07,15078.34,3.11,65.29,2.86,,55.47,11.12,,Bajo,,,Bajo,0.87,-0.46,-96.92,18.85,0,0,0,0,0,0
VERACRUZ,30,ANGEL R. CABADA,30015,33839,17325,51.2,16514,48.8,7295,21.56,21976,64.94,4565,13.49,42899.98,0.79,60.92,0.88,,59.73,12.77,,Medio,,,Bajo,0.84,-0.09,-95.44,18.6,0,0,0,0,0,0
VERACRUZ,30,LA ANTIGUA,30016,28682,14945,52.11,13737,47.89,6293,21.94,19451,67.82,2937,10.24,12872.33,2.23,29.69,0.85,,43.91,5.6,,Muy bajo,,,Muy bajo,0.91,-0.96,-96.37,19.37,0,0,0,0,0,0
VERACRUZ,30,APAZAPAN,30017,4709,2346,49.82,2363,50.18,1046,22.21,3007,63.86,656,13.93,6730.83,0.7,100,0.19,,45.06,6.55,,Bajo,,,Bajo,0.87,-0.65,-96.72,19.32,0,0,0,0,0,0
VERACRUZ,30,AQUILA,30018,1978,1049,53.03,929,46.97,703,35.54,1124,56.83,151,7.63,2060.24,0.96,100,4.1,,91.12,40.37,,Alto,,,Alto,0.78,1,-97.31,18.8,0,0,0,0,0,0
VERACRUZ,30,ASTACINGA,30019,6909,3708,53.67,3201,46.33,2526,36.56,3962,57.35,421,6.09,2973.31,2.32,100,98.8,,93.66,45.2,,Alto,,,Muy alto,0.77,2.23,-97.1,18.57,0,0,0,0,0,0
VERACRUZ,30,ATLAHUILCO,30020,11577,5983,51.68,5594,48.32,3678,31.77,7186,62.07,713,6.16,6194.94,1.87,100,97.91,,94.6,53.73,,Muy alto,,,Muy alto,0.76,2.4,-97.09,18.7,0,0,0,0,0,0
VERACRUZ,30,ATOYAC,30021,23461,12110,51.62,11351,48.38,5642,24.05,15182,64.71,2637,11.24,12228.71,1.92,39.05,0.92,,58.87,9.4,,Bajo,,,Bajo,0.86,-0.26,-96.78,18.91,0,0,0,0,0,0
VERACRUZ,30,ATZACAN,30022,22651,11526,50.89,11125,49.11,6492,28.66,14524,64.12,1635,7.22,6506.93,3.48,32.14,1.28,,81.9,30.15,,Medio,,,Medio,0.83,0.51,-97.08,18.91,0,0,0,0,0,0
VERACRUZ,30,ATZALAN,30023,49180,24801,50.43,24379,49.57,13831,28.12,30356,61.72,4992,10.15,51830.6,0.95,100,0.74,,73.03,18.1,,Alto,,,Medio,0.81,0.38,-97.24,19.79,0,0,0,0,0,0
VERACRUZ,30,TLALTETELA,30024,16485,8167,49.54,8318,50.46,4654,28.23,10580,64.18,1251,7.59,27628.25,0.6,65.51,0.87,,80.22,20.37,,Medio,,,Medio,0.83,0.38,-96.9,19.31,0,0,0,0,0,0
VERACRUZ,30,AYAHUALULCO,30025,27217,13979,51.36,13238,48.64,9904,36.39,15315,56.27,1998,7.34,17202.45,1.58,100,0.7,,95.91,24.15,,Alto,,,Alto,0.78,1.16,-97.15,19.35,0,0,0,0,0,0
VERACRUZ,30,BANDERILLA,30026,25993,13772,52.98,12221,47.02,6139,23.62,17970,69.13,1878,7.23,1967.51,13.21,12.44,0.98,,46.14,5.86,,Muy bajo,,,Muy bajo,0.91,-0.94,-96.94,19.59,0,0,0,0,0,0
VERACRUZ,30,BENITO JUAREZ,30027,16120,8332,51.69,7788,48.31,4257,26.41,9681,60.06,2182,13.54,23060.36,0.7,100,94.66,,81.83,30.85,,Alto,,,Alto,0.77,1.59,-98.21,20.89,0,0,0,0,0,0
VERACRUZ,30,BOCA DEL RIO,30028,144550,76565,52.97,67985,47.03,25379,17.56,99846,69.07,19091,13.21,3695.8,39.11,1.76,1.34,,35.07,4,,Muy bajo,,,Muy bajo,0.94,-1.25,-96.11,19.11,0,0,0,0,0,0
VERACRUZ,30,CALCAHUALCO,30029,13701,6939,50.65,6762,49.35,4887,35.67,7934,57.91,880,6.42,13340.34,1.03,100,3.17,,92.71,45.11,,Alto,,,Alto,0.79,1.41,-97.09,19.12,0,0,0,0,0,0
VERACRUZ,30,CAMERINO Z. MENDOZA,30030,41835,22148,52.94,19687,47.06,9684,23.15,27407,65.51,4734,11.32,2081.64,20.1,16.7,24.25,,63.18,21.85,,Bajo,,,Bajo,0.88,-0.33,-97.18,18.8,0,0,0,0,0,0
VERACRUZ,30,CARRILLO PUERTO,30031,18888,9551,50.57,9337,49.43,5253,27.81,12091,64.01,1544,8.17,24860.85,0.76,100,0.46,,75.24,23.11,,Alto,,,Medio,0.79,0.54,-96.57,18.8,0,0,0,0,0,0
VERACRUZ,30,CATEMACO,30032,49451,25852,52.28,23599,47.72,13002,26.29,31649,64,4790,9.69,64558.19,0.77,42.05,1.28,,81.53,27.84,,Medio,,,Bajo,0.85,-0.03,-95.11,18.42,0,0,0,0,0,0
VERACRUZ,30,CAZONES DE HERRERA,30033,24421,12575,51.49,11846,48.51,6618,27.1,15135,61.98,2666,10.92,26606.1,0.92,100,24.68,,76.87,25.1,,Alto,,,Medio,0.81,0.26,-97.31,20.7,0,0,0,0,0,0
VERACRUZ,30,CERRO AZUL,30034,25011,13413,53.63,11598,46.37,5469,21.87,15922,63.66,3607,14.42,9017.6,2.77,14.77,3.5,,57.26,12.38,,Muy bajo,,,Muy bajo,0.9,-0.88,-97.74,21.19,0,0,0,0,0,0
VERACRUZ,30,CITLALTEPETL,30035,11165,5687,50.94,5478,49.06,3028,27.12,6481,58.05,1650,14.78,8048.61,1.39,54.59,28.76,,83.68,31.57,,Medio,,,Medio,0.83,0.24,-97.88,21.33,0,0,0,0,0,0
VERACRUZ,30,COACOATZINTLA,30036,11018,5689,51.63,5329,48.37,3291,29.87,7008,63.61,719,6.53,4366.2,2.52,27.6,0.6,,84.35,20.01,,Bajo,,,Bajo,0.86,-0.09,-96.95,19.65,0,0,0,0,0,0
VERACRUZ,30,COAHUITLAN,30037,8176,4186,51.2,3990,48.8,2512,30.72,4969,60.78,695,8.5,4144.26,1.97,100,65.03,,93.75,45.21,,Alto,,,Alto,0.77,1.01,-97.71,20.28,0,0,0,0,0,0
VERACRUZ,30,COATEPEC,30038,93911,48815,51.98,45096,48.02,20404,21.73,64138,68.3,9312,9.92,20113.03,4.67,31.83,0.65,,52.98,7.65,,Muy bajo,,,Muy bajo,0.9,-0.8,-96.96,19.45,0,0,0,0,0,0
VERACRUZ,30,COATZACOALCOS,30039,310698,161559,52,149139,48,68080,21.91,214577,69.06,27371,8.81,29307.63,10.6,2.85,4.85,,43.49,6.12,,Muy bajo,,,Muy bajo,0.92,-1.08,-94.45,18.14,0,0,0,0,0,0
VERACRUZ,30,COATZINTLA,30040,55016,28724,52.21,26292,47.79,13116,23.84,36854,66.99,5016,9.12,27545.18,2,38.13,13.07,,46.5,10.31,,Muy bajo,,,Muy bajo,0.89,-0.74,-97.46,20.48,0,0,0,0,0,0
VERACRUZ,30,COETZALA,30041,2355,1199,50.91,1156,49.09,596,25.31,1545,65.61,214,9.09,940.18,2.5,100,44.5,,72.01,28.45,,Muy alto,,,Alto,0.75,1.29,-96.92,18.79,0,0,0,0,0,0
VERACRUZ,30,COLIPA,30042,5743,2899,50.48,2844,49.52,1473,25.65,3479,60.58,791,13.77,12950.21,0.44,100,0.3,,67.68,20.82,,Alto,,,Medio,0.81,0.35,-96.73,19.92,0,0,0,0,0,0
VERACRUZ,30,COMAPA,30043,19876,9901,49.81,9975,50.19,5397,27.15,12722,64.01,1757,8.84,30933.26,0.64,73.95,0.25,,88.35,27.97,,Alto,,,Medio,0.79,0.82,-96.89,19.16,0,0,0,0,0,0
VERACRUZ,30,CORDOBA,30044,204721,108761,53.13,95960,46.87,47093,23,137810,67.32,19779,9.66,15912.86,12.87,22.6,3.71,,47.36,6.37,,Muy bajo,,,Muy bajo,0.9,-0.87,-96.94,18.89,0,0,0,0,0,0
VERACRUZ,30,COSAMALOAPAN DE CARPIO,30045,54737,28858,52.72,25879,47.28,11792,21.54,36115,65.98,6828,12.47,50965.22,1.07,46.87,6.54,,47.53,8.31,,Bajo,,,Bajo,0.87,-0.53,-95.8,18.36,0,0,0,0,0,0
VERACRUZ,30,COSAUTLAN DE CARVAJAL,30046,16167,8187,50.64,7980,49.36,4211,26.05,10378,64.19,1578,9.76,7616.86,2.12,100,0.18,,80.81,15,,Medio,,,Medio,0.83,0.38,-96.99,19.33,0,0,0,0,0,0
VERACRUZ,30,COSCOMATEPEC,30047,59471,30756,51.72,28715,48.28,19573,32.91,36282,61.01,3579,6.02,15733.65,3.78,48.66,0.61,,89.08,37.16,,Alto,,,Medio,0.82,0.79,-97.05,19.07,0,0,0,0,0,0
VERACRUZ,30,COSOLEACAQUE,30048,130903,68746,52.52,62157,47.48,30698,23.45,89816,68.61,10255,7.83,26895.74,4.87,30.95,9.51,,53.22,9.4,,Muy bajo,,,Muy bajo,0.89,-0.78,-94.64,18,0,0,0,0,0,0
VERACRUZ,30,COTAXTLA,30049,22050,11182,50.71,10868,49.29,5200,23.58,14655,66.46,2195,9.95,53499.23,0.41,100,0.73,,52.36,13.03,,Medio,,,Bajo,0.84,-0.22,-96.4,18.84,0,0,0,0,0,0
VERACRUZ,30,COXQUIHUI,30050,16333,8431,51.62,7902,48.38,4719,28.89,9761,59.76,1852,11.34,7965.7,2.05,100,86.33,,86.93,41.96,,Muy alto,,,Alto,0.74,1.27,-97.59,20.18,0,0,0,0,0,0
VERACRUZ,30,COYUTLA,30051,23096,11955,51.76,11141,48.24,6646,28.78,14143,61.24,2307,9.99,23221.38,0.99,60.54,78.57,,83.94,30.02,,Alto,,,Medio,0.8,0.56,-97.66,20.25,0,0,0,0,0,0
VERACRUZ,30,CUICHAPA,30052,11869,6224,52.44,5645,47.56,3125,26.33,7590,63.95,1149,9.68,3457.15,3.43,100,4.54,,64.28,19.26,,Medio,,,Bajo,0.85,-0.28,-96.87,18.77,0,0,0,0,0,0
VERACRUZ,30,CUITLAHUAC,30053,28075,14565,51.88,13510,48.12,7404,26.37,18020,64.19,2636,9.39,14970.46,1.88,49.05,1.65,,54.64,9,,Bajo,,,Bajo,0.88,-0.56,-96.72,18.81,0,0,0,0,0,0
VERACRUZ,30,CHACALTIANGUIS,30054,11461,5887,51.37,5574,48.63,2429,21.19,7300,63.69,1732,15.11,28641.85,0.4,100,0.44,,57.23,9.29,,Medio,,,Bajo,0.84,-0.25,-95.84,18.31,0,0,0,0,0,0
VERACRUZ,30,CHALMA,30055,13527,7006,51.79,6521,48.21,3492,25.82,8017,59.27,2018,14.92,15059.62,0.9,100,53.37,,67.77,18.96,,Alto,,,Medio,0.79,0.7,-98.4,21.21,0,0,0,0,0,0
VERACRUZ,30,CHICONAMEL,30056,6610,3467,52.45,3143,47.55,1920,29.05,3774,57.1,916,13.86,9177.71,0.72,100,79.24,,73.54,27.04,,Alto,,,Medio,0.79,0.81,-98.46,21.23,0,0,0,0,0,0
VERACRUZ,30,CHICONQUIACO,30057,13881,6951,50.08,6930,49.92,4254,30.65,8537,61.5,1090,7.85,13284.76,1.04,100,0.56,,94.08,27.83,,Alto,,,Medio,0.8,0.75,-96.82,19.74,0,0,0,0,0,0
VERACRUZ,30,CHICONTEPEC,30058,53858,27644,51.33,26214,48.67,12484,23.18,32536,60.41,8838,16.41,92808.91,0.58,100,84.2,,73.19,25.23,,Alto,,,Medio,0.82,0.73,-98.18,20.97,0,0,0,0,0,0
VERACRUZ,30,CHINAMECA,30059,22638,11708,51.72,10930,48.28,5604,24.75,15019,66.34,2015,8.9,17414.07,1.3,38.27,6.11,,63.03,16.18,,Medio,,,Bajo,0.85,-0.14,-94.68,18.02,0,0,0,0,0,0
VERACRUZ,30,CHINAMPA DE GOROSTIZA,30060,16283,8356,51.32,7927,48.68,4272,26.24,10190,62.58,1787,10.97,13888.27,1.17,63.23,11.78,,73.39,20.61,,Alto,,,Medio,0.82,0.31,-97.74,21.36,0,0,0,0,0,0
VERACRUZ,30,LAS CHOAPAS,30061,81080,41731,51.47,39349,48.53,24875,30.68,49423,60.96,6765,8.34,350077.12,0.23,42.14,8.13,,74,25.32,,Alto,,,Bajo,0.82,0.11,-94.09,17.91,0,0,0,0,0,0
VERACRUZ,30,CHOCAMAN,30062,20839,10561,50.68,10278,49.32,5879,28.21,13443,64.51,1517,7.28,4410.84,4.72,43.05,1.17,,78.3,29.75,,Medio,,,Medio,0.84,0.46,-97.03,19.01,0,0,0,0,0,0
VERACRUZ,30,CHONTLA,30063,13359,6833,51.15,6526,48.85,3198,23.94,7956,59.56,2205,16.51,38678.81,0.35,100,40.97,,68.43,18.86,,Alto,,,Medio,0.82,0.66,-97.92,21.29,0,0,0,0,0,0
VERACRUZ,30,CHUMATLAN,30064,4008,2114,52.74,1894,47.26,1126,28.09,2460,61.38,422,10.53,2281.78,1.76,100,98.88,,88.24,45.38,,Muy alto,,,Alto,0.72,1.38,-97.59,20.21,0,0,0,0,0,0
VERACRUZ,30,EMILIANO ZAPATA,30065,85489,44327,51.85,41162,48.15,19398,22.69,59144,69.18,6924,8.1,41335.42,2.07,67.99,1.13,,39.48,6.48,,Muy bajo,,,Muy bajo,0.91,-0.97,-96.8,19.48,0,0,0,0,0,0
VERACRUZ,30,ESPINAL,30066,26830,13809,51.47,13021,48.53,7249,27.02,16726,62.34,2845,10.6,23904.99,1.12,100,53.76,,77.72,25.35,,Alto,,,Medio,0.8,0.4,-97.4,20.26,0,0,0,0,0,0
VERACRUZ,30,FILOMENO MATA,30067,19179,9885,51.54,9294,48.46,7283,37.97,10863,56.64,1033,5.39,4296.6,4.46,19.62,99.41,,94.85,48.96,,Alto,,,Alto,0.76,1.5,-97.7,20.2,0,0,0,0,0,0
VERACRUZ,30,FORTIN,30068,66372,35130,52.93,31242,47.07,15107,22.76,44902,67.65,6353,9.57,6091.36,10.9,38.46,2.26,,50.88,10.39,,Muy bajo,,,Muy bajo,0.9,-0.88,-97,18.9,0,0,0,0,0,0
VERACRUZ,30,GUTIERREZ ZAMORA,30069,24085,12897,53.55,11188,46.45,5282,21.93,15308,63.56,3494,14.51,17204.36,1.4,42.01,5.9,,57.79,10.15,,Bajo,,,Bajo,0.86,-0.39,-97.09,20.45,0,0,0,0,0,0
VERACRUZ,30,HIDALGOTITLAN,30070,18275,9127,49.94,9148,50.06,5183,28.36,11312,61.9,1774,9.71,105480.78,0.17,100,5.36,,75.32,23.35,,Alto,,,Medio,0.78,0.27,-94.65,17.77,0,0,0,0,0,0
VERACRUZ,30,HUATUSCO,30071,59920,31310,52.25,28610,47.75,16003,26.71,39312,65.61,4601,7.68,20187.77,2.97,44.26,0.82,,68.31,15.78,,Bajo,,,Bajo,0.86,-0.18,-96.97,19.15,0,0,0,0,0,0
VERACRUZ,30,HUAYACOCOTLA,30072,21796,11329,51.98,10467,48.02,6398,29.35,13366,61.32,2032,9.32,51802.08,0.42,71.95,7.86,,78.28,21.35,,Alto,,,Medio,0.82,0.57,-98.48,20.54,0,0,0,0,0,0
VERACRUZ,30,HUEYAPAN DE OCAMPO,30073,41670,21469,51.52,20201,48.48,10882,26.11,26225,62.93,4562,10.95,70827.17,0.59,85.07,31.16,,77.06,26.26,,Alto,,,Medio,0.82,0.32,-95.14,18.15,0,0,0,0,0,0
VERACRUZ,30,HUILOAPAN DE CUAUHTEMOC,30074,7293,3836,52.6,3457,47.4,1762,24.16,4883,66.95,648,8.89,1864.26,3.91,100,6.92,,55.04,9.52,,Bajo,,,Bajo,0.87,-0.67,-97.16,18.82,0,0,0,0,0,0
VERACRUZ,30,IGNACIO DE LA LLAVE,30075,16525,8566,51.84,7959,48.16,3825,23.15,10207,61.77,2493,15.09,37565.43,0.44,100,0.86,,70.48,17.06,,Alto,,,Bajo,0.81,0.1,-95.99,18.72,0,0,0,0,0,0
VERACRUZ,30,ILAMATLAN,30076,13377,7027,52.53,6350,47.47,4124,30.83,7741,57.87,1512,11.3,15399.99,0.87,100,94.31,,91.74,42.86,,Muy alto,,,Muy alto,0.71,2.37,-98.44,20.78,0,0,0,0,0,0
VERACRUZ,30,ISLA,30077,42807,22092,51.61,20715,48.39,10820,25.28,27958,65.31,4027,9.41,92502.81,0.46,40.18,4.91,,65.51,13.85,,Bajo,,,Bajo,0.86,-0.29,-95.53,18.03,0,0,0,0,0,0
VERACRUZ,30,IXCATEPEC,30078,12379,6299,50.88,6080,49.12,2874,23.22,7563,61.1,1942,15.69,17521.14,0.71,100,74.11,,79.08,27.96,,Alto,,,Alto,0.8,1.01,-98.01,21.24,0,0,0,0,0,0
VERACRUZ,30,IXHUACAN DE LOS REYES,30079,11387,5770,50.67,5617,49.33,3253,28.57,7183,63.08,941,8.26,14897.93,0.76,100,1.11,,89.28,18.66,,Alto,,,Medio,0.82,0.68,-97.12,19.36,0,0,0,0,0,0
VERACRUZ,30,IXHUATLAN DEL CAFE,30080,23132,11672,50.46,11460,49.54,6640,28.7,14699,63.54,1793,7.75,12876.66,1.8,69.97,1.09,,85.7,23.85,,Medio,,,Medio,0.83,0.34,-96.98,19.05,0,0,0,0,0,0
VERACRUZ,30,IXHUATLANCILLO,30081,27295,14386,52.71,12909,47.29,6943,25.44,18571,68.04,1781,6.53,5214.46,5.23,43.61,30.83,,64.24,19.98,,Bajo,,,Bajo,0.86,-0.18,-97.15,18.9,0,0,0,0,0,0
VERACRUZ,30,IXHUATLAN DEL SURESTE,30082,15831,8063,50.93,7768,49.07,3991,25.21,10563,66.72,1272,8.03,15452.37,1.02,34.1,4.19,,58,12.14,,Bajo,,,Bajo,0.86,-0.36,-94.39,18.02,0,0,0,0,0,0
VERACRUZ,30,IXHUATLAN DE MADERO,30083,50836,26113,51.37,24723,48.63,12935,25.44,30973,60.93,6927,13.63,66347.57,0.77,100,85.47,,86.48,40.63,,Alto,,,Alto,0.78,1.33,-98.01,20.69,0,0,0,0,0,0
VERACRUZ,30,IXMATLAHUACAN,30084,5574,2862,51.35,2712,48.65,1191,21.37,3625,65.03,758,13.6,33030.76,0.17,100,0.57,,48.43,6.25,,Medio,,,Bajo,0.83,-0.03,-95.83,18.45,0,0,0,0,0,0
VERACRUZ,30,IXTACZOQUITLAN,30085,74004,38641,52.21,35363,47.79,18126,24.49,50009,67.58,5869,7.93,13677.33,5.41,48.2,12.79,,52.79,14.24,,Muy bajo,,,Bajo,0.89,-0.59,-97.06,18.85,0,0,0,0,0,0
VERACRUZ,30,JALACINGO,30086,46794,24150,51.61,22644,48.39,15294,32.68,28644,61.21,2843,6.08,20671.44,2.26,66.22,0.68,,81.46,20.96,,Medio,,,Medio,0.83,0.43,-97.31,19.81,0,0,0,0,0,0
VERACRUZ,30,XALAPA,30087,488531,261710,53.57,226821,46.43,100456,20.56,339509,69.5,48285,9.88,12387.45,39.44,3.74,1.34,,38.28,4.51,,Muy bajo,,,Muy bajo,0.93,-1.13,-96.92,19.53,0,0,0,0,0,0
VERACRUZ,30,JALCOMULCO,30088,5054,2517,49.8,2537,50.2,999,19.77,3383,66.94,672,13.3,7231.13,0.7,100,1.09,,71.98,7.7,,Medio,,,Bajo,0.85,-0.04,-96.76,19.33,0,0,0,0,0,0
VERACRUZ,30,JALTIPAN,30089,38669,20477,52.95,18192,47.05,8689,22.47,25539,66.05,4438,11.48,31042.18,1.25,17.62,3.72,,64.65,16.83,,Bajo,,,Bajo,0.87,-0.47,-94.72,17.97,0,0,0,0,0,0
VERACRUZ,30,JAMAPA,30090,11132,5712,51.31,5420,48.69,2592,23.28,7305,65.62,1235,11.09,13150.38,0.85,100,0.35,,55.15,10.85,,Medio,,,Bajo,0.85,-0.52,-96.24,19.04,0,0,0,0,0,0
VERACRUZ,30,JESUS CARRANZA,30091,28524,14445,50.64,14079,49.36,8029,28.15,17614,61.75,2863,10.04,140596.52,0.2,100,10.41,,73.97,24.08,,Alto,,,Bajo,0.81,0.01,-95.03,17.43,0,0,0,0,0,0
VERACRUZ,30,XICO,30092,39623,20370,51.41,19253,48.59,10212,25.77,26057,65.76,3320,8.38,17798.36,2.23,26,0.82,,76.76,17.34,,Bajo,,,Bajo,0.87,-0.1,-97.01,19.42,0,0,0,0,0,0
VERACRUZ,30,JILOTEPEC,30093,16585,8570,51.67,8015,48.33,3911,23.58,11129,67.1,1545,9.32,5592.86,2.97,100,0.65,,62.97,11.4,,Bajo,,,Bajo,0.86,-0.44,-96.95,19.61,0,0,0,0,0,0
VERACRUZ,30,JUAN RODRIGUEZ CLARA,30094,38367,19677,51.29,18690,48.71,9850,25.67,24324,63.4,4184,10.91,99046.92,0.39,59.57,5.43,,67.03,15.14,,Medio,,,Bajo,0.85,-0.24,-95.4,17.99,0,0,0,0,0,0
VERACRUZ,30,JUCHIQUE DE FERRER,30095,15059,7581,50.34,7478,49.66,3739,24.83,9196,61.07,2124,14.1,18655.03,0.81,100,0.24,,72.53,16.11,,Alto,,,Medio,0.82,0.27,-96.69,19.84,0,0,0,0,0,0
VERACRUZ,30,LANDERO Y COSS,30096,1543,787,51,756,49,355,23.01,941,60.99,247,16.01,1749.31,0.88,100,3.5,,76.81,8.19,,Medio,,,Bajo,0.85,-0.05,-96.85,19.74,0,0,0,0,0,0
VERACRUZ,30,LERDO DE TEJADA,30097,19123,10139,53.02,8984,46.98,3674,19.21,12561,65.69,2888,15.1,8366.67,2.29,7.3,0.37,,51.58,5.96,,Muy bajo,,,Muy bajo,0.9,-0.75,-95.52,18.63,0,0,0,0,0,0
VERACRUZ,30,MAGDALENA,30098,3299,1708,51.77,1591,48.23,1063,32.22,2024,61.35,212,6.43,1371.03,2.41,100,97.48,,88.72,33.8,,Alto,,,Medio,0.82,0.93,-97.05,18.76,0,0,0,0,0,0
VERACRUZ,30,MALTRATA,30099,18327,9549,52.1,8778,47.9,5489,29.95,11474,62.61,1364,7.44,11011.77,1.66,27.94,0.52,,84.29,23.92,,Medio,,,Medio,0.83,0.21,-97.28,18.81,0,0,0,0,0,0
VERACRUZ,30,MANLIO FABIO ALTAMIRANO,30100,23918,12181,50.93,11737,49.07,5265,22.01,15810,66.1,2843,11.89,24591.09,0.97,74.6,0.33,,56.12,12.18,,Bajo,,,Bajo,0.87,-0.51,-96.33,19.09,0,0,0,0,0,0
VERACRUZ,30,MARIANO ESCOBEDO,30101,38670,20150,52.11,18520,47.89,11258,29.11,24942,64.5,2470,6.39,6920.62,5.59,59.74,1.49,,78.6,33.36,,Bajo,,,Bajo,0.86,-0.01,-97.13,18.91,0,0,0,0,0,0
VERACRUZ,30,MARTINEZ DE LA TORRE,30102,108842,56666,52.06,52176,47.94,27067,24.87,72280,66.41,9482,8.71,39570.62,2.75,25.69,2.13,,55.5,10.6,,Bajo,,,Bajo,0.88,-0.58,-97.05,20.07,0,0,0,0,0,0
VERACRUZ,30,MECATLAN,30103,12799,6503,50.81,6296,49.19,4246,33.17,7638,59.68,915,7.15,4329.33,2.96,55.86,99.05,,94.66,50.11,,Muy alto,,,Alto,0.75,1.62,-97.68,20.21,0,0,0,0,0,0
VERACRUZ,30,MECAYAPAN,30104,17134,8906,51.98,8228,48.02,4806,28.05,11044,64.46,1267,7.39,29566.68,0.58,66.32,84.52,,83.06,32.69,,Alto,,,Alto,0.79,1,-94.84,18.22,0,0,0,0,0,0
VERACRUZ,30,MEDELLIN DE BRAVO,30105,95202,49517,52.01,45685,47.99,21144,22.21,67687,71.1,6281,6.6,39536.25,2.41,36.2,1.03,,39.78,7.14,,Muy bajo,,,Muy bajo,0.91,-0.98,-96.16,19.06,0,0,0,0,0,0
VERACRUZ,30,MIAHUATLAN,30106,4841,2435,50.3,2406,49.7,1458,30.12,3025,62.49,358,7.4,2928.05,1.65,100,0.17,,89.75,20.61,,Medio,,,Bajo,0.84,0.02,-96.87,19.71,0,0,0,0,0,0
VERACRUZ,30,LAS MINAS,30107,2934,1481,50.48,1453,49.52,974,33.2,1749,59.61,211,7.19,5043.98,0.58,100,0.82,,88.11,28.09,,Alto,,,Medio,0.8,0.62,-97.15,19.69,0,0,0,0,0,0
VERACRUZ,30,MINATITLAN,30108,144776,75987,52.49,68789,47.51,32465,22.42,96089,66.37,16199,11.19,207583.84,0.7,30,6.83,,43.88,9.84,,Muy bajo,,,Bajo,0.89,-0.7,-94.55,17.99,0,0,0,0,0,0
VERACRUZ,30,MISANTLA,30109,65761,33731,51.29,32030,48.71,15786,24.01,42610,64.8,7365,11.2,51971.12,1.27,54.03,0.8,,60.76,10.25,,Bajo,,,Bajo,0.87,-0.44,-96.85,19.93,0,0,0,0,0,0
VERACRUZ,30,MIXTLA DE ALTAMIRANO,30110,12125,6143,50.66,5982,49.34,4129,34.05,7229,59.62,767,6.33,6627.14,1.83,100,99.23,,93.98,52.43,,Muy alto,,,Muy alto,0.64,3.77,-96.99,18.6,0,0,0,0,0,0
VERACRUZ,30,MOLOACAN,30111,16493,8540,51.78,7953,48.22,4313,26.15,10557,64.01,1623,9.84,24917.6,0.66,50.05,2.61,,59.62,11.38,,Bajo,,,Bajo,0.86,-0.34,-94.35,17.99,0,0,0,0,0,0
VERACRUZ,30,NAOLINCO,30112,22835,11709,51.28,11126,48.72,5455,23.89,15208,66.6,2172,9.51,10772.53,2.12,58.16,0.67,,67.85,13.6,,Bajo,,,Bajo,0.87,-0.46,-96.87,19.66,0,0,0,0,0,0
VERACRUZ,30,NARANJAL,30113,4614,2382,51.63,2232,48.37,1252,27.13,2918,63.24,422,9.15,1851.25,2.49,100,20.33,,72.1,25.92,,Alto,,,Medio,0.82,0.34,-96.96,18.81,0,0,0,0,0,0
VERACRUZ,30,NAUTLA,30114,10130,5080,50.15,5050,49.85,2169,21.41,6449,63.66,1512,14.93,35175.74,0.29,100,0.99,,48.24,7.43,,Medio,,,Bajo,0.85,-0.33,-96.77,20.21,0,0,0,0,0,0
VERACRUZ,30,NOGALES,30115,37314,19539,52.36,17775,47.64,9211,24.69,24287,65.09,3795,10.17,6417.59,5.81,43.02,9.11,,68.34,15.21,,Bajo,,,Bajo,0.87,-0.4,-97.16,18.82,0,0,0,0,0,0
VERACRUZ,30,OLUTA,30116,17027,8849,51.97,8178,48.03,4324,25.39,11167,65.58,1534,9.01,7790.68,2.19,17.81,1.89,,71.3,18.71,,Bajo,,,Bajo,0.86,-0.33,-94.9,17.93,0,0,0,0,0,0
VERACRUZ,30,OMEALCA,30117,23773,12353,51.96,11420,48.04,6145,25.85,15282,64.28,2346,9.87,21296.88,1.12,100,7.55,,68.58,17.47,,Medio,,,Bajo,0.83,0.1,-96.79,18.75,0,0,0,0,0,0
VERACRUZ,30,ORIZABA,30118,123182,66442,53.94,56740,46.06,24396,19.8,82354,66.86,16407,13.32,2756.48,44.69,2.18,3.61,,32.18,3.39,,Muy bajo,,,Muy bajo,0.93,-1.22,-97.1,18.85,0,0,0,0,0,0
VERACRUZ,30,OTATITLAN,30119,5651,2912,51.53,2739,48.47,1395,24.69,3538,62.61,717,12.69,4748.04,1.19,10.46,5.06,,66.26,9.93,,Bajo,,,Bajo,0.87,-0.4,-96.03,18.18,0,0,0,0,0,0
VERACRUZ,30,OTEAPAN,30120,10343,5430,52.5,4913,47.5,2614,25.27,6986,67.54,741,7.16,2229.18,4.64,0,14.51,,76.15,19.79,,Bajo,,,Bajo,0.86,-0.26,-94.67,18,0,0,0,0,0,0
VERACRUZ,30,OZULUAMA DE MASCARENAS,30121,22756,11144,48.97,11612,51.03,5273,23.17,14403,63.29,3080,13.53,196529.36,0.12,100,2.63,,44.65,6.86,,Alto,,,Medio,0.79,0.42,-97.85,21.66,0,0,0,0,0,0
VERACRUZ,30,PAJAPAN,30122,18051,9171,50.81,8880,49.19,4842,26.82,11761,65.15,1442,7.99,30386.51,0.59,43.74,82.3,,85.82,38.98,,Alto,,,Medio,0.81,0.76,-94.69,18.26,0,0,0,0,0,0
VERACRUZ,30,PANUCO,30123,96185,48966,50.91,47219,49.09,24290,25.25,61984,64.44,9889,10.28,313415.67,0.31,45.6,3.09,,48.87,7.62,,Bajo,,,Bajo,0.88,-0.55,-98.18,22.05,0,0,0,0,0,0
VERACRUZ,30,PAPANTLA,30124,159910,82732,51.74,77178,48.26,38438,24.04,103367,64.64,18097,11.32,144443.55,1.11,61.56,36.22,,69.67,21.61,,Alto,,,Medio,0.81,0.3,-97.32,20.45,0,0,0,0,0,0
VERACRUZ,30,PASO DEL MACHO,30125,31894,16277,51.03,15617,48.97,8170,25.62,20972,65.76,2752,8.63,39881.05,0.8,54.28,0.58,,57.17,11.32,,Medio,,,Bajo,0.84,-0.11,-96.72,18.97,0,0,0,0,0,0
VERACRUZ,30,PASO DE OVEJAS,30126,33442,16911,50.57,16531,49.43,7242,21.66,22144,66.22,4041,12.08,38597.82,0.87,79.4,0.54,,52.13,10.57,,Bajo,,,Bajo,0.87,-0.48,-96.44,19.29,0,0,0,0,0,0
VERACRUZ,30,LA PERLA,30127,28258,14541,51.46,13717,48.54,10943,38.73,16124,57.06,1191,4.21,13722.94,2.06,100,0.97,,95.25,55.56,,Alto,,,Muy alto,0.76,1.97,-97.13,18.93,0,0,0,0,0,0
VERACRUZ,30,PEROTE,30128,77432,39137,50.54,38295,49.46,22815,29.46,49840,64.37,4775,6.17,60537.74,1.28,38.54,0.63,,73.52,13.11,,Bajo,,,Bajo,0.88,-0.45,-97.24,19.56,0,0,0,0,0,0
VERACRUZ,30,PLATON SANCHEZ,30129,18053,9366,51.88,8687,48.12,4808,26.63,10662,59.06,2583,14.31,24250.35,0.74,37.78,40.25,,71.71,20.58,,Alto,,,Medio,0.82,0.49,-98.37,21.27,0,0,0,0,0,0
VERACRUZ,30,PLAYA VICENTE,30130,39327,20483,52.08,18844,47.92,10739,27.31,24073,61.21,4512,11.47,119162.5,0.33,77.19,41.31,,72.21,20.77,,Medio,,,Bajo,0.82,-0.01,-95.81,17.83,0,0,0,0,0,0
VERACRUZ,30,POZA RICA DE HIDALGO,30131,189457,101253,53.44,88204,46.56,39707,20.96,126666,66.86,22967,12.12,6358.93,29.79,4.96,4.82,,49.83,10.4,,Muy bajo,,,Muy bajo,0.91,-0.95,-97.44,20.53,0,0,0,0,0,0
VERACRUZ,30,LAS VIGAS DE RAMIREZ,30132,20300,10338,50.93,9962,49.07,6211,30.6,12828,63.19,1261,6.21,9912.93,2.05,51.11,0.35,,83.02,17.57,,Medio,,,Bajo,0.84,0.02,-97.1,19.64,0,0,0,0,0,0
VERACRUZ,30,PUEBLO VIEJO,30133,57909,29153,50.34,28756,49.66,14700,25.38,38296,66.13,4907,8.47,28029.53,2.07,18.49,4.4,,55.12,9.38,,Bajo,,,Bajo,0.88,-0.48,-97.84,22.18,0,0,0,0,0,0
VERACRUZ,30,PUENTE NACIONAL,30134,23544,12051,51.19,11493,48.81,5286,22.45,15650,66.47,2608,11.08,38197.67,0.62,70.64,0.55,,54.25,8.46,,Bajo,,,Bajo,0.87,-0.54,-96.48,19.33,0,0,0,0,0,0
VERACRUZ,30,RAFAEL DELGADO,30135,24127,12323,51.08,11804,48.92,6627,27.47,16117,66.8,1383,5.73,2633.25,9.16,15.2,67.28,,79.22,28.95,,Medio,,,Bajo,0.85,0.11,-97.07,18.81,0,0,0,0,0,0
VERACRUZ,30,RAFAEL LUCIO,30136,8343,4319,51.77,4024,48.23,2281,27.34,5528,66.26,534,6.4,1145.19,7.29,100,0.58,,64.44,6.39,,Bajo,,,Bajo,0.86,-0.45,-96.99,19.59,0,0,0,0,0,0
VERACRUZ,30,LOS REYES,30137,6308,3211,50.9,3097,49.1,1992,31.58,3936,62.4,380,6.02,3407.41,1.85,100,98.45,,93.9,41.57,,Muy alto,,,Muy alto,0.76,2.19,-97.04,18.67,0,0,0,0,0,0
VERACRUZ,30,RIO BLANCO,30138,41795,22483,53.79,19312,46.21,8879,21.24,27837,66.6,5075,12.14,1517.6,27.54,0.02,3.31,,43.7,4.68,,Muy bajo,,,Muy bajo,0.93,-1.13,-97.14,18.84,0,0,0,0,0,0
VERACRUZ,30,SALTABARRANCA,30139,6126,3174,51.81,2952,48.19,1317,21.5,3936,64.25,873,14.25,10810.91,0.57,100,0.2,,54.1,6.73,,Medio,,,Bajo,0.83,-0.15,-95.53,18.59,0,0,0,0,0,0
VERACRUZ,30,SAN ANDRES TENEJAPAN,30140,3134,1614,51.5,1520,48.5,910,29.04,2052,65.48,172,5.49,2181.52,1.44,100,98.05,,86.21,37.07,,Alto,,,Medio,0.79,0.9,-97.09,18.79,0,0,0,0,0,0
VERACRUZ,30,SAN ANDRES TUXTLA,30141,162428,85442,52.6,76986,47.4,41695,25.67,105160,64.74,15557,9.58,95380.22,1.7,56.98,0.93,,79.35,31.4,,Medio,,,Medio,0.84,0.19,-95.21,18.45,0,0,0,0,0,0
VERACRUZ,30,SAN JUAN EVANGELISTA,30142,32631,16633,50.97,15998,49.03,8322,25.5,20707,63.46,3585,10.99,126049.36,0.26,100,1.81,,69.05,14.5,,Medio,,,Bajo,0.83,0.02,-95.14,17.89,0,0,0,0,0,0
VERACRUZ,30,SANTIAGO TUXTLA,30143,57085,29981,52.52,27104,47.48,13558,23.75,36622,64.15,6901,12.09,61598,0.93,72.44,0.61,,75.55,25.7,,Medio,,,Medio,0.83,0.26,-95.3,18.47,0,0,0,0,0,0
VERACRUZ,30,SAYULA DE ALEMAN,30144,32400,16771,51.76,15629,48.24,8979,27.71,20387,62.92,3034,9.36,66194.53,0.49,53.35,34.57,,78.45,27.38,,Medio,,,Bajo,0.83,-0.1,-94.96,17.88,0,0,0,0,0,0
VERACRUZ,30,SOCONUSCO,30145,16574,8648,52.18,7926,47.82,4085,24.65,11227,67.74,1255,7.57,9610.56,1.72,61.89,3.37,,68.18,18.65,,Bajo,,,Bajo,0.86,-0.52,-94.88,17.96,0,0,0,0,0,0
VERACRUZ,30,SOCHIAPA,30146,3925,1969,50.17,1956,49.83,1157,29.48,2502,63.75,266,6.78,1625.14,2.42,100,1.04,,76.5,18.02,,Medio,,,Bajo,0.84,0,-96.94,19.19,0,0,0,0,0,0
VERACRUZ,30,SOLEDAD ATZOMPA,30147,24578,12577,51.17,12001,48.83,8303,33.78,14992,61,1283,5.22,11428.11,2.15,100,98.1,,96.19,62.5,,Muy alto,,,Muy alto,0.75,2.56,-97.15,18.76,0,0,0,0,0,0
VERACRUZ,30,SOLEDAD DE DOBLADO,30148,28130,14258,50.69,13872,49.31,6571,23.36,18382,65.35,3177,11.29,41405.79,0.68,51.24,0.34,,67.71,17.47,,Bajo,,,Bajo,0.87,-0.35,-96.42,19.04,0,0,0,0,0,0
VERACRUZ,30,SOTEAPAN,30149,34385,17854,51.92,16531,48.08,11138,32.39,21172,61.57,2062,6,47858.36,0.72,84.63,89.96,,90.77,47.81,,Muy alto,,,Alto,0.76,1.43,-94.87,18.23,0,0,0,0,0,0
VERACRUZ,30,TAMALIN,30150,11631,5810,49.95,5821,50.05,2735,23.51,7488,64.38,1396,12,25577.13,0.45,51.9,16.34,,72.23,17.36,,Medio,,,Medio,0.83,0.16,-97.81,21.34,0,0,0,0,0,0
VERACRUZ,30,TAMIAHUA,30151,21902,10910,49.81,10992,50.19,4365,19.93,13843,63.2,3693,16.86,79206.33,0.28,100,2.88,,62.74,14.64,,Alto,,,Medio,0.79,0.43,-97.45,21.28,0,0,0,0,0,0
VERACRUZ,30,TAMPICO ALTO,30152,11561,5634,48.73,5927,51.27,2521,21.81,7275,62.93,1765,15.27,83022.75,0.14,100,1.87,,54.18,11.25,,Alto,,,Bajo,0.81,0.1,-97.8,22.11,0,0,0,0,0,0
VERACRUZ,30,TANCOCO,30153,5795,3010,51.94,2785,48.06,1344,23.19,3563,61.48,888,15.32,15471.44,0.37,100,16.15,,64.08,15.29,,Medio,,,Bajo,0.84,-0.01,-97.79,21.29,0,0,0,0,0,0
VERACRUZ,30,TANTIMA,30154,11991,5916,49.34,6075,50.66,2620,21.85,7329,61.12,2042,17.03,33040.03,0.36,100,11.89,,73.88,23.58,,Alto,,,Medio,0.82,0.4,-97.83,21.33,0,0,0,0,0,0
VERACRUZ,30,TANTOYUCA,30155,99959,51826,51.85,48133,48.15,28878,28.89,60084,60.11,10996,11,128996.68,0.77,66.76,58.56,,78.66,33.71,,Muy alto,,,Alto,0.76,1.38,-98.23,21.35,0,0,0,0,0,0
VERACRUZ,30,TATATILA,30156,6041,2950,48.83,3091,51.17,1951,32.3,3662,60.62,428,7.08,9129.4,0.66,100,0.3,,87.96,29.97,,Alto,,,Medio,0.81,0.68,-97.11,19.69,0,0,0,0,0,0
VERACRUZ,30,CASTILLO DE TEAYO,30157,20145,10209,50.68,9936,49.32,4969,24.67,12609,62.59,2567,12.74,27032.35,0.75,100,19.7,,69.04,21.28,,Muy alto,,,Medio,0.76,0.56,-97.63,20.75,0,0,0,0,0,0
VERACRUZ,30,TECOLUTLA,30158,24551,12449,50.71,12102,49.29,5722,23.31,15796,64.34,3033,12.35,52149.25,0.47,77.87,8.37,,66.01,14.67,,Alto,,,Bajo,0.82,0.05,-97.01,20.48,0,0,0,0,0,0
VERACRUZ,30,TEHUIPANGO,30159,29686,15461,52.08,14225,47.92,10926,36.81,17505,58.97,1255,4.23,8762.87,3.39,100,99.39,,97.12,64.85,,Muy alto,,,Muy alto,0.65,3.69,-97.06,18.52,0,0,0,0,0,0
VERACRUZ,30,ALAMO TEMAPACHE,30160,107270,54522,50.83,52748,49.17,26853,25.03,68479,63.84,11884,11.08,126091.72,0.85,75.54,13.13,,63.44,13.8,,Medio,,,Bajo,0.84,-0.07,-97.68,20.92,0,0,0,0,0,0
VERACRUZ,30,TEMPOAL,30161,34408,17542,50.98,16866,49.02,8819,25.63,20791,60.42,4747,13.8,114121.61,0.3,63.69,14.15,,69.99,18.54,,Alto,,,Medio,0.81,0.58,-98.39,21.52,0,0,0,0,0,0
VERACRUZ,30,TENAMPA,30162,6448,3223,49.98,3225,50.02,1636,25.37,4224,65.51,588,9.12,6485.41,0.99,100,1.27,,81.51,23.7,,Alto,,,Medio,0.79,0.87,-96.88,19.25,0,0,0,0,0,0
VERACRUZ,30,TENOCHTITLAN,30163,5040,2558,50.75,2482,49.25,1474,29.25,3068,60.87,498,9.88,8622.11,0.58,100,0.69,,81.21,22.98,,Alto,,,Medio,0.81,0.36,-96.92,19.81,0,0,0,0,0,0
VERACRUZ,30,TEOCELO,30164,16957,8740,51.54,8217,48.46,4018,23.7,11086,65.38,1853,10.93,6045.84,2.8,37.6,0.54,,71.18,10.23,,Bajo,,,Bajo,0.88,-0.31,-96.97,19.39,0,0,0,0,0,0
VERACRUZ,30,TEPATLAXCO,30165,8925,4395,49.24,4530,50.76,2480,27.79,5672,63.55,773,8.66,5990.17,1.49,100,0.43,,76.61,25.09,,Muy alto,,,Alto,0.75,1.31,-96.84,19.07,0,0,0,0,0,0
VERACRUZ,30,TEPETLAN,30166,9405,4598,48.89,4807,51.11,2160,22.97,6228,66.22,993,10.56,9491.21,0.99,100,0.2,,70.84,14.96,,Medio,,,Medio,0.82,0.22,-96.8,19.67,0,0,0,0,0,0
VERACRUZ,30,TEPETZINTLA,30167,14619,7423,50.78,7196,49.22,3854,26.36,8937,61.13,1828,12.5,22524.42,0.65,61.71,21.05,,80.86,29.42,,Medio,,,Medio,0.84,0.25,-97.85,21.17,0,0,0,0,0,0
VERACRUZ,30,TEQUILA,30168,16343,8277,50.65,8066,49.35,5180,31.7,10128,61.97,1035,6.33,9960.2,1.64,100,96.11,,89.97,44.81,,Muy alto,,,Muy alto,0.74,2.15,-97.07,18.73,0,0,0,0,0,0
VERACRUZ,30,JOSE AZUETA,30169,22709,11573,50.96,11136,49.04,5637,24.82,14258,62.79,2814,12.39,53436.66,0.42,72.61,3.49,,62.04,11.02,,Alto,,,Bajo,0.82,-0.03,-95.71,18.08,0,0,0,0,0,0
VERACRUZ,30,TEXCATEPEC,30170,10824,5550,51.27,5274,48.73,3675,33.95,6321,58.4,828,7.65,19362.42,0.56,100,85.32,,93.16,49.59,,Muy alto,,,Muy alto,0.72,2.67,-98.36,20.58,0,0,0,0,0,0
VERACRUZ,30,TEXHUACAN,30171,5575,2931,52.57,2644,47.43,1657,29.72,3478,62.39,440,7.89,4251.75,1.31,100,93.42,,86.87,41.33,,Alto,,,Alto,0.78,1.35,-97.04,18.62,0,0,0,0,0,0
VERACRUZ,30,TEXISTEPEC,30172,19925,10124,50.81,9801,49.19,5216,26.18,12590,63.19,2119,10.63,44470.82,0.45,54.99,5.94,,77.71,26.7,,Alto,,,Medio,0.8,0.31,-94.82,17.89,0,0,0,0,0,0
VERACRUZ,30,TEZONAPA,30173,54537,27726,50.84,26811,49.16,15255,27.97,33925,62.21,5357,9.82,52066.44,1.05,89.63,32.68,,75.19,24.42,,Muy alto,,,Alto,0.76,1.04,-96.69,18.61,0,0,0,0,0,0
VERACRUZ,30,TIERRA BLANCA,30174,95602,49843,52.14,45759,47.86,22402,23.43,62547,65.42,10647,11.14,150616.57,0.63,50.8,3.75,,53.86,9.25,,Bajo,,,Bajo,0.87,-0.51,-96.36,18.45,0,0,0,0,0,0
VERACRUZ,30,TIHUATLAN,30175,92726,48069,51.84,44657,48.16,23488,25.33,59784,64.47,9433,10.17,71237.36,1.3,62.17,6.45,,68.73,18.31,,Medio,,,Bajo,0.83,-0.12,-97.54,20.72,0,0,0,0,0,0
VERACRUZ,30,TLACOJALPAN,30176,4489,2270,50.57,2219,49.43,1116,24.86,2863,63.78,510,11.36,9941.83,0.45,100,3.07,,68.22,10.88,,Medio,,,Bajo,0.83,-0.06,-95.95,18.23,0,0,0,0,0,0
VERACRUZ,30,TLACOLULAN,30177,11685,5934,50.78,5751,49.22,3855,32.99,7145,61.15,685,5.86,13259.46,0.88,100,0.2,,82.22,17.9,,Alto,,,Medio,0.82,0.37,-97,19.66,0,0,0,0,0,0
VERACRUZ,30,TLACOTALPAN,30178,12898,6675,51.75,6223,48.25,2472,19.17,8489,65.82,1937,15.02,55972.72,0.23,43.5,0.43,,59.87,8.13,,Medio,,,Bajo,0.85,-0.29,-95.66,18.61,0,0,0,0,0,0
VERACRUZ,30,TLACOTEPEC DE MEJIA,30179,4284,2154,50.28,2130,49.72,1128,26.33,2747,64.12,409,9.55,6497.15,0.66,100,1.05,,78.07,18.21,,Medio,,,Bajo,0.85,-0.14,-96.84,19.19,0,0,0,0,0,0
VERACRUZ,30,TLACHICHILCO,30180,10900,5593,51.31,5307,48.69,3107,28.5,6469,59.35,1324,12.15,22387.2,0.49,100,59.14,,85.34,27.39,,Muy alto,,,Muy alto,0.75,1.92,-98.2,20.62,0,0,0,0,0,0
VERACRUZ,30,TLALIXCOYAN,30181,37795,19415,51.37,18380,48.63,8533,22.58,24292,64.27,4970,13.15,91419.15,0.41,75.67,0.72,,52.62,8.88,,Medio,,,Bajo,0.85,-0.29,-96.06,18.8,0,0,0,0,0,0
VERACRUZ,30,TLALNELHUAYOCAN,30182,19664,10079,51.26,9585,48.74,5200,26.44,13199,67.12,1158,5.89,3647.98,5.39,63.75,0.55,,69.59,19.99,,Bajo,,,Bajo,0.87,-0.48,-96.97,19.56,0,0,0,0,0,0
VERACRUZ,30,TLAPACOYAN,30183,61377,31779,51.78,29598,48.22,16028,26.11,40086,65.31,5262,8.57,16676.63,3.68,33.33,2.48,,70.61,12.26,,Bajo,,,Bajo,0.87,-0.38,-97.21,19.96,0,0,0,0,0,0
VERACRUZ,30,TLAQUILPA,30184,7933,4222,53.22,3711,46.78,2549,32.13,4879,61.5,505,6.37,5619.65,1.41,100,98.97,,93.91,47.64,,Alto,,,Muy alto,0.77,2.29,-97.12,18.61,0,0,0,0,0,0
VERACRUZ,30,TLILAPAN,30185,5548,2855,51.46,2693,48.54,1618,29.16,3596,64.82,334,6.02,1116.6,4.97,100,60.98,,77.15,27.73,,Medio,,,Medio,0.82,0.29,-97.1,18.81,0,0,0,0,0,0
VERACRUZ,30,TOMATLAN,30186,7197,3659,50.84,3538,49.16,1740,24.18,4728,65.69,729,10.13,1868.74,3.85,100,0.76,,66.23,12.29,,Bajo,,,Bajo,0.86,-0.28,-97.01,19.03,0,0,0,0,0,0
VERACRUZ,30,TONAYAN,30187,6105,3149,51.58,2956,48.42,1979,32.42,3724,61,402,6.58,4991.13,1.22,100,0.46,,91.65,23.42,,Alto,,,Medio,0.82,0.51,-96.92,19.68,0,0,0,0,0,0
VERACRUZ,30,TOTUTLA,30188,17217,8692,50.48,8525,49.52,4323,25.11,11302,65.64,1589,9.23,9739.94,1.77,100,0.3,,83.77,21.21,,Medio,,,Medio,0.83,0.21,-96.96,19.21,0,0,0,0,0,0
VERACRUZ,30,TUXPAN,30189,154600,80405,52.01,74195,47.99,35140,22.73,103217,66.76,16213,10.49,92756.64,1.67,23.6,3.42,,45.26,7.13,,Muy bajo,,,Muy bajo,0.89,-0.76,-97.4,20.96,0,0,0,0,0,0
VERACRUZ,30,TUXTILLA,30190,2258,1144,50.66,1114,49.34,481,21.3,1360,60.23,417,18.47,5548.53,0.41,100,0.09,,41.84,5.16,,Medio,,,Bajo,0.84,-0.2,-95.89,18.24,0,0,0,0,0,0
VERACRUZ,30,URSULO GALVAN,30191,30097,15629,51.93,14468,48.07,6093,20.24,20113,66.83,3883,12.9,12217.69,2.46,49.13,0.43,,39.36,4.88,,Muy bajo,,,Muy bajo,0.9,-0.92,-96.36,19.41,0,0,0,0,0,0
VERACRUZ,30,VEGA DE ALATORRE,30192,20204,10432,51.63,9772,48.37,4602,22.78,13011,64.4,2591,12.82,33432.47,0.6,33.16,0.76,,62.43,10.86,,Bajo,,,Bajo,0.87,-0.5,-96.65,20.03,0,0,0,0,0,0
VERACRUZ,30,VERACRUZ,30193,607209,319545,52.63,287664,47.37,120336,19.82,426992,70.32,59050,9.72,24406.58,24.88,11.2,1.62,,40.99,5.25,,Muy bajo,,,Muy bajo,0.93,-1.18,-96.15,19.19,0,0,0,0,0,0
VERACRUZ,30,VILLA ALDAMA,30194,12492,6379,51.06,6113,48.94,4263,34.13,7586,60.73,643,5.15,5112.54,2.44,100,0.42,,85.9,17.45,,Medio,,,Bajo,0.83,0.08,-97.22,19.65,0,0,0,0,0,0
VERACRUZ,30,XOXOCOTLA,30195,5900,2939,49.81,2961,50.19,1845,31.27,3661,62.05,394,6.68,3721.44,1.59,100,54.83,,93.89,46.69,,Muy alto,,,Muy alto,0.75,2.37,-97.15,18.65,0,0,0,0,0,0
VERACRUZ,30,YANGA,30196,17902,9477,52.94,8425,47.06,4150,23.18,11562,64.58,2190,12.23,8751.86,2.05,68.27,1.28,,51.67,10.33,,Bajo,,,Bajo,0.87,-0.41,-96.8,18.83,0,0,0,0,0,0
VERACRUZ,30,YECUATLA,30197,11205,5662,50.53,5543,49.47,2836,25.31,6755,60.29,1614,14.4,11170.4,1,100,4.19,,74,19.08,,Medio,,,Medio,0.83,0.17,-96.78,19.87,0,0,0,0,0,0
VERACRUZ,30,ZACUALPAN,30198,6788,3550,52.3,3238,47.7,1928,28.4,4004,58.99,856,12.61,26161.43,0.26,100,4.45,,80.98,22.39,,Alto,,,Alto,0.77,1.33,-98.35,20.43,0,0,0,0,0,0
VERACRUZ,30,ZARAGOZA,30199,11899,6262,52.63,5637,47.37,3334,28.02,7863,66.08,702,5.9,2166.34,5.49,12.1,68.67,,84.14,28.25,,Medio,,,Bajo,0.85,0.06,-94.64,17.96,0,0,0,0,0,0
VERACRUZ,30,ZENTLA,30200,12581,6293,50.02,6288,49.98,2893,22.99,8370,66.53,1318,10.48,17718.17,0.71,100,0.32,,63.6,14.53,,Medio,,,Bajo,0.85,-0.18,-96.86,19.12,0,0,0,0,0,0
VERACRUZ,30,ZONGOLICA,30201,45028,23263,51.66,21765,48.34,12962,28.79,28253,62.75,3753,8.33,28153.95,1.6,83.44,88.09,,86.05,38.74,,Alto,,,Muy alto,0.76,1.8,-97,18.67,0,0,0,0,0,0
VERACRUZ,30,ZONTECOMATLAN DE LOPEZ Y FUENTES,30202,14644,7490,51.15,7154,48.85,4852,33.13,8486,57.95,1306,8.92,24006.38,0.61,100,87.69,,91.86,46.44,,Muy alto,,,Muy alto,0.74,2.26,-98.34,20.76,0,0,0,0,0,0
VERACRUZ,30,ZOZOCOLCO DE HIDALGO,30203,14524,7504,51.67,7020,48.33,4231,29.13,8633,59.44,1660,11.43,6843.2,2.12,100,92.42,,88.6,48.06,,Muy alto,,,Alto,0.73,1.62,-97.58,20.14,0,0,0,0,0,0
VERACRUZ,30,AGUA DULCE,30204,44104,23040,52.24,21064,47.76,10200,23.13,29008,65.77,4892,11.09,36518.02,1.21,22.94,2.17,,52.89,9.21,,Bajo,,,Muy bajo,0.88,-0.76,-94.15,18.14,0,0,0,0,0,0
VERACRUZ,30,EL HIGO,30205,19402,9767,50.34,9635,49.66,4818,24.83,12431,64.07,2153,11.1,38727.48,0.5,54.06,2.46,,47.99,8.04,,Bajo,,,Bajo,0.88,-0.53,-98.45,21.77,0,0,0,0,0,0
VERACRUZ,30,NNANCHITAL DE LAZARO CARDENAS DEL RIO,30206,29209,15322,52.46,13887,47.54,6604,22.61,19849,67.96,2756,9.44,2685.42,10.88,3.88,6.15,,44.77,6.18,,Muy bajo,,,Muy bajo,0.92,-1.09,-94.41,18.07,0,0,0,0,0,0
VERACRUZ,30,TRES VALLES,30207,44978,23279,51.76,21699,48.24,11165,24.82,29059,64.61,4754,10.57,54440.03,0.83,62.74,13.8,,57.04,12.15,,Medio,,,Bajo,0.84,-0.26,-96.13,18.24,0,0,0,0,0,0
VERACRUZ,30,CARLOS A. CARRILLO,30208,23376,12286,52.56,11090,47.44,4840,20.7,15283,65.38,3245,13.88,24012.3,0.97,23.34,0.62,,39.91,4.43,,Bajo,,,Bajo,0.88,-0.52,-95.74,18.37,0,0,0,0,0,0
VERACRUZ,30,TATAHUICAPAN DE JUAREZ,30209,15044,7861,52.25,7183,47.75,4272,28.4,9694,64.44,1078,7.17,29408.96,0.51,42.76,77.98,,86.74,40.15,,Alto,,,Medio,0.81,0.86,-94.76,18.25,0,0,0,0,0,0
VERACRUZ,30,UXPANAPA,30210,30891,15451,50.02,15440,49.98,10035,32.49,18547,60.04,2307,7.47,190788.89,0.16,100,55.99,,83.2,30.7,,Alto,,,Medio,0.8,0.37,-94.45,17.28,0,0,0,0,0,0
VERACRUZ,30,SAN RAFAEL,30211,30351,15454,50.92,14897,49.08,6666,21.96,20143,66.37,3542,11.67,28752.64,1.06,77.47,2.06,,56.08,7.06,,Bajo,,,Bajo,0.87,-0.62,-96.87,20.19,0,0,0,0,0,0
VERACRUZ,30,SANTIAGO SOCHIAPAN,30212,13062,6747,51.65,6315,48.35,3916,29.98,7826,59.91,1320,10.11,39893.95,0.33,100,71.41,,85.35,41.36,,Alto,,,Medio,0.78,0.72,-95.73,17.66,0,0,0,0,0,0
YUCATAN,31,ABALA,31001,6550,3247,49.57,3303,50.43,1672,25.53,4286,65.44,592,9.04,29023.78,0.23,100,79.34,,58.16,10.88,,Alto,,,Medio,0.82,0.33,-89.68,20.65,0,0,0,0,0,0
YUCATAN,31,ACANCEH,31002,16772,8393,50.04,8379,49.96,3988,23.78,11551,68.87,1231,7.34,13606.33,1.23,28.95,62.37,,47.82,6.86,,Bajo,,,Bajo,0.86,-0.33,-89.45,20.81,0,0,0,0,0,0
YUCATAN,31,AKIL,31003,12285,6185,50.35,6100,49.65,3610,29.39,7885,64.18,790,6.43,7587.16,1.62,2.14,88.62,,84.44,32.96,,Medio,,,Bajo,0.84,0.11,-89.35,20.27,0,0,0,0,0,0
YUCATAN,31,BACA,31004,6195,3152,50.88,3043,49.12,1372,22.15,4117,66.46,706,11.4,10747.85,0.58,100,31.91,,39.93,4.29,,Bajo,,,Muy bajo,0.86,-0.74,-89.4,21.11,0,0,0,0,0,0
YUCATAN,31,BOKOBA,31005,2167,1078,49.75,1089,50.25,474,21.87,1462,67.47,231,10.66,7106.5,0.3,100,66.77,,43.07,5.95,,Medio,,,Bajo,0.85,-0.48,-89.18,21.01,0,0,0,0,0,0
YUCATAN,31,BUCTZOTZ,31006,9159,4525,49.4,4634,50.6,2332,25.46,5883,64.23,944,10.31,64828.64,0.14,12.95,42.44,,76.41,17.77,,Medio,,,Bajo,0.85,-0.07,-88.79,21.2,0,0,0,0,0,0
YUCATAN,31,CACALCHEN,31007,7490,3721,49.68,3769,50.32,1777,23.72,5025,67.09,662,8.84,10057.05,0.74,0.4,45.27,,56.77,9.23,,Bajo,,,Bajo,0.88,-0.54,-89.23,20.98,0,0,0,0,0,0
YUCATAN,31,CALOTMUL,31008,3949,1962,49.68,1987,50.32,1004,25.42,2416,61.18,528,13.37,28814.56,0.14,100,80.25,,87.43,29.28,,Alto,,,Bajo,0.82,0.12,-88.18,21.02,0,0,0,0,0,0
YUCATAN,31,CANSAHCAB,31009,4466,2278,51.01,2188,48.99,950,21.27,2898,64.89,616,13.79,12762.66,0.35,100,39.03,,53.76,9.51,,Medio,,,Bajo,0.84,-0.38,-89.1,21.16,0,0,0,0,0,0
YUCATAN,31,CANTAMAYEC,31010,2755,1332,48.35,1423,51.65,898,32.6,1622,58.87,235,8.53,35342.2,0.08,100,98.44,,80.03,29.12,,Alto,,,Alto,0.77,1.09,-89.08,20.47,0,0,0,0,0,0
YUCATAN,31,CELESTUN,31011,8389,4154,49.52,4235,50.48,2337,27.86,5510,65.68,526,6.27,57599.73,0.15,0.27,11.68,,85.02,25.25,,Bajo,,,Bajo,0.86,-0.19,-90.4,20.86,0,0,0,0,0,0
YUCATAN,31,CENOTILLO,31012,3736,1880,50.32,1856,49.68,966,25.86,2199,58.86,571,15.28,53766.78,0.07,100,60.92,,85.83,25.07,,Medio,,,Bajo,0.84,-0.25,-88.6,20.97,0,0,0,0,0,0
YUCATAN,31,CONKAL,31013,16671,8501,50.99,8170,49.01,3803,22.81,11548,69.27,1319,7.91,6276.62,2.66,16.36,19.55,,29.93,5.05,,Muy bajo,,,Muy bajo,0.92,-1.17,-89.52,21.07,0,0,0,0,0,0
YUCATAN,31,CUNCUNUL,31014,1714,829,48.37,885,51.63,454,26.49,1098,64.06,162,9.45,13476.72,0.13,100,97.78,,79.46,21.78,,Alto,,,Bajo,0.82,-0.07,-88.3,20.64,0,0,0,0,0,0
YUCATAN,31,CUZAMA,31015,5560,2739,49.26,2821,50.74,1379,24.8,3738,67.23,443,7.97,9269.08,0.6,100,86.71,,61.84,10.85,,Alto,,,Medio,0.81,0.33,-89.32,20.74,0,0,0,0,0,0
YUCATAN,31,CHACSINKIN,31016,3104,1516,48.84,1588,51.16,909,29.28,1979,63.76,216,6.96,11379.19,0.27,100,99.29,,95.77,33.51,,Alto,,,Medio,0.82,0.31,-89.02,20.17,0,0,0,0,0,0
YUCATAN,31,CHANKOM,31017,4686,2327,49.66,2359,50.34,1344,28.68,2917,62.25,425,9.07,43989.86,0.11,100,98.55,,87.46,32.04,,Alto,,,Medio,0.78,0.76,-88.51,20.57,0,0,0,0,0,0
YUCATAN,31,CHAPAB,31018,3385,1687,49.84,1698,50.16,857,25.32,2146,63.4,382,11.29,16803.45,0.2,100,89.31,,60.15,13.22,,Alto,,,Medio,0.82,0.13,-89.46,20.46,0,0,0,0,0,0
YUCATAN,31,CHEMAX,31019,38934,19359,49.72,19575,50.28,13122,33.7,23621,60.67,2191,5.63,138641.32,0.28,40.84,98.8,,93.24,41.64,,Alto,,,Alto,0.76,1.23,-87.94,20.66,0,0,0,0,0,0
YUCATAN,31,CHICXULUB PUEBLO,31020,4497,2218,49.32,2279,50.68,1042,23.17,3042,67.65,413,9.18,4386.84,1.03,100,17.72,,53.21,9.75,,Bajo,,,Muy bajo,0.87,-0.86,-89.52,21.14,0,0,0,0,0,0
YUCATAN,31,CHICHIMILA,31021,9406,4631,49.23,4775,50.77,3059,32.52,5692,60.51,655,6.96,46620.64,0.2,30.47,98.52,,89.68,42.03,,Alto,,,Medio,0.79,0.72,-88.22,20.63,0,0,0,0,0,0
YUCATAN,31,CHIKINDZONOT,31022,4363,2171,49.76,2192,50.24,1369,31.38,2671,61.22,323,7.4,47016.17,0.09,100,99.04,,97.63,46.14,,Alto,,,Medio,0.77,0.75,-88.49,20.33,0,0,0,0,0,0
YUCATAN,31,CHOCHOLA,31023,4863,2373,48.8,2490,51.2,1132,23.28,3228,66.38,503,10.34,29036.74,0.17,100,50.71,,56.11,7.11,,Bajo,,,Bajo,0.86,-0.6,-89.83,20.75,0,0,0,0,0,0
YUCATAN,31,CHUMAYEL,31024,3244,1647,50.77,1597,49.23,824,25.4,2068,63.75,352,10.85,8316.27,0.39,100,98.27,,88.71,29.99,,Alto,,,Medio,0.8,0.31,-89.3,20.43,0,0,0,0,0,0
YUCATAN,31,DZAN,31025,6003,3064,51.04,2939,48.96,1771,29.5,3759,62.62,473,7.88,7927.99,0.76,0.03,95.94,,81.13,22.9,,Bajo,,,Bajo,0.86,-0.32,-89.47,20.39,0,0,0,0,0,0
YUCATAN,31,DZEMUL,31026,3622,1825,50.39,1797,49.61,755,20.84,2398,66.21,469,12.95,17247.72,0.21,100,43.73,,46.16,5.92,,Bajo,,,Muy bajo,0.86,-0.73,-89.31,21.21,0,0,0,0,0,0
YUCATAN,31,DZIDZANTUN,31027,8345,4134,49.54,4211,50.46,1750,20.97,5476,65.62,1083,12.98,20559.23,0.41,9.77,13.36,,54.63,11.03,,Muy bajo,,,Bajo,0.89,-0.62,-89.04,21.25,0,0,0,0,0,0
YUCATAN,31,DZILAM DE BRAVO,31028,2936,1462,49.8,1474,50.2,743,25.31,1918,65.33,275,9.37,41683.51,0.07,100,8.38,,49.38,7.4,,Bajo,,,Bajo,0.86,-0.71,-88.89,21.39,0,0,0,0,0,0
YUCATAN,31,DZILAM GONZALEZ,31029,6240,3067,49.15,3173,50.85,1368,21.92,4079,65.37,780,12.5,50170.99,0.12,1.14,23.73,,76.9,20.07,,Bajo,,,Bajo,0.87,-0.32,-88.93,21.28,0,0,0,0,0,0
YUCATAN,31,DZITAS,31030,4015,1959,48.79,2056,51.21,1119,27.87,2490,62.02,406,10.11,30686.94,0.13,100,83.96,,80.27,26.79,,Alto,,,Medio,0.77,0.79,-88.53,20.84,0,0,0,0,0,0
YUCATAN,31,DZONCAUICH,31031,2818,1396,49.54,1422,50.46,661,23.46,1758,62.38,399,14.16,13220.04,0.21,100,84.21,,66.59,16.27,,Alto,,,Medio,0.8,0.23,-88.89,21.13,0,0,0,0,0,0
YUCATAN,31,ESPITA,31032,16779,8267,49.27,8512,50.73,4731,28.2,10621,63.3,1388,8.27,72868.76,0.23,26.57,86.54,,90.54,38.86,,Alto,,,Medio,0.82,0.52,-88.31,21.01,0,0,0,0,0,0
YUCATAN,31,HALACHO,31033,21255,10582,49.79,10673,50.21,5546,26.09,13855,65.18,1844,8.68,58148.91,0.37,52.09,84.23,,67.89,14.19,,Alto,,,Medio,0.82,0.16,-90.08,20.48,0,0,0,0,0,0
YUCATAN,31,HOCABA,31034,6514,3265,50.12,3249,49.88,1680,25.79,4182,64.2,652,10.01,9409.1,0.69,100,83.64,,67,13.5,,Alto,,,Medio,0.8,0.28,-89.25,20.82,0,0,0,0,0,0
YUCATAN,31,HOCTUN,31035,6384,3210,50.28,3174,49.72,1521,23.83,4183,65.52,679,10.64,11960,0.53,19.31,62.72,,72.17,21.91,,Medio,,,Medio,0.82,0.27,-89.2,20.87,0,0,0,0,0,0
YUCATAN,31,HOMUN,31036,8090,4021,49.7,4069,50.3,2025,25.03,5401,66.76,664,8.21,19813.18,0.41,15.82,80.73,,68.14,15.97,,Medio,,,Bajo,0.83,0.12,-89.29,20.74,0,0,0,0,0,0
YUCATAN,31,HUHI,31037,5250,2552,48.61,2698,51.39,1251,23.83,3463,65.96,507,9.66,19590.28,0.27,1.07,67.26,,81.96,20.8,,Medio,,,Medio,0.85,0.14,-89.16,20.72,0,0,0,0,0,0
YUCATAN,31,HUNUCMA,31038,35137,17680,50.32,17457,49.68,9338,26.58,23315,66.35,2468,7.02,81883.93,0.43,19.14,39.23,,65.32,14.95,,Medio,,,Bajo,0.85,-0.33,-89.88,21.02,0,0,0,0,0,0
YUCATAN,31,IXIL,31039,4186,2086,49.83,2100,50.17,976,23.32,2851,68.11,359,8.58,13547.33,0.31,100,24.53,,59.66,11.1,,Bajo,,,Muy bajo,0.86,-0.79,-89.48,21.15,0,0,0,0,0,0
YUCATAN,31,IZAMAL,31040,28555,14355,50.27,14200,49.73,7303,25.58,18400,64.44,2807,9.83,45470.86,0.63,37.52,58.22,,58.72,10.12,,Bajo,,,Bajo,0.86,-0.37,-89.02,20.93,0,0,0,0,0,0
YUCATAN,31,KANASIN,31041,141939,71527,50.39,70412,49.61,38308,26.99,97493,68.69,5906,4.16,10134.06,14.01,1.54,29.81,,44.45,6.73,,Muy bajo,,,Muy bajo,0.91,-0.97,-89.56,20.93,0,0,0,0,0,0
YUCATAN,31,KANTUNIL,31042,5553,2823,50.84,2730,49.16,1553,27.97,3398,61.19,602,10.84,19797.44,0.28,100,73.58,,81.96,30.26,,Alto,,,Bajo,0.82,-0.12,-89.04,20.8,0,0,0,0,0,0
YUCATAN,31,KAUA,31043,3405,1681,49.37,1724,50.63,1022,30.01,2155,63.29,228,6.7,13621.3,0.25,100,97.77,,88.01,28.36,,Alto,,,Bajo,0.81,0.13,-88.41,20.62,0,0,0,0,0,0
YUCATAN,31,KINCHIL,31044,7530,3738,49.64,3792,50.36,2034,27.01,4908,65.18,588,7.81,35274.65,0.21,4.52,57.6,,66.76,13.1,,Medio,,,Bajo,0.84,-0.09,-89.95,20.92,0,0,0,0,0,0
YUCATAN,31,KOPOMA,31045,2677,1290,48.19,1387,51.81,629,23.5,1765,65.93,283,10.57,15642.07,0.17,100,69.89,,44.96,5.69,,Bajo,,,Bajo,0.86,-0.54,-89.9,20.65,0,0,0,0,0,0
YUCATAN,31,MAMA,31046,3296,1681,51,1615,49,892,27.06,2093,63.5,311,9.44,9959.5,0.33,100,94.36,,82.65,23.33,,Alto,,,Bajo,0.81,0.09,-89.37,20.48,0,0,0,0,0,0
YUCATAN,31,MANI,31047,5968,3024,50.67,2944,49.33,1550,25.97,3884,65.08,534,8.95,12577.78,0.47,100,97.15,,75.8,20.19,,Alto,,,Bajo,0.81,0,-89.39,20.39,0,0,0,0,0,0
YUCATAN,31,MAXCANU,31048,23991,11883,49.53,12108,50.47,6077,25.33,15962,66.53,1928,8.04,90326.29,0.27,41.79,68.62,,57.28,8.97,,Medio,,,Bajo,0.84,-0.04,-90,20.59,0,0,0,0,0,0
YUCATAN,31,MAYAPAN,31049,3965,1896,47.82,2069,52.18,1336,33.69,2385,60.15,217,5.47,9286.03,0.43,100,98.81,,93.05,39.21,,Muy alto,,,Alto,0.73,1.23,-89.22,20.47,0,0,0,0,0,0
YUCATAN,31,MERIDA,31050,995129,515760,51.83,479369,48.17,199593,20.06,696445,69.99,96559,9.7,87557.65,11.37,4.24,17.76,,25.65,2.93,,Muy bajo,,,Muy bajo,0.94,-1.28,-89.62,20.97,0,0,0,0,0,0
YUCATAN,31,MOCOCHA,31051,3430,1673,48.78,1757,51.22,721,21.02,2347,68.43,362,10.55,4678.73,0.73,100,23.41,,28.37,3.24,,Bajo,,,Bajo,0.87,-0.71,-89.45,21.11,0,0,0,0,0,0
YUCATAN,31,MOTUL,31052,37804,19127,50.6,18677,49.4,9227,24.41,24933,65.95,3559,9.41,31766.89,1.19,31.01,46.78,,50.57,10.3,,Bajo,,,Bajo,0.87,-0.48,-89.28,21.1,0,0,0,0,0,0
YUCATAN,31,MUNA,31053,13494,6747,50,6747,50,3236,23.98,8964,66.43,1294,9.59,39415.35,0.34,6.97,74.88,,69.89,19.43,,Bajo,,,Bajo,0.87,-0.41,-89.71,20.48,0,0,0,0,0,0
YUCATAN,31,MUXUPIP,31054,2990,1531,51.2,1459,48.8,676,22.61,1990,66.56,305,10.2,7099.32,0.42,100,66.96,,48.59,4.88,,Medio,,,Bajo,0.84,-0.38,-89.33,21.04,0,0,0,0,0,0
YUCATAN,31,OPICHEN,31055,7080,3503,49.48,3577,50.52,1814,25.62,4705,66.45,561,7.92,25726.18,0.28,23.56,96.72,,77.75,21.06,,Medio,,,Bajo,0.84,-0.03,-89.86,20.55,0,0,0,0,0,0
YUCATAN,31,OXKUTZCAB,31056,33854,17544,51.82,16310,48.18,10019,29.59,21275,62.84,2508,7.41,85652.08,0.4,22.68,86.99,,77.36,22.83,,Medio,,,Bajo,0.84,-0.03,-89.42,20.3,0,0,0,0,0,0
YUCATAN,31,PANABA,31057,7766,3930,50.61,3836,49.39,1923,24.76,4976,64.07,867,11.16,65899.95,0.12,31.52,48.43,,75.46,18.14,,Medio,,,Bajo,0.85,-0.23,-88.27,21.3,0,0,0,0,0,0
YUCATAN,31,PETO,31058,25954,13067,50.35,12887,49.65,7909,30.47,15720,60.57,2314,8.92,104735.99,0.25,17.33,84.86,,85.32,33.21,,Medio,,,Bajo,0.84,0.1,-88.92,20.13,0,0,0,0,0,0
YUCATAN,31,PROGRESO,31059,66008,33029,50.04,32979,49.96,15478,23.45,44480,67.39,5933,8.99,39979.56,1.65,13.77,11,,42.09,6.3,,Muy bajo,,,Muy bajo,0.9,-0.97,-89.66,21.28,0,0,0,0,0,0
YUCATAN,31,QUINTANA ROO,31060,976,496,50.82,480,49.18,253,25.92,594,60.86,127,13.01,10255.77,0.1,100,62.3,,74.87,22.07,,Medio,,,Bajo,0.84,-0.09,-88.63,20.87,0,0,0,0,0,0
YUCATAN,31,RIO LAGARTOS,31061,3974,1941,48.84,2033,51.16,957,24.08,2658,66.88,343,8.63,32403,0.12,100,25.69,,27.41,4.28,,Medio,,,Bajo,0.85,-0.54,-88.16,21.6,0,0,0,0,0,0
YUCATAN,31,SACALUM,31062,4962,2402,48.41,2560,51.59,1330,26.8,3214,64.77,418,8.42,19716.11,0.25,100,86.86,,69.31,17,,Medio,,,Bajo,0.84,-0.29,-89.59,20.5,0,0,0,0,0,0
YUCATAN,31,SAMAHIL,31063,5631,2796,49.65,2835,50.35,1411,25.06,3776,67.06,418,7.42,15924.53,0.35,100,71.25,,48.95,7.29,,Medio,,,Bajo,0.84,-0.35,-89.89,20.88,0,0,0,0,0,0
YUCATAN,31,SANAHCAT,31064,1701,843,49.56,858,50.44,457,26.87,1037,60.96,207,12.17,2594,0.66,100,80.89,,56.14,10.38,,Medio,,,Bajo,0.84,-0.11,-89.21,20.77,0,0,0,0,0,0
YUCATAN,31,SAN FELIPE,31065,2118,1029,48.58,1089,51.42,504,23.8,1413,66.71,201,9.49,43962.36,0.05,100,16.19,,32.23,3.43,,Bajo,,,Muy bajo,0.88,-0.87,-88.23,21.57,0,0,0,0,0,0
YUCATAN,31,SANTA ELENA,31066,4220,2118,50.19,2102,49.81,1138,26.97,2740,64.93,342,8.1,50987.7,0.08,100,98.18,,81.87,22.67,,Alto,,,Medio,0.81,0.14,-89.64,20.33,0,0,0,0,0,0
YUCATAN,31,SEYE,31067,10053,4924,48.98,5129,51.02,2391,23.78,6782,67.46,880,8.75,17657.66,0.57,9.07,43.85,,62.35,13.28,,Bajo,,,Bajo,0.87,-0.27,-89.37,20.84,0,0,0,0,0,0
YUCATAN,31,SINNANCHE,31068,3206,1558,48.6,1648,51.4,679,21.18,2075,64.72,452,14.1,13301.44,0.24,100,38.55,,65.54,11.24,,Medio,,,Bajo,0.85,-0.51,-89.19,21.23,0,0,0,0,0,0
YUCATAN,31,SOTUTA,31069,8967,4385,48.9,4582,51.1,2475,27.6,5611,62.57,881,9.82,54141.64,0.17,35.79,80.44,,83.97,32.58,,Alto,,,Medio,0.82,0.4,-89.01,20.6,0,0,0,0,0,0
YUCATAN,31,SUCILA,31070,3971,1990,50.11,1981,49.89,972,24.48,2502,63.01,495,12.47,30438.06,0.13,100,76.45,,76.81,19.62,,Medio,,,Bajo,0.85,-0.42,-88.31,21.16,0,0,0,0,0,0
YUCATAN,31,SUDZAL,31071,1949,950,48.74,999,51.26,581,29.81,1183,60.7,185,9.49,21964.62,0.09,100,85.53,,66.88,20.92,,Alto,,,Medio,0.82,0.18,-88.99,20.87,0,0,0,0,0,0
YUCATAN,31,SUMA,31072,1857,894,48.14,963,51.86,393,21.16,1164,62.68,300,16.16,8710.64,0.21,100,55.63,,46.88,7.06,,Bajo,,,Bajo,0.87,-0.69,-89.15,21.09,0,0,0,0,0,0
YUCATAN,31,TAHDZIU,31073,5854,2845,48.6,3009,51.4,2287,39.07,3309,56.53,232,3.96,23957.27,0.24,100,99.23,,98.08,53.14,,Alto,,,Alto,0.77,1,-88.94,20.2,0,0,0,0,0,0
YUCATAN,31,TAHMEK,31074,3774,1865,49.42,1909,50.58,793,21.01,2475,65.58,506,13.41,10158.98,0.37,100,85.53,,59.75,7.15,,Medio,,,Bajo,0.84,-0.16,-89.26,20.88,0,0,0,0,0,0
YUCATAN,31,TEABO,31075,6921,3475,50.21,3446,49.79,2011,29.06,4325,62.49,585,8.45,22284.28,0.31,0.45,97.34,,87.25,32.3,,Alto,,,Medio,0.79,0.76,-89.28,20.4,0,0,0,0,0,0
YUCATAN,31,TECOH,31076,17939,8898,49.6,9041,50.4,4480,24.97,11923,66.46,1536,8.56,36444.42,0.49,44.16,75.91,,54.8,11.22,,Medio,,,Bajo,0.83,0.09,-89.47,20.74,0,0,0,0,0,0
YUCATAN,31,TEKAL DE VENEGAS,31077,2683,1312,48.9,1371,51.1,660,24.6,1725,64.29,298,11.11,19782.83,0.14,100,79.69,,82.03,24.66,,Alto,,,Medio,0.79,0.34,-88.95,21.01,0,0,0,0,0,0
YUCATAN,31,TEKANTO,31078,3747,1863,49.72,1884,50.28,873,23.3,2370,63.25,504,13.45,7907.76,0.47,100,60.15,,65.32,11.11,,Medio,,,Bajo,0.83,0,-89.11,21.01,0,0,0,0,0,0
YUCATAN,31,TEKAX,31079,45062,22934,50.89,22128,49.11,12423,27.57,29132,64.65,3451,7.66,274910.15,0.16,36.84,81.98,,74.83,21.96,,Medio,,,Bajo,0.84,-0.08,-89.29,20.2,0,0,0,0,0,0
YUCATAN,31,TEKIT,31080,11020,5434,49.31,5586,50.69,2836,25.74,7368,66.86,816,7.4,27869.26,0.4,0.05,82.68,,82.06,24.36,,Medio,,,Bajo,0.85,0.01,-89.33,20.53,0,0,0,0,0,0
YUCATAN,31,TEKOM,31081,3355,1690,50.37,1665,49.63,995,29.66,2025,60.36,335,9.99,27091.75,0.12,100,98.72,,91.54,39.55,,Alto,,,Medio,0.8,0.39,-88.26,20.6,0,0,0,0,0,0
YUCATAN,31,TELCHAC PUEBLO,31082,3512,1801,51.28,1711,48.72,712,20.27,2258,64.29,542,15.43,5741.22,0.61,100,23.92,,56.42,13.91,,Bajo,,,Muy bajo,0.87,-0.82,-89.27,21.2,0,0,0,0,0,0
YUCATAN,31,TELCHAC PUERTO,31083,1915,962,50.23,953,49.77,457,23.86,1257,65.64,201,10.5,6436.55,0.3,100,24.75,,42.5,8.33,,Bajo,,,Muy bajo,0.87,-0.86,-89.26,21.34,0,0,0,0,0,0
YUCATAN,31,TEMAX,31084,7037,3494,49.65,3543,50.35,1752,24.9,4441,63.11,825,11.72,33447.35,0.21,8.03,48,,77.88,21.12,,Medio,,,Bajo,0.83,0.11,-88.94,21.15,0,0,0,0,0,0
YUCATAN,31,TEMOZON,31085,16680,8260,49.52,8420,50.48,4751,28.48,10648,63.84,1281,7.68,70036.06,0.24,55.85,96.37,,81.48,22.13,,Alto,,,Medio,0.81,0.38,-88.2,20.8,0,0,0,0,0,0
YUCATAN,31,TEPAKAN,31086,2133,1065,49.93,1068,50.07,515,24.14,1325,62.12,277,12.99,10771.84,0.2,100,87.06,,56.94,11.82,,Alto,,,Medio,0.79,0.43,-89.04,21.05,0,0,0,0,0,0
YUCATAN,31,TETIZ,31087,5464,2680,49.05,2784,50.95,1523,27.87,3504,64.13,437,8,33387.54,0.16,100,63.67,,65.18,12.22,,Alto,,,Medio,0.8,0.22,-89.93,20.96,0,0,0,0,0,0
YUCATAN,31,TEYA,31088,1917,962,50.18,955,49.82,520,27.13,1144,59.68,253,13.2,7716.07,0.25,100,85.45,,62.94,10.65,,Alto,,,Bajo,0.82,-0.05,-89.07,21.05,0,0,0,0,0,0
YUCATAN,31,TICUL,31089,40495,20558,50.77,19937,49.23,10296,25.43,26699,65.93,3421,8.45,33725.43,1.2,13.12,70.1,,70.57,19.45,,Bajo,,,Bajo,0.88,-0.61,-89.53,20.4,0,0,0,0,0,0
YUCATAN,31,TIMUCUY,31090,7503,3715,49.51,3788,50.49,1840,24.52,5113,68.15,550,7.33,13342.08,0.56,100,98.44,,68.91,17.46,,Alto,,,Medio,0.81,0.23,-89.51,20.81,0,0,0,0,0,0
YUCATAN,31,TINUM,31091,12700,6315,49.72,6385,50.28,3522,27.73,8186,64.46,957,7.54,46652.24,0.27,48.85,87.46,,84.82,32.14,,Medio,,,Bajo,0.84,-0.05,-88.39,20.77,0,0,0,0,0,0
YUCATAN,31,TIXCACALCUPUL,31092,7888,3949,50.06,3939,49.94,2525,32.01,4827,61.19,530,6.72,49840.49,0.16,100,99.14,,92.74,47.71,,Alto,,,Medio,0.77,0.94,-88.27,20.54,0,0,0,0,0,0
YUCATAN,31,TIXKOKOB,31093,18420,9383,50.94,9037,49.06,3975,21.58,12646,68.65,1755,9.53,17073.38,1.08,35.37,28.39,,36.57,5.85,,Muy bajo,,,Muy bajo,0.89,-0.79,-89.4,21,0,0,0,0,0,0
YUCATAN,31,TIXMEHUAC,31094,5444,2726,50.07,2718,49.93,1647,30.25,3406,62.56,391,7.18,22844.98,0.24,100,98.73,,90.19,32.31,,Alto,,,Medio,0.79,0.7,-89.11,20.24,0,0,0,0,0,0
YUCATAN,31,TIXPEHUAL,31095,5690,2874,50.51,2816,49.49,1174,20.63,3941,69.26,575,10.11,7026.39,0.81,100,52.13,,35.6,4.38,,Bajo,,,Bajo,0.86,-0.59,-89.44,20.98,0,0,0,0,0,0
YUCATAN,31,TIZIMIN,31096,80672,40618,50.35,40054,49.65,22212,27.53,51585,63.94,6832,8.47,384659.93,0.21,34.81,63.97,,71.85,24.46,,Medio,,,Bajo,0.84,0,-88.15,21.14,0,0,0,0,0,0
YUCATAN,31,TUNKAS,31097,3684,1795,48.72,1889,51.28,1000,27.14,2228,60.48,456,12.38,40960.82,0.09,100,78.5,,85.24,33.48,,Alto,,,Medio,0.81,0.21,-88.75,20.9,0,0,0,0,0,0
YUCATAN,31,TZUCACAB,31098,15346,7677,50.03,7669,49.97,4547,29.63,9588,62.48,1211,7.89,76023.97,0.2,29.11,83.48,,83.44,27.57,,Medio,,,Bajo,0.84,0.02,-89.05,20.07,0,0,0,0,0,0
YUCATAN,31,UAYMA,31099,4191,2100,50.11,2091,49.89,1186,28.3,2673,63.78,332,7.92,18606.22,0.23,100,99.02,,90.78,39.39,,Alto,,,Medio,0.78,0.59,-88.32,20.72,0,0,0,0,0,0
YUCATAN,31,UCU,31100,4049,2034,50.23,2015,49.77,970,23.96,2732,67.47,347,8.57,12962.56,0.31,100,46.65,,43.6,6.02,,Medio,,,Bajo,0.85,-0.51,-89.75,21.03,0,0,0,0,0,0
YUCATAN,31,UMAN,31101,69147,34725,50.22,34422,49.78,17571,25.41,47494,68.69,4060,5.87,34605.65,2,18.42,36.71,,39.68,5.04,,Muy bajo,,,Muy bajo,0.89,-0.86,-89.75,20.88,0,0,0,0,0,0
YUCATAN,31,VALLADOLID,31102,85460,43535,50.94,41925,49.06,23134,27.07,56067,65.61,6191,7.24,106924.36,0.8,33.89,73.55,,61.9,19.58,,Medio,,,Bajo,0.85,-0.31,-88.2,20.69,0,0,0,0,0,0
YUCATAN,31,XOCCHEL,31103,3451,1701,49.29,1750,50.71,935,27.09,2205,63.89,311,9.01,10981.1,0.31,100,87.48,,76.97,20.98,,Alto,,,Medio,0.81,0.21,-89.18,20.83,0,0,0,0,0,0
YUCATAN,31,YAXCABA,31104,16350,7994,48.89,8356,51.11,5097,31.17,9924,60.7,1329,8.13,146234.56,0.11,100,92.7,,88.8,35.49,,Alto,,,Medio,0.77,0.8,-88.83,20.55,0,0,0,0,0,0
YUCATAN,31,YAXKUKUL,31105,3293,1665,50.56,1628,49.44,746,22.65,2258,68.57,269,8.17,4905.56,0.67,100,23.5,,49.99,6.42,,Bajo,,,Muy bajo,0.87,-0.81,-89.42,21.06,0,0,0,0,0,0
YUCATAN,31,YOBAIN,31106,2215,1105,49.89,1110,50.11,530,23.93,1396,63.02,289,13.05,13051.84,0.17,100,37.29,,42.35,7.48,,Medio,,,Bajo,0.85,-0.52,-89.12,21.23,0,0,0,0,0,0
ZACATECAS,32,APOZOL,32001,6260,3219,51.42,3041,48.58,1638,26.17,3754,59.97,868,13.87,29003.78,0.22,100,0.42,,45.01,1.57,,Bajo,,,Muy bajo,0.87,-0.77,-103.09,21.47,0,0,0,0,0,0
ZACATECAS,32,APULCO,32002,4942,2603,52.67,2339,47.33,1482,29.99,2846,57.59,614,12.42,20054.65,0.25,100,0.22,,51.65,4.38,,Bajo,,,Bajo,0.86,-0.59,-102.68,21.39,0,0,0,0,0,0
ZACATECAS,32,ATOLINGA,32003,2277,1146,50.33,1131,49.67,530,23.28,1313,57.66,434,19.06,27843.09,0.08,100,0.13,,50.14,2.58,,Bajo,,,Muy bajo,0.88,-0.75,-103.47,21.81,0,0,0,0,0,0
ZACATECAS,32,BENITO JUAREZ,32004,4493,2251,50.1,2242,49.9,1320,29.38,2622,58.36,543,12.09,32565.59,0.14,100,0.67,,67.37,4.99,,Bajo,,,Muy bajo,0.88,-0.76,-103.56,21.5,0,0,0,0,0,0
ZACATECAS,32,CALERA,32005,45759,23180,50.66,22579,49.34,14244,31.13,28892,63.14,2566,5.61,38327.15,1.19,3.44,0.59,,39.08,2.72,,Muy bajo,,,Muy bajo,0.92,-0.99,-102.7,22.95,0,0,0,0,0,0
ZACATECAS,32,CANITAS DE FELIPE PESCADOR,32006,8255,4228,51.22,4027,48.78,2342,28.37,4967,60.17,896,10.85,44458.54,0.19,22.74,0.17,,56.53,4.29,,Muy bajo,,,Muy bajo,0.9,-0.94,-102.73,23.61,0,0,0,0,0,0
ZACATECAS,32,CONCEPCION DEL ORO,32007,12115,6050,49.94,6065,50.06,3152,26.02,7591,62.66,1372,11.32,239258,0.05,42.92,0.12,,26.78,2.76,,Muy bajo,,,Muy bajo,0.91,-0.98,-101.42,24.61,0,0,0,0,0,0
ZACATECAS,32,CUAUHTEMOC,32008,13466,6918,51.37,6548,48.63,4213,31.29,8126,60.34,1127,8.37,32097.6,0.42,29.73,0.15,,61.68,7.9,,Bajo,,,Muy bajo,0.89,-0.78,-102.35,22.45,0,0,0,0,0,0
ZACATECAS,32,CHALCHIHUITES,32009,10086,5194,51.5,4892,48.5,2780,27.56,5935,58.84,1371,13.59,89111.11,0.11,100,0.04,,54.82,7.48,,Bajo,,,Muy bajo,0.88,-0.97,-103.88,23.48,0,0,0,0,0,0
ZACATECAS,32,FRESNILLO,32010,240532,122765,51.04,117767,48.96,69954,29.08,153166,63.68,17225,7.16,503730.78,0.48,35.51,0.46,,40.12,3.44,,Muy bajo,,,Muy bajo,0.91,-1,-102.87,23.17,0,0,0,0,0,0
ZACATECAS,32,TRINIDAD GARCIA DE LA CADENA,32011,3362,1706,50.74,1656,49.26,847,25.19,1998,59.43,511,15.2,30426.57,0.11,100,4.76,,54.16,3.58,,Bajo,,,Muy bajo,0.89,-0.8,-103.46,21.21,0,0,0,0,0,0
ZACATECAS,32,GENARO CODINA,32012,8168,4225,51.73,3943,48.27,2604,31.88,4770,58.4,794,9.72,78641.76,0.1,100,0.07,,68.78,9.06,,Medio,,,Bajo,0.85,-0.38,-102.46,22.49,0,0,0,0,0,0
ZACATECAS,32,GENERAL ENRIQUE ESTRADA,32013,6644,3363,50.62,3281,49.38,1953,29.39,4117,61.97,574,8.64,19557.46,0.34,100,3.15,,46.23,4.12,,Bajo,,,Muy bajo,0.88,-0.95,-102.74,23,0,0,0,0,0,0
ZACATECAS,32,GENERAL FRANCISCO R. MURGUIA,32014,20191,10417,51.59,9774,48.41,5481,27.15,12310,60.97,2383,11.8,478381.88,0.04,71.06,0.1,,58.55,3.86,,Bajo,,,Muy bajo,0.88,-0.85,-103.02,23.99,0,0,0,0,0,0
ZACATECAS,32,EL PLATEADO DE JOAQUIN AMARO,32015,1579,798,50.54,781,49.46,353,22.36,877,55.54,349,22.1,34999.21,0.05,100,0,,48.03,2.24,,Bajo,,,Bajo,0.86,-0.57,-103.09,21.94,0,0,0,0,0,0
ZACATECAS,32,GENERAL PANFILO NATERA,32016,23526,12085,51.37,11441,48.63,7202,30.61,14197,60.35,2122,9.02,43737.13,0.54,100,0.06,,65.11,6.91,,Bajo,,,Bajo,0.86,-0.69,-102.11,22.66,0,0,0,0,0,0
ZACATECAS,32,GUADALUPE,32017,211740,109285,51.61,102455,48.39,57345,27.08,143213,67.64,10607,5.01,80832.2,2.62,12.3,0.59,,23.86,1.38,,Muy bajo,,,Muy bajo,0.94,-1.32,-102.52,22.75,0,0,0,0,0,0
ZACATECAS,32,HUANUSCO,32018,4547,2290,50.36,2257,49.64,1155,25.4,2633,57.91,759,16.69,36860.58,0.12,100,0.2,,46.82,3.53,,Bajo,,,Muy bajo,0.87,-0.8,-102.97,21.77,0,0,0,0,0,0
ZACATECAS,32,JALPA,32019,25296,12868,50.87,12428,49.13,7270,28.74,15184,60.03,2811,11.11,71086.33,0.36,39.55,0.68,,43.06,2.46,,Muy bajo,,,Muy bajo,0.9,-1.02,-102.98,21.63,0,0,0,0,0,0
ZACATECAS,32,JEREZ,32020,59910,30745,51.32,29165,48.68,14855,24.8,37716,62.95,7328,12.23,152690.74,0.39,23,0.45,,45.49,2.79,,Muy bajo,,,Muy bajo,0.91,-1.06,-102.99,22.65,0,0,0,0,0,0
ZACATECAS,32,JIMENEZ DEL TEUL,32021,4465,2255,50.5,2210,49.5,1425,31.91,2527,56.6,513,11.49,115841.34,0.04,100,0.34,,64.71,12.68,,Alto,,,Medio,0.81,0.14,-103.8,23.25,0,0,0,0,0,0
ZACATECAS,32,JUAN ALDAMA,32022,19749,10184,51.57,9565,48.43,5579,28.25,12221,61.88,1949,9.87,61692.11,0.32,23.82,0.25,,57.53,4.17,,Muy bajo,,,Muy bajo,0.9,-1,-103.39,24.29,0,0,0,0,0,0
ZACATECAS,32,JUCHIPILA,32023,12251,6364,51.95,5887,48.05,3001,24.5,7481,61.06,1767,14.42,33537.13,0.37,52.36,0.26,,38.31,2.09,,Muy bajo,,,Muy bajo,0.9,-1.02,-103.12,21.41,0,0,0,0,0,0
ZACATECAS,32,LORETO,32024,53709,27442,51.09,26267,48.91,17351,32.31,32719,60.92,3547,6.6,42465.82,1.26,51.06,0.3,,51.72,4.08,,Muy bajo,,,Muy bajo,0.9,-1.01,-101.99,22.27,0,0,0,0,0,0
ZACATECAS,32,LUIS MOYA,32025,13184,6750,51.2,6434,48.8,4151,31.49,7905,59.96,1128,8.56,17502.79,0.75,47.03,0.2,,49.9,4.12,,Muy bajo,,,Muy bajo,0.89,-1.05,-102.25,22.43,0,0,0,0,0,0
ZACATECAS,32,MAZAPIL,32026,17774,8663,48.74,9111,51.26,5433,30.57,10283,57.85,2042,11.49,1198759.99,0.01,100,0.11,,44.07,7.06,,Medio,,,Bajo,0.84,-0.33,-101.55,24.64,0,0,0,0,0,0
ZACATECAS,32,MELCHOR OCAMPO,32027,2736,1281,46.82,1455,53.18,815,29.79,1652,60.38,269,9.83,186204.86,0.01,100,0,,56.02,6.62,,Medio,,,Bajo,0.85,-0.37,-101.64,24.83,0,0,0,0,0,0
ZACATECAS,32,MEZQUITAL DEL ORO,32028,2451,1235,50.39,1216,49.61,653,26.64,1440,58.75,358,14.61,48200.85,0.05,100,0.57,,57.55,4.55,,Bajo,,,Bajo,0.87,-0.26,-103.36,21.22,0,0,0,0,0,0
ZACATECAS,32,MIGUEL AUZA,32029,23713,12138,51.19,11575,48.81,7720,32.56,14158,59.71,1835,7.74,109392.12,0.22,37.52,0.08,,61.4,3.66,,Muy bajo,,,Muy bajo,0.9,-0.87,-103.45,24.29,0,0,0,0,0,0
ZACATECAS,32,MOMAX,32030,2446,1261,51.55,1185,48.45,578,23.63,1469,60.06,399,16.31,16017.41,0.15,100,0.29,,44.55,2.29,,Bajo,,,Muy bajo,0.88,-0.94,-103.31,21.92,0,0,0,0,0,0
ZACATECAS,32,MONTE ESCOBEDO,32031,8683,4399,50.66,4284,49.34,2133,24.57,5066,58.34,1484,17.09,158297.62,0.05,100,0.84,,46.43,2.09,,Bajo,,,Muy bajo,0.88,-0.8,-103.56,22.3,0,0,0,0,0,0
ZACATECAS,32,MORELOS,32032,13207,6655,50.39,6552,49.61,3484,26.38,8677,65.7,1023,7.75,17897.79,0.74,42.92,0.77,,29.1,1.61,,Muy bajo,,,Muy bajo,0.92,-1.21,-102.61,22.86,0,0,0,0,0,0
ZACATECAS,32,MOYAHUA DE ESTRADA,32033,4530,2312,51.04,2218,48.96,1104,24.37,2622,57.88,804,17.75,53527.23,0.08,100,0.33,,44.43,3.13,,Bajo,,,Muy bajo,0.88,-0.8,-103.17,21.27,0,0,0,0,0,0
ZACATECAS,32,NOCHISTLAN DE MEJIA,32034,27945,14463,51.76,13482,48.24,7317,26.18,16625,59.49,3996,14.3,86931.38,0.32,39.83,0.24,,40.33,1.39,,Muy bajo,,,Muy bajo,0.9,-0.99,-102.85,21.36,0,0,0,0,0,0
ZACATECAS,32,NORIA DE ANGELES,32035,16284,8384,51.49,7900,48.51,5150,31.63,9792,60.13,1331,8.17,40419.92,0.4,100,0.09,,61.28,6.45,,Bajo,,,Muy bajo,0.87,-0.72,-101.91,22.44,0,0,0,0,0,0
ZACATECAS,32,OJOCALIENTE,32036,44144,22882,51.83,21262,48.17,14158,32.07,26566,60.18,3385,7.67,63799.04,0.69,49.49,0.29,,56.32,6.96,,Bajo,,,Muy bajo,0.88,-0.84,-102.25,22.57,0,0,0,0,0,0
ZACATECAS,32,PANUCO,32037,17577,8797,50.05,8780,49.95,5431,30.9,10868,61.83,1278,7.27,67493.78,0.26,71.09,0.97,,56.63,6.37,,Bajo,,,Bajo,0.86,-0.56,-102.54,22.88,0,0,0,0,0,0
ZACATECAS,32,PINOS,32038,72241,37485,51.89,34756,48.11,22846,31.62,42913,59.4,6458,8.94,313579.76,0.23,91.27,0.07,,67.61,7.17,,Medio,,,Bajo,0.85,-0.4,-101.58,22.3,0,0,0,0,0,0
ZACATECAS,32,RIO GRANDE,32039,64535,33255,51.53,31280,48.47,17326,26.85,41271,63.95,5934,9.2,181875.49,0.35,45.69,0.31,,45.57,3.31,,Muy bajo,,,Muy bajo,0.9,-1.01,-103.03,23.83,0,0,0,0,0,0
ZACATECAS,32,SAIN ALTO,32040,21844,11201,51.28,10643,48.72,6812,31.18,12974,59.39,2058,9.42,139960.74,0.16,75.76,0.04,,61.9,3.48,,Bajo,,,Muy bajo,0.87,-0.77,-103.25,23.58,0,0,0,0,0,0
ZACATECAS,32,EL SALVADOR,32041,2509,1235,49.22,1274,50.78,662,26.39,1446,57.63,401,15.98,61723.7,0.04,100,0.12,,55.02,9.72,,Alto,,,Bajo,0.82,-0.18,-100.87,24.52,0,0,0,0,0,0
ZACATECAS,32,SOMBRERETE,32042,63665,32198,50.57,31467,49.43,18390,28.89,39472,62,5760,9.05,359356.46,0.18,60.63,0.08,,38.06,2.8,,Muy bajo,,,Muy bajo,0.9,-0.91,-103.64,23.63,0,0,0,0,0,0
ZACATECAS,32,SUSTICACAN,32043,1365,701,51.36,664,48.64,329,24.1,821,60.15,215,15.75,19747.81,0.07,100,0.15,,56.51,5.62,,Medio,,,Bajo,0.85,-0.59,-103.1,22.61,0,0,0,0,0,0
ZACATECAS,32,TABASCO,32044,16588,8481,51.13,8107,48.87,4678,28.2,10055,60.62,1854,11.18,40605.12,0.41,51.22,0.36,,55.27,4.67,,Muy bajo,,,Muy bajo,0.89,-0.9,-102.91,21.87,0,0,0,0,0,0
ZACATECAS,32,TEPECHITLAN,32045,8321,4337,52.12,3984,47.88,2229,26.79,4916,59.08,1176,14.13,53912.3,0.15,100,0.32,,54.91,2.86,,Bajo,,,Muy bajo,0.88,-0.86,-103.33,21.67,0,0,0,0,0,0
ZACATECAS,32,TEPETONGO,32046,6490,3284,50.6,3206,49.4,1409,21.71,3756,57.87,1325,20.42,71692.15,0.09,100,0.05,,51.32,2.82,,Bajo,,,Muy bajo,0.87,-0.75,-103.15,22.46,0,0,0,0,0,0
ZACATECAS,32,TEUL DE GONZALEZ ORTEGA,32047,5356,2744,51.23,2612,48.77,1396,26.06,3234,60.38,725,13.54,67305.48,0.08,100,0.43,,38.95,1.34,,Muy bajo,,,Muy bajo,0.89,-0.95,-103.46,21.46,0,0,0,0,0,0
ZACATECAS,32,TLALTENNANGO DE SANCHEZ ROMAN,32048,27302,14078,51.56,13224,48.44,7595,27.82,16912,61.94,2792,10.23,73854.69,0.37,34.5,2.57,,37.46,3.12,,Muy bajo,,,Muy bajo,0.9,-0.88,-103.31,21.78,0,0,0,0,0,0
ZACATECAS,32,VALPARAISO,32049,32461,16432,50.62,16029,49.38,9042,27.85,18560,57.18,4520,13.92,564739.71,0.06,58.17,3.57,,47.33,5.4,,Bajo,,,Bajo,0.86,-0.48,-103.57,22.77,0,0,0,0,0,0
ZACATECAS,32,VETAGRANDE,32050,10276,5271,51.29,5005,48.71,3104,30.21,6463,62.89,709,6.9,15824.42,0.65,100,0.02,,51.49,3.3,,Bajo,,,Muy bajo,0.88,-0.97,-102.56,22.83,0,0,0,0,0,0
ZACATECAS,32,VILLA DE COS,32051,34623,17368,50.16,17255,49.84,10394,30.02,21216,61.28,2973,8.59,659703.89,0.05,65.91,0.91,,69.41,7.03,,Bajo,,,Bajo,0.87,-0.62,-102.35,23.29,0,0,0,0,0,0
ZACATECAS,32,VILLA GARCIA,32052,19525,9898,50.69,9627,49.31,5816,29.79,12167,62.31,1542,7.9,33823.05,0.58,64.09,0.02,,33.27,1.76,,Muy bajo,,,Muy bajo,0.9,-0.98,-101.96,22.16,0,0,0,0,0,0
ZACATECAS,32,VILLA GONZALEZ ORTEGA,32053,13208,6933,52.49,6275,47.51,4281,32.41,7759,58.74,1168,8.84,42737.52,0.31,49.95,0.03,,62.5,7.7,,Bajo,,,Muy bajo,0.88,-0.79,-101.91,22.51,0,0,0,0,0,0
ZACATECAS,32,VILLA HIDALGO,32054,19446,9942,51.13,9504,48.87,6365,32.73,11560,59.45,1512,7.78,37142.6,0.52,100,0.04,,74.89,9.01,,Bajo,,,Bajo,0.86,-0.69,-101.71,22.36,0,0,0,0,0,0
ZACATECAS,32,VILLANUEVA,32055,31558,15968,50.6,15590,49.4,8110,25.7,19165,60.73,4281,13.57,215650.56,0.15,56.77,0.1,,50.57,4.29,,Muy bajo,,,Muy bajo,0.89,-0.88,-102.88,22.35,0,0,0,0,0,0
ZACATECAS,32,ZACATECAS,32056,149607,77635,51.89,71972,48.11,34530,23.08,102517,68.52,12369,8.27,43678.57,3.43,7.46,0.72,,23.39,2.55,,Muy bajo,,,Muy bajo,0.94,-1.34,-102.57,22.78,0,0,0,0,0,0
ZACATECAS,32,TRANCOSO,32057,20455,10416,50.92,10039,49.08,6570,32.12,12620,61.7,1197,5.85,21844.7,0.94,16.79,0.19,,63.95,6.37,,Muy bajo,,,Muy bajo,0.89,-0.75,-102.37,22.74,0,0,0,0,0,0
ZACATECAS,32,SANTA MARIA DE LA PAZ,32058,2767,1417,51.21,1350,48.79,717,25.91,1641,59.31,409,14.78,27566.66,0.1,100,0.65,,47.96,2.44,,Bajo,,,Muy bajo,0.88,-0.73,-103.41,21.51,0,0,0,0,0,0
