"dates","ACONCHI","AGUA_PRIETA","ALAMOS","ALTAR","ARIVECHI","ARIZPE","BACADEHUACHI","BACANORA","BACERAC","BACOACHI","BACUM","BANAMICHI","BAVIACORA","BAVISPE","BENJAMIN_HILL","CABORCA","CAJEME","CANANEA","CARBO","LA_COLORADA","CUCURPE","CUMPAS","DIVISADEROS","EMPALME","ETCHOJOA","FRONTERAS","GRANADOS","GUAYMAS","HERMOSILLO","HUACHINERA","HUASABAS","HUATABAMPO","HUEPAC","IMURIS","MAGDALENA","MAZATAN","MOCTEZUMA","NACO","NACORI_CHICO","NACOZARI_DE_GARCIA","NAVOJOA","NOGALES","ONAVAS","OPODEPE","OQUITOA","PITIQUITO","PUERTO_PENASCO","QUIRIEGO","RAYON","ROSARIO","SAHUARIPA","SAN_FELIPE_DE_JESUS","SAN_JAVIER","SAN_LUIS_RIO_COLORADO","SAN_MIGUEL_DE_HORCASITAS","SAN_PEDRO_DE_LA_CUEVA","SANTA_ANA","SANTA_CRUZ","SARIC","SOYOPA","SUAQUI_GRANDE","TEPACHE","TRINCHERAS","TUBUTAMA","URES","VILLA_HIDALGO","VILLA_PESQUEIRA","YECORA","GENERAL_PLUTARCO_ELIAS_CALLES","BENITO_JUAREZ","SAN_IGNACIO_RIO_MUERTO"
"2020-03-03","0","0","0","0","0","0","0","0","0","0","0","0","0","0","0","0","0","0","0","0","0","0","0","0","0","0","0","0","0","0","0","0","0","0","0","0","0","0","0","0","0","0","0","0","0","0","0","0","0","0","0","0","0","0","0","0","0","0","0","0","0","0","0","0","0","0","0","0","0","0","0"
"2020-03-04","0","0","0","0","0","0","0","0","0","0","0","0","0","0","0","0","0","0","0","0","0","0","0","0","0","0","0","0","0","0","0","0","0","0","0","0","0","0","0","0","0","0","0","0","0","0","0","0","0","0","0","0","0","0","0","0","0","0","0","0","0","0","0","0","0","0","0","0","0","0","0"
"2020-03-05","0","0","0","0","0","0","0","0","0","0","0","0","0","0","0","0","0","0","0","0","0","0","0","0","0","0","0","0","0","0","0","0","0","0","0","0","0","0","0","0","0","0","0","0","0","0","0","0","0","0","0","0","0","0","0","0","0","0","0","0","0","0","0","0","0","0","0","0","0","0","0"
"2020-03-06","0","0","0","0","0","0","0","0","0","0","0","0","0","0","0","0","0","0","0","0","0","0","0","0","0","0","0","0","0","0","0","0","0","0","0","0","0","0","0","0","0","0","0","0","0","0","0","0","0","0","0","0","0","0","0","0","0","0","0","0","0","0","0","0","0","0","0","0","0","0","0"
"2020-03-07","0","0","0","0","0","0","0","0","0","0","0","0","0","0","0","0","0","0","0","0","0","0","0","0","0","0","0","0","0","0","0","0","0","0","0","0","0","0","0","0","0","0","0","0","0","0","0","0","0","0","0","0","0","0","0","0","0","0","0","0","0","0","0","0","0","0","0","0","0","0","0"
"2020-03-08","0","0","0","0","0","0","0","0","0","0","0","0","0","0","0","0","0","0","0","0","0","0","0","0","0","0","0","0","0","0","0","0","0","0","0","0","0","0","0","0","0","0","0","0","0","0","0","0","0","0","0","0","0","0","0","0","0","0","0","0","0","0","0","0","0","0","0","0","0","0","0"
"2020-03-09","0","0","0","0","0","0","0","0","0","0","0","0","0","0","0","0","0","0","0","0","0","0","0","0","0","0","0","0","0","0","0","0","0","0","0","0","0","0","0","0","0","0","0","0","0","0","0","0","0","0","0","0","0","0","0","0","0","0","0","0","0","0","0","0","0","0","0","0","0","0","0"
"2020-03-10","0","0","0","0","0","0","0","0","0","0","0","0","0","0","0","0","0","0","0","0","0","0","0","0","0","0","0","0","0","0","0","0","0","0","0","0","0","0","0","0","0","0","0","0","0","0","0","0","0","0","0","0","0","0","0","0","0","0","0","0","0","0","0","0","0","0","0","0","0","0","0"
"2020-03-11","0","0","0","0","0","0","0","0","0","0","0","0","0","0","0","0","0","0","0","0","0","0","0","0","0","0","0","0","0","0","0","0","0","0","0","0","0","0","0","0","0","0","0","0","0","0","0","0","0","0","0","0","0","0","0","0","0","0","0","0","0","0","0","0","0","0","0","0","0","0","0"
"2020-03-12","0","0","0","0","0","0","0","0","0","0","0","0","0","0","0","0","0","0","0","0","0","0","0","0","0","0","0","0","0","0","0","0","0","0","0","0","0","0","0","0","0","0","0","0","0","0","0","0","0","0","0","0","0","0","0","0","0","0","0","0","0","0","0","0","0","0","0","0","0","0","0"
"2020-03-13","0","0","0","0","0","0","0","0","0","0","0","0","0","0","0","0","0","0","0","0","0","0","0","0","0","0","0","0","0","0","0","0","0","0","0","0","0","0","0","0","0","0","0","0","0","0","0","0","0","0","0","0","0","0","0","0","0","0","0","0","0","0","0","0","0","0","0","0","0","0","0"
"2020-03-14","0","0","0","0","0","0","0","0","0","0","0","0","0","0","0","0","0","0","0","0","0","0","0","0","0","0","0","0","0","0","0","0","0","0","0","0","0","0","0","0","0","0","0","0","0","0","0","0","0","0","0","0","0","0","0","0","0","0","0","0","0","0","0","0","0","0","0","0","0","0","0"
"2020-03-15","0","0","0","0","0","0","0","0","0","0","0","0","0","0","0","0","0","0","0","0","0","0","0","0","0","0","0","0","0","0","0","0","0","0","0","0","0","0","0","0","0","0","0","0","0","0","0","0","0","0","0","0","0","0","0","0","0","0","0","0","0","0","0","0","0","0","0","0","0","0","0"
"2020-03-16","0","0","0","0","0","0","0","0","0","0","0","0","0","0","0","0","0","0","0","0","0","0","0","0","0","0","0","0","0","0","0","0","0","0","0","0","0","0","0","0","0","0","0","0","0","0","0","0","0","0","0","0","0","0","0","0","0","0","0","0","0","0","0","0","0","0","0","0","0","0","0"
"2020-03-17","0","0","0","0","0","0","0","0","0","0","0","0","0","0","0","0","0","0","0","0","0","0","0","0","0","0","0","0","0","0","0","0","0","0","0","0","0","0","0","0","0","0","0","0","0","0","0","0","0","0","0","0","0","0","0","0","0","0","0","0","0","0","0","0","0","0","0","0","0","0","0"
"2020-03-18","0","0","0","0","0","0","0","0","0","0","0","0","0","0","0","0","0","0","0","0","0","0","0","0","0","0","0","0","0","0","0","0","0","0","0","0","0","0","0","0","0","0","0","0","0","0","0","0","0","0","0","0","0","0","0","0","0","0","0","0","0","0","0","0","0","0","0","0","0","0","0"
"2020-03-19","0","0","0","0","0","0","0","0","0","0","0","0","0","0","0","0","0","0","0","0","0","0","0","0","0","0","0","0","0","0","0","0","0","0","0","0","0","0","0","0","0","0","0","0","0","0","0","0","0","0","0","0","0","0","0","0","0","0","0","0","0","0","0","0","0","0","0","0","0","0","0"
"2020-03-20","0","0","0","0","0","0","0","0","0","0","0","0","0","0","0","0","0","0","0","0","0","0","0","0","0","0","0","0","0","0","0","0","0","0","0","0","0","0","0","0","0","0","0","0","0","0","0","0","0","0","0","0","0","0","0","0","0","0","0","0","0","0","0","0","0","0","0","0","0","0","0"
"2020-03-21","0","0","0","0","0","0","0","0","0","0","0","0","0","0","0","0","0","0","0","0","0","0","0","0","0","0","0","0","0","0","0","0","0","0","0","0","0","0","0","0","0","0","0","0","0","0","0","0","0","0","0","0","0","0","0","0","0","0","0","0","0","0","0","0","0","0","0","0","0","0","0"
"2020-03-22","0","0","0","0","0","0","0","0","0","0","0","0","0","0","0","0","0","0","0","0","0","0","0","0","0","0","0","0","0","0","0","0","0","0","0","0","0","0","0","0","0","0","0","0","0","0","0","0","0","0","0","0","0","0","0","0","0","0","0","0","0","0","0","0","0","0","0","0","0","0","0"
"2020-03-23","0","0","0","0","0","0","0","0","0","0","0","0","0","0","0","0","0","0","0","0","0","0","0","0","0","0","0","0","0","0","0","0","0","0","0","0","0","0","0","0","0","0","0","0","0","0","0","0","0","0","0","0","0","0","0","0","0","0","0","0","0","0","0","0","0","0","0","0","0","0","0"
"2020-03-24","0","0","0","0","0","0","0","0","0","0","0","0","0","0","0","0","0","0","0","0","0","0","0","0","0","0","0","0","0","0","0","0","0","0","0","0","0","0","0","0","0","0","0","0","0","0","0","0","0","0","0","0","0","0","0","0","0","0","0","0","0","0","0","0","0","0","0","0","0","0","0"
"2020-03-25","0","0","0","0","0","0","0","0","0","0","0","0","0","0","0","0","0","0","0","0","0","0","0","0","0","0","0","0","0","0","0","0","0","0","0","0","0","0","0","0","0","0","0","0","0","0","0","0","0","0","0","0","0","0","0","0","0","0","0","0","0","0","0","0","0","0","0","0","0","0","0"
"2020-03-26","0","0","0","0","0","0","0","0","0","0","0","0","0","0","0","0","0","0","0","0","0","0","0","0","0","0","0","0","0","0","0","0","0","0","0","0","0","0","0","0","0","0","0","0","0","0","0","0","0","0","0","0","0","0","0","0","0","0","0","0","0","0","0","0","0","0","0","0","0","0","0"
"2020-03-27","0","0","0","0","0","0","0","0","0","0","0","0","0","0","0","0","0","0","0","0","0","0","0","0","0","0","0","0","0","0","0","0","0","0","0","0","0","0","0","0","0","0","0","0","0","0","0","0","0","0","0","0","0","0","0","0","0","0","0","0","0","0","0","0","0","0","0","0","0","0","0"
"2020-03-28","0","0","0","0","0","0","0","0","0","0","0","0","0","0","0","0","0","0","0","0","0","0","0","0","0","0","0","0","0","0","0","0","0","0","0","0","0","0","0","0","0","0","0","0","0","0","0","0","0","0","0","0","0","0","0","0","0","0","0","0","0","0","0","0","0","0","0","0","0","0","0"
"2020-03-29","0","0","0","0","0","0","0","0","0","0","0","0","0","0","0","0","0","0","0","0","0","0","0","0","0","0","0","0","0","0","0","0","0","0","0","0","0","0","0","0","0","0","0","0","0","0","0","0","0","0","0","0","0","0","0","0","0","0","0","0","0","0","0","0","0","0","0","0","0","0","0"
"2020-03-30","0","0","0","0","0","0","0","0","0","0","0","0","0","0","0","0","0","0","0","0","0","0","0","0","0","0","0","0","0","0","0","0","0","0","0.144086198127168","0","0","0","0","0","0","0","0","0","0","0","0","0","0","0","0","0","0","0","0","0","0","0","0","0","0","0","0","0","0","0","0","0","0","0","0"
"2020-03-31","0","0","0","0","0","0","0","0","0","0","0","0","0","0","0","0","0","0","0","0","0","0","0","0","0","0","0","0","0","0","0","0","0","0","0.144086198127168","0","0","0","0","0","0","0","0","0","0","0","0","0","0","0","0","0","0","0","0","0","0","0","0","0","0","0","0","0","0","0","0","0","0","0","0"
"2020-04-01","0","0","0","0","0","0","0","0","0","0","0","0","0","0","0","0","0","0","0","0","0","0","0","0","0","0","0","0","0","0","0","0","0","0","0.144086198127168","0","0","0","0","0","0","0","0","0","0","0","0","0","0","0","0","0","0","0","0","0","0","0","0","0","0","0","0","0","0","0","0","0","0","0","0"
"2020-04-02","0","0","0","0","0","0","0","0","0","0","0","0","0","0","0","0","0","0","0","0","0","0","0","0","0","0","0","0","0","0","0","0","0","0","0.144086198127168","0","0","0","0","0","0","0","0","0","0","0","0","0","0","0","0","0","0","0","0","0","0","0","0","0","0","0","0","0","0","0","0","0","0","0","0"
"2020-04-03","0","0","0","0","0","0","0","0","0","0","0","0","0","0","0","0","0","0","0","0","0","0","0","0","0","0","0","0","0","0","0","0","0","0","0.144086198127168","0","0","0","0","0","0","0","0","0","0","0","0","0","0","0","0","0","0","0","0","0","0","0","0","0","0","0","0","0","0","0","0","0","0","0","0"
"2020-04-04","0","0","0","0","0","0","0","0","0","0","0","0","0","0","0","0","0","0","0","0","0","0","0","0","0","0","0","0","0","0","0","0","0","0","0.144086198127168","0","0","0","0","0","0","0","0","0","0","0","0","0","0","0","0","0","0","0","0","0","0","0","0","0","0","0","0","0","0","0","0","0","0","0","0"
"2020-04-05","0","0","0","0","0","0","0","0","0","0","0","0","0","0","0","0","0","0","0","0","0","0","0","0","0","0","0","0","0","0","0","0","0","0","0.144086198127168","0","0","0","0","0","0","0.0179842465194188","0","0","0","0","0","0","0","0","0","0","0","0.0239266447355041","0","0","0","0","0","0","0","0","0","0","0","0","0","0","0","0","0"
"2020-04-06","0","0","0","0","0","0","0","0","0","0","0","0","0","0","0","0.0534313049741339","0","0","0","0","0","0","0","0","0","0","0","0","0","0","0","0","0","0","0.144086198127168","0","0","0","0","0","0","0.0179842465194188","0","0","0","0","0","0","0","0","0","0","0","0.0239266447355041","0","0","0","0","0","0","0","0","0","0","0","0","0","0","0","0","0"
"2020-04-07","0","0","0","0","0","0","0","0","0","0","0","0","0","0","0","0.0534313049741339","0.0109096891567727","0","0","0","0","0","0","0","0","0","0","0","0","0","0","0","0","0","0.144086198127168","0","0","0","0","0","0","0.0179842465194188","0","0","0","0","0","0","0","0","0","0","0","0.0239266447355041","0","0","0","0","0","0","0","0","0","0","0","0","0","0","0","0","0"
"2020-04-08","0","0","0","0","0","0","0","0","0","0","0","0","0","0","0","0.0534313049741339","0.0109096891567727","0","0","0","0","0","0","0","0","0","0","0","0","0","0","0.0612999763382091","0","0","0.144086198127168","0","0","0","0","0","0","0.0179842465194188","0","0","0","0","0","0","0","0","0","0","0","0.0239266447355041","0","0","0","0","0","0","0","0","0","0","0","0","0","0","0","0","0"
"2020-04-09","0","0","0","0","0","0","0","0","0","0","0","0","0","0","0","0.0534313049741339","0.0109096891567727","0","0","0","0","0","0","0","0","0","0","0","0.00508607598709418","0","0","0.0612999763382091","0","0","0.144086198127168","0","0","0","0","0","0","0.0179842465194188","0","0","0","0","0","0","0","0","0","0","0","0.0239266447355041","0","0","0","0","0","0","0","0","0","0","0","0","0","0","0","0","0"
"2020-04-10","0","0","0","0","0","0","0","0","0","0","0","0","0","0","0","0.0534313049741339","0.0109096891567727","0","0","0","0","0","0","0","0","0","0","0","0.00508607598709418","0","0","0.0612999763382091","0","0","0.144086198127168","0","0","0","0","0","0","0.0179842465194188","0","0","0","0","0","0","0","0","0","0","0","0.0239266447355041","0","0","0","0","0","0","0","0","0","0","0","0","0","0","0","0","0"
"2020-04-11","0","0","0","0","0","0","0","0","0","0","0","0","0","0","0","0.0534313049741339","0.0109096891567727","0","0","0","0","0","0","0","0","0","0","0","0.00508607598709418","0","0","0.122599952676418","0","0","0.144086198127168","0","0","0","0","0","0","0.0179842465194188","0","0","0","0","0","0","0","0","0","0","0","0.0239266447355041","0","0","0","0","0","0","0","0","0","0","0","0","0","0","0","0","0"
"2020-04-12","0","0","0","0","0","0","0","0","0","0","0","0","0","0","0","0.0534313049741339","0.0109096891567727","0","0","0","0","0","0","0","0","0","0","0","0.00508607598709418","0","0","0.122599952676418","0","0","0.288172396254335","0","0","0","0","0","0","0.0359684930388377","0","0","0","0","0","0","0","0","0","0","0","0.0239266447355041","0","0","0","0","2.31385071035217","0","0","0","0","0","0","0","0","0","0","0","0"
"2020-04-13","0","0","0","0","0","0","0","0","0","0","0","0","0","0","0","0.0534313049741339","0.0109096891567727","0","0","0","0","0","0","0","0","0","0","0","0.00508607598709418","0","0","0.122599952676418","0","0","0.288172396254335","0","0","0","0","0","0","0.0359684930388377","0","0","0","0","0","0","0","0","0","0","0","0.0478532894710082","0","0","0","0","2.31385071035217","0","0","0","0","0","0","0","0","0","0","0","0"
"2020-04-14","0","0","0","0","0","0","0","0","0","0","0","0","0","0","0","0.0534313049741339","0.0109096891567727","0","0","0","0","0","0","0","0","0","0","0","0.00508607598709418","0","0","0.122599952676418","0","0","0.288172396254335","0","0","0","0","0","0","0.0359684930388377","0","0","0","0","0","0","0","0","0","0","0","0.0717799342065123","0","0","0","0","2.31385071035217","0","0","0","0","0","0","0","0","0","0","0","0"
"2020-04-15","0","0","0","0","0","0","0","0","0","0","0","0","0","0","0","0.106862609948268","0.0109096891567727","0","0","0","0","0","0","0","0","0","0","0","0.00508607598709418","0","0","0.122599952676418","0","0","0.288172396254335","0","0","0","0","0","0","0.0359684930388377","0","0","0","0","0","0","0","0","0","0","0","0.119633223677521","0","0","0","0","2.31385071035217","0","0","0","0","0","0","0","0","0","0","0","0"
"2020-04-16","0","0","0","0","0","0","0","0","0","0","0","0","0","0","0","0.106862609948268","0.0109096891567727","0","0","0","0","0","0","0","0","0","0","0","0.00508607598709418","0","0","0.122599952676418","0","0","0.288172396254335","0","0","0","0","0","0","0.0359684930388377","0","0","0","0","0","0","0","0","0","0","0","0.119633223677521","0","0","0","0","2.31385071035217","0","0","0","0","0","0","0","0","0","0","0","0"
"2020-04-17","0","0","0","0","0","0","0","0","0","0","0","0","0","0","0","0.106862609948268","0.0109096891567727","0","0","0","0","0","0","0","0","0","0","0","0.0101721519741884","0","0","0.122599952676418","0","0","0.288172396254335","0","0","0","0","0","0","0.0359684930388377","0","0","0","0","0","0","0","0","0","0","0","0.119633223677521","0","0","0","0","2.31385071035217","0","0","0","0","0","0","0","0","0","0","0","0"
"2020-04-18","0","0","0","0","0","0","0","0","0","0","0","0","0","0","0","0.106862609948268","0.0109096891567727","0","0","0","0","0","0","0","0","0","0","0","0.0101721519741884","0","0","0.122599952676418","0","0","0.288172396254335","0","0","0","0","0","0","0.0359684930388377","0","0","0","0","0","0","0","0","0","0","0","0.143559868413025","0","0","0","0","2.31385071035217","0","0","0","0","0","0","0","0","0","0","0","0"
"2020-04-19","0","0","0","0","0","0","0","0","0","0","0","0","0","0","0","0.106862609948268","0.0109096891567727","0","0","0","0","0","0","0","0","0","0","0","0.0101721519741884","0","0","0.122599952676418","0","0","0.288172396254335","0","0","0","0","0","0","0.0359684930388377","0","0","0","0","0","0","0","0","0","0","0","0.191413157884033","0","0","0","0","2.31385071035217","0","0","0","0","0","0","0","0","0","0","0","0"
"2020-04-20","0","0","0","0","0","0","0","0","0","0","0","0","0","0","0","0.106862609948268","0.0109096891567727","0","0","0","0","0","0","0","0.0776705665058109","0","0","0","0.0101721519741884","0","0","0.122599952676418","0","0","0.144086198127168","0","0","0","0","0","0","0.0539527395582565","0","0","0","0","0","0","0","0","0","0","0","0.239266447355041","0","0","0","0","2.31385071035217","0","0","0","0","0","0","0","0","0","0","0","0"
"2020-04-21","0","0","0","0","0","0","0","0","0","0","0","0","0","0","0","0.160293914922402","0.0109096891567727","0","0","0","0","0","0","0","0.0776705665058109","0","0","0.0303570935268659","0.0101721519741884","0","0","0.122599952676418","0","0","0.144086198127168","0","0","0","0","0","0","0.0539527395582565","0","0","0","0","0","0","0","0","0","0","0","0.263193092090545","0","0","0","0","2.31385071035217","0","0","0","0","0","0","0","0","0","0","0","0"
"2020-04-22","0","0","0","0","0","0","0","0","0","0","0","0","0","0","0","0.160293914922402","0.0109096891567727","0","0","0","0","0","0","0","0.0776705665058109","0","0","0.0303570935268659","0.0101721519741884","0","0","0.122599952676418","0","0","0.144086198127168","0","0","0","0","0","0","0.0539527395582565","0","1.95320129692566","0","0","0","0","0","0","0","0","0","0.311046381561553","0","0","0","0","2.31385071035217","0","0","0","0","0","0","0","0","0","0","0","0"
"2020-04-23","0","0","0","0","0","0","0","0","0","0","0","0","0","0","0","0.160293914922402","0.0109096891567727","0","0","0","0","0","0","0","0.0776705665058109","0","0","0.0303570935268659","0.0101721519741884","0","0","0.122599952676418","0","0","0.144086198127168","0","0","0","0","0","0","0.0539527395582565","0","1.95320129692566","0","0","0","0","0","0","0","0","0","0.334973026297057","0","0","0","0","2.31385071035217","0","0","0","0","0","0","0","0","0","0","0","0"
"2020-04-24","0","0","0","0","0","0","0","0","0","0","0","0","0","0","0","0.160293914922402","0.0109096891567727","0","0","0","0","0","0","0","0.0776705665058109","0","0","0.0303570935268659","0.0101721519741884","0","0","0.183899929014627","0","0","0.144086198127168","0","0","0","0","0","0","0.0539527395582565","0","1.95320129692566","0","0","0","0","0","0","0","0","0","0.334973026297057","0","0","0","0","2.31385071035217","0","0","0","0","0","0","0","0","0","0","0","0"
"2020-04-25","0","0","0","0","0","0","0","0","0","0","0","0","0","0","0","0.160293914922402","0.0109096891567727","0","0","0","0","0","0","0","0.0776705665058109","0","0","0.0303570935268659","0.0152582279612826","0","0","0.183899929014627","0","0","0.144086198127168","0","0","0","0","0","0","0.0539527395582565","0","1.95320129692566","0","0","0","0","0","0","0","0","0","0.334973026297057","0","0","0","0","2.31385071035217","0","0","0","0","0","0","0","0","0","0","0","0"
"2020-04-26","0","0","0","0","0","0","0","0","0","0","0","0","0","0","0","0.160293914922402","0.0109096891567727","0","0","0","0","0","0","0","0.0776705665058109","0","0","0.0303570935268659","0.0152582279612826","0","0","0.183899929014627","0","0","0.144086198127168","0","0","0","0","0","0","0.0359684930388377","0","1.95320129692566","0","0","0","0","0","0","0","0","0","0.311046381561553","0","0","0","0","2.31385071035217","0","0","0","0","0","0","0","0","0","0","0","0"
"2020-04-27","0","0","0","0","0","0","0","0","0","0","0","0","0","0","0","0.106862609948268","0.032729067470318","0","0","0","0","0","0","0","0.0776705665058109","0","0","0.0303570935268659","0.0203443039483767","0","0","0.183899929014627","0","0","0.144086198127168","0","0","0","0","0","0","0.0359684930388377","0","1.95320129692566","0","0","0","0","0","0","0","0","0","0.358899671032562","0","0","0","0","2.31385071035217","0","0","0","0","0","0","0","0","0","0","0","0"
"2020-04-28","0","0","0","0","0","0","0","0","0","0","0","0","0","0","0","0.106862609948268","0.0218193783135453","0","0","0","0","0","0","0","0.0776705665058109","0","0","0.0303570935268659","0.0254303799354709","0","0","0.245199905352837","0","0","0.144086198127168","0","0","0","0","0","0","0.0359684930388377","0","1.95320129692566","0","0","0","0","0","0","0","0","0","0.358899671032562","0","0","0","0","2.31385071035217","0","0","0","0","0","0","0","0","0","0","0","0"
"2020-04-29","0","0","0","0","0","0","0","0","0","0","0","0","0","0","0","0.106862609948268","0.0218193783135453","0","0","0","0","0","0","0","0.0776705665058109","0","0","0.0303570935268659","0.0254303799354709","0","0","0.183899929014627","0","0","0.144086198127168","0","0","0","0","0","0","0.0539527395582565","0","1.95320129692566","0","0","0","0","0","0","0","0","0","0.40675296050357","0","0","0","0","2.31385071035217","0","0","0","0","0","0","0","0","0","0","0","0"
"2020-04-30","0","0","0","0","0","0","0","0","0","0","0","0","0","0","0","0.106862609948268","0.0218193783135453","0","0","0","0","0","0","0","0.0776705665058109","0","0","0.0303570935268659","0.0203443039483767","0","0","0.183899929014627","0","0","0.144086198127168","0","0","0","0","0","0","0.0539527395582565","0","1.95320129692566","0","0","0","0","0","0","0","0","0","0.430679605239074","0","0","0","0","2.31385071035217","0","0","0","0","0","0","0","0","0","0","0","0"
"2020-05-01","0","0","0","0","0","0","0","0","0","0","0","0","0","0","0","0.106862609948268","0.0218193783135453","0","0","0","0","0","0","0","0.0776705665058109","0","0","0.0303570935268659","0.0203443039483767","0","0","0.183899929014627","0","0","0.144086198127168","0","0","0","0","0","0","0.0719369860776754","0","1.95320129692566","0","0","0","0","0","0","0","0","0","0.454606249974578","0","0","0","0","2.31385071035217","0","0","0","0","0","0","0","0","0","0","0","0"
"2020-05-02","0","0","0","0","0","0","0","0","0","0","0","0","0","0","0","0.106862609948268","0.0218193783135453","0","0","0","0","0","0","0","0.0776705665058109","0","0","0.0303570935268659","0.0203443039483767","0","0","0.122599952676418","0","0.379858388792658","0.144086198127168","0","0","0","0","0","0","0.0899212325970943","0","1.95320129692566","0","0","0","0","0","0","0","0","0","0.454606249974578","0","0","0.293890314256913","0","2.31385071035217","0","0","0","0","0","0","0","0","0","0","0","0"
"2020-05-03","0","0","0","0","0","0","0","0","0","0","0","0","0","0","0","0.106862609948268","0.0218193783135453","0","0","0","0","0","0","0","0.0776705665058109","0","0","0.0303570935268659","0.0203443039483767","0","0","0.122599952676418","0","0.379858388792658","0","0","0","0","0","0","0","0.0719369860776754","0","1.95320129692566","0","0","0","0","0","0","0","0","0","0.478532894710082","0","0","0.293890314256913","0","0","0","0","0","0","0","0","0","0","0","0","0","0"
"2020-05-04","0","0","0","0","0","0","0","0","0","0","0","0","0","0","0","0.106862609948268","0.0218193783135453","0","0","0","0","0","0","0","0.0776705665058109","0","0","0.0303570935268659","0.0254303799354709","0","0","0.122599952676418","0","0.379858388792658","0","0","0","0","0","0","0","0.0719369860776754","0","1.95320129692566","0","0","0","0","0","0","0","0","0","0.478532894710082","0","0","0.293890314256913","0","0","0","0","0","0","0","0","0","0","0","0","0","0"
"2020-05-05","0","0","0","0","0","0","0","0","0","0","0","0","0","0","0","0.106862609948268","0.0218193783135453","0","0","0","0","0","0","0","0.0776705665058109","0","0","0.0303570935268659","0.0254303799354709","0","0","0.122599952676418","0","0.379858388792658","0","0","0","0","0","0","0","0.0719369860776754","0","1.95320129692566","0","0","0","0","0","0","0","0","0","0.454606249974578","0","0","0.293890314256913","0","0","0","0","0","0","0","0","0","0","0","0","0","0"
"2020-05-06","0","0","0","0","0","0","0","0","0","0","0","0","0","0","0","0.0534313049741339","0.0218193783135453","0","0","0","0","0","0","0","0.0776705665058109","0","0","0.0303570935268659","0.0254303799354709","0","0","0.122599952676418","0","0.379858388792658","0","0","0","0","0","0","0","0.0719369860776754","0","1.95320129692566","0","0","0","0","0","0","0","0","0","0.40675296050357","0","0","0.293890314256913","0","0","0","0","0","0","0","0","0","0","0","0","0","0"
"2020-05-07","0","0","0","0","0","0","0","0","0","0","0","0","0","0","0","0.0534313049741339","0.0218193783135453","0","0","0","0","0","0","0","0.0776705665058109","0","0","0.0607141870537317","0.0305164559225651","0","0","0.122599952676418","0","0.379858388792658","0","0","0","0","0","0","0.0289676480616153","0.0719369860776754","0","1.95320129692566","0","0","0","0","0","0","0","0","0","0.40675296050357","0","0","0.293890314256913","0","0","0","0","0","0","0","0","0","0","0","0","0","0"
"2020-05-08","0","0","0","0","0","0","0","0","0","0","0","0","0","0","0","0.0534313049741339","0.032729067470318","0","0","0","0","0","0","0","0.0776705665058109","0","0","0.0607141870537317","0.0254303799354709","0","0","0.122599952676418","0","0.379858388792658","0","0","0","0","0","0","0.0289676480616153","0.0719369860776754","0","1.95320129692566","0","0","0","0","0","0","0","0","0","0.430679605239074","0","0","0.293890314256913","0","0","0","0","0","0","0","0","0","0","0","0","0","0"
"2020-05-09","0","0.0517998103090946","0","0","0","0","0","0","0","0","0","0","0","0","0","0.0534313049741339","0.0436387566270907","0","0","0","0","0","0","0","0.0776705665058109","0","0","0.0607141870537317","0.0254303799354709","0","0","0.122599952676418","0","0.379858388792658","0","0","0","0","0","0","0.0289676480616153","0.0719369860776754","0","1.95320129692566","0","0","0","0","0","0","0","0","0","0.430679605239074","0","0","0.293890314256913","0","0","0","0","0","0","0","0","0","0","0","0","0","0"
"2020-05-10","0","0.0517998103090946","0","0","0","0","0","0","0","0","0","0","0","0","0","0.106862609948268","0.0545484457838634","0","0","0","0","0","0","0","0.0776705665058109","0","0","0.0607141870537317","0.0254303799354709","0","0","0.122599952676418","0","0.379858388792658","0","0","0","0","0","0","0.0289676480616153","0.0719369860776754","0","1.95320129692566","0","0","0","0","0","0","0","0","0","0.430679605239074","0","0","0.293890314256913","0","0","0","0","0","0","0","0","0","0","0","0","0","0"
"2020-05-11","0","0.0517998103090946","0","0","0","0","0","0","0","0","0","0","0","0","0","0.106862609948268","0.065458134940636","0","0","0","0","0","0","0","0","0","0","0.0607141870537317","0.0305164559225651","0","0","0.122599952676418","0","0.379858388792658","0","0","0","0","0","0","0.0289676480616153","0.0719369860776754","0","1.95320129692566","0","0","0","0","0","0","0","0","0","0.40675296050357","0","0","0.293890314256913","0","0","0","0","0","0","0","0","0","0","0","0","0","0"
"2020-05-12","0","0.0517998103090946","0","0","0","0","0","0","0","0","0","0","0","0","0","0.0534313049741339","0.065458134940636","0","0","0","0","0","0","0","0.0776705665058109","0","0","0.0303570935268659","0.0305164559225651","0","0","0.122599952676418","0","0.379858388792658","0","0","0","0","0","0","0.0289676480616153","0.0719369860776754","0","1.95320129692566","0","0","0","0","0","0","0","0","0","0.382826315768066","0","0","0.293890314256913","0","0","0","0","0","0","0","0","0","0","0","0","0","0"
"2020-05-13","0","0.103599620618189","0","0","0","0","0","0","0","0","0","0","0","0","0","0.0534313049741339","0.0763678240974087","0","0","0","0","0","0","0","0.0776705665058109","0","0","0.0303570935268659","0.0356025319096593","0","0","0.122599952676418","0","0.379858388792658","0","0","0.920530593834286","0","0","0","0.0289676480616153","0.0719369860776754","0","0","0","0","0","0","0","0","0","0","0","0.334973026297057","0","0","0.293890314256913","0","0","0","0","0","0","0","0","0","0","0","0","0","0"
"2020-05-14","0","0.103599620618189","0","0","0","0","0","0","0","0","0","0","0","0","0","0.0534313049741339","0.0763678240974087","0","0","0","0","0","0","0","0.0776705665058109","0","0","0.0303570935268659","0.0406886078967535","0","0","0.122599952676418","0","0.379858388792658","0","0","0.920530593834286","0","0","0","0.0289676480616153","0.107905479116513","0","0","0","0","0","0","0","0","0","0","0","0.40675296050357","0","0","0.293890314256913","0","0","0","0","0","0","0","0","0","0","0","0","0","0"
"2020-05-15","0","0.103599620618189","0","0","0","0","0","0","0","0","0","0","0","0","0","0.0534313049741339","0.0872775132541813","0","0","0","0","0","0","0","0.0776705665058109","0","0","0.0303570935268659","0.0406886078967535","0","0","0.0612999763382091","0","0.379858388792658","0","0","0.920530593834286","0","0","0","0.086902944184846","0.107905479116513","0","0","0","0","0","0","0","0","0","0","0","0.454606249974578","0","0","0.293890314256913","0","0","0","0","0","0","0","0","0","0","0","0","0","0"
"2020-05-16","0","0.103599620618189","0","0","0","0","0","0","0","0","0","0","0","0","0","0.106862609948268","0.109096891567727","0","0","0","0","0","0","0","0.0776705665058109","0","0","0.0607141870537317","0.0406886078967535","0","0","0.0612999763382091","0","0.379858388792658","0","0","0.920530593834286","0","0","0","0.086902944184846","0.107905479116513","0","0","0","0","0","0","0","0","0","0","0","0.502459539445586","0","0","0.293890314256913","0","0","0","0","0","0","0","0","0","0","0","0","0","0"
"2020-05-17","0","0.103599620618189","0","0","0","0","0","0","0","0","0","0","0","0","0","0.106862609948268","0.130916269881272","0","0","0","0","0","0","0","0.0776705665058109","0","0","0.0910712805805976","0.0406886078967535","0","0","0.0612999763382091","0","0.379858388792658","0","0","0.920530593834286","0","0","0","0.115870592246461","0.125889725635932","0","0","0","0","0","0","0","0","0","0","0","0.646019407858611","0","0","0.293890314256913","0","0","0","0","0","0","0","0","0","0","0","0","0.219523546095554","0"
"2020-05-18","0","0.155399430927284","0","0","0","0","0","0","0","0","0","0","0","0","0","0.160293914922402","0.130916269881272","0","0","0","0","0","0","0","0.155341133011622","0","0","0.0910712805805976","0.0356025319096593","0","0","0.183899929014627","0","0.379858388792658","0","0","0.920530593834286","0","0","0","0.144838240308077","0.143873972155351","0","0","0","0","0","0","0","0","0","0","0","0.598166118387603","0","0","0.293890314256913","0","0","0","0","0","0","0","0","0","0","0","0","0.219523546095554","0"
"2020-05-19","0","0.155399430927284","0","0","0","0","0","0","0","0","0","0","0","0","0","0.160293914922402","0.185464715665135","0","0","0","0","0","0","0","0.155341133011622","0","0","0.0910712805805976","0.0356025319096593","0","0","0.122599952676418","0","0.379858388792658","0","0","0.920530593834286","0","0","0","0.144838240308077","0.16185821867477","0","0","0","0","0","0","0","0","0","0","0","0.646019407858611","0","0","0.293890314256913","0","0","0","0","0","0","0","0","0","0","0","0.349446302333952","0.219523546095554","0"
"2020-05-20","0","0.155399430927284","0","0","0","0","0","0","0","0","0","0","0","0","0","0.160293914922402","0.229103472292226","0","0","0","0","0","0","0","0.155341133011622","0","0","0.121428374107463","0.0406886078967535","0","0","0.122599952676418","0","0.379858388792658","0","0","0.920530593834286","0","0","0","0.144838240308077","0.179842465194189","0","0","0","0","0","0","0","0","0","0","0","0.669946052594115","0","0","0.293890314256913","0","0","0","0","0","0","0","0","0","0","0","0.349446302333952","0.219523546095554","0"
"2020-05-21","0","0.155399430927284","0","0","0","0","0","0","0","0","0","0","0","0","0","0.213725219896536","0.250922850605771","0","0","0","0","0","0","0","0.155341133011622","0","0","0.121428374107463","0.0406886078967535","0","0","0.183899929014627","0","0.379858388792658","0","0","0.920530593834286","0","0","0","0.144838240308077","0.197826711713607","0","0","0","0","0","0","0","0","0","0","0","0.646019407858611","0","0","0.293890314256913","0","0","0","0","0","0","0","0","0","0","0","0.349446302333952","0.219523546095554","0"
"2020-05-22","0","0.155399430927284","0","0","0","0","0","0","0","0","0","0","0","0","0","0.213725219896536","0.338200363859953","0","0","0","0","0","0","0","0.155341133011622","0","0","0.121428374107463","0.0457746838838477","0","0","0.183899929014627","0","0.379858388792658","0","0","0.920530593834286","0","0","0","0.231741184492923","0.179842465194189","0","0","0","0","0.075960770819518","0","0","0","0","0","0","0.669946052594115","0","0","0.293890314256913","0","0","0","0","0","0","0","0","0","0","0","0.349446302333952","0.219523546095554","0"
"2020-05-23","0","0.155399430927284","0","0","0","0","0","0","0","0","0","0","0","0","0","0.26715652487067","0.381839120487043","0","0","0","0","0","0","0","0.155341133011622","0","0","0.151785467634329","0.0661189878322244","0","0","0.183899929014627","0","0","0","0","0.920530593834286","0","0","0","0.318644128677769","0.179842465194189","0","0","0","0","0.075960770819518","0","0","0","0","0","0","0.765652631536131","0","0","0","0","0","0","0","0","0","0","0","0","0","0","0.349446302333952","0.219523546095554","0"
"2020-05-24","0","0.155399430927284","0","0","0","0","0","0","0","0","0","0","0","0","0","0.26715652487067","0.403658498800589","0","0","0","0","0","0","0","0.155341133011622","0","0","0.212499654688061","0.0915493677676953","0","0","0.183899929014627","0","0","0","0","0.920530593834286","0","0","0","0.376579424801","0.197826711713607","0","0","0","0","0.075960770819518","0","0","0","0","0","0","0.813505921007139","0","0","0","0","0","0","0","0","0","0","0","0","0","0","0.349446302333952","0.219523546095554","0"
"2020-05-25","0","0.155399430927284","0","0","0","0","0","0","0","0","0","0","0","0","0","0.320587829844803","0.512755390368316","0","0","0","0","0","0","0","0.155341133011622","0","0","0.212499654688061","0.111893671716072","0","0","0.183899929014627","0","0","0.144086198127168","0","0.920530593834286","0","0","0","0.43451472092423","0.215810958233026","0","0","0","0","0.075960770819518","0","0","0","0","0","0","0.837432565742644","0","0","0","0","0","0","0","0","0","0","0","0","0","0","0.349446302333952","0.219523546095554","0"
"2020-05-26","0","0.155399430927284","0","0","0","0","0","0","0","0","0","0","0","0","0","0.320587829844803","0.578213525308951","0","0","0","0","0","0","0","0.233011699517433","0","0","0.212499654688061","0.142410127638637","0","0","0.183899929014627","0","0","0.144086198127168","0","0.920530593834286","0","0","0","0.521417665109076","0.287747944310702","0","0","0","0","0.075960770819518","0","0","0","0","0","0","0.909212499949156","0","0","0","0","0","0","0","0","0","0","0","0","0","0","0.349446302333952","0.219523546095554","0"
"2020-05-27","0","0.155399430927284","0","0","0","0","0","0","0","0","0","0","0","0","0","0.427450439793071","0.709129795190224","0","0","0","0","0","0","0","0.233011699517433","0","0","0.212499654688061","0.152582279612826","0","0","0.245199905352837","0","0","0.144086198127168","0","0.920530593834286","0","0","0","0.521417665109076","0.323716437349539","0","0","0","0","0.075960770819518","0","0","0","0","0","0","0.980992434155668","0","0","0","0","0","0","0","0","0","0","0","0","0","0","0.349446302333952","0.219523546095554","0"
"2020-05-28","0","0.155399430927284","0","0","0","0","0","0","0","0","0","0","0","0","0","0.427450439793071","0.763678240974087","0","0","0","0","0","0","0","0.233011699517433","0","0","0.182142561161195","0.162754431587014","0","0","0.245199905352837","0","0","0.144086198127168","0","0.920530593834286","0","0","0","0.521417665109076","0.431621916466052","0","0","0","0","0.075960770819518","0","0","0","0","0","0","1.05277236836218","0","0","0","0","0","0","0","0","0","0","0","0","0","0","0.349446302333952","0.219523546095554","0"
"2020-05-29","0","0.207199241236379","0","0","0","0","0","0","0","0","0.205688944836282","0","0","0","0","0.427450439793071","0.905504200012132","0","0","0","0","0","0","0","0.233011699517433","0","0","0.212499654688061","0.183098735535391","0","0","0.245199905352837","0","0","0.144086198127168","0","0.920530593834286","0","0","0","0.579352961232307","0.485574656024309","0","0","0","0","0.075960770819518","0","0","0","0","0","0","1.10062565783319","0","0","0","0","0","0","0","0","0","0","0","0","0","0","0.349446302333952","0.219523546095554","0"
"2020-05-30","0","0.155399430927284","0","0","0","0","0","0","0","0","0.411377889672564","0","0","0","0","0.427450439793071","0.98187202410954","0","0","0","0","0","0","0","0.233011699517433","0","0","0.212499654688061","0.198356963496673","0","0","0.245199905352837","0","0","0.144086198127168","0","0.920530593834286","0","0","0","0.695223553478768","0.557511642101984","0","0","0","0","0.075960770819518","0","0","0","0","0","0","1.12455230256869","0","0","0","0","0","0","0","0","0","0","0","0","0","0","0.349446302333952","0.219523546095554","0"
"2020-05-31","0","0.155399430927284","0","0","0","0","0","0","0","0","0.411377889672564","0","0","0","0","0.427450439793071","1.0364204698934","0","0","0","0","0","0","0.0925882203710751","0.310682266023244","0","0","0.212499654688061","0.213615191457956","0","0","0.306499881691046","0","0","0.144086198127168","0","0.920530593834286","0","0","0","0.724191201540384","0.62944862817966","0","0","0","0","0.075960770819518","0","0","0","0","0","0","1.10062565783319","0","0","0","0","0","0","0","0","0","0","0","0","0","0","0.349446302333952","0.219523546095554","0"
"2020-06-01","0","0.155399430927284","0","0","0","0","0","0","0","0","0.411377889672564","0","0","0","0","0.480881744767205","1.06914953736372","0","0","0","0","0","0","0.0925882203710751","0.388352832529055","0","0","0.242856748214927","0.249217723367615","0","0","0.306499881691046","0","0","0.288172396254335","0","0.920530593834286","0","0","0","0.897997089910076","0.647432874699079","0","0","0","0","0.075960770819518","0","0","0","0","0","0","1.1484789473042","0","0","0","0","0","0","0","0","0","0","0","0","0","0","0.349446302333952","0.439047092191108","0"
"2020-06-02","0","0.155399430927284","0","0","0","0","0","0","0","0","0.411377889672564","0","0","0","0","0.534313049741339","1.18915611808822","0","0","0","0","0","0","0.0925882203710751","0.310682266023244","0","0","0.242856748214927","0.274648103303086","0","0","0.306499881691046","0","0","0.288172396254335","0","0.920530593834286","0","0","0","0.955932386033306","0.647432874699079","0","0","0","0","0.075960770819518","0","0","0","0","0","0","1.19633223677521","0","0","0","0","0","0","0","0","0","0","0","0","0","0","0.349446302333952","0.439047092191108","0"
"2020-06-03","0","0.155399430927284","0","0","0","0","0","0","0","0","0.411377889672564","0","0","0","0","0.534313049741339","1.26552394218563","0.120704285364243","0","0","0","0","0","0.0925882203710751","0.310682266023244","0","0","0.242856748214927","0.300078483238557","0","0","0.306499881691046","0","0","0.288172396254335","0","0","0","0","0","0.955932386033306","0.719369860776754","0","0","0","0","0.075960770819518","0","0","0","0","0","0","1.24418552624621","0","0","0","0","0","0","0","0","0","0","0","0","0","0","0.349446302333952","0.658570638286663","0"
"2020-06-04","0","0.207199241236379","0","0","0","0","0","0","0","0","0.411377889672564","0","0","0","0","0.587744354715473","1.35280145543981","0.241408570728487","0","0","0","0","0","0.0925882203710751","0.310682266023244","0","0","0.242856748214927","0.330594939161122","0","0","0.306499881691046","0","0","0.288172396254335","0","0","0","0","0","1.04283533021815","0.791306846854429","0","0","0","0","0.075960770819518","0","0","0","0","0","0","1.22025888151071","0","0","0","0","0","0","0","0","0","0","0","0","0","0","0.349446302333952","0.658570638286663","0"
"2020-06-05","0","0.207199241236379","0","0","0","0","0","0","0","0","0.411377889672564","0","0","0","0","0.641175659689607","1.46189834700754","0.241408570728487","0.962778965205168","0","0","0","0","0.0925882203710751","0.310682266023244","0.526701112919452","0","0.242856748214927","0.386541775019158","0","0","0.306499881691046","0","0","0.432258594381503","0","0","0","0","0","1.10077062634138","0.93518081900978","0","0","0","0","0.075960770819518","0","0","0","0","0","0","1.24418552624621","0","0","0","0","0","0","0","0","0","0","0","0","0","0","0.349446302333952","0.878094184382217","0"
"2020-06-06","0","0.207199241236379","0","0","0","0","0","0","0","0","0.411377889672564","0","0","0","0","0.587744354715473","1.53826617110495","0.241408570728487","0.962778965205168","0","0","0","0","0.0925882203710751","0.310682266023244","0.526701112919452","0","0.242856748214927","0.396713926993346","0","0","0.367799858029255","0","0","0.57634479250867","0","0","0","0","0","1.18767357052623","1.02510205160687","0","0","0","0","0.075960770819518","0","0","0","0","0","0","1.29203881571722","0","0","0","0","0","0","0","0","0","0","0","0","0","0","0.349446302333952","0.878094184382217","0.333490073667957"
"2020-06-07","0","0.258999051545473","0","0","0","0","0","0","0","0","0.617066834508846","0","0","0","0","0.641175659689607","1.64736306267267","0.241408570728487","0.962778965205168","0","0","0","0","0.0925882203710751","0.310682266023244","0.526701112919452","0","0.273213841741793","0.427230382915911","0","0","0.367799858029255","0","0","0.57634479250867","0","0","0","0","0","1.15870592246461","1.07905479116513","0","0","0","0","0.075960770819518","0","0","0","0","0","0","1.1484789473042","0","0","0","0","0","0","0","0","0","0","0","0","0","0","0.698892604667904","0.878094184382217","0.333490073667957"
"2020-06-08","0","0.258999051545473","0","0","0","0","0","0","0","0","1.02844472418141","0","0","0","0","0.587744354715473","1.74555026508363","0.241408570728487","0.962778965205168","0","0","0","0","0.0925882203710751","0.233011699517433","0.526701112919452","0","0.394642215849256","0.442488610877194","0","0","0.245199905352837","0","0","0.57634479250867","0","0","0","0","0","1.18767357052623","1.27688150287874","0","0","0","0","0.075960770819518","0","0","0","0","0","0","1.22025888151071","0","0","0.293890314256913","0","0","0","0","0","0","0","0","0","0","0","0.698892604667904","1.09761773047777","0.333490073667957"
"2020-06-09","0","0.258999051545473","0.190659223330588","0","0","0","0","0","0","0","1.02844472418141","0","0","0","0","0.641175659689607","1.81100840002426","0.241408570728487","0.962778965205168","0","0","0","0","0.0925882203710751","0.233011699517433","0.526701112919452","0","0.455356402902988","0.488263294761042","0","0","0.245199905352837","0","0","0.864517188763006","0","0","0","0","0","1.24560886664946","1.34881848895641","0","0","0","0","0.075960770819518","0","0","0","0","0","0","1.19633223677521","0","0","0.293890314256913","0","0","0","0","0","0","0","0","0","0","0","0.349446302333952","1.31714127657333","0.333490073667957"
"2020-06-10","0","0.310798861854568","0.190659223330588","0","0","0","0","0","0","0","1.02844472418141","0","0","0","0","0.641175659689607","1.9964731156894","0.241408570728487","0.962778965205168","0","0","0","0","0.18517644074215","0.310682266023244","0.526701112919452","0","0.485713496429854","0.523865826670701","0","0","0.245199905352837","0","0","0.864517188763006","0","0","0","0","0","1.30354416277269","1.40277122851467","0","0","0","0","0.075960770819518","0","0","0","0.905821716169823","0","0","1.26811217098172","0","0","0.293890314256913","0","0","0","0","0","0","0","0","0","0","0","0.349446302333952","1.31714127657333","0.333490073667957"
"2020-06-11","0","0.466198292781852","0.190659223330588","0","0","0","0","0","0","0","1.02844472418141","0","0","0","0","0.641175659689607","2.12738938557067","0.241408570728487","0.962778965205168","0","0","0","0","0.18517644074215","0.388352832529055","0.526701112919452","0","0.576784777010452","0.584898738515831","0","0","0.183899929014627","0","0.379858388792658","0.864517188763006","0","0","0","0","0","1.33251181083431","1.42075547503409","0","0","0","0","0.075960770819518","0","0","0","0.905821716169823","0","0","1.31596546045273","0.443834911166442","0","0.293890314256913","0","0","0","0","0","0","0","0","0","0","0","0.349446302333952","1.31714127657333","0.666980147335914"
"2020-06-12","0","0.621597723709136","0.190659223330588","0","0","0","0","0","0","0","1.02844472418141","0","0","0","0","0.694606964663741","2.21466689882485","0.241408570728487","0.962778965205168","0","0","0","0","0.18517644074215","0.388352832529055","0.526701112919452","0","0.576784777010452","0.640845574373867","0","0","0.183899929014627","0","0.379858388792658","1.00860338689017","0","0","0","0","0","1.24560886664946","1.49269246111176","0","0","0","0","0","0","0","0","0.905821716169823","0","0","1.38774539465924","0.887669822332885","0","0.293890314256913","0","0","0","0","0","0","0","0","0","0","0","0.698892604667904","1.53666482266888","0.666980147335914"
"2020-06-13","0","0.621597723709136","0.190659223330588","0","0","0","0","0","0","0","1.02844472418141","0","0","0","0","0.854900879586142","2.31285410123581","0.241408570728487","0.962778965205168","2.576788291074","0","0","0","0.277764661113225","0.388352832529055","0.526701112919452","0","0.576784777010452","0.676448106283526","0","0","0.183899929014627","0","0.379858388792658","1.00860338689017","0","0","0","0","0","1.15870592246461","1.56462944718944","0","0","0","0","0","0","0","0","0.905821716169823","0","0","1.31596546045273","0.887669822332885","0","0.293890314256913","0","0","0","0","0","0","0","0","0","0","0","0.698892604667904","1.53666482266888","0.666980147335914"
"2020-06-14","0","0.621597723709136","0.190659223330588","0","0","0","0","0","0","0","1.02844472418141","0","0","0","0","0.854900879586142","2.44377037111708","0.241408570728487","0.962778965205168","2.576788291074","0","0","0","0.277764661113225","0.466023399034866","0.526701112919452","0","0.576784777010452","0.706964562206091","0","0","0.245199905352837","0","0.379858388792658","1.00860338689017","0","0","0","0","0","1.24560886664946","1.60059794022828","0","0","0","0","0","0","0","0","0.905821716169823","0","0","1.31596546045273","0.887669822332885","0","0.293890314256913","0","0","0","0","0","0","0","0","0","0","0","0.698892604667904","1.53666482266888","0.666980147335914"
"2020-06-15","0","0.67339753401823","0.190659223330588","0","0","0","0","0","0","0","1.02844472418141","0","0","0","0","0.801469574612009","2.46558974943062","0.482817141456973","0.962778965205168","2.576788291074","0","0","0","0.277764661113225","0.543693965540676","0.526701112919452","0","0.576784777010452","0.767997474051222","0","0","0.367799858029255","0","0.379858388792658","0.864517188763006","0","0","0","0","0","1.27457651471108","1.70850341934479","0","0","0","0","0","0","0","0","1.81164343233965","0","0","1.33989210518823","0.887669822332885","0","0.293890314256913","0","0","0","0","0","0","0","0","0","0","0","0.698892604667904","1.53666482266888","1.00047022100387"
"2020-06-16","0","0.880596775254609","0.190659223330588","0","0","0","0","0","0","3.22841000807102","1.02844472418141","0","0","0","0","0.801469574612009","2.48740912774417","0.482817141456973","0.962778965205168","2.576788291074","0","0","0","0.277764661113225","0.621364532046487","0.526701112919452","0","0.667856057591049","0.808686081947975","0","0","0.367799858029255","0","0.379858388792658","0.864517188763006","0","0","0","0","0","1.24560886664946","1.85237739150014","0","0","0","0","0","0","0","0","1.81164343233965","0","0","1.31596546045273","0.887669822332885","0","0.293890314256913","0","0","0","0","0","0","0","0","0","0","0","0.698892604667904","1.53666482266888","1.00047022100387"
"2020-06-17","0","0.880596775254609","0.190659223330588","0","0","0","0","0","0","3.22841000807102","1.02844472418141","0","0","0","0","0.748038269637875","2.4764994385874","0.482817141456973","0.962778965205168","2.576788291074","0","0","0","0.3703528814843","0.621364532046487","0.526701112919452","0","0.698213151117915","0.854460765831823","0","0","0.306499881691046","0","0.759716777585316","1.00860338689017","0","0","0","0","0","1.30354416277269","1.87036163801956","0","0","0","0.52202420104196","0","0","0","0","1.81164343233965","0","0","1.36381874992373","0.887669822332885","0","0.293890314256913","0","0","0","0","0","0","0","0","0","0","0","0.698892604667904","1.97571191485999","1.00047022100387"
"2020-06-18","0","0.932396585563704","0.190659223330588","0","0","0","0","0","0","3.22841000807102","1.02844472418141","0","0","0","0","0.96176348953441","2.50922850605771","0.603521426821216","0.962778965205168","2.576788291074","0","0","0","0.3703528814843","0.621364532046487","0.526701112919452","0","0.728570244644781","0.925665829651141","0","0","0.306499881691046","0","0.759716777585316","1.29677578314451","0","0","0","0","0","1.39044710695754","1.9063301310584","0","0","0","1.04404840208392","0","0","0","0","1.81164343233965","0","0","1.31596546045273","0.887669822332885","0","0.293890314256913","0","0","0","0","0","0","0","0","0","0","0","0.698892604667904","1.97571191485999","1.00047022100387"
"2020-06-19","0","0.880596775254609","0.190659223330588","0","0","0","0","0","0","3.22841000807102","0.822755779345127","0","0","0","0","1.01519479450854","2.42195099280353","0.603521426821216","0.962778965205168","2.576788291074","0","0","0","0.3703528814843","0.699035098552298","0.526701112919452","0","0.728570244644781","0.961268361560801","0","0","0.367799858029255","0","0.759716777585316","1.44086198127168","0","0","0","0","0","1.41941475501915","1.94229862409724","0","0","0","1.04404840208392","0","0","0","0","1.81164343233965","0","0","1.31596546045273","0.887669822332885","0","0.293890314256913","0","0","0","0","0","0","0","0","0","0","0","0.698892604667904","2.19523546095554","1.33396029467183"
"2020-06-20","0","0.880596775254609","0.190659223330588","0","0","0","0","0","0","3.22841000807102","0.617066834508846","0","0","0","0","1.01519479450854","2.4764994385874","0.603521426821216","0.962778965205168","2.576788291074","0","0.816933395420271","0","0.55552932222645","0.776705665058109","0.526701112919452","0","0.849998618752244","1.06298988130268","0","0","0.367799858029255","0","0.759716777585316","1.44086198127168","0","0.920530593834286","0","0","0","1.33251181083431","1.96028287061665","0","0","0","1.56607260312588","0","0","0","0","1.81164343233965","0","0","1.29203881571722","0.887669822332885","0","0.293890314256913","0","0","0","0","0","0","0","0","0","0","0","0.698892604667904","2.4147590070511","1.66745036833979"
"2020-06-21","0","1.03599620618189","0.190659223330588","0","0","1.70800027328004","0","0","0","3.22841000807102","0.617066834508846","0","0","0","0","1.01519479450854","2.49831881690094","0.603521426821216","0.962778965205168","2.576788291074","0","0.816933395420271","0","0.462941101855375","0.776705665058109","1.0534022258389","0","0.88035571227911","1.09859241321234","0","0","0.367799858029255","0","0.759716777585316","1.44086198127168","0","0.920530593834286","0","0","0","1.33251181083431","1.96028287061665","0","0","0","1.56607260312588","0","0","0","0","1.81164343233965","0","0","1.29203881571722","0.887669822332885","0","0.293890314256913","0","0","0","0","0","0","0","0","0","0","0","0.698892604667904","2.4147590070511","1.66745036833979"
"2020-06-22","0","1.19139563710918","0.190659223330588","0","0","1.70800027328004","0","0","0","3.22841000807102","0.617066834508846","0","0","0","0","1.06862609948268","2.5965060193119","0.603521426821216","0.962778965205168","2.576788291074","0","0.816933395420271","0","0.462941101855375","0.699035098552298","1.0534022258389","0","0.941069899332842","1.134194945122","0","0","0.429099834367464","0","0.759716777585316","1.29677578314451","0","0.920530593834286","0","0","0","1.18767357052623","2.03221985669433","0","0","0","1.56607260312588","0","0","0","0.985901607019619","1.81164343233965","0","0","1.22025888151071","0.887669822332885","0","0.293890314256913","0","0","0","0","0","0","0","0","0","0","0","1.04833890700186","2.19523546095554","1.66745036833979"
"2020-06-23","0","1.24319544741827","0.190659223330588","0","0","1.70800027328004","0","0","0","6.45682001614205","0.822755779345127","0","0","0","0","1.06862609948268","2.68378353256608","0.603521426821216","0.962778965205168","2.576788291074","0","0.816933395420271","0","0.55552932222645","0.699035098552298","1.0534022258389","0","1.06249827344031","1.23591646486389","0","0","0.429099834367464","0","0.759716777585316","1.44086198127168","0","0.920530593834286","0","0","0","1.15870592246461","2.14012533581084","0","0","0","1.56607260312588","0","0","0","0.985901607019619","1.81164343233965","0","0","1.19633223677521","0.887669822332885","0","0.293890314256913","0","0","0","0","0","0","0","0","0","0","0","1.04833890700186","2.19523546095554","1.66745036833979"
"2020-06-24","0","1.24319544741827","0.190659223330588","0","0","1.70800027328004","0","0","0","6.45682001614205","0.822755779345127","0","0","0","0","1.22892001440508","2.71651260003639","0.482817141456973","0.962778965205168","2.576788291074","0","0.816933395420271","0","0.648117542597525","0.776705665058109","1.0534022258389","0","1.1535695540209","1.31729368065739","0","0","0.490399810705673","0","1.13957516637797","1.44086198127168","0","0.920530593834286","0","0","0","1.21664121858784","2.23004656840794","0","0","0","1.56607260312588","0","0","0","0.985901607019619","1.81164343233965","0","0","1.22025888151071","1.33150473349933","0","0.293890314256913","0","0","0","0","0","0","0","0","0","0","0","1.04833890700186","2.19523546095554","1.66745036833979"
"2020-06-25","0","1.19139563710918","0.190659223330588","0","0","1.70800027328004","0","6.27391931739758","0","6.45682001614205","0.822755779345127","0","0","0","0.95467216557834","1.28235131937921","2.76015135666349","0.72422571218546","0.962778965205168","2.576788291074","0","0.816933395420271","0","0.833293983339676","0.776705665058109","1.0534022258389","0","1.2446408346015","1.38341266848962","0","0","0.490399810705673","0","1.13957516637797","1.58494817939884","0","0.920530593834286","0","0","0","1.129738274403","2.21206232188852","0","0","0","1.56607260312588","0","0","0","0.985901607019619","1.81164343233965","0","0","1.24418552624621","1.77533964466577","0","0.293890314256913","0","0","0","0","0","0","0","0","0","0","0","1.39778520933581","2.19523546095554","1.66745036833979"
"2020-06-26","0","1.29499525772737","0.190659223330588","0","0","1.70800027328004","0","6.27391931739758","0","6.45682001614205","0.822755779345127","0","0","0","0.95467216557834","1.38921392932748","2.73833197834994","0.72422571218546","0","2.576788291074","0","0.816933395420271","0","1.01847042408183","0.776705665058109","0.526701112919452","0","1.27499792812837","1.41392912441218","0","0","0.551699787043882","0","1.13957516637797","1.58494817939884","0","0.920530593834286","0.824715060946443","0","0","1.10077062634138","2.14012533581084","0","0","0","1.56607260312588","0","0","0","0.985901607019619","1.81164343233965","0","0","1.33989210518823","1.77533964466577","0","0.293890314256913","0","0","0","0","0","0","0","0","0","0","0","1.39778520933581","1.97571191485999","1.66745036833979"
"2020-06-27","0","1.29499525772737","0.190659223330588","0","0","3.41600054656009","0","6.27391931739758","0","6.45682001614205","1.02844472418141","0","0","0","0.95467216557834","1.44264523430162","2.74924166750671","0.72422571218546","0","2.576788291074","0","0.816933395420271","0","1.1110586444529","0.776705665058109","0.526701112919452","0","1.39642630223583","1.4902202642186","0","0","0.6742997397203","0","1.13957516637797","1.44086198127168","0","0.920530593834286","0.824715060946443","0","0","1.01386768215654","2.10415684277201","0","0","0","1.56607260312588","0","0","0","0.985901607019619","1.81164343233965","0","0","1.29203881571722","1.77533964466577","0","0.293890314256913","0","0","0","0","0","0","0","0","0","0","0","1.39778520933581","1.97571191485999","1.33396029467183"
"2020-06-28","0","1.34679506803646","0.190659223330588","0","0","3.41600054656009","0","6.27391931739758","0","6.45682001614205","0.822755779345127","0","0","0","0.95467216557834","1.44264523430162","2.76015135666349","0.72422571218546","0","2.576788291074","0","0.816933395420271","0","1.1110586444529","0.932046798069731","0.526701112919452","0","1.45714048928956","1.58176963198629","0","0","0.6742997397203","0","1.13957516637797","1.44086198127168","0","0.920530593834286","0.824715060946443","0","0","1.04283533021815","2.17609382884968","0","0","0","1.56607260312588","0","0","0","0.985901607019619","1.81164343233965","0","0","1.33989210518823","1.77533964466577","0","0.293890314256913","0","0","0","0","0","0","0","0","0","0","0","1.04833890700186","1.75618836876443","1.33396029467183"
"2020-06-29","0","1.39859487834556","0.190659223330588","0","0","3.41600054656009","0","6.27391931739758","0","6.45682001614205","0.411377889672564","0","0","0","0.95467216557834","1.49607653927575","2.84742886991767","0.72422571218546","0","2.576788291074","0","0.816933395420271","0","1.29623508519505","1.00971736457554","0.526701112919452","0","1.39642630223583","1.62754431587014","0","0","0.796899692396719","0","1.13957516637797","1.44086198127168","0","0.920530593834286","0.824715060946443","0","0","1.01386768215654","2.08617259625259","0","0","0","2.08809680416784","0.075960770819518","0","0","0.985901607019619","1.81164343233965","0","0","1.33989210518823","1.77533964466577","0","0.293890314256913","0","0","0","0","0","0","0","0","0","0","0","1.39778520933581","1.53666482266888","1.33396029467183"
"2020-06-30","0","1.45039468865465","0","0","0","3.41600054656009","0","6.27391931739758","0","6.45682001614205","0.411377889672564","0","0","0","0.95467216557834","1.49607653927575","2.86924824823121","0.72422571218546","0","2.576788291074","0","0.816933395420271","0","1.38882330556613","1.08738793108135","0.526701112919452","0","1.4267833957627","1.64280254383142","0","0","0.796899692396719","0","1.13957516637797","1.15268958501734","0","0.920530593834286","0.824715060946443","0","0","1.01386768215654","2.06818834973317","0","0","0","2.08809680416784","0.151921541639036","0","0","0.985901607019619","1.81164343233965","0","0","1.41167203939474","1.77533964466577","0","0.587780628513826","0","0","0","0","0","0","0","0","0","0","0","1.74723151166976","1.31714127657333","1.66745036833979"
"2020-07-01","0","1.50219449896375","0","0","0","3.41600054656009","0","6.27391931739758","0","6.45682001614205","0.617066834508846","0","0","0","0.95467216557834","1.54950784424988","2.70560291087962","0.844929997549703","0","2.576788291074","0","0.816933395420271","0","1.38882330556613","1.08738793108135","0.526701112919452","0","1.48749758281643","1.71400760765074","0","0","0.858199668734928","0","1.13957516637797","1.15268958501734","0","0.920530593834286","0.824715060946443","0","0","0.955932386033306","2.08617259625259","0","0","0","2.08809680416784","0.151921541639036","0","0","0.985901607019619","0.905821716169823","0","0","1.33989210518823","1.77533964466577","0","0.587780628513826","0","0","0","0","0","0","0","0","0","0","0","1.74723151166976","1.53666482266888","1.66745036833979"
"2020-07-02","0","1.55399430927284","0","0","0","3.41600054656009","0","6.27391931739758","0","6.45682001614205","0.617066834508846","0","0","0","0.95467216557834","1.65637045419815","2.62923508678221","0.844929997549703","0","2.576788291074","0","0.816933395420271","0","1.38882330556613","1.00971736457554","1.0534022258389","0","1.57856886339703","1.73435191159912","0","0","0.919499645073137","0","0.759716777585316","1.15268958501734","0","0.920530593834286","0.824715060946443","0","0","0.984900034094922","2.15810958233026","0","0","0","2.08809680416784","0.151921541639036","0","0","0.985901607019619","0.905821716169823","0","0","1.38774539465924","1.33150473349933","0","0.587780628513826","0","0","0","0","0","0","0","0","0","0","0","1.74723151166976","1.75618836876443","1.33396029467183"
"2020-07-03","0","1.45039468865465","0","0","0","3.41600054656009","0","6.27391931739758","0","6.45682001614205","0.617066834508846","0","0","0","0.95467216557834","1.87009567409469","2.5528672626848","0.844929997549703","0","2.576788291074","0","0.816933395420271","0","1.4814115259372","1.00971736457554","1.0534022258389","0","1.79106851808509","1.76486836752168","0","0","0.919499645073137","0","0.759716777585316","1.00860338689017","0","0.920530593834286","0.824715060946443","0","0.331401263964421","1.01386768215654","2.17609382884968","0","0","0","2.08809680416784","0.151921541639036","0","0","0.985901607019619","0.905821716169823","0","0","1.31596546045273","0.887669822332885","0","0.587780628513826","0","0","0","0","0","0","0","0","0","0","0","1.39778520933581","1.75618836876443","1.33396029467183"
"2020-07-04","0","1.45039468865465","0","0.501675596492284","0","3.41600054656009","0","6.27391931739758","0","6.45682001614205","0.822755779345127","0","0","4.07348568169783","0.95467216557834","1.92352697906882","2.52013819521449","0.965634282913946","0","0","0","0.816933395420271","0","1.57399974630828","1.00971736457554","1.0534022258389","0","1.88213979866568","1.78521267147006","0","0","0.980799621411346","0","1.13957516637797","1.00860338689017","0","1.84106118766857","0.824715060946443","0","0.331401263964421","1.07180297827977","2.17609382884968","0","0","0","2.08809680416784","0.227882312458554","0","0","0.985901607019619","0.905821716169823","0","0","1.41167203939474","0.887669822332885","0","0.587780628513826","0","0","0","0","0","0","0","0","0","0","0","1.39778520933581","1.75618836876443","1.33396029467183"
"2020-07-05","0","1.60579411958193","0","0.501675596492284","0","3.41600054656009","0","6.27391931739758","0","6.45682001614205","0.822755779345127","0","0","4.07348568169783","0.95467216557834","2.03038958901709","2.45468006027385","0.965634282913946","0","0","0","0.816933395420271","0","1.8517644074215","0.932046798069731","1.0534022258389","0","1.97321107924628","1.81064305140553","0","0","0.980799621411346","0","1.51943355517063","1.15268958501734","0","1.84106118766857","0.824715060946443","0","0.331401263964421","0.926964737971691","2.17609382884968","0","0","0","2.08809680416784","0.37980385409759","0","0","0.985901607019619","0.905821716169823","0","0","1.43559868413025","0.887669822332885","0","0.587780628513826","0","0","0","0","0","0","0","0","0","0","0","1.39778520933581","1.97571191485999","1.33396029467183"
"2020-07-06","0","1.65759392989103","0","0.501675596492284","0","3.41600054656009","0","6.27391931739758","0","6.45682001614205","1.02844472418141","0","0","4.07348568169783","0.95467216557834","2.08382089399122","2.43286068196031","0.72422571218546","0","0","0","0.816933395420271","0","2.03694084816365","0.85437623156392","1.0534022258389","0","2.06428235982688","1.82590127936681","0","0","0.919499645073137","0","1.89929194396329","1.29677578314451","0","1.84106118766857","1.64943012189289","0","0.331401263964421","0.840061793786845","2.14012533581084","0","0","0","2.08809680416784","0.37980385409759","0","0","0.985901607019619","0","0","0","1.41167203939474","0.887669822332885","0","0.881670942770739","0","0","0","0","0","0","0","0","0","0","0","1.39778520933581","1.97571191485999","1.33396029467183"
"2020-07-07","0","1.55399430927284","0","0.501675596492284","0","3.41600054656009","0","6.27391931739758","0","3.22841000807102","1.23413366901769","0","0","4.07348568169783","0.95467216557834","2.19068350393949","2.43286068196031","0.72422571218546","0","0","0","0.816933395420271","0","2.2221172889058","0.699035098552298","1.0534022258389","0","2.09463945335375","1.87167596325066","0","0","0.919499645073137","0","1.89929194396329","1.29677578314451","0","1.84106118766857","1.64943012189289","0","0.331401263964421","0.840061793786845","1.97826711713607","0","0","0","2.08809680416784","0.455764624917108","0","0","0.985901607019619","0","0","0","1.45952532886575","0.887669822332885","0","0.881670942770739","0","0","0","0","0","0","0","0","0","0","0","1.39778520933581","1.97571191485999","1.33396029467183"
"2020-07-08","0","1.55399430927284","0","0.501675596492284","0","3.41600054656009","0","6.27391931739758","0","3.22841000807102","1.23413366901769","0","0","4.07348568169783","0.95467216557834","2.35097741886189","2.36740254701967","0.844929997549703","0","0","0","0.816933395420271","0","2.2221172889058","0.699035098552298","1.0534022258389","0","2.09463945335375","1.95305317904417","0","0","0.919499645073137","0","1.51943355517063","1.29677578314451","0","2.76159178150286","1.64943012189289","0","0.331401263964421","0.782126497663614","1.97826711713607","0","0","0","1.56607260312588","0.455764624917108","0","0","1.97180321403924","0","0","0","1.38774539465924","0.887669822332885","0","1.17556125702765","0","0","0","0","0","0","0","0","0","0","0","1.39778520933581","1.75618836876443","1.66745036833979"
"2020-07-09","0","1.60579411958193","0","0.501675596492284","0","3.41600054656009","0","6.27391931739758","0","3.22841000807102","1.23413366901769","0","0","4.07348568169783","0.95467216557834","2.19068350393949","2.42195099280353","0.844929997549703","0","0","0","0.816933395420271","0","2.31470550927688","0.85437623156392","1.0534022258389","0","2.15535364040748","1.97848355897964","0","0","0.980799621411346","0","1.51943355517063","1.15268958501734","0","2.76159178150286","1.64943012189289","0","0.331401263964421","0.695223553478768","1.9063301310584","0","0","0","1.04404840208392","0.607686166556144","0","3.18309141838554","1.97180321403924","0","0","0","1.48345197360125","0.887669822332885","0","1.17556125702765","0","0","0","0","0","0","0","0","0","0","0","1.39778520933581","1.75618836876443","2.00094044200774"
"2020-07-10","0","1.76119355050922","0","0.501675596492284","0","3.41600054656009","0","6.27391931739758","0","3.22841000807102","1.43982261385397","0","0","4.07348568169783","0.95467216557834","2.19068350393949","2.44377037111708","0.844929997549703","0","0","0","0.816933395420271","0","2.31470550927688","0.85437623156392","1.0534022258389","0","2.24642492098807","2.04968862279896","0","0","0.919499645073137","0","1.51943355517063","1.00860338689017","0","3.68212237533714","1.64943012189289","0","0.331401263964421","0.695223553478768","1.96028287061665","0","0","0","1.04404840208392","0.607686166556144","0","3.18309141838554","1.97180321403924","0","0","0","1.41167203939474","0.887669822332885","0","1.17556125702765","0","0","0","0","0","0","0","0","0","0","0","1.39778520933581","1.53666482266888","1.66745036833979"
"2020-07-11","0","1.76119355050922","0","0.501675596492284","0","3.41600054656009","0","6.27391931739758","0","3.22841000807102","1.64551155869025","0","0","4.07348568169783","0.95467216557834","2.29754611388776","2.42195099280353","0.844929997549703","0","0","0","0","0","2.49988195001903","0.85437623156392","1.0534022258389","0","2.33749620156867","2.03951647082477","0","0","1.04209959774956","0","1.51943355517063","1.00860338689017","0","2.76159178150286","1.64943012189289","0","0.331401263964421","0.666255905417153","1.92431437757782","0","0","0","0.52202420104196","0.607686166556144","0","3.18309141838554","1.97180321403924","0","0","0","1.53130526307226","0.887669822332885","0","1.17556125702765","0","0","0","0","0","0","0","0","0","0","0","1.39778520933581","1.31714127657333","1.66745036833979"
"2020-07-12","1.85794177210486","1.70939374020012","0","0.501675596492284","0","1.70800027328004","0","6.27391931739758","0","3.22841000807102","1.85120050352654","0","0","4.07348568169783","0.95467216557834","2.29754611388776","2.41104130364676","0.844929997549703","0","0","0","0","0","2.5924701703901","0.932046798069731","0.526701112919452","0","2.489281669203","2.1005493826699","0","0","1.04209959774956","0","1.51943355517063","1.15268958501734","0","2.76159178150286","1.64943012189289","0","0.331401263964421","0.666255905417153","1.9063301310584","0","0","0","0.52202420104196","0.607686166556144","0","3.18309141838554","1.97180321403924","0","0","0","1.55523190780777","0.887669822332885","0","1.17556125702765","0","0","0","0","0","0","0","0","0","0","0","1.39778520933581","1.31714127657333","1.66745036833979"
"2020-07-13","1.85794177210486","1.70939374020012","0","0.501675596492284","0","1.70800027328004","0","6.27391931739758","0","3.22841000807102","1.85120050352654","0","0","4.07348568169783","0.95467216557834","2.40440872383603","2.38922192533321","0.844929997549703","0","0","0","0","0","2.5924701703901","0.932046798069731","0.526701112919452","0","2.61071004331047","2.14123799056665","0","0","0.980799621411346","0","1.51943355517063","1.15268958501734","0","2.76159178150286","1.64943012189289","0","0.331401263964421","0.666255905417153","1.85237739150014","0","0","0","1.04404840208392","0.683646937375662","0","3.18309141838554","0.985901607019619","0","0","0","1.55523190780777","0.887669822332885","0","1.17556125702765","0","0","0","0","0","0","0","0.557078236067473","0","0","0","1.04833890700186","1.31714127657333","1.66745036833979"
"2020-07-14","1.85794177210486","1.9683927917456","0","0.501675596492284","0","1.70800027328004","0","6.27391931739758","0","0","1.64551155869025","0","0","4.07348568169783","0.95467216557834","2.51127133378429","2.26921534460872","0.844929997549703","0","0","0","0","0","2.77764661113225","0.932046798069731","0.526701112919452","0","2.6714242303642","2.10563545865699","0","0","1.10339957408776","0","1.89929194396329","1.15268958501734","0","2.76159178150286","1.64943012189289","0","0.331401263964421","0.724191201540384","1.79842465194189","0","0","0","1.56607260312588","0.683646937375662","0","3.18309141838554","0.985901607019619","0","0","0","1.62701184201428","0.887669822332885","0","1.17556125702765","0","0","0","0","0","0","0","0.557078236067473","0","0","0","1.74723151166976","1.31714127657333","1.66745036833979"
"2020-07-15","1.85794177210486","2.02019260205469","0","0.501675596492284","0","1.70800027328004","0","6.27391931739758","0","0","1.85120050352654","0","0","4.07348568169783","0.95467216557834","2.45784002881016","2.21466689882485","0.965634282913946","0","0","0","0","0","2.87023483150333","0.932046798069731","0.526701112919452","0","2.6714242303642","2.0954633066828","0","0","1.04209959774956","0","1.51943355517063","1.15268958501734","0","2.76159178150286","1.64943012189289","0","0.331401263964421","0.753158849601999","1.69051917282537","0","0","0","1.56607260312588","0.683646937375662","0","3.18309141838554","1.97180321403924","0","0","0","1.57915855254327","0.443834911166442","0","1.46945157128457","0","0","0","0","0","0","0","0.557078236067473","0","0","0","1.74723151166976","1.09761773047777","1.66745036833979"
"2020-07-16","1.85794177210486","2.02019260205469","0.190659223330588","0.501675596492284","0","1.70800027328004","0","0","0","0","1.85120050352654","0","0","4.07348568169783","0","2.56470263875843","2.14920876388422","0.603521426821216","0","0","0","0","0","2.68505839076118","1.00971736457554","0.526701112919452","0","2.6714242303642","2.11072153464409","0","0","1.16469955042597","0","1.51943355517063","1.00860338689017","0","2.76159178150286","1.64943012189289","0","0.331401263964421","0.840061793786845","1.65455067978653","0","0","0","1.56607260312588","0.683646937375662","0","3.18309141838554","1.97180321403924","0","0","0","1.55523190780777","0","0","1.76334188554148","0","0","0","0","0","0","0","0.557078236067473","0","0","0","1.39778520933581","1.31714127657333","2.00094044200774"
"2020-07-17","1.85794177210486","2.02019260205469","0.190659223330588","0.501675596492284","0","1.70800027328004","0","0","0","0","1.85120050352654","0","0","4.07348568169783","0","2.6715652487067","2.12738938557067","0.603521426821216","0","0","0","0","0","2.5924701703901","1.08738793108135","0.526701112919452","0","2.64106713683733","2.07003292674733","0","0","1.16469955042597","0","1.89929194396329","0.864517188763006","0","2.76159178150286","0.824715060946443","0","0.331401263964421","0.782126497663614","1.6185821867477","0","0","0","1.56607260312588","0.683646937375662","0","3.18309141838554","1.97180321403924","0","0","0","1.48345197360125","0","0","2.3511225140553","0","0","0","0","0","0","0","1.11415647213495","0","0","0","1.39778520933581","1.31714127657333","2.66792058934366"
"2020-07-18","1.85794177210486","2.12379222267288","0.190659223330588","0.501675596492284","0","0","0","0","0","0","1.64551155869025","0","0","4.07348568169783","0","2.6715652487067","2.12738938557067","0.603521426821216","0","0","0","0","0","2.5924701703901","1.16505849758716","0.526701112919452","0","2.5803529497836","2.04968862279896","0","0","1.04209959774956","0","1.89929194396329","0.864517188763006","0","2.76159178150286","0.824715060946443","0","0.331401263964421","0.840061793786845","1.58261369370886","0","0","0","1.56607260312588","0.835568479014698","0","3.18309141838554","1.97180321403924","0","0","0","1.55523190780777","0","0","2.3511225140553","0","0","0","0","0","0","0","1.11415647213495","0","0","0","1.74723151166976","1.31714127657333","2.66792058934366"
"2020-07-19","1.85794177210486","2.12379222267288","0.190659223330588","0.501675596492284","0","0","0","0","0","0","1.64551155869025","0","0","4.07348568169783","0","2.6715652487067","2.07284093978681","0.603521426821216","0","0","0","0","0","2.77764661113225","1.00971736457554","0.526701112919452","0","2.489281669203","1.99882786292801","0","0","1.10339957408776","0","1.89929194396329","0.864517188763006","0","2.76159178150286","0.824715060946443","0","0.331401263964421","0.840061793786845","1.49269246111176","0","0","0","1.56607260312588","0.911529249834216","0","3.18309141838554","1.97180321403924","0","0","0","1.60308519727877","0","0","2.3511225140553","0","0","0","0","0","0","0","1.11415647213495","0","0","0","1.74723151166976","1.31714127657333","3.33490073667957"
"2020-07-20","1.85794177210486","2.07199241236379","0.190659223330588","0.501675596492284","0","0","0","0","0","0","1.85120050352654","0","0","4.07348568169783","0","2.72499655368083","1.90919560243522","0.603521426821216","0","0","0","0","0","2.5924701703901","1.00971736457554","0.526701112919452","0","2.54999585625673","2.04460254681186","0","0","1.04209959774956","0","1.89929194396329","1.00860338689017","0","2.76159178150286","0.824715060946443","0","0.331401263964421","0.81109414572523","1.40277122851467","0","0","0","1.04404840208392","0.835568479014698","0","3.18309141838554","1.97180321403924","0","0","0","1.55523190780777","0","0","2.05723219979839","0","0","0","0","0","0","0","1.11415647213495","0","0","0","1.39778520933581","1.53666482266888","3.33490073667957"
"2020-07-21","1.85794177210486","2.27919165360016","0.190659223330588","0.501675596492284","0","0","0","0","0","0","1.85120050352654","0","0","4.07348568169783","0","2.8318591636291","1.81100840002426","0.603521426821216","0","0","0","0","0","2.5924701703901","0.932046798069731","0.526701112919452","0","2.64106713683733","2.0954633066828","0","0","1.04209959774956","0","1.89929194396329","1.15268958501734","0","2.76159178150286","0.824715060946443","0","0.994203791893262","0.840061793786845","1.38478698199525","0","0","0","1.04404840208392","0.75960770819518","0","3.18309141838554","1.97180321403924","0","0","0","1.53130526307226","0","0","1.76334188554148","0","0","0","0","0","0","0","1.11415647213495","0","0","0","1.04833890700186","1.53666482266888","3.00141066301162"
"2020-07-22","1.85794177210486","2.22739184329107","0.190659223330588","0.501675596492284","0","0","0","0","0","0","1.64551155869025","0","0","4.07348568169783","0","2.77842785865496","1.77827933255395","0.482817141456973","0","0","0","0","0","2.5924701703901","0.85437623156392","0.526701112919452","0","2.61071004331047","2.04968862279896","0","0","1.04209959774956","0","1.89929194396329","1.29677578314451","0","2.76159178150286","0.824715060946443","0","0.994203791893262","0.926964737971691","1.27688150287874","0","0","0","1.04404840208392","0.75960770819518","0","3.18309141838554","1.97180321403924","0","0","0","1.45952532886575","0","0","1.76334188554148","0","0","0","0","0","0","0","1.11415647213495","0","0","0","1.39778520933581","1.31714127657333","3.00141066301162"
"2020-07-23","1.85794177210486","2.02019260205469","0.381318446661176","0.501675596492284","0","0","0","0","0","0","1.85120050352654","0","0","4.07348568169783","0","2.77842785865496","1.80009871086749","0.482817141456973","0","0","0","0","0","2.5924701703901","0.85437623156392","0","0","2.51963876272987","2.09037723069571","0","0","0.980799621411346","0","1.89929194396329","1.29677578314451","0","2.76159178150286","0.824715060946443","0","0.994203791893262","0.926964737971691","1.18696027028164","0","0","0","1.04404840208392","0.75960770819518","0","3.18309141838554","1.97180321403924","0","0","0","1.45952532886575","0","0","1.76334188554148","0","0","0","0","0","0","0","1.11415647213495","0","0","0","1.39778520933581","1.09761773047777","3.00141066301162"
"2020-07-24","1.85794177210486","2.02019260205469","0.381318446661176","0.501675596492284","0","0","0","0","0","0","2.05688944836282","0","0","4.07348568169783","0","2.51127133378429","1.77827933255395","0.482817141456973","0","0","0","0.816933395420271","0","2.49988195001903","0.932046798069731","0","0","2.3982103886224","2.06494685076024","0","0","0.980799621411346","0","1.89929194396329","1.29677578314451","0","2.76159178150286","0.824715060946443","0","0.662802527928841","0.897997089910076","1.11502328420397","0","0","0","1.04404840208392","0.75960770819518","0","3.18309141838554","1.97180321403924","0","0","0","1.45952532886575","0","0","2.05723219979839","0","0","0","0","0","0","0","1.11415647213495","0","0","0","1.39778520933581","0.878094184382217","3.00141066301162"
"2020-07-25","1.85794177210486","2.02019260205469","0.381318446661176","0","0","0","0","0","0","0","1.85120050352654","0","0","0","0","2.35097741886189","1.73464057592685","0.36211285609273","0","0","0","0.816933395420271","0","2.49988195001903","0.932046798069731","0","0","2.33749620156867","2.03443039483767","0","0","1.04209959774956","0","1.51943355517063","1.44086198127168","0","1.84106118766857","0.824715060946443","0","0.662802527928841","0.86902944184846","1.02510205160687","0","0","0","1.56607260312588","0.683646937375662","0","3.18309141838554","1.97180321403924","0","0","0","1.43559868413025","0","0","2.05723219979839","0","0","0","0","0","0","0","1.11415647213495","0","0","0","1.39778520933581","0.878094184382217","3.00141066301162"
"2020-07-26","1.85794177210486","2.02019260205469","0.381318446661176","0","0","0","0","0","0","0","1.85120050352654","0","0","0","0","2.45784002881016","1.7564599542404","0.36211285609273","0","0","0","0.816933395420271","0","2.40729372964795","0.932046798069731","0","0","2.24642492098807","2.01917216687639","0","0","1.04209959774956","0","1.13957516637797","1.44086198127168","0","1.84106118766857","0.824715060946443","0","0.662802527928841","0.897997089910076","0.989133558568037","0","0","0","1.56607260312588","0.531725395736626","0","3.18309141838554","1.97180321403924","0","0","0","1.36381874992373","0","0","2.3511225140553","0","0","0","0","0","0","0","1.11415647213495","0","0","0","1.39778520933581","0.658570638286663","3.00141066301162"
"2020-07-27","1.85794177210486","1.9165929814365","0.381318446661176","0","0","0","0","0","0","0","1.64551155869025","0","0","0","0","2.40440872383603","1.68009213014299","0.36211285609273","0","0","0","0.816933395420271","0","2.40729372964795","0.932046798069731","0","0","2.27678201451494","1.99374178694092","0","0","1.22599952676418","0","0.759716777585316","1.29677578314451","0","1.84106118766857","0","0","0.662802527928841","0.955932386033306","0.953165065529199","0","0","0","1.56607260312588","0.607686166556144","0","3.18309141838554","1.97180321403924","0","0","0","1.43559868413025","0","0","2.05723219979839","0","0","0","0","0","0","0","1.11415647213495","0","0","0","1.39778520933581","0.658570638286663","2.66792058934366"
"2020-07-28","1.85794177210486","1.9165929814365","0.381318446661176","0","0","0","0","0","0","0","1.43982261385397","0","0","0","0","2.35097741886189","1.65827275182945","0.482817141456973","0","0","0","0.816933395420271","0","2.31470550927688","0.932046798069731","0","0","2.21606782746121","1.95305317904417","0","0","1.28729950310239","0","0.759716777585316","1.29677578314451","0","1.84106118766857","0","0","0.662802527928841","0.897997089910076","0.899212325970943","0","0","9.60061443932412","1.56607260312588","0.531725395736626","0","3.18309141838554","1.97180321403924","0","0","0","1.41167203939474","0","0","2.05723219979839","0","0","0","0","0","0","0","1.11415647213495","0","0","0","1.39778520933581","0.658570638286663","3.00141066301162"
"2020-07-29","1.85794177210486","1.9165929814365","0.381318446661176","0","0","0","0","0","0","0","1.43982261385397","0","1.49229231021773","0","0","2.19068350393949","1.61463399520235","0.482817141456973","0","0","0","0.816933395420271","0","2.49988195001903","0.932046798069731","0","0","2.24642492098807","1.86658988726357","0","0","1.28729950310239","0","0.759716777585316","1.15268958501734","0","0.920530593834286","0","0","0.662802527928841","0.926964737971691","0.845259586412686","0","0","9.60061443932412","1.56607260312588","0.531725395736626","0","3.18309141838554","0.985901607019619","0","0","0","1.41167203939474","0","0","1.76334188554148","0","0","0","0","0","0","0","1.11415647213495","0","0","0","1.39778520933581","0.439047092191108","2.66792058934366"
"2020-07-30","1.85794177210486","1.81299336081831","0.381318446661176","0","0","0","0","0","0","0","1.64551155869025","0","1.49229231021773","0","0","2.13725219896536","1.5164467927914","0.482817141456973","0","0","0","0.816933395420271","0","2.49988195001903","0.85437623156392","0","0","2.24642492098807","1.81064305140553","0","0","1.3485994794406","0","0.759716777585316","1.00860338689017","0","0.920530593834286","0","0","0.994203791893262","0.926964737971691","0.827275339893267","0","0","9.60061443932412","1.56607260312588","0.455764624917108","0","0","0.985901607019619","0","0","0","1.33989210518823","0","0","1.76334188554148","0","0","0","0","0","0","0","1.11415647213495","0","0","0","1.39778520933581","0.439047092191108","2.3344305156757"
"2020-07-31","1.85794177210486","1.65759392989103","0.381318446661176","0","0","0","0","0","0","0","1.43982261385397","0","1.49229231021773","0","0","2.13725219896536","1.45098865785076","0.72422571218546","0","0","0","0.816933395420271","0","2.49988195001903","0.776705665058109","0","0","2.15535364040748","1.72417975962493","0","0","1.40989945577881","0","0.759716777585316","1.00860338689017","0","0","0","0","0.994203791893262","0.926964737971691","0.683401367737916","0","0","9.60061443932412","1.56607260312588","0.455764624917108","0","0","0.985901607019619","0","0","0","1.45952532886575","0","0","1.76334188554148","0","0","0","0","0","0","0","1.11415647213495","0","0","0","1.39778520933581","0.658570638286663","2.3344305156757"
"2020-08-01","1.85794177210486","1.65759392989103","0.381318446661176","0","0","0","0","0","0","0","1.23413366901769","0","1.49229231021773","0","0","2.03038958901709","1.34189176628304","0.72422571218546","0","0","0","0.816933395420271","0","2.12952906853473","0.699035098552298","0","0","2.03392526630001","1.6580607717927","0","0","1.3485994794406","0","0.759716777585316","1.00860338689017","0","0","0","0","0.994203791893262","0.926964737971691","0.647432874699079","0","0","9.60061443932412","1.56607260312588","0.531725395736626","0","0","0.985901607019619","0","0","0","1.33989210518823","0","0","1.76334188554148","0","0","0","0","0","0","0","1.11415647213495","0","0","0","1.39778520933581","0.658570638286663","2.00094044200774"
"2020-08-02","0","1.55399430927284","0.381318446661176","0","0","0","0","0","0","0","1.02844472418141","0","1.49229231021773","0","0","1.97695828404295","1.30916269881272","0.72422571218546","0","0","0","0.816933395420271","0","2.03694084816365","0.543693965540676","0","0","1.88213979866568","1.5766835559992","0","0","1.3485994794406","0","0.759716777585316","0.864517188763006","0","0","0","0","0.994203791893262","0.955932386033306","0.62944862817966","0","0","9.60061443932412","1.56607260312588","0.531725395736626","0","0","0.985901607019619","0","0","0","1.36381874992373","0","0","1.76334188554148","0","0","0","0","0","0","0","1.11415647213495","0","0","0","1.39778520933581","0.658570638286663","2.00094044200774"
"2020-08-03","0","1.45039468865465","0.381318446661176","0","0","0","0","0","0","0","1.23413366901769","0","1.49229231021773","0","0","1.76323306414642","1.23279487471531","0.72422571218546","0","0","0","0.816933395420271","0","2.2221172889058","0.543693965540676","0","0","1.76071142455822","1.49530634020569","0","0","1.3485994794406","0","0.759716777585316","1.00860338689017","0","0","0","0","0.994203791893262","1.01386768215654","0.575495888621403","0","0","9.60061443932412","1.04404840208392","0.455764624917108","0","0","0.985901607019619","0","0","0","1.41167203939474","0","0","1.76334188554148","0","0","0","0","0","0","0","0.557078236067473","0","0","0","1.39778520933581","0.658570638286663","2.00094044200774"
"2020-08-04","0","1.13959582680008","0.381318446661176","0.501675596492284","0","0","0","0","0","0","1.23413366901769","0","1.49229231021773","0","0","1.60293914922402","1.23279487471531","0.72422571218546","0","0","0","0.816933395420271","0","1.94435262779258","0.699035098552298","0","0","1.66964014397762","1.44953165632184","0","0","1.28729950310239","0","0.379858388792658","0.864517188763006","0","0","0","0","0.994203791893262","0.955932386033306","0.521543149063147","0","0","9.60061443932412","0.52202420104196","0.455764624917108","0","3.18309141838554","0.985901607019619","0","0","0","1.36381874992373","0","0","1.76334188554148","0","0","0","0","0","0","0","0.557078236067473","0","0","0","0.698892604667904","0.658570638286663","2.00094044200774"
"2020-08-05","1.85794177210486","1.03599620618189","0.381318446661176","0.501675596492284","0","0","0","0","0","0","1.23413366901769","0","1.49229231021773","0","0","1.49607653927575","1.16733673977468","0.72422571218546","0","0","0","0.816933395420271","0","1.75917618705043","0.621364532046487","0","0","1.57856886339703","1.38849874447671","0","0","1.40989945577881","0","0.379858388792658","0.864517188763006","0","0","0","0","0.994203791893262","0.86902944184846","0.485574656024309","0","0","9.60061443932412","1.04404840208392","0.455764624917108","0","3.18309141838554","0","0","0","0","1.36381874992373","0","0","1.76334188554148","0","0","0","0","0","0","0","1.11415647213495","0","0","0","0.698892604667904","0.658570638286663","2.00094044200774"
"2020-08-06","1.85794177210486","1.03599620618189","0.190659223330588","0.501675596492284","0","0","0","0","0","0","1.64551155869025","0","1.49229231021773","0","0","1.38921392932748","1.11278829399081","0.844929997549703","0","0","0","0.816933395420271","0","1.94435262779258","0.621364532046487","0","0","1.57856886339703","1.30712152868321","0","0","1.40989945577881","0","0.379858388792658","0.864517188763006","0","0","0","0","1.32560505585768","0.782126497663614","0.46759040950489","0","0","9.60061443932412","1.04404840208392","0.455764624917108","0","3.18309141838554","0","0","0","0","1.29203881571722","0","0","1.46945157128457","0","0","0","0","0","0","0","1.11415647213495","0","0","0","0.698892604667904","0.439047092191108","1.66745036833979"
"2020-08-07","1.85794177210486","0.932396585563704","0.190659223330588","0.501675596492284","0","0","0","0","0","0","1.64551155869025","0","1.49229231021773","0","0","1.22892001440508","1.09096891567727","0.844929997549703","0","0","0","0.816933395420271","0","1.8517644074215","0.621364532046487","0","0","1.63928305045076","1.28169114874773","0","0","1.47119943211702","0","0","0.864517188763006","0","0","0","0","1.32560505585768","0.840061793786845","0.431621916466052","0","0","9.60061443932412","1.04404840208392","0.455764624917108","0","3.18309141838554","0","0","0","0","1.24418552624621","0","0","0.881670942770739","0","0","0","0","0","0","0","0.557078236067473","0","0","0","0.698892604667904","0.439047092191108","1.00047022100387"
"2020-08-08","1.85794177210486","0.828796964945514","0.190659223330588","0.501675596492284","0","0","0","0","0","0","1.64551155869025","0","1.49229231021773","0","0","1.17548870943095","1.00369140242309","0.844929997549703","0","0","0","0.816933395420271","0","1.75917618705043","0.543693965540676","0","0","1.54821176987016","1.25626076881226","0","0","1.47119943211702","0","0","0.864517188763006","0","0","0","0","1.32560505585768","0.782126497663614","0.413637669946634","0","0","9.60061443932412","1.04404840208392","0.303843083278072","0","3.18309141838554","0","0","0","0","1.1724055920397","0","0","0.881670942770739","0","0","0","0","0","0","0","0.557078236067473","0","0","0","0.349446302333952","0.878094184382217","1.00047022100387"
"2020-08-09","1.85794177210486","0.725197344327325","0.190659223330588","0.501675596492284","0","0","0","0","0","0","1.64551155869025","0","1.49229231021773","0","0","1.28235131937921","0.916413889168904","0.844929997549703","0","0","0","0.816933395420271","0","1.57399974630828","0.543693965540676","0","0","1.57856886339703","1.20540000894132","0","0","1.40989945577881","0","0","0.864517188763006","0","0","0","0","1.32560505585768","0.782126497663614","0.359684930388377","0","0","9.60061443932412","1.04404840208392","0.227882312458554","0","3.18309141838554","0","0","0","0","1.07669901309768","0","0","0.881670942770739","0","0","0","0","0","0","0","0.557078236067473","0","0","0","0.349446302333952","1.09761773047777","0.333490073667957"
"2020-08-10","1.85794177210486","0.725197344327325","0.190659223330588","0.501675596492284","0","0","0","0","0","0","1.43982261385397","0","1.49229231021773","0","0","1.17548870943095","0.905504200012132","0.844929997549703","0","0","0","0.816933395420271","0","1.57399974630828","0.466023399034866","0","0","1.48749758281643","1.10876456518653","0","0","1.3485994794406","0","0","0.720430990635838","0","0","0","0","1.32560505585768","0.81109414572523","0.323716437349539","0","0","9.60061443932412","1.04404840208392","0.303843083278072","0","3.18309141838554","0","0","0","0","1.05277236836218","0","0","0.881670942770739","0","0","0","0","0","0","0","0.557078236067473","0","0","0","0.349446302333952","0.878094184382217","0.333490073667957"
"2020-08-11","1.85794177210486","0.466198292781852","0.190659223330588","0.501675596492284","0","0","0","0","0","0","1.43982261385397","0","1.49229231021773","0","0","1.01519479450854","0.883684821698586","0.844929997549703","0.962778965205168","0","0","0.816933395420271","0","1.4814115259372","0.466023399034866","0","0","1.3357121151821","1.05790380531559","0","0","1.40989945577881","0","0","0.57634479250867","0","0","0.824715060946443","0","0.662802527928841","0.753158849601999","0.269763697791283","0","0","9.60061443932412","1.04404840208392","0.37980385409759","0","3.18309141838554","0","0","0","0","1.05277236836218","0","0","0.881670942770739","0","0","0","0","0","0","0","0.557078236067473","0","0","0","0.349446302333952","1.09761773047777","0.333490073667957"
"2020-08-12","1.85794177210486","0.414398482472757","0.190659223330588","0.501675596492284","0","0","0","0","0","0","1.43982261385397","0","1.49229231021773","0","0","1.06862609948268","0.883684821698586","0.844929997549703","0.962778965205168","0","0","0.816933395420271","0","1.38882330556613","0.543693965540676","0","0","1.27499792812837","1.02738734939303","0","0","1.3485994794406","0","0","0.432258594381503","0","0","0.824715060946443","0","0.662802527928841","0.666255905417153","0.287747944310702","0","0","9.60061443932412","1.04404840208392","0.37980385409759","0","3.18309141838554","0","0","0","0","1.05277236836218","0","0","0.881670942770739","0","0","0","0","0","0","0","0.557078236067473","0","0","0","0","1.09761773047777","0.333490073667957"
"2020-08-13","1.85794177210486","0.414398482472757","0","0.501675596492284","0","0","0","0","0","0","1.43982261385397","0","1.49229231021773","0","0","0.908332184560276","0.81822668675795","0.844929997549703","0.962778965205168","0","0","0.816933395420271","0","1.38882330556613","0.543693965540676","0.526701112919452","0","1.2446408346015","0.940924057612424","0","0","1.40989945577881","0","0","0.432258594381503","0","0","0.824715060946443","0","0.662802527928841","0.637288257355538","0.269763697791283","0","0","9.60061443932412","1.56607260312588","0.455764624917108","0","6.36618283677107","0","0","0","0","1.00491907889117","0","0","0.881670942770739","0","0","0","0","0","0","0","0.557078236067473","0","0","0","0","1.31714127657333","0.333490073667957"
"2020-08-14","1.85794177210486","0.362598672163662","0","0.501675596492284","0","0","0","0","0","0","1.43982261385397","0","1.49229231021773","0","0","0.908332184560276","0.77458793013086","0.844929997549703","0.962778965205168","0","0","0","0","1.4814115259372","0.466023399034866","0.526701112919452","0","1.1535695540209","0.915493677676953","0","0","1.47119943211702","0","0","0.432258594381503","0","0","0.824715060946443","0","0.662802527928841","0.637288257355538","0.251779451271864","0","0","9.60061443932412","1.56607260312588","0.455764624917108","0","6.36618283677107","0","0","0","0","0.957065789420164","0","0","0.587780628513826","0","0","0","0","0","0","0","0.557078236067473","0","0","0","0","1.31714127657333","0.333490073667957"
"2020-08-15","1.85794177210486","0.362598672163662","0","0.501675596492284","0","0","0","0","0","0","1.64551155869025","0","1.49229231021773","0","0","0.801469574612009","0.720039484346996","0.965634282913946","0.962778965205168","0","0","0","0","1.29623508519505","0.466023399034866","0.526701112919452","0","1.09285536696717","0.895149373728576","0","0","1.40989945577881","0","0","0.432258594381503","0","0","0.824715060946443","0","0.662802527928841","0.608320609293922","0.269763697791283","0","0","9.60061443932412","1.04404840208392","0.531725395736626","0","6.36618283677107","0","0","0","0","0.885285855213652","0","0","0.587780628513826","0","0","0","0","0","0","0","0.557078236067473","0","0","0","0","1.31714127657333","0.333490073667957"
"2020-08-16","1.85794177210486","0.207199241236379","0","0.501675596492284","0","0","0","0","0","0","1.85120050352654","0","1.49229231021773","0","0","0.587744354715473","0.621852281936042","0.965634282913946","0.962778965205168","0","0","0","0","1.1110586444529","0.543693965540676","0.526701112919452","0","1.12321246049404","0.864632917806011","0","0","1.3485994794406","0","0","0.288172396254335","0","0","0.824715060946443","0","0.662802527928841","0.579352961232307","0.287747944310702","0","0","9.60061443932412","1.04404840208392","0.683646937375662","0","6.36618283677107","0","0","0","0","0.885285855213652","0","0","0.293890314256913","0","0","0","0","0","0","0","0.557078236067473","0","0","0","0","1.31714127657333","0.333490073667957"
"2020-08-17","1.85794177210486","0.207199241236379","0","0.501675596492284","0","0","0","0","0","0","1.85120050352654","0","1.49229231021773","0","0","0.587744354715473","0.621852281936042","0.965634282913946","0.962778965205168","0","0","0","0","0.925882203710751","0.543693965540676","0.526701112919452","0","1.09285536696717","0.823944309909258","0","0","1.10339957408776","0","0","0.288172396254335","0","0","0.824715060946443","0","0.662802527928841","0.608320609293922","0.233795204752445","0","0","9.60061443932412","1.04404840208392","0.607686166556144","0","6.36618283677107","0","0","0","0","0.861359210478148","0","0","0.293890314256913","0","0","0","0","0","0","0","0.557078236067473","0","0","0","0","1.31714127657333","0.333490073667957"
"2020-08-18","1.85794177210486","0.155399430927284","0","0.501675596492284","0","0","0","0","0","0","1.85120050352654","0","1.49229231021773","0","0","0.534313049741339","0.600032903622497","0.844929997549703","0.962778965205168","0","0","0","0","0.833293983339676","0.699035098552298","0.526701112919452","0","1.06249827344031","0.762911398064128","0","0","1.04209959774956","0","0","0.288172396254335","0","0","0.824715060946443","0","0.662802527928841","0.608320609293922","0.233795204752445","0","0","0","1.04404840208392","0.607686166556144","0","6.36618283677107","0","0","0","0","0.813505921007139","0","0","0.293890314256913","0","0","0","0","0","0","0","0.557078236067473","0","0","0","0","1.53666482266888","0"
"2020-08-19","1.85794177210486","0.155399430927284","0","0.501675596492284","0","0","0","0","0","0","1.85120050352654","0","0","0","0","0.534313049741339","0.621852281936042","0.72422571218546","0.962778965205168","0","0","0","0","0.55552932222645","0.699035098552298","0.526701112919452","0","1.00178408638657","0.752739246089939","0","0","1.04209959774956","0","0","0.288172396254335","0","0","0.824715060946443","0","0.662802527928841","0.579352961232307","0.233795204752445","0","0","0","1.04404840208392","0.607686166556144","0","6.36618283677107","0","0","0","0","0.765652631536131","0","0","0.293890314256913","0","0","0","0","0","0","0","0.557078236067473","0","0","0","0","1.53666482266888","0"
"2020-08-20","1.85794177210486","0.155399430927284","0","0.501675596492284","0","0","0","0","0","0","1.64551155869025","0","0","0","0","0.587744354715473","0.600032903622497","0.603521426821216","0.962778965205168","0","0","0","0","0.462941101855375","0.699035098552298","0.526701112919452","0","0.971426992859708","0.71713671418028","0","0","0.919499645073137","0","0","0.288172396254335","0","0","0.824715060946443","0","0.331401263964421","0.550385313170692","0.179842465194189","0","0","0","1.56607260312588","0.531725395736626","0","6.36618283677107","0","0","0","0","0.741725986800627","0","0","0.293890314256913","0","0","0","0","0","0","0","0.557078236067473","0","0","0","0","1.53666482266888","0"
"2020-08-21","1.85794177210486","0.155399430927284","0","0.501675596492284","0","0","0","0","0","0","1.64551155869025","0","0","0","0","0.534313049741339","0.621852281936042","0.36211285609273","0.962778965205168","0","0","0","0","0.462941101855375","0.699035098552298","0.526701112919452","0","0.941069899332842","0.696792410231903","0","0","0.858199668734928","0","0","0.288172396254335","0","0","0.824715060946443","0","0.331401263964421","0.521417665109076","0.197826711713607","0","0","0","1.56607260312588","0.607686166556144","0","6.36618283677107","0","0","0","0","0.669946052594115","0","0","0.293890314256913","0","0","0","0","0","0","0","0.557078236067473","0","0","0","0","1.31714127657333","0"
"2020-08-22","1.85794177210486","0.155399430927284","0","0.501675596492284","0","0","0","0","0","0","1.64551155869025","0","0","0","0","0.641175659689607","0.610942592779269","0.36211285609273","0.962778965205168","0","0","0","0","0.462941101855375","0.699035098552298","0.526701112919452","0","0.941069899332842","0.671362030296432","0","0","0.858199668734928","0","0","0.288172396254335","0","0","0.824715060946443","0","0.331401263964421","0.521417665109076","0.179842465194189","0","0","0","1.56607260312588","0.607686166556144","0","6.36618283677107","0","0.905821716169823","0","0","0.669946052594115","0","0","0.293890314256913","0","0","0","0","0","0","0","0.557078236067473","0","0","0","0","1.31714127657333","0"
"2020-08-23","1.85794177210486","0.155399430927284","0","0.501675596492284","0","0","0","0","0","0","1.64551155869025","0","0","0","0","0.641175659689607","0.567303836152179","0.36211285609273","0.962778965205168","0","0","0","0","0.55552932222645","0.699035098552298","0.526701112919452","0","0.971426992859708","0.651017726348055","0","0","0.796899692396719","0","0","0.288172396254335","0","0","0.824715060946443","0","0.331401263964421","0.492450017047461","0.16185821867477","0","0","0","1.56607260312588","0.683646937375662","0","6.36618283677107","0","0.905821716169823","0","0","0.646019407858611","0","0","0.293890314256913","0","0","0","0","0","0","0","0.557078236067473","0","0","0","0","1.31714127657333","0"
"2020-08-24","1.85794177210486","0.103599620618189","0.190659223330588","0.501675596492284","0","0","0","0","0","0","1.43982261385397","0","0","0","0","0.641175659689607","0.545484457838634","0.36211285609273","0.962778965205168","0","0","0","0","0.3703528814843","0.699035098552298","0.526701112919452","0","0.88035571227911","0.635759498386773","0","0","0.796899692396719","0","0","0.144086198127168","0","0","0.824715060946443","0","0.331401263964421","0.492450017047461","0.16185821867477","0","0","0","1.56607260312588","0.75960770819518","0","6.36618283677107","0","0.905821716169823","0","0","0.598166118387603","0","0","0.293890314256913","0","0","0","0","0","0","0","0.557078236067473","0","0","0","0","1.31714127657333","0"
"2020-08-25","1.85794177210486","0.103599620618189","0.190659223330588","0","0","0","0","0","0","0","1.64551155869025","0","0","0","0","0.641175659689607","0.458206944584452","0.36211285609273","0.962778965205168","0","0","0","0","0.3703528814843","0.543693965540676","0.526701112919452","0","0.789284431698513","0.610329118451302","0","0","0.735599716058509","0","0","0.144086198127168","0","0","0.824715060946443","0","0.331401263964421","0.492450017047461","0.179842465194189","0","0","0","1.56607260312588","0.75960770819518","0","3.18309141838554","0","0.905821716169823","0","0","0.622092763123107","0","0","0.293890314256913","0","0","0","0","0","0","0","0.557078236067473","0","0","0","0","1.31714127657333","0"
"2020-08-26","0","0.103599620618189","0.190659223330588","0","0","0","0","0","0","0","1.43982261385397","0","0","0","0","0.694606964663741","0.480026322897997","0.241408570728487","0.962778965205168","0","0","0","0","0.462941101855375","0.543693965540676","0.526701112919452","0","0.819641525225379","0.584898738515831","0","0","0.735599716058509","0","0","0.144086198127168","0","0","0.824715060946443","0","0.331401263964421","0.492450017047461","0.16185821867477","0","0","0","1.04404840208392","0.75960770819518","0","3.18309141838554","0","0.905821716169823","0","0","0.622092763123107","0","0","0","0","0","0","0","0","0","0","0","0","0","0","0","1.31714127657333","0"
"2020-08-27","0","0.103599620618189","0.190659223330588","0","0","0","0","0","0","0","1.02844472418141","0","0","0","0","0.587744354715473","0.469116633741225","0.120704285364243","0.962778965205168","0","0","0","0","0.277764661113225","0.466023399034866","0.526701112919452","0","0.728570244644781","0.55946835858036","0","0","0.6742997397203","0","0","0.144086198127168","0","0","0.824715060946443","0","0","0.492450017047461","0.143873972155351","0","0","0","1.04404840208392","0.835568479014698","0","3.18309141838554","0","0.905821716169823","0","0","0.646019407858611","0","0","0","0","0","0","4.27460032486962","0","0","0","0","0","0","0","0","1.31714127657333","0"
"2020-08-28","0","0.103599620618189","0.190659223330588","0","0","0","0","0","0","0","1.02844472418141","0","0","0","0","0.480881744767205","0.436387566270907","0.120704285364243","0.962778965205168","0","0","0","0","0.277764661113225","0.388352832529055","0.526701112919452","0","0.698213151117915","0.569640510554549","0","0","0.551699787043882","0","0","0.144086198127168","0","0","0.824715060946443","0","0","0.405547072862615","0.179842465194189","0","0","0","1.04404840208392","0.911529249834216","0","3.18309141838554","0","0.905821716169823","0","0","0.622092763123107","0","0","0","0","0","0","4.27460032486962","0","0","0","0","0","0","0","0","1.31714127657333","0"
"2020-08-29","0","0.103599620618189","0.190659223330588","0","0","0","0","0","0","0","1.02844472418141","0","0","0","0","0.534313049741339","0.425477877114134","0.120704285364243","0.962778965205168","0","0","0","0","0.3703528814843","0.388352832529055","0.526701112919452","0","0.698213151117915","0.528951902657795","0","0","0.490399810705673","0","0","0.144086198127168","0","0","0.824715060946443","0","0","0.405547072862615","0.179842465194189","0","0","0","1.04404840208392","0.987490020653734","0","3.18309141838554","0","0.905821716169823","0","0","0.574239473652098","0","0","0","0","0","0","4.27460032486962","0","0","0","0","0","0","0","0","1.09761773047777","0"
"2020-08-30","0","0.103599620618189","0.190659223330588","0","0","0","0","0","0","0","1.02844472418141","0","0","0","0","0.374019134818937","0.425477877114134","0.120704285364243","0.962778965205168","0","0","0","0","0.3703528814843","0.388352832529055","0.526701112919452","0","0.637498964064183","0.523865826670701","0","0","0.490399810705673","0","0","0.144086198127168","0","0","0.824715060946443","0","0","0.405547072862615","0.179842465194189","0","0","0","1.04404840208392","1.06345079147325","0","3.18309141838554","0","0.905821716169823","0","0","0.598166118387603","0","0","0","0","0","0","4.27460032486962","0","0","0","0","0","0","0","0","0.878094184382217","0"
"2020-08-31","0","0.0517998103090946","0.190659223330588","0","0","0","0","0","0","0","1.02844472418141","0","0","0","0","0.374019134818937","0.414568187957361","0.120704285364243","0.962778965205168","0","0","0","0","0.3703528814843","0.388352832529055","0.526701112919452","0","0.637498964064183","0.534037978644889","0","0","0.490399810705673","0","0","0.144086198127168","0","0","0.824715060946443","0","0","0.43451472092423","0.179842465194189","0","0","0","1.04404840208392","0.987490020653734","0","3.18309141838554","0","0.905821716169823","0","0","0.622092763123107","0","0","0","0","0","0","4.27460032486962","0","0","0","0","0","0","0","0","0.878094184382217","0.333490073667957"
"2020-09-01","0","0.0517998103090946","0.190659223330588","0","0","0","0","0","0","0","1.02844472418141","0","0","0","0","0.374019134818937","0.392748809643816","0.120704285364243","0","0","0","0.816933395420271","0","0.3703528814843","0.388352832529055","0.526701112919452","0","0.637498964064183","0.478091142786853","0","0","0.429099834367464","0","0","0.144086198127168","0","0","0","0","0","0.405547072862615","0.179842465194189","0","0","0","1.04404840208392","0.987490020653734","0","3.18309141838554","0.985901607019619","0.905821716169823","0","0","0.550312828916594","0","0","0","0","0","0","4.27460032486962","0","0","0","0","0","0","0","0","0.658570638286663","0.333490073667957"
"2020-09-02","0","0.0517998103090946","0.190659223330588","0","0","0","0","0","0","0","1.02844472418141","0","0","0","0","0.320587829844803","0.381839120487043","0.120704285364243","0","0","0","0.816933395420271","0","0.3703528814843","0.310682266023244","0.526701112919452","0","0.637498964064183","0.457746838838477","0","0","0.490399810705673","0","0","0.144086198127168","0","0","0","0","0","0.405547072862615","0.16185821867477","0","0","0","1.04404840208392","0.987490020653734","0","3.18309141838554","0.985901607019619","0.905821716169823","0","0","0.550312828916594","0","0","0","0","0","0","4.27460032486962","0","0","0","0","0","0","0","0","0.658570638286663","0.666980147335914"
"2020-09-03","0","0.0517998103090946","0.190659223330588","0","0","0","0","0","0","0","0.822755779345127","0","0","0","0","0.320587829844803","0.370929431330271","0.120704285364243","0","0","0","0.816933395420271","0","0.3703528814843","0.310682266023244","0","0","0.637498964064183","0.442488610877194","0","0","0.429099834367464","0","0","0.144086198127168","0","0","0","0","0","0.376579424801","0.16185821867477","0","0","0","0.52202420104196","0.987490020653734","0","0","0.985901607019619","0.905821716169823","0","0","0.502459539445586","0","0","0","0","0","0","4.27460032486962","0","0","0","0","0","0","0","0","0.439047092191108","0.666980147335914"
"2020-09-04","0","0.103599620618189","0.190659223330588","0","0","0","0","0","0","0","0.617066834508846","0","0","0","0","0.374019134818937","0.360019742173498","0.120704285364243","0","0","0","0.816933395420271","0","0.277764661113225","0.466023399034866","0","0","0.637498964064183","0.427230382915911","0","0","0.367799858029255","0","0","0.144086198127168","0","0","0","0","0","0.405547072862615","0.16185821867477","0","0","0","0.52202420104196","0.987490020653734","0","0","0.985901607019619","0.905821716169823","0","0","0.502459539445586","0","0","0","0","0","0","4.27460032486962","0","0","0","0","0","0","0","0","0.658570638286663","0.666980147335914"
"2020-09-05","0","0.103599620618189","0.190659223330588","0","0","0","0","0","0","0","0.411377889672564","0","0","0","0","0.374019134818937","0.370929431330271","0","0","0","0","0.816933395420271","0","0.277764661113225","0.466023399034866","0","0","0.667856057591049","0.406886078967535","0","0","0.306499881691046","0","0","0","0","0","0","0","0","0.405547072862615","0.143873972155351","0","0","0","0.52202420104196","0.911529249834216","0","0","0.985901607019619","0.905821716169823","0","0","0.478532894710082","0","0","0","0","0","0","4.27460032486962","0","0","0","0","0","0","0","0","0.658570638286663","0.666980147335914"
"2020-09-06","0","0.155399430927284","0.190659223330588","0","0","0","0","0","0","0","0.205688944836282","0","0","0","0","0.374019134818937","0.392748809643816","0","0","0","0","0.816933395420271","0","0.277764661113225","0.466023399034866","0","0","0.607141870537317","0.381455699032064","0","0","0.429099834367464","0","0","0","0","0","0","0","0","0.405547072862615","0.107905479116513","0","0","0","0.52202420104196","0.75960770819518","0","0","0.985901607019619","0.905821716169823","0","0","0.454606249974578","0","0","0","0","0","0","4.27460032486962","0","0","0","0","0","0","0","0","0.658570638286663","0.666980147335914"
"2020-09-07","0","0.155399430927284","0.190659223330588","0","0","0","0","0","0","0","0.205688944836282","0","0","0","0","0.374019134818937","0.370929431330271","0","0","0","0","0.816933395420271","0","0.3703528814843","0.466023399034866","0","0","0.51607058995672","0.361111395083687","0","0","0.429099834367464","0","0","0","0","0","0","0","0","0.347611776739384","0.125889725635932","0","0","0","0.52202420104196","0.75960770819518","0","0","0.985901607019619","0.905821716169823","0","0","0.382826315768066","0","0","0","0","0","0","4.27460032486962","0","0","0","0","0","0","0","0","0.658570638286663","0.666980147335914"
"2020-09-08","0","0.103599620618189","0.190659223330588","0.501675596492284","0","0","0","0","0","0","0.205688944836282","0","0","0","0","0.374019134818937","0.349110053016725","0","0","0","0","0.816933395420271","0","0.462941101855375","0.310682266023244","0","0","0.485713496429854","0.350939243109499","0","0","0.429099834367464","0","0","0","0","0","0","0","0","0.347611776739384","0.143873972155351","0","0","0","0.52202420104196","0.75960770819518","0","0","0.985901607019619","0.905821716169823","0","0","0.358899671032562","0","0","0","0","0","0","4.27460032486962","0","0","0","0","0","0","0","0","0.439047092191108","0.666980147335914"
"2020-09-09","0","0.103599620618189","0.190659223330588","0.501675596492284","0","0","0","0","0","0","0.411377889672564","0","0","0","0","0.320587829844803","0.32729067470318","0","0","0","0","0.816933395420271","0","0.462941101855375","0.310682266023244","0","0","0.485713496429854","0.320422787186934","0","0","0.490399810705673","0","0","0","0","0","0","0","0","0.347611776739384","0.143873972155351","0","0","0","0.52202420104196","0.75960770819518","0","0","0.985901607019619","0.905821716169823","0","0","0.382826315768066","0","0","0","0","0","0","4.27460032486962","0","0","0","0","0","0","0","0","0.439047092191108","0.666980147335914"
"2020-09-10","0","0.103599620618189","0.381318446661176","0.501675596492284","0","0","0","0","0","0","0.411377889672564","0","0","0","0","0.26715652487067","0.338200363859953","0","0","0","0","0.816933395420271","0","0.462941101855375","0.233011699517433","0","0","0.485713496429854","0.305164559225651","0","0","0.490399810705673","0","0.379858388792658","0","0","0","0","0","0","0.347611776739384","0.143873972155351","0","0","0","0","0.835568479014698","0","0","0.985901607019619","0.905821716169823","0","0","0.382826315768066","0","0","0","0","0","0","4.27460032486962","0","0","0","0","0","0","0","0","0.439047092191108","0.666980147335914"
"2020-09-11","0","0.103599620618189","0.381318446661176","0.501675596492284","0","0","0","0","0","0","0.411377889672564","0","0","0","0","0.26715652487067","0.32729067470318","0","0","0","0","0.816933395420271","0","0.462941101855375","0.233011699517433","0","0","0.485713496429854","0.294992407251463","0","0","0.490399810705673","0","0.379858388792658","0","0","0","0","0","0","0.289676480616153","0.125889725635932","0","0","0","0","0.75960770819518","0","0","0.985901607019619","0.905821716169823","0","0","0.334973026297057","0","0","0","0","0","0","4.27460032486962","0","0","0","0","0","0","0","0","0.439047092191108","0.666980147335914"
"2020-09-12","0","0.103599620618189","0.381318446661176","0.501675596492284","0","0","0","0","0","0","0.411377889672564","0","0","0","0","0.160293914922402","0.32729067470318","0","0","0","0","0.816933395420271","0","0.462941101855375","0.233011699517433","0","0","0.394642215849256","0.284820255277274","0","0","0.490399810705673","0","0.379858388792658","0","0","0","0","0","0","0.289676480616153","0.125889725635932","0","0","0","0","0.75960770819518","0","0","0.985901607019619","0","0","0","0.311046381561553","0","0","0","0","0","0","4.27460032486962","0","0","0","0","0","0","0","0","0.439047092191108","0.666980147335914"
"2020-09-13","0","0.103599620618189","0.381318446661176","0.501675596492284","0","0","0","0","0","0","0.411377889672564","0","0","0","0","0.160293914922402","0.338200363859953","0","0","0","0","0.816933395420271","0","0.3703528814843","0.233011699517433","0","0","0.36428512232239","0.294992407251463","0","0","0.490399810705673","0","0.379858388792658","0","0","0","0","0","0","0.260708832554538","0.107905479116513","0","0","0","0","0.683646937375662","0","0","0.985901607019619","0","0","0","0.263193092090545","0","0","0","0","0","0","4.27460032486962","0","0","0","0.557078236067473","0","0","0","0","0.439047092191108","0.666980147335914"
"2020-09-14","0","0.103599620618189","0.190659223330588","0.501675596492284","0","0","0","0","0","0","0.411377889672564","0","0","0","0","0.160293914922402","0.32729067470318","0","0","0","0","0.816933395420271","0","0.3703528814843","0.233011699517433","0","0","0.424999309376122","0.27973417929018","0","0","0.490399810705673","0","0.379858388792658","0","0","0","0","0","0","0.173805888369692","0.107905479116513","0","0","0","0","0.683646937375662","0","0","0.985901607019619","0","0","0","0.263193092090545","0","0","0","0","0","0","4.27460032486962","0","0","0","0.557078236067473","0","0","0","0","0.439047092191108","0.666980147335914"
"2020-09-15","0","0.103599620618189","0.190659223330588","0.501675596492284","0","0","0","0","0","0","0.205688944836282","0","0","0","0","0.160293914922402","0.32729067470318","0","0","0","0","0.816933395420271","0","0.3703528814843","0.233011699517433","0","0","0.455356402902988","0.259389875341803","0","0","0.490399810705673","0","0.379858388792658","0","0","0","0","0","0","0.202773536431307","0.0899212325970943","0","0","0","0","0.75960770819518","0","0","0.985901607019619","0","0","0","0.191413157884033","0","0","0","0","0","0","4.27460032486962","0","0","0","0.557078236067473","0","0","0","0","0.439047092191108","0.666980147335914"
"2020-09-16","0","0.103599620618189","0.190659223330588","0.501675596492284","0","0","0","0","0","0","0.205688944836282","0","0","0","0","0.106862609948268","0.316380985546407","0","0","0","0","0.816933395420271","0","0.277764661113225","0.233011699517433","0","0","0.455356402902988","0.254303799354709","0","0","0.367799858029255","0","0.379858388792658","0","0","0","0","0","0","0.202773536431307","0.0899212325970943","0","0","0","0","0.75960770819518","0","0","0.985901607019619","0","0","0","0.191413157884033","0","0","0","0","0","0","4.27460032486962","0","0","0","0.557078236067473","0","0","0","0","0.439047092191108","0.666980147335914"
"2020-09-17","0","0.155399430927284","0.190659223330588","0.501675596492284","0","0","0","0","0","0","0.205688944836282","0","0","0","0","0.106862609948268","0.32729067470318","0","0","0","0","0.816933395420271","0","0.277764661113225","0.233011699517433","0","0","0.455356402902988","0.249217723367615","0","0","0.306499881691046","0","0.379858388792658","0","0","0","0","0","0","0.202773536431307","0.0719369860776754","0","0","0","0","0.683646937375662","0","0","0.985901607019619","0","0","0","0.191413157884033","0","0","0","0","0","0","0","0","0","0","0.557078236067473","0","0","0","0","0.439047092191108","0.666980147335914"
"2020-09-18","0","0.155399430927284","0.190659223330588","0.501675596492284","0","0","0","0","0","0","0.205688944836282","0","0","0","0","0.106862609948268","0.305471296389635","0","0","0","0","0.816933395420271","0","0.277764661113225","0.233011699517433","0","0","0.424999309376122","0.233959495406332","0","0","0.306499881691046","0","0.379858388792658","0","0","0","0","0","0","0.202773536431307","0.0359684930388377","0","0","0","0","0.607686166556144","0","0","0.985901607019619","0","0","0","0.167486513148529","0","0","0","0","0","0","0","0","0","0","0.557078236067473","0","0","0","0","0.439047092191108","0.666980147335914"
"2020-09-19","0","0.155399430927284","0.190659223330588","0.501675596492284","0","0","0","0","0","3.22841000807102","0.205688944836282","0","0","0","0","0.0534313049741339","0.294561607232862","0","0","0","0","0.816933395420271","0","0.18517644074215","0.233011699517433","0","0","0.424999309376122","0.249217723367615","0","0","0.306499881691046","0","0.379858388792658","0","0","0","0","0","0","0.231741184492923","0.0539527395582565","0","0","0","0","0.607686166556144","0","0","0.985901607019619","0","0","0","0.191413157884033","0","0","0","0","0","0","0","0","0","0","0.557078236067473","0","0","0","0","0.219523546095554","0.666980147335914"
"2020-09-20","0","0.155399430927284","0.190659223330588","0.501675596492284","0","0","0","0","0","3.22841000807102","0.205688944836282","0","0","0","0","0.0534313049741339","0.316380985546407","0","0","0","0","0.816933395420271","0","0.18517644074215","0.233011699517433","0","0","0.455356402902988","0.254303799354709","0","0","0.306499881691046","0","0.379858388792658","0","0","0","0","0","0","0.202773536431307","0.0539527395582565","0","0","0","0","0.531725395736626","0","0","0.985901607019619","0","0","0","0.191413157884033","0","0","0","0","0","0","0","0","0","0","0.557078236067473","0","0","0","0","0.219523546095554","0.666980147335914"
"2020-09-21","0","0.155399430927284","0.190659223330588","0.501675596492284","0","0","0","0","0","3.22841000807102","0.205688944836282","0","0","0","0","0.0534313049741339","0.316380985546407","0","0","0","0","0.816933395420271","0","0.18517644074215","0.233011699517433","0","0","0.455356402902988","0.233959495406332","0","0","0.306499881691046","0","0.379858388792658","0","0","0","0","0","0","0.144838240308077","0.0539527395582565","0","0","0","0","0.531725395736626","0","0","0.985901607019619","0","0","0","0.167486513148529","0","0","0","0","0","0","0","0","0","0","0.557078236067473","0","0","0","0","0.219523546095554","0.333490073667957"
"2020-09-22","0","0.155399430927284","0.190659223330588","0.501675596492284","0","0","0","0","0","3.22841000807102","0.205688944836282","0","0","0","0","0.0534313049741339","0.32729067470318","0","0","0","0","0","0","0.18517644074215","0.310682266023244","0","0","0.424999309376122","0.233959495406332","0","0","0.306499881691046","0","0.379858388792658","0","0","0","0","0","0","0.144838240308077","0.0539527395582565","0","0","0","0","0.531725395736626","0","0","0","0","0","0","0.167486513148529","0","0","0","0","0","0","0","0","0","0","0.557078236067473","0","0","0","0","0.219523546095554","0.333490073667957"
"2020-09-23","0","0.155399430927284","0.190659223330588","0.501675596492284","0","0","0","0","0","3.22841000807102","0.205688944836282","0","0","0","0","0.0534313049741339","0.32729067470318","0","0","0","0","0","0","0.18517644074215","0.310682266023244","0","0","0.394642215849256","0.233959495406332","0","0","0.306499881691046","0","0.379858388792658","0","0","0","0","0","0","0.173805888369692","0.0539527395582565","0","0","0","0","0.531725395736626","0","0","0","0","0","0","0.191413157884033","0","0","0","0","0","0","0","0","0","0","0.557078236067473","0","0","0","0","0.219523546095554","0"
"2020-09-24","0","0.155399430927284","0.190659223330588","0.501675596492284","0","0","0","0","0","3.22841000807102","0.205688944836282","0","0","0","0","0.0534313049741339","0.316380985546407","0","0","0","0","0","0","0.18517644074215","0.466023399034866","0","0","0.333928028795525","0.223787343432144","0","0","0.306499881691046","0","0.379858388792658","0","0","0","0","0","0.331401263964421","0.202773536431307","0.0539527395582565","0","0","0","0","0.531725395736626","0","0","0","0","0","0","0.239266447355041","0","0","0","0","0","0","0","0","0","0","0.557078236067473","0","0","0","0","0.219523546095554","0"
"2020-09-25","0","0.103599620618189","0.190659223330588","0.501675596492284","0","0","0","0","0","3.22841000807102","0.205688944836282","0","0","0","0","0","0.294561607232862","0","0","0","0","0","0","0.18517644074215","0.310682266023244","0","0","0.333928028795525","0.203443039483767","0","0","0.306499881691046","0","0.379858388792658","0","0","0","0","0","0.331401263964421","0.173805888369692","0.0539527395582565","0","0","0","0","0.531725395736626","0","0","0","0","0","0","0.239266447355041","0","0","0","0","0","0","0","0","0","0","0.557078236067473","0","0","0","0","0","0"
"2020-09-26","0","0.103599620618189","0.190659223330588","0.501675596492284","0","0","0","0","0","3.22841000807102","0.205688944836282","0","1.49229231021773","0","0","0","0.283651918076089","0","0","0","0","0","0","0.18517644074215","0.310682266023244","0","0","0.303570935268659","0.208529115470862","0","0","0.306499881691046","0","0.379858388792658","0","0","0","0","0","0.331401263964421","0.231741184492923","0.0539527395582565","0","0","0","0","0.607686166556144","0","0","0","0","0","0","0.239266447355041","0","0","0","0","0","0","0","0","0","0","0.557078236067473","0","0","0","0","0","0"
"2020-09-27","0","0.0517998103090946","0.190659223330588","0.501675596492284","0","0","0","0","0","3.22841000807102","0.205688944836282","0","1.49229231021773","0","0","0","0.250922850605771","0","0","0","0","0","0","0.18517644074215","0.233011699517433","0","0","0.303570935268659","0.213615191457956","0","0","0.245199905352837","0","0.379858388792658","0","0","0","0","0","0.331401263964421","0.260708832554538","0.0539527395582565","0","0","0","0","0.683646937375662","0","0","0","0","0","0","0.263193092090545","0","0","0","0","0","0","0","0","0","0","0.557078236067473","0","0","0","0","0","0"
"2020-09-28","0","0.0517998103090946","0.190659223330588","0.501675596492284","0","0","0","0","0","3.22841000807102","0.205688944836282","0","1.49229231021773","0","0","0","0.240013161448999","0","0","0","0","0","0","0.0925882203710751","0.233011699517433","0","0","0.36428512232239","0.203443039483767","0","0","0.245199905352837","0","0.379858388792658","0","0","0","0","0","0.331401263964421","0.231741184492923","0.0539527395582565","0","0","0","0","0.75960770819518","0","0","0","0","0","0","0.239266447355041","0","0","0","0","0","0","0","0","0","0","0.557078236067473","0","0","0","0","0","0"
"2020-09-29","0","0.0517998103090946","0.190659223330588","0","0","0","0","0","0","3.22841000807102","0.205688944836282","0","1.49229231021773","0","0","0.0534313049741339","0.240013161448999","0.120704285364243","0","0","0","0","0","0","0.233011699517433","0","0","0.394642215849256","0.213615191457956","0","0","0.245199905352837","0","0.379858388792658","0","0","0","0","0","0.331401263964421","0.231741184492923","0.0359684930388377","0","0","0","0","0.75960770819518","0","0","0","0","0","0","0.239266447355041","0","0","0","0","0","0","0","0","0","0","0.557078236067473","0","0","0","0","0","0"
"2020-09-30","0","0.0517998103090946","0.190659223330588","0","0","0","0","0","0","3.22841000807102","0","0","1.49229231021773","0","0","0.0534313049741339","0.272742228919317","0.120704285364243","0","0","0","0","0","0","0.233011699517433","0","0","0.394642215849256","0.208529115470862","0","0","0.245199905352837","0","0.379858388792658","0","0","0","0","0","0.331401263964421","0.231741184492923","0.0359684930388377","0","0","0","0","0.75960770819518","0","0","0","0","0","0","0.239266447355041","0","0","0","0","0","0","0","0","0","0","0.557078236067473","0","0","0","0","0","0"
"2020-10-01","0","0.0517998103090946","0","0","0","0","0","0","0","3.22841000807102","0","0","1.49229231021773","0","0","0.160293914922402","0.261832539762544","0.120704285364243","0","0","0","0","0","0","0.310682266023244","0","0","0.36428512232239","0.203443039483767","0","0","0.245199905352837","0","0","0","0","0","0","0","0.331401263964421","0.260708832554538","0.0359684930388377","0","0","0","0","0.683646937375662","0","0","0","0","0","0","0.215339802619537","0","0","0","0","0","0","0","0","0","0","0.557078236067473","0","0","0","0","0","0"
"2020-10-02","1.85794177210486","0.0517998103090946","0","0","0","0","0","0","0","3.22841000807102","0","0","1.49229231021773","0","0","0.160293914922402","0.229103472292226","0.241408570728487","0","0","0","0","0","0","0.388352832529055","0","0","0.36428512232239","0.193270887509579","0","0","0.245199905352837","0","0","0","0","0","0","0","0.331401263964421","0.289676480616153","0.0539527395582565","0","0","0","0","0.683646937375662","0","0","0","0","0","0","0.215339802619537","0","0","0","0","0","0","0","0","0","0","0.557078236067473","0","0","0","0","0","0.333490073667957"
"2020-10-03","1.85794177210486","0.0517998103090946","0","0","0","0","0","0","0","3.22841000807102","0","0","1.49229231021773","0","0","0.160293914922402","0.229103472292226","0.241408570728487","0","0","0","0","0","0","0.388352832529055","0.526701112919452","0","0.36428512232239","0.193270887509579","0","0","0.183899929014627","0","0","0","0","0","0","0","0.331401263964421","0.289676480616153","0.0539527395582565","0","0","0","0","0.607686166556144","0","0","0","0","0","0","0.215339802619537","0","0","0.293890314256913","0","0","0","0","0","0","0","0.557078236067473","0","0","0","0","0","0.666980147335914"
"2020-10-04","1.85794177210486","0.0517998103090946","0","0","0","0","0","0","0","3.22841000807102","0","0","1.49229231021773","0","0","0.160293914922402","0.229103472292226","0.241408570728487","0","0","0","0","0","0","0.388352832529055","0.526701112919452","0","0.394642215849256","0.188184811522485","0","0","0.183899929014627","0","0","0","0","0","0","0","0.331401263964421","0.289676480616153","0.0539527395582565","0","0","0","0","0.607686166556144","0","0","0","0","0","0","0.215339802619537","0","0","0.293890314256913","0","0","0","0","0","0","0","0","0","0","0","0","0","0.666980147335914"
"2020-10-05","1.85794177210486","0.0517998103090946","0","0","0","0","0","0","0","3.22841000807102","0","0","1.49229231021773","0","0","0.213725219896536","0.218193783135453","0.241408570728487","0","0","0","0","0","0","0.466023399034866","0.526701112919452","0","0.333928028795525","0.188184811522485","0","0","0.183899929014627","0","0","0","0","0","0","0","0.331401263964421","0.347611776739384","0.0539527395582565","0","0","0","0","0.531725395736626","0","0","0","0","0","0","0.215339802619537","0","0","0.293890314256913","0","0","0","0","0","0","0","0","0","0","0","0","0","0.666980147335914"
"2020-10-06","1.85794177210486","0.103599620618189","0","0","0","0","0","0","0","3.22841000807102","0","0","1.49229231021773","0","0","0.213725219896536","0.218193783135453","0.241408570728487","0","0","0","0","0","0","0.466023399034866","0.526701112919452","0","0.303570935268659","0.193270887509579","0","0","0.245199905352837","0","0","0","0","0","0","0","0.331401263964421","0.318644128677769","0.0539527395582565","0","0","0","0","0.455764624917108","0","0","0","0","0","0","0.215339802619537","0","0","0.293890314256913","0","0","0","0","0","0","0","0","0","0","0","0","0","0.666980147335914"
"2020-10-07","1.85794177210486","0.103599620618189","0","0","0","0","0","0","0","3.22841000807102","0","0","1.49229231021773","0","0","0.26715652487067","0.229103472292226","0.482817141456973","0","0","0","0","0","0","0.466023399034866","0.526701112919452","0","0.273213841741793","0.193270887509579","0","0","0.245199905352837","0","0","0","0","0","0","0","0.331401263964421","0.318644128677769","0.0539527395582565","0","0","0","0.52202420104196","0.455764624917108","0","0","0","0","0","0","0.191413157884033","0","0","0.293890314256913","0","0","0","0","0","0","0","0","0","0","0","0","0","0.666980147335914"
"2020-10-08","1.85794177210486","0.0517998103090946","0","0","0","0","0","0","0","3.22841000807102","0","0","1.49229231021773","0","0","0.26715652487067","0.218193783135453","0.482817141456973","0","0","0","0","0","0","0.466023399034866","0.526701112919452","0","0.273213841741793","0.188184811522485","0","0","0.245199905352837","0","0","0","0","0","0.824715060946443","0","0.331401263964421","0.318644128677769","0.0539527395582565","0","0","0","0.52202420104196","0.455764624917108","0","0","0","0","0","0","0.167486513148529","0","0","0.293890314256913","0","0","0","0","0","0","0","0","0","0","0","0","0","0.666980147335914"
"2020-10-09","1.85794177210486","0.0517998103090946","0","0","0","0","0","0","0","3.22841000807102","0","0","1.49229231021773","0","0","0.26715652487067","0.229103472292226","0.482817141456973","0","0","0","0","0","0","0.466023399034866","0.526701112919452","0","0.273213841741793","0.178012659548296","0","0","0.245199905352837","0","0","0","0","0","0.824715060946443","0","0.662802527928841","0.347611776739384","0.0539527395582565","0","0","0","0.52202420104196","0.455764624917108","0","0","0","0","0","0","0.167486513148529","0","0","0.293890314256913","0","0","0","0","0","0","0","0.557078236067473","0","0","0","0","0","0.666980147335914"
"2020-10-10","1.85794177210486","0.0517998103090946","0","0","0","0","0","0","0","0","0","0","1.49229231021773","0","0","0.26715652487067","0.250922850605771","0.482817141456973","0","0","0","0","0","0","0.466023399034866","0.526701112919452","0","0.273213841741793","0.172926583561202","0","0","0.245199905352837","0","0","0","0","0","0.824715060946443","0","0.662802527928841","0.318644128677769","0.0539527395582565","0","0","0","0.52202420104196","0.37980385409759","0","0","0","0","0","0","0.143559868413025","0","0","0.293890314256913","0","0","0","0","0","0","0","0.557078236067473","3.33233363324336","0","0","0","0","0.666980147335914"
"2020-10-11","1.85794177210486","0.0517998103090946","0","0","0","0","0","0","0","0","0","0","1.49229231021773","0","0","0.26715652487067","0.240013161448999","0.482817141456973","0","0","0","0","0","0","0.466023399034866","0.526701112919452","0","0.273213841741793","0.162754431587014","0","0","0.245199905352837","0","0","0","0","0","0.824715060946443","0","0.662802527928841","0.376579424801","0.0899212325970943","0","0","0","0.52202420104196","0.37980385409759","0","0","0","0","0","0","0.119633223677521","0","0","0.293890314256913","0","0","0","0","0","0","0","0.557078236067473","3.33233363324336","0","0","0","0","0.666980147335914"
"2020-10-12","1.85794177210486","0.0517998103090946","0","0","0","0","0","0","0","0","0","0","1.49229231021773","0","0","0.26715652487067","0.229103472292226","0.482817141456973","0","0","0","0","0","0","0.466023399034866","0.526701112919452","0","0.242856748214927","0.178012659548296","0","0","0.245199905352837","0","0","0","0","0","0.824715060946443","0","0.994203791893262","0.376579424801","0.0899212325970943","0","0","0","0.52202420104196","0.37980385409759","0","0","0","0","0","0","0.119633223677521","0","0","0.293890314256913","0","0","0","0","0","0","0","0.557078236067473","6.66466726648672","0","0","0","0","0.666980147335914"
"2020-10-13","1.85794177210486","0.0517998103090946","0","0","0","0","0","0","0","0","0","0","1.49229231021773","0","0","0.26715652487067","0.229103472292226","0.482817141456973","0","0","0","0","0","0","0.388352832529055","0.526701112919452","0","0.273213841741793","0.178012659548296","0","0","0.245199905352837","0","0","0","0","0","0.824715060946443","0","0.994203791893262","0.43451472092423","0.0899212325970943","0","0","0","0.52202420104196","0.303843083278072","0","0","0","0","0","0","0.191413157884033","0","0","0.293890314256913","0","0","0","0","0","0","0","0.557078236067473","6.66466726648672","0","0","0","0","0.666980147335914"
"2020-10-14","1.85794177210486","0.0517998103090946","0","0","0","0","0","0","0","0","0","0","1.49229231021773","0","0","0.26715652487067","0.207284093978681","0.482817141456973","0","0","0","0","0","0","0.466023399034866","0.526701112919452","0","0.273213841741793","0.183098735535391","0","0","0.183899929014627","0","0","0","0","0","0.824715060946443","0","0.994203791893262","0.43451472092423","0.0899212325970943","0","0","0","0.52202420104196","0.303843083278072","0","0","0","0","0","0","0.167486513148529","0","0","0.293890314256913","0","0","0","0","0","0","0","0.557078236067473","6.66466726648672","0","0","0","0","0.666980147335914"
"2020-10-15","1.85794177210486","0.103599620618189","0","0","0","0","0","0","0","0","0","0","1.49229231021773","0","0","0.26715652487067","0.196374404821908","0.482817141456973","0","0","0","0","0","0","0.388352832529055","0.526701112919452","0","0.303570935268659","0.183098735535391","0","0","0.245199905352837","0","0","0","0","0","0.824715060946443","0","0.994203791893262","0.43451472092423","0.0899212325970943","0","0","0","0.52202420104196","0.227882312458554","0","0","0","0","0","0","0.119633223677521","0","0","0.293890314256913","0","0","0","0","0","0","0","0.557078236067473","6.66466726648672","0","0","0","0","0.666980147335914"
"2020-10-16","1.85794177210486","0.103599620618189","0","0","0","0","0","0","0","0","0.205688944836282","0","1.49229231021773","0","0","0.26715652487067","0.207284093978681","0.482817141456973","0","0","0","0","0","0","0.388352832529055","0.526701112919452","0","0.303570935268659","0.183098735535391","0","0","0.245199905352837","0","0","0","0","0","0.824715060946443","0","0.994203791893262","0.43451472092423","0.0899212325970943","0","0","0","0.52202420104196","0.227882312458554","0","0","0","0","0","0","0.143559868413025","0","0","0.293890314256913","0","0","0","0","0","0","0","0.557078236067473","6.66466726648672","0","0","0","0","0.666980147335914"
"2020-10-17","3.71588354420972","0.103599620618189","0","0","0","0","0","0","0","0","0.205688944836282","0","0","0","0","0.26715652487067","0.207284093978681","0.482817141456973","0","0","0","0","0","0","0.388352832529055","0.526701112919452","0","0.303570935268659","0.172926583561202","0","0","0.306499881691046","0","0","0","0","0","0.824715060946443","0","0.994203791893262","0.376579424801","0.0899212325970943","0","0","0","0.52202420104196","0.151921541639036","0","0","0","0","0","0","0.167486513148529","0","0","0.293890314256913","0","0","0","0","0","0","0","0.557078236067473","6.66466726648672","0","0","0","0","0.666980147335914"
"2020-10-18","3.71588354420972","0.103599620618189","0","0","0","0","0","0","0","0","0.205688944836282","0","0","0","0","0.26715652487067","0.218193783135453","0.482817141456973","0","0","0","0","0","0.0925882203710751","0.388352832529055","0.526701112919452","0","0.303570935268659","0.162754431587014","0","0","0.306499881691046","0","0","0","0","0","0.824715060946443","0","1.32560505585768","0.347611776739384","0.0899212325970943","0","0","0","0.52202420104196","0.075960770819518","0","0","0","0","0","0","0.167486513148529","0","0","0.293890314256913","0","0","0","0","0","0","0","0.557078236067473","6.66466726648672","0","0","0","0","0.666980147335914"
"2020-10-19","3.71588354420972","0.103599620618189","0","0","0","0","0","0","0","0","0.205688944836282","0","0","0","0","0.26715652487067","0.240013161448999","0.482817141456973","0","0","0","0","0","0.0925882203710751","0.466023399034866","0.526701112919452","0","0.273213841741793","0.172926583561202","0","0","0.306499881691046","0","0","0","0","0","0.824715060946443","0","1.32560505585768","0.43451472092423","0.0719369860776754","0","0","0","0.52202420104196","0","0","0","0","0","0","0","0.215339802619537","0","0","0.293890314256913","0","0","0","0","0","0","0","0.557078236067473","6.66466726648672","0","0","0","0","0.666980147335914"
"2020-10-20","3.71588354420972","0.103599620618189","0","0","0","0","0","0","0","0","0.205688944836282","0","0","0","0","0.213725219896536","0.229103472292226","0.36211285609273","0","0","0","0","0","0.0925882203710751","0.466023399034866","0.526701112919452","0","0.242856748214927","0.162754431587014","0","0","0.367799858029255","0","0","0","0","0","0.824715060946443","0","1.32560505585768","0.43451472092423","0.0899212325970943","0","0","0","0.52202420104196","0","0","0","0","0","0","0","0.215339802619537","0","0","0.293890314256913","0","0","0","0","0","0","0","0.557078236067473","6.66466726648672","0","0","0","0","0.666980147335914"
"2020-10-21","3.71588354420972","0.103599620618189","0","0","0","0","0","0","0","0","0.205688944836282","0","0","0","0","0.213725219896536","0.196374404821908","0.36211285609273","0","0","0","0","0","0.0925882203710751","0.621364532046487","0.526701112919452","0","0.273213841741793","0.167840507574108","0","0","0.367799858029255","0","0","0","0","0","0.824715060946443","0","1.6570063198221","0.43451472092423","0.0899212325970943","0","0","0","0.52202420104196","0","0","0","0","0","0","0","0.191413157884033","0","0","0.293890314256913","0","0","0","0","0","0","0","0.557078236067473","6.66466726648672","0","0","0","0","0.666980147335914"
"2020-10-22","3.71588354420972","0.103599620618189","0","0","0","0","0","0","0","0","0.205688944836282","0","0","0","0","0.106862609948268","0.185464715665135","0.36211285609273","0","0","0","0","0","0.0925882203710751","0.543693965540676","0.526701112919452","0","0.242856748214927","0.183098735535391","0","0","0.429099834367464","0","0","0","0","0","0.824715060946443","0","1.98840758378652","0.405547072862615","0.0899212325970943","0","0","0","0.52202420104196","0.151921541639036","0","0","0","0","0","0","0.239266447355041","0","0","0.293890314256913","0","0","0","0","0","0","0","0.557078236067473","6.66466726648672","0","0","0","0","0.666980147335914"
"2020-10-23","1.85794177210486","0.103599620618189","0","0","0","0","0","0","0","0","0.205688944836282","0","0","0","0","0.106862609948268","0.185464715665135","0.36211285609273","0","0","0","0","0","0.0925882203710751","0.621364532046487","0.526701112919452","0","0.242856748214927","0.188184811522485","0","0","0.429099834367464","0","0","0","0","0","0.824715060946443","0","1.98840758378652","0.376579424801","0.0719369860776754","0","0","0","0.52202420104196","0.151921541639036","0","0","0","0","0","0","0.239266447355041","0","0","0.293890314256913","0","0","0","0","0","0","0","0.557078236067473","6.66466726648672","0","0","0","0","0.333490073667957"
"2020-10-24","1.85794177210486","0.103599620618189","0","0","0","0","0","0","0","0","0.205688944836282","0","0","0","0","0.106862609948268","0.196374404821908","0.36211285609273","0","0","0","0","0","0.0925882203710751","0.621364532046487","0","0","0.242856748214927","0.198356963496673","0","0","0.429099834367464","0","0","0","0","0","0.824715060946443","0","1.98840758378652","0.405547072862615","0.0899212325970943","0","0","0","0.52202420104196","0.303843083278072","0","0","0","0","0","0","0.263193092090545","0","0","0","0","0","0","0","0","0","0","0.557078236067473","6.66466726648672","0","0","0.349446302333952","0","0"
"2020-10-25","1.85794177210486","0.103599620618189","0","0","0","0","0","0","0","0","0.205688944836282","0","0","0","0","0.106862609948268","0.185464715665135","0.36211285609273","0","0","0","0.816933395420271","0","0.0925882203710751","0.621364532046487","0","0","0.182142561161195","0.193270887509579","0","0","0.429099834367464","0","0","0","0","0","0.824715060946443","0","1.98840758378652","0.405547072862615","0.0899212325970943","0","0","0","0.52202420104196","0.37980385409759","0","0","0","0","0","0","0.263193092090545","0","0","0","0","0","0","0","0","0","0","0.557078236067473","9.99700089973008","0","0","0.349446302333952","0","0"
"2020-10-26","1.85794177210486","0.207199241236379","0","0","0","0","0","0","0","0","0.411377889672564","0","0","0","0","0.0534313049741339","0.196374404821908","0.36211285609273","0","0","0","0.816933395420271","0","0.0925882203710751","0.543693965540676","0","0","0.212499654688061","0.213615191457956","0","0","0.490399810705673","0","0","0","0","0","0.824715060946443","0","2.31980884775095","0.347611776739384","0.0899212325970943","0","0","0","0.52202420104196","0.531725395736626","0","0","0","0","0","0","0.287119736826049","0","0","0","0","0","0","0","0","0","0","0.557078236067473","9.99700089973008","0","0","0.349446302333952","0","0"
"2020-10-27","1.85794177210486","0.207199241236379","0","0","0","0","0","0","0","0","0.411377889672564","0","0","0","0","0.0534313049741339","0.207284093978681","0.36211285609273","0","0","0","0.816933395420271","0","0.0925882203710751","0.543693965540676","0","0","0.242856748214927","0.223787343432144","0","0","0.429099834367464","0","0","0","0","0","0.824715060946443","0","2.98261137567979","0.318644128677769","0.0899212325970943","0","0","0","0.52202420104196","0.607686166556144","0","0","0","0","0","0","0.287119736826049","0","0","0","0","0","0","0","0","0","0","0.557078236067473","9.99700089973008","0","0","0.349446302333952","0","0"
"2020-10-28","1.85794177210486","0.207199241236379","0","0","0","0","0","0","0","0","0.411377889672564","0","0","0","0","0","0.196374404821908","0.241408570728487","0","0","0","0.816933395420271","0","0.18517644074215","0.543693965540676","0","0","0.303570935268659","0.21870126744505","0","0","0.429099834367464","0","0","0","0","0","0.824715060946443","0","3.64541390360863","0.318644128677769","0.0899212325970943","0","0","0","0","0.607686166556144","0","0","0","0.905821716169823","0","0","0.311046381561553","0","0","0","0","0","0","0","0","0","0","0.557078236067473","9.99700089973008","0","0","0.349446302333952","0","0"
"2020-10-29","1.85794177210486","0.207199241236379","0","0","0","0","0","0","0","0","0.411377889672564","0","0","0","0","0","0.196374404821908","0.241408570728487","0","0","0","0.816933395420271","0","0.18517644074215","0.543693965540676","0","0","0.303570935268659","0.233959495406332","0","0","0.429099834367464","0","0","0","0","0","0","0","3.97681516757305","0.318644128677769","0.107905479116513","0","0","0","0","0.607686166556144","0","0","0","0.905821716169823","0","0","0.311046381561553","0","0","0","0","0","0","0","0","0","0","0.557078236067473","9.99700089973008","0","0","0.349446302333952","0","0"
"2020-10-30","1.85794177210486","0.207199241236379","0","0","0","0","0","0","0","0","0.411377889672564","0","0","0","0","0","0.185464715665135","0.241408570728487","0","0","0","0.816933395420271","0","0.277764661113225","0.543693965540676","0","0","0.303570935268659","0.244131647380521","0","0","0.490399810705673","0","0","0","0","0","0","0","3.64541390360863","0.318644128677769","0.125889725635932","0","0","0","0","0.607686166556144","0","0","0","0.905821716169823","0","0","0.358899671032562","0","0","0","0","0","0","0","0","0","0","0","9.99700089973008","0","0","0.349446302333952","0","0"
"2020-10-31","1.85794177210486","0.207199241236379","0","0","0","0","0","0","0","0","0.411377889672564","0","0","0","0","0.0534313049741339","0.174555026508363","0.241408570728487","0","0","0","0.816933395420271","0","0.277764661113225","0.543693965540676","0","0","0.303570935268659","0.254303799354709","0","0","0.490399810705673","0","0","0","0","0","0","0","3.97681516757305","0.347611776739384","0.125889725635932","0","0","0","0","0.607686166556144","0","0","0","0.905821716169823","0","0","0.358899671032562","0","0","0","0","0","0","0","0","0","0","0","6.66466726648672","0","0","0.349446302333952","0","0"
"2020-11-01","1.85794177210486","0.310798861854568","0","0","0","0","0","0","0","0","0.411377889672564","0","0","0","0","0.0534313049741339","0.185464715665135","0.36211285609273","0","0","0","0.816933395420271","0","0.277764661113225","0.543693965540676","0","0","0.273213841741793","0.254303799354709","0","0","0.490399810705673","0","0","0","0","0","0","0","3.97681516757305","0.318644128677769","0.0899212325970943","0","0","0","0","0.607686166556144","0","0","0","0.905821716169823","0","0","0.358899671032562","0","0","0","0","0","0","0","0","0","0","0","6.66466726648672","0","0","0.349446302333952","0","0"
"2020-11-02","1.85794177210486","0.310798861854568","0","0","0","0","0","0","0","0","0.411377889672564","0","0","0","0","0.0534313049741339","0.196374404821908","0.36211285609273","0","0","0","0.816933395420271","0","0.277764661113225","0.543693965540676","0","0","0.273213841741793","0.244131647380521","0","0","0.490399810705673","0","0","0","0","0","0","0","4.30821643153747","0.318644128677769","0.0899212325970943","0","0","0","0","0.607686166556144","0","0","0","0.905821716169823","0","0","0.40675296050357","0","0","0","0","0","0","0","0","0","0","0","3.33233363324336","0","0","0.349446302333952","0","0"
"2020-11-03","1.85794177210486","0.310798861854568","0","0","0","0","0","0","0","0","0.411377889672564","0","0","0","0.95467216557834","0.0534313049741339","0.185464715665135","0.482817141456973","0","0","0","0.816933395420271","0","0.277764661113225","0.543693965540676","0","0","0.242856748214927","0.244131647380521","0","0","0.490399810705673","0","0","0","0","0","0","0","4.97101895946631","0.260708832554538","0.107905479116513","0","0","0","0","0.607686166556144","0","0","0","0.905821716169823","0","0","0.382826315768066","0","0","0","0","0","0","0","0","0","0","0","3.33233363324336","0","0","0.349446302333952","0","0"
"2020-11-04","1.85794177210486","0.310798861854568","0","0","0","0","0","0","0","0","0.411377889672564","0","0","0","0.95467216557834","0.0534313049741339","0.196374404821908","0.72422571218546","0","0","0","1.63386679084054","0","0.277764661113225","0.466023399034866","0","0","0.273213841741793","0.244131647380521","0","0","0.551699787043882","0","0","0","0","0","0","0","4.97101895946631","0.260708832554538","0.107905479116513","0","0","0","0","0.683646937375662","0","0","0","0.905821716169823","0","0","0.40675296050357","0","0","0","0","0","0","0","0","0","0","0","3.33233363324336","0","0","0.349446302333952","0","0"
"2020-11-05","1.85794177210486","0.362598672163662","0","0","0","0","0","0","0","0","0.411377889672564","0","0","0","0.95467216557834","0.0534313049741339","0.196374404821908","0.844929997549703","0","0","0","1.63386679084054","0","0.277764661113225","0.388352832529055","0","0","0.242856748214927","0.239045571393427","0","0","0.551699787043882","0","0","0","0","0","0","0","4.63961769550189","0.231741184492923","0.125889725635932","0","0","0","0","0.683646937375662","0","0","0","0.905821716169823","0","0","0.40675296050357","0","0","0","0","0","0","0","0","0","0","0","3.33233363324336","0","0","0.349446302333952","0","0"
"2020-11-06","1.85794177210486","0.466198292781852","0","0","0","0","0","0","0","0","0.205688944836282","0","0","0","0.95467216557834","0.106862609948268","0.185464715665135","0.965634282913946","0","0","5.51785024554434","1.63386679084054","0","0.277764661113225","0.388352832529055","0","0","0.242856748214927","0.249217723367615","0","0","0.551699787043882","0","0","0","0","0","0","0","4.63961769550189","0.260708832554538","0.125889725635932","0","0","0","0","0.683646937375662","0","0","0","0.905821716169823","0","0","0.40675296050357","0","0","0","0","0","0","0","0","0","0","0","3.33233363324336","0","0","0.349446302333952","0","0"
"2020-11-07","0","0.466198292781852","0","0","0","0","0","0","0","0","0.205688944836282","0","0","0","0.95467216557834","0.160293914922402","0.174555026508363","0.965634282913946","0","0","5.51785024554434","1.63386679084054","0","0.277764661113225","0.388352832529055","0.526701112919452","0","0.273213841741793","0.249217723367615","0","0","0.490399810705673","0","0.379858388792658","0","0","0","0","0","5.30242022343073","0.260708832554538","0.125889725635932","0","0","0","0","0.683646937375662","0","0","0","0.905821716169823","0","0","0.382826315768066","0","0","0","0","0","0","0","0","0","0","0","6.66466726648672","0","0","0.349446302333952","0","0"
"2020-11-08","0","0.517998103090947","0","0","0","0","0","0","0","0","0.205688944836282","0","0","0","0.95467216557834","0.160293914922402","0.174555026508363","1.08633856827819","0","0","5.51785024554434","1.63386679084054","0","0.18517644074215","0.388352832529055","0.526701112919452","0","0.242856748214927","0.249217723367615","0","0","0.490399810705673","0","0.379858388792658","0.144086198127168","0","0","0","0","4.97101895946631","0.260708832554538","0.125889725635932","0","0","0","0","0.683646937375662","0","0","0","0.905821716169823","0","0","0.382826315768066","0","0","0","0","0","0","0","0","0","0","0","6.66466726648672","0","0","0.349446302333952","0","0"
"2020-11-09","0","0.621597723709136","0","0","0","0","0","0","0","0","0.205688944836282","0","0","0","0.95467216557834","0.160293914922402","0.152735648194817","1.32774713900668","0","0","5.51785024554434","1.63386679084054","0","0.18517644074215","0.310682266023244","1.0534022258389","0","0.212499654688061","0.244131647380521","0","0","0.490399810705673","0","0.379858388792658","0.144086198127168","0","0","0","0","5.30242022343073","0.173805888369692","0.143873972155351","0","0","0","0","0.683646937375662","0","0","0","0.905821716169823","0","0","0.334973026297057","0","0","0","0","0","0","0","0","0","0","0","6.66466726648672","0","0","0.349446302333952","0","0"
"2020-11-10","0","0.725197344327325","0","0","0","0","0","0","0","0","0.205688944836282","0","0","0","0.95467216557834","0.160293914922402","0.152735648194817","1.68985999509941","0","0","5.51785024554434","1.63386679084054","0","0.18517644074215","0.310682266023244","1.58010333875835","0","0.212499654688061","0.249217723367615","0","0","0.429099834367464","0","0.379858388792658","0.144086198127168","0","0","0","0","5.30242022343073","0.202773536431307","0.143873972155351","0","0","0","0","0.683646937375662","0","0","0","0.905821716169823","0","0","0.382826315768066","0","0","0","0","2.31385071035217","0","0","0","0","0","0","6.66466726648672","0","0","0.349446302333952","0","0"
"2020-11-11","0","0.828796964945514","0","0","0","0","0","0","0","0","0.205688944836282","0","0","0","0.95467216557834","0.160293914922402","0.16364533735159","1.93126856582789","0","0","5.51785024554434","2.45080018626081","0","0.18517644074215","0.155341133011622","2.10680445167781","0","0.182142561161195","0.254303799354709","0","0","0.367799858029255","0","0.379858388792658","0.144086198127168","0","0","0","0","4.97101895946631","0.202773536431307","0.179842465194189","0","0","0","0","0.75960770819518","0","0","0","0.905821716169823","0","0","0.382826315768066","0","0","0","0","2.31385071035217","0","0","0","0","0","0","6.66466726648672","0","0","0.349446302333952","0","0"
"2020-11-12","0","1.08779601649099","0","0","0","0","0","0","0","0","0.205688944836282","0","0","0","0.95467216557834","0.160293914922402","0.16364533735159","2.17267713655638","0","0","5.51785024554434","2.45080018626081","0","0.18517644074215","0.155341133011622","2.63350556459726","0","0.182142561161195","0.264475951328898","0","0","0.306499881691046","0","0.379858388792658","0.144086198127168","0","0","0","0","4.63961769550189","0.202773536431307","0.197826711713607","0","0","0","0","0.607686166556144","0","0","0","0.905821716169823","0","0","0.358899671032562","0","0","0","0","2.31385071035217","0","0","0","0","0","0","6.66466726648672","0","0","0.349446302333952","0","0"
"2020-11-13","0","1.08779601649099","0","0","0","0","0","0","0","0","0.205688944836282","0","0","0","0.95467216557834","0.213725219896536","0.16364533735159","2.05197285119214","0","0","5.51785024554434","2.45080018626081","0","0.18517644074215","0","2.63350556459726","0","0.212499654688061","0.27973417929018","0","0","0.306499881691046","0","0.379858388792658","0.288172396254335","0","0","0","0","4.63961769550189","0.260708832554538","0.233795204752445","0","0","0","0","0.683646937375662","0","0","0","0.905821716169823","0","0","0.382826315768066","0","0","0","0","2.31385071035217","0","0","0","0","0","0","6.66466726648672","0","0","0.349446302333952","0","0"
"2020-11-14","0","1.08779601649099","0","0","0","0","0","0","0","0","0.205688944836282","0","0","0","0.95467216557834","0.213725219896536","0.152735648194817","2.05197285119214","0","0","5.51785024554434","2.45080018626081","0","0.18517644074215","0","2.63350556459726","0","0.212499654688061","0.300078483238557","0","0","0.306499881691046","0","0.379858388792658","0.432258594381503","0","0","0","0","4.97101895946631","0.260708832554538","0.251779451271864","0","0","0","0","0.531725395736626","0","0","0","0.905821716169823","0","0","0.382826315768066","0","0","0","0","2.31385071035217","0","0","0","0","0","0","6.66466726648672","0","0","0","0","0"
"2020-11-15","0","1.19139563710918","0","0","0","0","0","0","0","0","0.205688944836282","0","0","0","1.90934433115668","0.213725219896536","0.16364533735159","2.41408570728487","0","0","5.51785024554434","2.45080018626081","0","0.18517644074215","0","2.63350556459726","0","0.242856748214927","0.300078483238557","0","0","0.306499881691046","0","0.379858388792658","0.432258594381503","0","0","0","0","5.30242022343073","0.289676480616153","0.269763697791283","0","0","0","0","0.531725395736626","0","0","0","0.905821716169823","0","0","0.454606249974578","0","0","0","0","2.31385071035217","0","0","0","0","0","0","3.33233363324336","0","0","0","0","0"
"2020-11-16","0","1.24319544741827","0","0","0","0","0","0","0","0","0","0","0","0","1.90934433115668","0.213725219896536","0.16364533735159","2.53478999264911","0","0","5.51785024554434","2.45080018626081","0","0.18517644074215","0","2.63350556459726","0","0.212499654688061","0.289906331264368","0","0","0.245199905352837","0","0.379858388792658","0.432258594381503","0","0","0","0","5.30242022343073","0.289676480616153","0.269763697791283","0","0","0","0","0.37980385409759","0","0","0","0.905821716169823","0","0","0.478532894710082","0","0","0.293890314256913","0","2.31385071035217","0","0","0","0","0","0","3.33233363324336","0","0","0","0","0"
"2020-11-17","0","1.29499525772737","0","0","0","0","0","0","0","0","0","0","0","0","1.90934433115668","0.213725219896536","0.174555026508363","2.65549427801335","0","0","5.51785024554434","2.45080018626081","0","0.277764661113225","0.0776705665058109","2.63350556459726","0","0.182142561161195","0.294992407251463","0","0","0.245199905352837","0","1.13957516637797","0.57634479250867","0","0","0","0","5.30242022343073","0.289676480616153","0.30573219083012","0","0","0","0","0.303843083278072","0","0","0","0.905821716169823","0","0","0.52638618418109","0","0","0.293890314256913","0","2.31385071035217","0","0","0","0","0","0","3.33233363324336","0","0","0","0","0"
"2020-11-18","1.85794177210486","1.34679506803646","0","0","0","0","0","0","0","0","0","0","0","0","1.90934433115668","0.213725219896536","0.196374404821908","2.89690284874184","0","0","5.51785024554434","3.26773358168109","0","0.18517644074215","0.0776705665058109","2.63350556459726","0","0.151785467634329","0.305164559225651","0","0","0.245199905352837","0","1.13957516637797","0.57634479250867","0","0","0","0","4.63961769550189","0.376579424801","0.341700683868958","0","0","0","0","0.303843083278072","0","0","0","0","0","0","0.52638618418109","0","0","0.293890314256913","0","2.31385071035217","0","0","0","0","0","0","3.33233363324336","0","0","0","0","0"
"2020-11-19","1.85794177210486","1.55399430927284","0","0","0","0","0","0","0","0","0","0","0","0","1.90934433115668","0.213725219896536","0.196374404821908","2.89690284874184","0","0","5.51785024554434","3.26773358168109","0","0.18517644074215","0.0776705665058109","2.63350556459726","0","0.151785467634329","0.300078483238557","0","0","0.245199905352837","0","1.13957516637797","0.57634479250867","0","0","0","0","4.63961769550189","0.405547072862615","0.323716437349539","0","0","0","0","0.303843083278072","0","0","0","0","0","0","0.646019407858611","0","0","0.293890314256913","0","2.31385071035217","0","0","0","0","0","0.557078236067473","3.33233363324336","0","0","0","0","0"
"2020-11-20","1.85794177210486","1.60579411958193","0","0","0","0","0","0","0","0","0","2.60926288323549","0","0","2.86401649673502","0.213725219896536","0.207284093978681","3.01760713410608","0","0","5.51785024554434","4.08466697710136","0","0.0925882203710751","0.0776705665058109","2.63350556459726","0","0.151785467634329","0.294992407251463","0","0","0.183899929014627","0","1.13957516637797","0.720430990635838","0","0","0.824715060946443","0","4.97101895946631","0.376579424801","0.323716437349539","0","0","0","0","0.303843083278072","0","0","0","0","0","0","0.622092763123107","0","0","0.293890314256913","0","2.31385071035217","0","0","0","0","0","0.557078236067473","3.33233363324336","0","0","0","0","0"
"2020-11-21","1.85794177210486","1.70939374020012","0","0","0","0","0","0","0","0","0","2.60926288323549","0","0","2.86401649673502","0.160293914922402","0.196374404821908","3.37971999019881","0","0","5.51785024554434","4.08466697710136","0","0.0925882203710751","0.0776705665058109","2.63350556459726","0","0.182142561161195","0.284820255277274","0","0","0.245199905352837","0","1.13957516637797","0.720430990635838","0","0","0.824715060946443","0","5.30242022343073","0.347611776739384","0.323716437349539","0","0","0","0","0.37980385409759","0","0","0","0","0","0","0.669946052594115","0","0","0.293890314256913","0","2.31385071035217","0","0","0","0","0","0.557078236067473","3.33233363324336","0","0","0","0","0"
"2020-11-22","1.85794177210486","1.70939374020012","0","0","0","0","0","0","0","0","0","5.21852576647097","0","0","2.86401649673502","0.160293914922402","0.218193783135453","3.50042427556306","0","0","5.51785024554434","4.08466697710136","0","0.0925882203710751","0.0776705665058109","2.63350556459726","0","0.182142561161195","0.294992407251463","0","0","0.245199905352837","0","1.13957516637797","0.864517188763006","0","0","0.824715060946443","0","5.30242022343073","0.376579424801","0.323716437349539","0","0","0","0","0.37980385409759","0","0","0","0","0","0","0.693872697329619","0","0","0.293890314256913","0","2.31385071035217","0","0","0","0","0","0.557078236067473","3.33233363324336","0","0","0","0","0"
"2020-11-23","1.85794177210486","1.86479317112741","0","0","0","0","0","0","0","0","0","5.21852576647097","0","0","2.86401649673502","0.160293914922402","0.218193783135453","3.74183284629154","0","0","5.51785024554434","4.08466697710136","0","0.0925882203710751","0.0776705665058109","2.63350556459726","0","0.182142561161195","0.34076709113531","0","0","0.245199905352837","0","1.13957516637797","1.15268958501734","0","0","0.824715060946443","0","5.30242022343073","0.376579424801","0.341700683868958","0","0","0","0","0.37980385409759","0","0","0","0","0","0","0.693872697329619","0","0","0.293890314256913","0","2.31385071035217","0","0","0","0","0","0.557078236067473","3.33233363324336","0","0","0","0","0"
"2020-11-24","1.85794177210486","1.9683927917456","0","0","0","0","0","0","0","0","0","7.82778864970646","0","0","1.90934433115668","0.160293914922402","0.240013161448999","3.74183284629154","0","0","5.51785024554434","4.08466697710136","0","0.0925882203710751","0.0776705665058109","2.63350556459726","0","0.182142561161195","0.350939243109499","0","0","0.245199905352837","0","1.13957516637797","1.15268958501734","0","0","1.64943012189289","0","4.97101895946631","0.376579424801","0.323716437349539","0","0","0","0","0.455764624917108","0","0","0","0","0","0","0.669946052594115","0","0","0.293890314256913","0","2.31385071035217","0","0","0","0","0","0.557078236067473","3.33233363324336","0","0","0","0","0"
"2020-11-25","1.85794177210486","2.12379222267288","0","0","0","0","0","0","0","0","0","7.82778864970646","0","0","1.90934433115668","0.213725219896536","0.229103472292226","3.86253713165578","0","0","5.51785024554434","3.26773358168109","0","0.0925882203710751","0.155341133011622","2.63350556459726","0","0.151785467634329","0.350939243109499","0","0","0.183899929014627","0","1.13957516637797","1.44086198127168","0","0","1.64943012189289","0","5.30242022343073","0.347611776739384","0.359684930388377","0","0","0","0","0.37980385409759","0","0","0","0","0","0","0.693872697329619","0","0","0.293890314256913","0","2.31385071035217","0","0","0","0","0","0.557078236067473","3.33233363324336","0","0","0","0","0"
"2020-11-26","1.85794177210486","2.12379222267288","0","0","0","0","0","0","0","0","0","7.82778864970646","0","0","1.90934433115668","0.213725219896536","0.229103472292226","3.86253713165578","0","0","5.51785024554434","3.26773358168109","0","0.0925882203710751","0.155341133011622","2.63350556459726","0","0.182142561161195","0.371283547057875","0","0","0.122599952676418","5.04973993839317","1.13957516637797","1.72903437752601","0","0","1.64943012189289","0","5.63382148739515","0.347611776739384","0.377669176907796","0","0","0","0","0.37980385409759","0","0","0","0","0","0","0.765652631536131","0","0","0.293890314256913","0","2.31385071035217","0","0","0","0","0","0.557078236067473","3.33233363324336","0","0","0","0","0"
"2020-11-27","1.85794177210486","2.17559203298198","0","0.501675596492284","0","0","0","0","0","0","0","7.82778864970646","0","0","2.86401649673502","0.160293914922402","0.250922850605771","3.98324141702003","0","0","0","3.26773358168109","0","0.0925882203710751","0.155341133011622","2.63350556459726","0","0.182142561161195","0.396713926993346","0","0","0.122599952676418","5.04973993839317","1.13957516637797","1.72903437752601","0","0","1.64943012189289","0","5.63382148739515","0.347611776739384","0.395653423427215","0","0","0","0","0.455764624917108","0","0","0","0","0","0","0.837432565742644","0.443834911166442","0","0.587780628513826","0","2.31385071035217","0","0","0","0","0","0.557078236067473","3.33233363324336","0","0","0","0","0"
"2020-11-28","1.85794177210486","2.27919165360016","0","0.501675596492284","0","0","0","0","0","3.22841000807102","0","7.82778864970646","0","0","2.86401649673502","0.106862609948268","0.250922850605771","4.34535427311276","0","0","0","3.26773358168109","0","0.0925882203710751","0.155341133011622","2.10680445167781","0","0.151785467634329","0.406886078967535","0","0","0.122599952676418","5.04973993839317","0.759716777585316","2.01720677378035","0","0","1.64943012189289","0","5.30242022343073","0.347611776739384","0.413637669946634","0","0","0","0","0.455764624917108","0","0","0","0","0","0","0.909212499949156","0.443834911166442","0","0.587780628513826","0","2.31385071035217","0","0","0","0","0","0.557078236067473","0","0","0","0","0","0.333490073667957"
"2020-11-29","1.85794177210486","2.38279127421835","0","0.501675596492284","0","0","0","0","0","3.22841000807102","0.205688944836282","7.82778864970646","0","0","2.86401649673502","0.106862609948268","0.250922850605771","4.22464998774852","0","0","0","3.26773358168109","0","0.0925882203710751","0.155341133011622","2.10680445167781","0","0.151785467634329","0.417058230941723","0","0","0.0612999763382091","5.04973993839317","0.759716777585316","1.87312057565318","0","0","1.64943012189289","0","5.63382148739515","0.376579424801","0.449606162985471","0","0","0","0","0.455764624917108","0","0","0","0","0","0","0.93313914468466","0.443834911166442","0","0.881670942770739","0","2.31385071035217","0","0","0","0","0","0.557078236067473","0","0","0","0","0","0.333490073667957"
"2020-11-30","1.85794177210486","2.48639089483654","0","0.501675596492284","0","0","0","0","0","3.22841000807102","0.205688944836282","7.82778864970646","1.49229231021773","0","2.86401649673502","0.106862609948268","0.261832539762544","3.98324141702003","0","0","0","3.26773358168109","0","0.0925882203710751","0.155341133011622","2.10680445167781","0","0.151785467634329","0.442488610877194","0","0","0.122599952676418","5.04973993839317","0.759716777585316","2.16129297190751","0","0","1.64943012189289","0","5.63382148739515","0.376579424801","0.449606162985471","0","0","0","0","0.607686166556144","0","0","0","0","0","0","1.00491907889117","0.443834911166442","0","1.17556125702765","0","2.31385071035217","0","0","0","0","0","0.557078236067473","0","0","0","0","0","0.333490073667957"
"2020-12-01","1.85794177210486","2.48639089483654","0","0.501675596492284","0","0","0","0","0","3.22841000807102","0.205688944836282","7.82778864970646","1.49229231021773","0","2.86401649673502","0.213725219896536","0.294561607232862","3.86253713165578","0","0","0","3.26773358168109","0","0.18517644074215","0.155341133011622","1.58010333875835","0","0.151785467634329","0.467918990812665","0","0","0.122599952676418","5.04973993839317","0.759716777585316","2.16129297190751","0","0","1.64943012189289","0","5.63382148739515","0.347611776739384","0.485574656024309","0","0","0","0","0.607686166556144","0","0","0","0","0","0","0.980992434155668","0.443834911166442","0","1.17556125702765","0","0","0","0","0","0","0","0.557078236067473","3.33233363324336","0","0","0","0","0.333490073667957"
"2020-12-02","1.85794177210486","2.58999051545473","0","0.501675596492284","0","0","0","0","0","3.22841000807102","0.205688944836282","7.82778864970646","1.49229231021773","0","2.86401649673502","0.213725219896536","0.305471296389635","3.74183284629154","0","0","0","2.45080018626081","0","0.18517644074215","0.155341133011622","1.0534022258389","0","0.151785467634329","0.488263294761042","0","0","0.183899929014627","5.04973993839317","0.759716777585316","2.16129297190751","0","0","1.64943012189289","0","5.96522275135957","0.347611776739384","0.521543149063147","0","0","0","0","0.531725395736626","0","0","0","0","0","0","1.05277236836218","0.443834911166442","0","1.46945157128457","0","0","0","0","0","0","0","0.557078236067473","3.33233363324336","0","0","0","0","0.333490073667957"
"2020-12-03","1.85794177210486","2.43459108452745","0","1.00335119298457","0","0","0","0","0","3.22841000807102","0.205688944836282","7.82778864970646","1.49229231021773","0","2.86401649673502","0.213725219896536","0.305471296389635","3.50042427556306","0","0","0","2.45080018626081","0","0.18517644074215","0.155341133011622","0.526701112919452","4.71942989286894","0.182142561161195","0.488263294761042","0","0","0.183899929014627","5.04973993839317","1.13957516637797","2.16129297190751","0","0","1.64943012189289","0","5.96522275135957","0.347611776739384","0.593480135140822","0","0","0","0","0.531725395736626","0","0","0","0","0","0","1.07669901309768","0.443834911166442","0","1.46945157128457","0","0","0","0","0","0","0","0.557078236067473","3.33233363324336","0","0","0.698892604667904","0","0.333490073667957"
"2020-12-04","1.85794177210486","2.48639089483654","0","1.00335119298457","0","0","0","0","0","6.45682001614205","0.205688944836282","7.82778864970646","1.49229231021773","4.07348568169783","2.86401649673502","0.160293914922402","0.316380985546407","3.6211285609273","0","0","0","3.26773358168109","0","0.18517644074215","0.155341133011622","0.526701112919452","4.71942989286894","0.151785467634329","0.483177218773947","0","0","0.183899929014627","5.04973993839317","1.13957516637797","2.30537917003468","0","0","1.64943012189289","3.11032316257659","5.96522275135957","0.289676480616153","0.575495888621403","0","0","0","0","0.455764624917108","0","0","0","0","0","0","1.05277236836218","0.443834911166442","0","1.76334188554148","0","0","0","0","0","0","0","0.557078236067473","3.33233363324336","0","0","0.698892604667904","0","0.333490073667957"
"2020-12-05","1.85794177210486","2.53819070514564","0","1.00335119298457","0","0","0","0","0","6.45682001614205","0.205688944836282","7.82778864970646","1.49229231021773","4.07348568169783","2.86401649673502","0.160293914922402","0.349110053016725","3.86253713165578","0","0","0","3.26773358168109","0","0.18517644074215","0.155341133011622","0.526701112919452","4.71942989286894","0.182142561161195","0.462832914825571","0","0","0.183899929014627","5.04973993839317","1.13957516637797","2.16129297190751","0","0","1.64943012189289","3.11032316257659","5.63382148739515","0.260708832554538","0.593480135140822","0","0","0","0","0.531725395736626","0","0","0","0.905821716169823","0","0","1.12455230256869","0.443834911166442","0","1.76334188554148","0","0","0","0","0","0","0","0.557078236067473","3.33233363324336","0","0","0.698892604667904","0","0.333490073667957"
"2020-12-06","1.85794177210486","2.58999051545473","0","1.00335119298457","4.0457984383218","0","0","0","0","6.45682001614205","0.205688944836282","7.82778864970646","1.49229231021773","4.07348568169783","1.90934433115668","0.213725219896536","0.349110053016725","3.6211285609273","0","0","0","2.45080018626081","0","0.18517644074215","0.155341133011622","0.526701112919452","4.71942989286894","0.182142561161195","0.478091142786853","0","0","0.183899929014627","5.04973993839317","1.13957516637797","2.30537917003468","0","0","2.47414518283933","3.11032316257659","5.30242022343073","0.231741184492923","0.575495888621403","0","0","0","0","0.455764624917108","0","0","0","0.905821716169823","0","0","1.05277236836218","0.443834911166442","0","2.64501282831222","0","0","0","0","0","0","0","0.557078236067473","3.33233363324336","0","0","0.698892604667904","0","0.333490073667957"
"2020-12-07","1.85794177210486","2.53819070514564","0","1.00335119298457","8.0915968766436","0","0","0","0","6.45682001614205","0.205688944836282","7.82778864970646","1.49229231021773","4.07348568169783","1.90934433115668","0.320587829844803","0.349110053016725","3.50042427556306","0","0","0","2.45080018626081","0","0.277764661113225","0.155341133011622","0.526701112919452","4.71942989286894","0.212499654688061","0.49843544673523","0","0","0.245199905352837","5.04973993839317","1.13957516637797","2.30537917003468","0","0","2.47414518283933","3.11032316257659","4.97101895946631","0.289676480616153","0.62944862817966","0","0","0","0","0.531725395736626","0","0","0","0.905821716169823","0","0","1.05277236836218","0.443834911166442","0","2.3511225140553","0","0","0","0","0","0","0","0.557078236067473","3.33233363324336","0","0","0.698892604667904","0","0.333490073667957"
"2020-12-08","1.85794177210486","2.69359013607292","0","1.00335119298457","8.0915968766436","0","0","0","0","6.45682001614205","0.205688944836282","7.82778864970646","1.49229231021773","4.07348568169783","1.90934433115668","0.374019134818937","0.360019742173498","3.50042427556306","0","0","0","2.45080018626081","0","0.18517644074215","0.0776705665058109","0.526701112919452","4.71942989286894","0.212499654688061","0.513693674696513","0","0","0.245199905352837","5.04973993839317","0.379858388792658","2.30537917003468","0","0","2.47414518283933","3.11032316257659","4.30821643153747","0.289676480616153","0.611464381660241","0","0","0","0","0.531725395736626","0","0","0","0.905821716169823","0","0","1.10062565783319","0.443834911166442","0","2.93890314256913","0","0","0","0","0","0","0","0.557078236067473","3.33233363324336","0","0","0.698892604667904","0","0.333490073667957"
"2020-12-09","0","2.84898956700021","0","1.00335119298457","8.0915968766436","0","0","0","0","6.45682001614205","0.205688944836282","7.82778864970646","1.49229231021773","4.07348568169783","1.90934433115668","0.374019134818937","0.370929431330271","3.25901570483457","0","0","0","1.63386679084054","0","0.18517644074215","0.0776705665058109","0.526701112919452","4.71942989286894","0.182142561161195","0.554382282593266","0","0","0.245199905352837","5.04973993839317","0.759716777585316","2.44946536816185","0","0","2.47414518283933","3.11032316257659","4.30821643153747","0.202773536431307","0.737354107296173","0","0","0","0","0.531725395736626","0","0","0","0.905821716169823","0","0","1.1484789473042","0.443834911166442","0","3.23279345682604","0","0","0","0","0","0","0","1.11415647213495","3.33233363324336","0","0","0.698892604667904","0","0.333490073667957"
"2020-12-10","0","2.64179032576383","0","1.00335119298457","8.0915968766436","0","0","0","0","6.45682001614205","0.205688944836282","7.82778864970646","1.49229231021773","4.07348568169783","1.90934433115668","0.427450439793071","0.381839120487043","3.37971999019881","0","0","0","2.45080018626081","0","0.277764661113225","0.155341133011622","0.526701112919452","4.71942989286894","0.242856748214927","0.579812662528737","0","0","0.245199905352837","5.04973993839317","0.759716777585316","2.73763776441618","0","0.920530593834286","2.47414518283933","3.11032316257659","3.97681516757305","0.173805888369692","0.827275339893267","0","0","0","0","0.531725395736626","0","0","0","0.905821716169823","0","0","1.1484789473042","0.443834911166442","0","3.23279345682604","0","0","0","0","0","0","0","0.557078236067473","3.33233363324336","0","0","0.698892604667904","0","0.333490073667957"
"2020-12-11","0","2.74538994638202","0","1.00335119298457","8.0915968766436","0","0","0","0","9.68523002421307","0.205688944836282","5.21852576647097","1.49229231021773","4.07348568169783","0.95467216557834","0.427450439793071","0.425477877114134","3.6211285609273","0","0","0","2.45080018626081","0","0.277764661113225","0.155341133011622","0.526701112919452","4.71942989286894","0.273213841741793","0.62050127042549","0","0","0.245199905352837","5.04973993839317","1.13957516637797","2.73763776441618","0","0.920530593834286","1.64943012189289","3.11032316257659","3.97681516757305","0.202773536431307","0.899212325970943","0","0","0","0","0.683646937375662","0","0","0","0.905821716169823","0","0","1.24418552624621","0.443834911166442","0","3.23279345682604","0","0","0","0","0","0","0","0.557078236067473","3.33233363324336","0","0","0.698892604667904","0","0.333490073667957"
"2020-12-12","0","2.79718975669111","0","1.00335119298457","8.0915968766436","0","0","0","0","9.68523002421307","0.205688944836282","5.21852576647097","1.49229231021773","4.07348568169783","0.95467216557834","0.427450439793071","0.447297255427679","3.37971999019881","0","0","0","2.45080018626081","0","0.55552932222645","0.155341133011622","0.526701112919452","4.71942989286894","0.273213841741793","0.645931650360961","0","0","0.183899929014627","5.04973993839317","1.13957516637797","2.73763776441618","0","0.920530593834286","1.64943012189289","3.11032316257659","3.64541390360863","0.231741184492923","0.899212325970943","0","0","0","0","0.607686166556144","0","0","0","0.905821716169823","0","0","1.29203881571722","0.443834911166442","0","3.23279345682604","0","0","0","0","0","0","0","0.557078236067473","3.33233363324336","0","0","0.698892604667904","0","0.333490073667957"
"2020-12-13","0","2.74538994638202","0","1.00335119298457","8.0915968766436","0","0","0","0","9.68523002421307","0.205688944836282","2.60926288323549","1.49229231021773","4.07348568169783","0.95467216557834","0.427450439793071","0.414568187957361","3.37971999019881","0","0","0","2.45080018626081","0","0.648117542597525","0.155341133011622","0.526701112919452","4.71942989286894","0.303570935268659","0.706964562206091","0","0","0.183899929014627","5.04973993839317","1.13957516637797","2.73763776441618","0","1.84106118766857","1.64943012189289","3.11032316257659","3.64541390360863","0.173805888369692","0.917196572490361","0","0","0","0","0.607686166556144","0","0","0","0.905821716169823","0","0","1.31596546045273","0.443834911166442","0","3.52668377108296","0","0","0","0","0","0","0","0.557078236067473","3.33233363324336","0","0","0.698892604667904","0","0.333490073667957"
"2020-12-14","0","2.74538994638202","0","1.00335119298457","8.0915968766436","0","0","0","0","9.68523002421307","0.205688944836282","2.60926288323549","1.49229231021773","4.07348568169783","0.95467216557834","0.427450439793071","0.436387566270907","3.37971999019881","0","0","0","3.26773358168109","0","0.648117542597525","0.155341133011622","0.526701112919452","4.71942989286894","0.333928028795525","0.701878486218997","0","0","0.183899929014627","5.04973993839317","1.51943355517063","2.44946536816185","0","1.84106118766857","1.64943012189289","3.11032316257659","3.31401263964421","0.231741184492923","0.917196572490361","0","0","0","0","0.683646937375662","0","0","0","0.905821716169823","0","0","1.43559868413025","0.443834911166442","0","3.52668377108296","0","0","0","0","0","0","0","0.557078236067473","3.33233363324336","0","0","0.698892604667904","0","0.333490073667957"
"2020-12-15","0","2.69359013607292","0","1.00335119298457","8.0915968766436","0","0","0","0","9.68523002421307","0.205688944836282","0","1.49229231021773","4.07348568169783","0.95467216557834","0.427450439793071","0.425477877114134","3.37971999019881","0","0","0","3.26773358168109","0","0.648117542597525","0.233011699517433","0.526701112919452","4.71942989286894","0.333928028795525","0.712050638193186","0","0","0.306499881691046","5.04973993839317","1.51943355517063","2.44946536816185","0","1.84106118766857","0.824715060946443","3.11032316257659","2.98261137567979","0.260708832554538","0.989133558568037","0","0","0","0","0.75960770819518","0","0","0","0.905821716169823","0","0","1.50737861833676","0.443834911166442","0","3.52668377108296","0","0","0","0","0","0","0","0.557078236067473","3.33233363324336","0","0","1.04833890700186","0.219523546095554","0.333490073667957"
"2020-12-16","0","2.58999051545473","0","1.00335119298457","8.0915968766436","0","0","0","0","9.68523002421307","0.205688944836282","0","1.49229231021773","4.07348568169783","0.95467216557834","0.374019134818937","0.447297255427679","3.13831141947033","0","0","0","3.26773358168109","0","0.7407057629686","0.155341133011622","0.526701112919452","4.71942989286894","0.333928028795525","0.742567094115751","0","0","0.306499881691046","5.04973993839317","1.51943355517063","2.16129297190751","0","1.84106118766857","0.824715060946443","3.11032316257659","2.65121011171537","0.289676480616153","0.989133558568037","0","0","0","0","0.75960770819518","0","0","0","0.905821716169823","0","0","1.53130526307226","0.443834911166442","0","3.82057408533987","0","0","0","0","0","0","0","0.557078236067473","3.33233363324336","0","0","1.04833890700186","0.219523546095554","0.333490073667957"
"2020-12-17","0","2.58999051545473","0","1.00335119298457","8.0915968766436","0","0","0","0","9.68523002421307","0.205688944836282","0","1.49229231021773","4.07348568169783","1.90934433115668","0.374019134818937","0.534574768681861","3.25901570483457","0","0","0","3.26773358168109","0","0.7407057629686","0.155341133011622","0.526701112919452","4.71942989286894","0.303570935268659","0.788341777999598","0","0","0.306499881691046","0","1.51943355517063","2.01720677378035","0","1.84106118766857","0.824715060946443","3.11032316257659","2.31980884775095","0.318644128677769","1.02510205160687","0","0","0","0","0.75960770819518","0","0","0","0.905821716169823","0","0","1.48345197360125","0.443834911166442","0","3.82057408533987","0","0","0","0","0","0","0","0.557078236067473","3.33233363324336","0","0","1.74723151166976","0.439047092191108","0.333490073667957"
"2020-12-18","0","2.53819070514564","0","0.501675596492284","8.0915968766436","0","0","0","0","9.68523002421307","0.205688944836282","0","1.49229231021773","4.07348568169783","0.95467216557834","0.374019134818937","0.545484457838634","3.25901570483457","0","0","0","3.26773358168109","0","0.7407057629686","0.155341133011622","1.58010333875835","4.71942989286894","0.333928028795525","0.773083550038316","0","0","0.306499881691046","0","1.51943355517063","2.30537917003468","0","1.84106118766857","0.824715060946443","3.11032316257659","2.65121011171537","0.347611776739384","1.07905479116513","0","0","0","0","0.683646937375662","0","0","0","0.905821716169823","0","0","1.45952532886575","0","0","3.82057408533987","0","0","0","0","0","0","0","0.557078236067473","3.33233363324336","0","0","1.74723151166976","0.439047092191108","0.333490073667957"
"2020-12-19","0","2.48639089483654","0","0.501675596492284","8.0915968766436","0","0","0","0","6.45682001614205","0.205688944836282","0","1.49229231021773","4.07348568169783","0.95467216557834","0.427450439793071","0.567303836152179","3.13831141947033","0","0","0","3.26773358168109","0","0.7407057629686","0.233011699517433","1.58010333875835","4.71942989286894","0.394642215849256","0.818858233922164","0","0","0.306499881691046","0","1.51943355517063","2.16129297190751","0","1.84106118766857","0.824715060946443","3.11032316257659","2.65121011171537","0.376579424801","1.09703903768455","0","0","0","0","0.683646937375662","0","0","0","0.905821716169823","0","0","1.45952532886575","0","0","4.11446439959678","0","0","0","0","0","0","0","0.557078236067473","3.33233363324336","0","0","1.74723151166976","0.439047092191108","0"
"2020-12-20","0","2.48639089483654","0","0.501675596492284","8.0915968766436","0","0","0","0","6.45682001614205","0","0","1.49229231021773","4.07348568169783","0.95467216557834","0.480881744767205","0.65458134940636","3.13831141947033","0","0","0","3.26773358168109","0","0.7407057629686","0.233011699517433","1.58010333875835","4.71942989286894","0.394642215849256","0.864632917806011","0","0","0.429099834367464","0","1.51943355517063","2.16129297190751","0","1.84106118766857","0.824715060946443","3.11032316257659","2.31980884775095","0.376579424801","1.11502328420397","0","0","0","0","0.683646937375662","0","0","0","0.905821716169823","0","0","1.45952532886575","0","0","3.82057408533987","0","0","0","0","0","0","0","0.557078236067473","3.33233363324336","0","0","2.09667781400371","0.439047092191108","0"
"2020-12-21","0","2.33099146390926","0.190659223330588","0.501675596492284","8.0915968766436","0","0","0","0","6.45682001614205","0","0","2.98458462043545","4.07348568169783","0.95467216557834","0.534313049741339","0.676400727719906","3.37971999019881","0","0","0","3.26773358168109","0","0.7407057629686","0.233011699517433","1.0534022258389","4.71942989286894","0.424999309376122","0.90023544971567","0","0","0.429099834367464","0","1.51943355517063","2.16129297190751","0","1.84106118766857","0.824715060946443","3.11032316257659","1.98840758378652","0.405547072862615","1.18696027028164","0","0","0","0.52202420104196","0.607686166556144","0","0","0","0.905821716169823","0","0","1.48345197360125","0","0","4.99613534236752","0","0","0","0","0","0","0","0.557078236067473","3.33233363324336","0","0","2.09667781400371","0.439047092191108","0"
"2020-12-22","0","2.22739184329107","0.190659223330588","0.501675596492284","8.0915968766436","0","0","0","0","6.45682001614205","0","0","2.98458462043545","4.07348568169783","0.95467216557834","0.480881744767205","0.65458134940636","3.13831141947033","0","0","0","3.26773358168109","0","0.648117542597525","0.233011699517433","1.0534022258389","4.71942989286894","0.455356402902988","0.956182285573707","0","0","0.429099834367464","0","1.51943355517063","2.16129297190751","0","1.84106118766857","0.824715060946443","3.11032316257659","1.98840758378652","0.43451472092423","1.22292876332048","0","0","0","0.52202420104196","0.607686166556144","0","0","0","0.905821716169823","0","0","1.53130526307226","0","0","5.29002565662443","0","0","0","0","0","0","0","0.557078236067473","0","0","0","2.09667781400371","0.439047092191108","0"
"2020-12-23","0","2.07199241236379","0.190659223330588","0.501675596492284","8.0915968766436","0","0","0","0","6.45682001614205","0","0","2.98458462043545","4.07348568169783","0.95467216557834","0.534313049741339","0.643671660249587","3.13831141947033","0","0","0","3.26773358168109","0","0.648117542597525","0.233011699517433","1.0534022258389","4.71942989286894","0.485713496429854","1.01212912143174","0","0","0.429099834367464","0","1.51943355517063","2.30537917003468","0","1.84106118766857","0.824715060946443","3.11032316257659","1.6570063198221","0.463482368985845","1.20494451680106","0","0","0","0.52202420104196","0.607686166556144","0","0","0","0.905821716169823","0","0","1.48345197360125","0","0","4.99613534236752","0","0","0","0","0","0","0","0.557078236067473","0","0","0","2.09667781400371","0.439047092191108","0"
"2020-12-24","0","1.9683927917456","0.190659223330588","0","8.0915968766436","0","0","0","0","6.45682001614205","0","0","2.98458462043545","4.07348568169783","0.95467216557834","0.534313049741339","0.698220106033451","3.13831141947033","0","0","0","3.26773358168109","0","0.7407057629686","0.310682266023244","1.0534022258389","0","0.455356402902988","1.0528177293285","0","0","0.490399810705673","0","1.13957516637797","2.30537917003468","0","1.84106118766857","0.824715060946443","3.11032316257659","1.6570063198221","0.550385313170692","1.16897602376223","0","0","0","0.52202420104196","0.683646937375662","0","0","0","0.905821716169823","12.9048909536714","0","1.48345197360125","0","0","5.29002565662443","0","0","0","0","0","0","0","0.557078236067473","0","0","0","1.39778520933581","0.439047092191108","0"
"2020-12-25","0","1.9165929814365","0.190659223330588","0","8.0915968766436","0","0","0","0","3.22841000807102","0","0","2.98458462043545","0","0.95467216557834","0.534313049741339","0.709129795190224","3.01760713410608","0","0","0","2.45080018626081","0","0.7407057629686","0.388352832529055","1.0534022258389","0","0.485713496429854","1.134194945122","0","0","0.551699787043882","0","1.51943355517063","2.01720677378035","0","3.68212237533714","0.824715060946443","0","1.6570063198221","0.579352961232307","1.18696027028164","0","0","0","0.52202420104196","0.75960770819518","0","0","0","0.905821716169823","12.9048909536714","0","1.55523190780777","0","0","4.99613534236752","0","0","0","0","0","0","0","0.557078236067473","0","0","0","1.39778520933581","0.439047092191108","0"
"2020-12-26","0","1.9165929814365","0.190659223330588","0","8.0915968766436","0","0","0","0","3.22841000807102","0","0","2.98458462043545","0","0.95467216557834","0.641175659689607","0.698220106033451","3.01760713410608","0","0","0","3.26773358168109","0","0.7407057629686","0.466023399034866","1.0534022258389","0","0.51607058995672","1.20540000894132","0","0","0.612999763382091","0","1.51943355517063","2.01720677378035","0","3.68212237533714","0.824715060946443","0","1.6570063198221","0.579352961232307","1.16897602376223","0","0","0","0.52202420104196","0.683646937375662","0","3.18309141838554","0","0","12.9048909536714","0","1.45952532886575","0","0","4.99613534236752","0","0","0","0","0","0","0","0.557078236067473","0","0","0","1.39778520933581","0.658570638286663","0"
"2020-12-27","0","1.81299336081831","0.190659223330588","0","4.0457984383218","0","0","0","0","3.22841000807102","0","0","2.98458462043545","0","0.95467216557834","0.641175659689607","0.752768551817314","2.89690284874184","0","0","0","3.26773358168109","0","0.7407057629686","0.543693965540676","1.0534022258389","0","0.51607058995672","1.26643292078645","0","0","0.6742997397203","0","1.51943355517063","1.87312057565318","0","3.68212237533714","0.824715060946443","0","1.6570063198221","0.608320609293922","1.2409130098399","0","0","0","0.52202420104196","0.75960770819518","0","3.18309141838554","0","0","12.9048909536714","0","1.57915855254327","0","0","4.70224502811061","0","0","0","0","0","0","0","0.557078236067473","0","0","0","1.74723151166976","0.658570638286663","0"
"2020-12-28","0","1.76119355050922","0.190659223330588","0","0","0","0","0","0","3.22841000807102","0","0","2.98458462043545","0","0.95467216557834","0.641175659689607","0.807316997601177","3.25901570483457","0","0","0","3.26773358168109","0","0.833293983339676","0.621364532046487","1.0534022258389","0","0.485713496429854","1.30203545269611","0","0","0.612999763382091","0","1.51943355517063","2.01720677378035","0","3.68212237533714","0.824715060946443","0","1.6570063198221","0.579352961232307","1.22292876332048","0","0","0","0.52202420104196","0.75960770819518","0","3.18309141838554","0","0","12.9048909536714","0","1.60308519727877","0","0","4.70224502811061","0","0","0","0","0","0","0","0.557078236067473","0","0","0","1.74723151166976","0.658570638286663","0"
"2020-12-29","0","1.55399430927284","0.381318446661176","0","0","0","0","0","0","3.22841000807102","0","0","2.98458462043545","0","0.95467216557834","0.694606964663741","0.807316997601177","3.50042427556306","0","0","0","3.26773358168109","0","0.833293983339676","0.699035098552298","1.0534022258389","0","0.546427683483586","1.33255190861868","0","0","0.6742997397203","0","1.51943355517063","1.87312057565318","0","3.68212237533714","0.824715060946443","0","1.6570063198221","0.608320609293922","1.27688150287874","0","0","0","0.52202420104196","0.75960770819518","0","3.18309141838554","0","0","12.9048909536714","0","1.57915855254327","0","0","4.11446439959678","0","0","0","0","0","0","0","0.557078236067473","0","0","0","1.74723151166976","0.658570638286663","0"
"2020-12-30","0","1.45039468865465","0.381318446661176","0","0","0","0","0","0","3.22841000807102","0","0","2.98458462043545","0","0.95467216557834","0.694606964663741","0.796407308444405","3.37971999019881","0","0","0","3.26773358168109","0","0.833293983339676","0.776705665058109","1.0534022258389","0","0.576784777010452","1.35289621256705","0","0","0.6742997397203","0","1.13957516637797","1.87312057565318","0","3.68212237533714","0.824715060946443","0","1.6570063198221","0.608320609293922","1.18696027028164","0","0","0","0.52202420104196","0.75960770819518","0","3.18309141838554","0","0","12.9048909536714","0","1.57915855254327","0","0","3.82057408533987","0","0","0","0","0","0","0","0","0","0","0","1.74723151166976","0.658570638286663","0"
"2020-12-31","0","1.45039468865465","0.381318446661176","0","0","0","0","0","0","3.22841000807102","0","0","4.47687693065318","0","0.95467216557834","0.694606964663741","0.829136375914723","3.37971999019881","0","0","0","2.45080018626081","0","0.833293983339676","0.85437623156392","1.0534022258389","0","0.576784777010452","1.40884304842509","0","0","0.6742997397203","0","1.13957516637797","1.58494817939884","0","2.76159178150286","0.824715060946443","0","1.6570063198221","0.637288257355538","1.09703903768455","0","0","0","0.52202420104196","0.835568479014698","0","3.18309141838554","0","0","12.9048909536714","0","1.50737861833676","0","0","4.4083547138537","0","0","0","0","0","0","0","0","0","0","0","1.74723151166976","0.878094184382217","0"
