dates,AGUASCALIENTES,BAJA_CALIFORNIA,BAJA_CALIFORNIA_SUR,CAMPECHE,COAHUILA,COLIMA,CHIAPAS,CHIHUAHUA,CDMX,DURANGO,GUANAJUATO,GUERRERO,HIDALGO,JALISCO,MEXICO,MICHOACAN,MORELOS,NAYARIT,NUEVO_LEON,OAXACA,PUEBLA,QUERETARO,QUINTANA_ROO,SAN_LUIS_POTOSI,SINALOA,SONORA,TABASCO,TAMAULIPAS,TLAXCALA,VERACRUZ,YUCATAN,ZACATECAS
2020-02-28,0.0,0.0,0.0,0.0,0.0,0.0,0.0,0.0,0.0,0,0.0,0.0,0.0,0.0,0.0,0.0,0.0,0.0,0.0,0.0,0.0,0.0,0.0,0.0,0.0,0.0,0.0,0.0,0.0,0.0,0.0,0.0
2020-02-29,0.0,0.0,0.0,0.0,0.0,0.0,0.0,0.0,0.0,0,0.0,0.0,0.0,0.0,0.0,1.0,0.0,0.0,0.0,0.0,0.0,0.0,0.0,0.0,0.0,0.0,0.0,0.0,0.0,0.0,0.0,0.0
2020-03-01,0.0,0.0,0.0,0.0,0.0,0.0,0.0,0.0,0.0,0,0.0,0.0,0.0,0.0,0.0,0.0,0.0,0.0,0.0,0.0,1.0,0.0,0.0,0.0,0.0,0.0,0.0,0.0,0.0,0.0,0.0,0.0
2020-03-02,0.0,0.0,0.0,0.0,0.0,0.0,0.0,0.0,0.0,0,0.0,0.0,0.0,0.0,0.0,1.0,0.0,0.0,0.0,0.0,0.0,0.0,0.0,0.0,0.0,0.0,0.0,0.0,0.0,0.0,0.0,0.0
2020-03-03,0.0,0.0,0.0,0.0,0.0,0.0,0.0,0.0,0.0,0,0.0,0.0,0.0,0.0,0.0,1.0,0.0,0.0,0.0,0.0,0.0,0.0,0.0,0.0,0.0,0.0,0.0,0.0,0.0,0.0,0.0,0.0
2020-03-04,0.0,0.0,0.0,0.0,0.0,0.0,0.0,0.0,0.0,0,0.0,0.0,0.0,0.0,0.0,1.0,0.0,0.0,0.0,0.0,0.0,0.0,0.0,0.0,0.0,0.0,0.0,1.0,0.0,0.0,0.0,0.0
2020-03-05,0.0,0.0,0.0,0.0,0.0,0.0,0.0,0.0,0.0,2,0.0,0.0,0.0,0.0,0.0,0.0,0.0,0.0,0.0,0.0,0.0,0.0,0.0,0.0,0.0,0.0,0.0,0.0,0.0,0.0,0.0,0.0
2020-03-06,0.0,0.0,0.0,0.0,0.0,0.0,0.0,0.0,0.0,0,0.0,0.0,0.0,0.0,0.0,0.0,0.0,0.0,0.0,0.0,0.0,0.0,0.0,0.0,0.0,0.0,0.0,0.0,0.0,1.0,0.0,0.0
2020-03-07,0.0,0.0,0.0,0.0,0.0,0.0,0.0,0.0,0.0,0,0.0,0.0,0.0,0.0,0.0,0.0,0.0,0.0,0.0,0.0,0.0,0.0,0.0,0.0,0.0,0.0,0.0,0.0,0.0,1.0,0.0,0.0
2020-03-08,0.0,0.0,0.0,0.0,0.0,0.0,0.0,0.0,0.0,0,0.0,0.0,0.0,0.0,0.0,1.0,0.0,0.0,0.0,0.0,0.0,0.0,0.0,0.0,0.0,0.0,0.0,0.0,0.0,0.0,0.0,0.0
2020-03-09,0.0,0.0,0.0,0.0,0.0,0.0,0.0,0.0,0.0,0,0.0,0.0,0.0,0.0,0.0,1.0,0.0,0.0,0.0,0.0,0.0,0.0,0.0,0.0,0.0,0.0,0.0,0.0,0.0,0.0,0.0,0.0
2020-03-10,0.0,0.0,0.0,0.0,0.0,0.0,0.0,0.0,0.0,0,0.0,0.0,0.0,0.0,0.0,2.0,0.0,0.0,0.0,1.0,0.0,0.0,0.0,0.0,0.0,0.0,0.0,0.0,0.0,0.0,0.0,0.0
2020-03-11,0.0,0.0,0.0,0.0,0.0,2.0,0.0,0.0,0.0,3,0.0,0.0,0.0,0.0,0.0,1.0,0.0,0.0,0.0,0.0,0.0,0.0,0.0,0.0,0.0,0.0,0.0,0.0,0.0,0.0,0.0,0.0
2020-03-12,0.0,0.0,0.0,0.0,0.0,0.0,0.0,0.0,0.0,4,0.0,0.0,0.0,0.0,0.0,1.0,0.0,0.0,0.0,0.0,1.0,0.0,0.0,1.0,0.0,0.0,0.0,0.0,0.0,1.0,0.0,0.0
2020-03-13,0.0,0.0,0.0,0.0,0.0,1.0,0.0,0.0,0.0,2,0.0,0.0,0.0,0.0,0.0,2.0,0.0,0.0,0.0,0.0,0.0,0.0,0.0,0.0,0.0,1.0,0.0,0.0,0.0,1.0,0.0,0.0
2020-03-14,0.0,0.0,0.0,0.0,0.0,0.0,0.0,0.0,0.0,0,0.0,0.0,0.0,0.0,0.0,0.0,0.0,0.0,0.0,0.0,0.0,0.0,0.0,1.0,0.0,0.0,0.0,0.0,0.0,0.0,0.0,0.0
2020-03-15,0.0,0.0,0.0,0.0,0.0,0.0,0.0,0.0,0.0,2,0.0,0.0,0.0,1.0,0.0,3.0,0.0,0.0,0.0,0.0,0.0,1.0,0.0,0.0,0.0,0.0,0.0,0.0,0.0,0.0,0.0,0.0
2020-03-16,0.0,0.0,1.0,0.0,0.0,2.0,0.0,0.0,0.0,4,0.0,0.0,0.0,0.0,1.0,4.0,0.0,0.0,0.0,0.0,0.0,1.0,0.0,0.0,0.0,2.0,0.0,0.0,0.0,1.0,0.0,0.0
2020-03-17,1.0,1.0,0.0,0.0,0.0,0.0,0.0,0.0,0.0,4,1.0,0.0,1.0,0.0,1.0,0.0,0.0,0.0,0.0,0.0,0.0,0.0,0.0,0.0,0.0,0.0,0.0,0.0,0.0,0.0,0.0,0.0
2020-03-18,0.0,0.0,1.0,0.0,0.0,0.0,0.0,0.0,0.0,5,0.0,0.0,0.0,0.0,0.0,0.0,0.0,0.0,0.0,0.0,0.0,0.0,0.0,1.0,1.0,0.0,0.0,0.0,0.0,0.0,1.0,0.0
2020-03-19,0.0,0.0,3.0,0.0,0.0,0.0,0.0,0.0,0.0,28,0.0,0.0,0.0,0.0,2.0,14.0,1.0,0.0,0.0,0.0,1.0,0.0,0.0,1.0,0.0,1.0,0.0,0.0,0.0,0.0,0.0,0.0
2020-03-20,0.0,0.0,3.0,0.0,0.0,1.0,0.0,0.0,1.0,16,0.0,1.0,0.0,1.0,2.0,16.0,0.0,0.0,0.0,0.0,1.0,0.0,0.0,1.0,0.0,1.0,0.0,0.0,0.0,0.0,0.0,0.0
2020-03-21,0.0,0.0,2.0,0.0,0.0,0.0,0.0,0.0,0.0,18,1.0,0.0,0.0,0.0,0.0,8.0,0.0,1.0,0.0,1.0,0.0,1.0,0.0,0.0,1.0,0.0,0.0,0.0,0.0,0.0,0.0,0.0
2020-03-22,0.0,0.0,0.0,0.0,0.0,0.0,0.0,0.0,2.0,14,0.0,0.0,1.0,0.0,1.0,11.0,0.0,0.0,0.0,1.0,0.0,1.0,0.0,2.0,0.0,1.0,0.0,0.0,0.0,0.0,0.0,2.0
2020-03-23,0.0,0.0,5.0,0.0,1.0,2.0,0.0,2.0,0.0,26,1.0,0.0,0.0,0.0,0.0,12.0,1.0,0.0,1.0,1.0,0.0,0.0,1.0,1.0,1.0,1.0,1.0,3.0,0.0,0.0,0.0,0.0
2020-03-24,0.0,0.0,7.0,0.0,0.0,1.0,1.0,0.0,0.0,38,0.0,1.0,0.0,0.0,2.0,32.0,0.0,1.0,1.0,0.0,0.0,4.0,1.0,2.0,0.0,3.0,1.0,2.0,1.0,0.0,3.0,2.0
2020-03-25,1.0,1.0,2.0,0.0,0.0,0.0,0.0,0.0,2.0,28,1.0,0.0,1.0,3.0,1.0,18.0,1.0,0.0,0.0,0.0,0.0,1.0,0.0,5.0,0.0,3.0,1.0,0.0,0.0,0.0,0.0,0.0
2020-03-26,1.0,1.0,2.0,1.0,0.0,2.0,0.0,0.0,2.0,34,0.0,1.0,2.0,2.0,0.0,26.0,1.0,0.0,0.0,1.0,0.0,7.0,1.0,5.0,0.0,7.0,0.0,0.0,0.0,0.0,2.0,0.0
2020-03-27,0.0,0.0,11.0,1.0,0.0,2.0,0.0,0.0,2.0,39,0.0,2.0,1.0,2.0,2.0,30.0,0.0,0.0,0.0,1.0,0.0,6.0,2.0,5.0,2.0,6.0,1.0,1.0,0.0,0.0,1.0,1.0
2020-03-28,0.0,0.0,3.0,2.0,0.0,1.0,0.0,1.0,1.0,38,0.0,2.0,2.0,0.0,2.0,19.0,1.0,3.0,1.0,0.0,0.0,4.0,0.0,5.0,0.0,4.0,3.0,1.0,0.0,1.0,1.0,3.0
2020-03-29,1.0,1.0,14.0,2.0,1.0,2.0,0.0,0.0,4.0,24,0.0,0.0,0.0,1.0,2.0,14.0,1.0,0.0,0.0,0.0,0.0,1.0,0.0,3.0,2.0,4.0,0.0,1.0,2.0,0.0,0.0,1.0
2020-03-30,0.0,0.0,10.0,0.0,0.0,5.0,1.0,0.0,5.0,25,3.0,1.0,1.0,2.0,1.0,23.0,0.0,2.0,0.0,3.0,0.0,5.0,0.0,6.0,0.0,6.0,1.0,4.0,0.0,0.0,1.0,1.0
2020-03-31,0.0,0.0,18.0,0.0,0.0,2.0,1.0,0.0,6.0,21,0.0,0.0,2.0,3.0,4.0,13.0,2.0,0.0,0.0,0.0,1.0,5.0,0.0,9.0,0.0,11.0,2.0,1.0,1.0,0.0,1.0,0.0
2020-04-01,0.0,0.0,40.0,2.0,0.0,4.0,0.0,2.0,9.0,36,0.0,1.0,1.0,2.0,1.0,34.0,4.0,0.0,0.0,0.0,1.0,8.0,1.0,14.0,0.0,10.0,1.0,4.0,1.0,1.0,3.0,4.0
2020-04-02,0.0,0.0,18.0,1.0,2.0,3.0,0.0,1.0,7.0,30,0.0,1.0,0.0,0.0,3.0,28.0,0.0,3.0,0.0,1.0,0.0,9.0,0.0,6.0,0.0,20.0,3.0,2.0,1.0,1.0,3.0,1.0
2020-04-03,1.0,1.0,21.0,1.0,1.0,2.0,0.0,0.0,5.0,49,0.0,4.0,0.0,1.0,0.0,36.0,5.0,1.0,1.0,1.0,2.0,4.0,3.0,7.0,0.0,5.0,0.0,3.0,1.0,0.0,4.0,2.0
2020-04-04,0.0,0.0,26.0,1.0,0.0,0.0,0.0,0.0,8.0,38,0.0,2.0,2.0,1.0,1.0,20.0,2.0,1.0,1.0,0.0,0.0,6.0,0.0,9.0,1.0,10.0,4.0,2.0,1.0,0.0,1.0,0.0
2020-04-05,1.0,1.0,14.0,3.0,0.0,2.0,0.0,0.0,16.0,40,0.0,3.0,3.0,1.0,2.0,36.0,0.0,2.0,1.0,0.0,2.0,6.0,0.0,8.0,0.0,14.0,1.0,6.0,0.0,2.0,1.0,2.0
2020-04-06,1.0,1.0,42.0,1.0,0.0,5.0,0.0,1.0,7.0,80,1.0,1.0,4.0,3.0,0.0,46.0,5.0,4.0,1.0,2.0,1.0,15.0,3.0,15.0,1.0,19.0,4.0,3.0,1.0,2.0,2.0,2.0
2020-04-07,0.0,0.0,26.0,0.0,0.0,2.0,0.0,2.0,10.0,63,0.0,1.0,3.0,0.0,1.0,49.0,3.0,4.0,1.0,3.0,0.0,8.0,2.0,15.0,0.0,13.0,6.0,7.0,2.0,1.0,7.0,4.0
2020-04-08,0.0,0.0,32.0,1.0,0.0,3.0,0.0,3.0,11.0,62,1.0,3.0,1.0,1.0,5.0,52.0,4.0,3.0,0.0,2.0,2.0,3.0,2.0,9.0,0.0,20.0,3.0,4.0,0.0,1.0,3.0,1.0
2020-04-09,0.0,0.0,46.0,2.0,0.0,3.0,0.0,1.0,10.0,74,0.0,2.0,4.0,0.0,0.0,48.0,2.0,3.0,0.0,1.0,0.0,5.0,2.0,5.0,0.0,8.0,4.0,6.0,1.0,0.0,4.0,4.0
2020-04-10,0.0,0.0,38.0,4.0,1.0,5.0,0.0,2.0,14.0,73,0.0,1.0,2.0,5.0,2.0,71.0,2.0,4.0,0.0,4.0,1.0,8.0,1.0,11.0,0.0,23.0,3.0,13.0,1.0,4.0,4.0,3.0
2020-04-11,1.0,1.0,23.0,3.0,2.0,1.0,0.0,0.0,14.0,59,1.0,2.0,2.0,3.0,1.0,59.0,1.0,2.0,1.0,3.0,0.0,7.0,1.0,13.0,1.0,20.0,3.0,8.0,1.0,0.0,9.0,3.0
2020-04-12,1.0,1.0,39.0,4.0,0.0,1.0,2.0,0.0,14.0,75,0.0,1.0,5.0,1.0,2.0,68.0,4.0,3.0,3.0,1.0,1.0,6.0,0.0,11.0,0.0,17.0,2.0,10.0,5.0,1.0,5.0,3.0
2020-04-13,0.0,0.0,45.0,2.0,2.0,1.0,0.0,0.0,19.0,115,0.0,2.0,5.0,2.0,4.0,92.0,3.0,6.0,1.0,1.0,2.0,16.0,1.0,8.0,0.0,23.0,3.0,12.0,3.0,4.0,7.0,3.0
2020-04-14,0.0,0.0,59.0,2.0,0.0,6.0,0.0,4.0,14.0,97,0.0,1.0,3.0,7.0,4.0,98.0,3.0,6.0,1.0,3.0,2.0,8.0,3.0,8.0,1.0,25.0,1.0,22.0,5.0,1.0,5.0,3.0
2020-04-15,3.0,3.0,51.0,0.0,3.0,5.0,0.0,2.0,18.0,108,2.0,4.0,1.0,2.0,0.0,117.0,3.0,5.0,1.0,1.0,2.0,12.0,0.0,8.0,0.0,24.0,5.0,11.0,2.0,0.0,11.0,9.0
2020-04-16,3.0,3.0,48.0,3.0,2.0,1.0,2.0,0.0,22.0,112,2.0,0.0,9.0,4.0,4.0,111.0,5.0,2.0,2.0,1.0,1.0,11.0,4.0,25.0,0.0,25.0,3.0,20.0,4.0,5.0,20.0,5.0
2020-04-17,1.0,1.0,50.0,0.0,2.0,3.0,1.0,1.0,20.0,117,0.0,3.0,5.0,2.0,5.0,90.0,6.0,5.0,1.0,4.0,2.0,13.0,5.0,16.0,1.0,21.0,3.0,22.0,5.0,3.0,11.0,6.0
2020-04-18,3.0,3.0,43.0,0.0,0.0,6.0,1.0,3.0,26.0,120,0.0,2.0,7.0,4.0,2.0,125.0,5.0,6.0,2.0,2.0,3.0,17.0,1.0,37.0,0.0,23.0,6.0,18.0,0.0,2.0,13.0,4.0
2020-04-19,0.0,0.0,58.0,3.0,0.0,7.0,0.0,1.0,29.0,114,1.0,3.0,6.0,9.0,4.0,132.0,5.0,14.0,2.0,1.0,1.0,16.0,2.0,17.0,0.0,23.0,4.0,12.0,1.0,7.0,10.0,4.0
2020-04-20,3.0,3.0,60.0,3.0,3.0,2.0,0.0,3.0,31.0,179,2.0,2.0,5.0,12.0,4.0,179.0,7.0,20.0,0.0,6.0,5.0,20.0,2.0,26.0,1.0,25.0,0.0,17.0,3.0,2.0,17.0,5.0
2020-04-21,2.0,2.0,70.0,0.0,3.0,1.0,1.0,2.0,30.0,165,2.0,3.0,3.0,5.0,5.0,180.0,7.0,14.0,2.0,7.0,2.0,14.0,1.0,23.0,0.0,21.0,7.0,28.0,3.0,6.0,25.0,2.0
2020-04-22,1.0,1.0,66.0,1.0,3.0,3.0,1.0,4.0,34.0,183,0.0,5.0,6.0,11.0,5.0,172.0,3.0,25.0,1.0,7.0,9.0,18.0,3.0,20.0,0.0,22.0,4.0,20.0,4.0,3.0,17.0,7.0
2020-04-23,2.0,2.0,54.0,5.0,3.0,5.0,1.0,2.0,37.0,181,1.0,2.0,13.0,12.0,5.0,184.0,5.0,23.0,1.0,2.0,6.0,21.0,4.0,25.0,1.0,31.0,3.0,17.0,0.0,6.0,21.0,8.0
2020-04-24,0.0,0.0,65.0,3.0,2.0,2.0,1.0,5.0,35.0,189,1.0,1.0,14.0,16.0,4.0,187.0,6.0,25.0,1.0,2.0,9.0,28.0,3.0,14.0,1.0,29.0,3.0,27.0,3.0,8.0,26.0,5.0
2020-04-25,0.0,0.0,61.0,3.0,0.0,1.0,1.0,3.0,32.0,173,2.0,5.0,9.0,15.0,4.0,172.0,2.0,11.0,2.0,4.0,6.0,23.0,1.0,24.0,4.0,29.0,3.0,26.0,6.0,11.0,32.0,4.0
2020-04-26,3.0,3.0,67.0,1.0,8.0,3.0,0.0,7.0,27.0,170,2.0,6.0,16.0,14.0,6.0,201.0,3.0,33.0,4.0,5.0,7.0,21.0,2.0,17.0,2.0,30.0,4.0,19.0,3.0,9.0,22.0,10.0
2020-04-27,4.0,4.0,63.0,1.0,0.0,3.0,2.0,7.0,43.0,189,2.0,4.0,12.0,13.0,9.0,257.0,13.0,33.0,3.0,5.0,5.0,20.0,2.0,24.0,3.0,45.0,14.0,16.0,0.0,5.0,31.0,10.0
2020-04-28,1.0,1.0,64.0,0.0,5.0,1.0,0.0,2.0,28.0,236,1.0,7.0,7.0,14.0,4.0,227.0,10.0,20.0,3.0,5.0,9.0,21.0,1.0,29.0,5.0,25.0,4.0,19.0,7.0,11.0,38.0,13.0
2020-04-29,0.0,0.0,67.0,2.0,4.0,1.0,0.0,7.0,44.0,246,4.0,2.0,13.0,15.0,6.0,247.0,6.0,38.0,0.0,2.0,8.0,39.0,4.0,15.0,3.0,15.0,4.0,27.0,6.0,4.0,28.0,10.0
2020-04-30,3.0,3.0,40.0,2.0,4.0,3.0,3.0,4.0,36.0,227,1.0,3.0,13.0,16.0,14.0,187.0,11.0,20.0,4.0,5.0,5.0,35.0,1.0,12.0,3.0,21.0,11.0,36.0,4.0,12.0,44.0,7.0
2020-05-01,1.0,1.0,66.0,2.0,3.0,4.0,0.0,7.0,38.0,219,3.0,6.0,7.0,19.0,7.0,209.0,8.0,19.0,3.0,7.0,6.0,28.0,4.0,24.0,2.0,35.0,9.0,31.0,5.0,5.0,45.0,10.0
2020-05-02,1.0,1.0,78.0,3.0,4.0,2.0,0.0,5.0,38.0,163,4.0,6.0,12.0,17.0,16.0,197.0,7.0,20.0,2.0,2.0,4.0,31.0,8.0,19.0,3.0,21.0,10.0,30.0,2.0,9.0,45.0,8.0
2020-05-03,0.0,0.0,60.0,2.0,6.0,2.0,2.0,11.0,23.0,174,1.0,7.0,16.0,14.0,8.0,192.0,12.0,40.0,4.0,2.0,6.0,29.0,3.0,17.0,1.0,23.0,10.0,18.0,8.0,5.0,42.0,11.0
2020-05-04,4.0,4.0,59.0,0.0,3.0,3.0,1.0,10.0,35.0,235,1.0,6.0,20.0,18.0,13.0,224.0,10.0,37.0,3.0,6.0,10.0,24.0,2.0,16.0,6.0,23.0,19.0,25.0,3.0,9.0,49.0,14.0
2020-05-05,2.0,2.0,81.0,1.0,4.0,6.0,2.0,13.0,34.0,241,2.0,8.0,17.0,16.0,9.0,211.0,8.0,39.0,3.0,2.0,5.0,28.0,5.0,16.0,2.0,29.0,10.0,33.0,7.0,3.0,53.0,10.0
2020-05-06,2.0,2.0,64.0,3.0,8.0,4.0,0.0,11.0,30.0,205,2.0,11.0,22.0,23.0,5.0,178.0,16.0,38.0,0.0,9.0,12.0,29.0,4.0,18.0,3.0,27.0,8.0,32.0,11.0,9.0,66.0,7.0
2020-05-07,8.0,8.0,60.0,1.0,1.0,3.0,1.0,14.0,31.0,251,2.0,3.0,16.0,22.0,10.0,245.0,8.0,29.0,3.0,3.0,13.0,33.0,7.0,21.0,0.0,24.0,11.0,41.0,6.0,7.0,64.0,8.0
2020-05-08,2.0,2.0,68.0,4.0,5.0,5.0,1.0,13.0,36.0,254,1.0,13.0,16.0,19.0,8.0,206.0,10.0,24.0,2.0,11.0,9.0,29.0,7.0,11.0,3.0,30.0,12.0,32.0,7.0,8.0,67.0,8.0
2020-05-09,0.0,0.0,47.0,1.0,5.0,2.0,3.0,10.0,34.0,182,2.0,3.0,23.0,18.0,12.0,213.0,6.0,24.0,5.0,14.0,5.0,29.0,4.0,11.0,2.0,32.0,9.0,31.0,7.0,8.0,55.0,9.0
2020-05-10,4.0,4.0,62.0,3.0,4.0,4.0,1.0,13.0,34.0,259,1.0,8.0,22.0,21.0,12.0,224.0,9.0,28.0,2.0,3.0,12.0,26.0,11.0,9.0,4.0,31.0,10.0,36.0,5.0,11.0,50.0,9.0
2020-05-11,4.0,4.0,60.0,2.0,7.0,3.0,1.0,10.0,31.0,305,2.0,9.0,25.0,32.0,14.0,333.0,12.0,39.0,10.0,12.0,29.0,41.0,13.0,22.0,3.0,33.0,17.0,34.0,7.0,11.0,61.0,13.0
2020-05-12,6.0,6.0,58.0,4.0,9.0,5.0,2.0,11.0,28.0,266,5.0,9.0,27.0,28.0,12.0,294.0,7.0,36.0,7.0,8.0,16.0,32.0,8.0,11.0,2.0,37.0,14.0,33.0,9.0,17.0,47.0,13.0
2020-05-13,6.0,6.0,62.0,3.0,3.0,2.0,3.0,18.0,32.0,259,7.0,4.0,20.0,30.0,12.0,284.0,19.0,33.0,7.0,13.0,22.0,41.0,8.0,7.0,4.0,38.0,21.0,40.0,10.0,11.0,68.0,13.0
2020-05-14,3.0,3.0,54.0,1.0,4.0,4.0,5.0,19.0,38.0,253,2.0,11.0,32.0,35.0,17.0,310.0,11.0,32.0,9.0,12.0,15.0,47.0,12.0,10.0,10.0,49.0,21.0,48.0,4.0,10.0,59.0,18.0
2020-05-15,8.0,8.0,64.0,0.0,6.0,7.0,1.0,37.0,30.0,311,5.0,10.0,24.0,33.0,16.0,320.0,13.0,30.0,6.0,11.0,19.0,57.0,15.0,9.0,5.0,42.0,30.0,40.0,6.0,13.0,88.0,8.0
2020-05-16,3.0,3.0,53.0,2.0,5.0,0.0,3.0,12.0,31.0,245,1.0,9.0,22.0,36.0,5.0,263.0,12.0,21.0,1.0,2.0,11.0,44.0,14.0,12.0,6.0,49.0,22.0,34.0,6.0,9.0,73.0,7.0
2020-05-17,7.0,7.0,51.0,0.0,5.0,2.0,2.0,19.0,18.0,215,4.0,12.0,30.0,15.0,19.0,233.0,16.0,21.0,4.0,2.0,8.0,47.0,7.0,6.0,4.0,51.0,29.0,33.0,2.0,16.0,64.0,21.0
2020-05-18,5.0,5.0,69.0,1.0,7.0,2.0,7.0,25.0,35.0,317,1.0,17.0,52.0,24.0,20.0,354.0,14.0,22.0,4.0,11.0,14.0,60.0,22.0,14.0,6.0,56.0,42.0,32.0,13.0,12.0,70.0,11.0
2020-05-19,4.0,4.0,54.0,2.0,6.0,11.0,3.0,25.0,22.0,264,1.0,11.0,42.0,29.0,17.0,275.0,17.0,22.0,6.0,10.0,11.0,52.0,23.0,14.0,8.0,49.0,25.0,29.0,8.0,16.0,68.0,9.0
2020-05-20,6.0,6.0,73.0,2.0,6.0,5.0,3.0,19.0,26.0,262,7.0,12.0,49.0,27.0,20.0,327.0,16.0,21.0,6.0,4.0,18.0,54.0,13.0,20.0,5.0,51.0,32.0,52.0,8.0,4.0,82.0,10.0
2020-05-21,6.0,6.0,60.0,0.0,5.0,5.0,2.0,27.0,30.0,265,3.0,13.0,51.0,33.0,27.0,300.0,12.0,26.0,4.0,9.0,12.0,57.0,12.0,19.0,3.0,38.0,41.0,37.0,11.0,11.0,80.0,18.0
2020-05-22,2.0,2.0,76.0,4.0,11.0,10.0,1.0,22.0,26.0,235,7.0,15.0,47.0,34.0,21.0,313.0,24.0,24.0,12.0,17.0,17.0,55.0,10.0,13.0,6.0,51.0,39.0,38.0,7.0,15.0,80.0,13.0
2020-05-23,12.0,12.0,34.0,1.0,5.0,12.0,3.0,26.0,23.0,195,0.0,26.0,26.0,21.0,19.0,221.0,6.0,23.0,8.0,13.0,14.0,54.0,8.0,15.0,2.0,43.0,47.0,28.0,13.0,12.0,60.0,8.0
2020-05-24,7.0,7.0,48.0,1.0,5.0,3.0,5.0,31.0,22.0,191,9.0,11.0,32.0,19.0,22.0,292.0,15.0,17.0,3.0,7.0,17.0,51.0,4.0,15.0,2.0,48.0,37.0,32.0,5.0,10.0,64.0,7.0
2020-05-25,7.0,7.0,60.0,5.0,6.0,8.0,3.0,29.0,26.0,292,11.0,27.0,47.0,31.0,27.0,383.0,14.0,23.0,7.0,20.0,18.0,55.0,18.0,17.0,7.0,56.0,56.0,29.0,14.0,14.0,85.0,21.0
2020-05-26,9.0,9.0,53.0,3.0,11.0,7.0,3.0,41.0,20.0,272,7.0,15.0,47.0,26.0,37.0,289.0,21.0,27.0,10.0,13.0,12.0,61.0,8.0,10.0,4.0,71.0,52.0,34.0,10.0,5.0,89.0,15.0
2020-05-27,11.0,11.0,61.0,5.0,12.0,10.0,4.0,43.0,26.0,258,11.0,12.0,44.0,34.0,40.0,337.0,17.0,20.0,10.0,9.0,23.0,76.0,11.0,22.0,9.0,69.0,49.0,55.0,15.0,12.0,66.0,13.0
2020-05-28,8.0,8.0,51.0,3.0,6.0,6.0,2.0,27.0,21.0,273,5.0,18.0,42.0,24.0,44.0,319.0,14.0,26.0,11.0,14.0,29.0,61.0,8.0,14.0,11.0,73.0,59.0,51.0,8.0,14.0,89.0,17.0
2020-05-29,10.0,10.0,48.0,3.0,6.0,10.0,2.0,29.0,26.0,236,7.0,19.0,31.0,30.0,46.0,334.0,25.0,25.0,12.0,15.0,25.0,61.0,17.0,10.0,10.0,63.0,42.0,27.0,6.0,17.0,75.0,19.0
2020-05-30,10.0,10.0,43.0,2.0,8.0,5.0,6.0,31.0,16.0,227,9.0,19.0,32.0,25.0,36.0,284.0,19.0,18.0,7.0,12.0,26.0,47.0,16.0,14.0,5.0,63.0,44.0,26.0,9.0,22.0,76.0,7.0
2020-05-31,12.0,12.0,53.0,3.0,4.0,6.0,3.0,34.0,20.0,213,8.0,26.0,32.0,26.0,43.0,298.0,23.0,27.0,4.0,11.0,29.0,43.0,14.0,9.0,7.0,44.0,50.0,23.0,7.0,14.0,66.0,6.0
2020-06-01,13.0,13.0,53.0,2.0,8.0,4.0,3.0,37.0,24.0,267,6.0,40.0,53.0,27.0,62.0,395.0,33.0,28.0,11.0,16.0,30.0,74.0,9.0,12.0,7.0,94.0,68.0,37.0,19.0,18.0,82.0,16.0
2020-06-02,8.0,8.0,70.0,3.0,7.0,11.0,4.0,38.0,18.0,238,9.0,28.0,47.0,26.0,37.0,351.0,31.0,22.0,14.0,16.0,30.0,66.0,27.0,14.0,6.0,71.0,79.0,34.0,11.0,14.0,65.0,8.0
2020-06-03,8.0,8.0,52.0,4.0,11.0,15.0,3.0,43.0,27.0,235,5.0,50.0,39.0,28.0,52.0,365.0,30.0,19.0,18.0,17.0,28.0,77.0,13.0,9.0,11.0,67.0,57.0,25.0,13.0,18.0,75.0,17.0
2020-06-04,7.0,7.0,59.0,2.0,5.0,8.0,4.0,51.0,26.0,217,7.0,44.0,43.0,27.0,45.0,410.0,25.0,27.0,9.0,24.0,44.0,79.0,15.0,15.0,15.0,71.0,72.0,37.0,10.0,15.0,83.0,8.0
2020-06-05,12.0,12.0,46.0,0.0,10.0,16.0,3.0,35.0,26.0,231,8.0,47.0,41.0,19.0,67.0,387.0,17.0,20.0,7.0,30.0,31.0,92.0,12.0,9.0,15.0,60.0,78.0,26.0,22.0,12.0,83.0,17.0
2020-06-06,13.0,13.0,60.0,5.0,13.0,11.0,6.0,39.0,13.0,191,12.0,35.0,31.0,33.0,46.0,272.0,21.0,19.0,10.0,15.0,36.0,63.0,16.0,15.0,8.0,74.0,64.0,35.0,21.0,14.0,48.0,15.0
2020-06-07,13.0,13.0,40.0,2.0,9.0,13.0,2.0,45.0,15.0,199,9.0,36.0,30.0,15.0,39.0,293.0,22.0,19.0,8.0,8.0,30.0,55.0,18.0,11.0,15.0,51.0,60.0,24.0,14.0,13.0,62.0,15.0
2020-06-08,9.0,9.0,63.0,5.0,12.0,10.0,6.0,40.0,30.0,224,15.0,53.0,56.0,24.0,75.0,401.0,28.0,39.0,12.0,19.0,44.0,95.0,20.0,9.0,9.0,96.0,82.0,29.0,25.0,24.0,62.0,18.0
2020-06-09,10.0,10.0,48.0,4.0,14.0,9.0,3.0,39.0,13.0,225,7.0,68.0,33.0,39.0,70.0,315.0,36.0,19.0,13.0,25.0,39.0,79.0,15.0,17.0,14.0,63.0,80.0,34.0,16.0,14.0,57.0,26.0
2020-06-10,12.0,12.0,67.0,9.0,14.0,16.0,3.0,37.0,26.0,235,7.0,53.0,35.0,19.0,73.0,358.0,43.0,19.0,12.0,29.0,50.0,72.0,14.0,9.0,7.0,60.0,90.0,29.0,24.0,21.0,78.0,13.0
2020-06-11,15.0,15.0,50.0,4.0,10.0,16.0,4.0,37.0,23.0,204,14.0,47.0,54.0,27.0,63.0,333.0,30.0,25.0,13.0,36.0,43.0,62.0,15.0,18.0,13.0,62.0,82.0,36.0,22.0,13.0,89.0,22.0
2020-06-12,11.0,11.0,38.0,1.0,14.0,19.0,1.0,46.0,16.0,184,6.0,50.0,45.0,37.0,66.0,310.0,24.0,27.0,16.0,46.0,51.0,72.0,15.0,13.0,5.0,79.0,89.0,35.0,31.0,11.0,88.0,15.0
2020-06-13,16.0,16.0,38.0,3.0,14.0,13.0,9.0,36.0,16.0,163,9.0,44.0,25.0,23.0,57.0,232.0,22.0,29.0,9.0,37.0,33.0,58.0,13.0,12.0,11.0,52.0,72.0,37.0,31.0,11.0,72.0,10.0
2020-06-14,18.0,18.0,49.0,3.0,12.0,14.0,4.0,39.0,18.0,166,11.0,55.0,47.0,28.0,58.0,276.0,33.0,18.0,9.0,27.0,32.0,75.0,13.0,22.0,8.0,59.0,77.0,25.0,30.0,12.0,82.0,22.0
2020-06-15,18.0,18.0,56.0,4.0,10.0,21.0,6.0,37.0,17.0,219,11.0,78.0,51.0,23.0,68.0,338.0,45.0,24.0,16.0,58.0,54.0,101.0,26.0,23.0,13.0,87.0,106.0,47.0,31.0,12.0,116.0,17.0
2020-06-16,18.0,18.0,60.0,8.0,18.0,15.0,11.0,48.0,17.0,187,15.0,64.0,41.0,27.0,75.0,299.0,39.0,16.0,12.0,30.0,44.0,109.0,13.0,19.0,10.0,67.0,99.0,39.0,46.0,17.0,89.0,16.0
2020-06-17,13.0,13.0,43.0,5.0,22.0,21.0,7.0,46.0,12.0,176,6.0,61.0,39.0,27.0,63.0,298.0,35.0,12.0,12.0,36.0,24.0,107.0,14.0,10.0,17.0,71.0,103.0,42.0,29.0,29.0,88.0,24.0
2020-06-18,14.0,14.0,47.0,4.0,19.0,23.0,7.0,44.0,19.0,191,10.0,64.0,46.0,27.0,82.0,279.0,17.0,12.0,15.0,39.0,28.0,97.0,15.0,20.0,10.0,68.0,90.0,42.0,39.0,20.0,107.0,26.0
2020-06-19,15.0,15.0,43.0,3.0,22.0,19.0,10.0,34.0,14.0,177,9.0,56.0,40.0,28.0,66.0,289.0,25.0,16.0,11.0,50.0,41.0,100.0,10.0,18.0,9.0,55.0,94.0,41.0,43.0,8.0,91.0,30.0
2020-06-20,4.0,4.0,44.0,6.0,20.0,27.0,7.0,26.0,16.0,151,4.0,55.0,17.0,35.0,66.0,239.0,12.0,14.0,11.0,64.0,48.0,69.0,11.0,12.0,16.0,63.0,97.0,36.0,57.0,11.0,84.0,33.0
2020-06-21,12.0,12.0,32.0,2.0,17.0,28.0,13.0,32.0,14.0,114,8.0,44.0,37.0,23.0,56.0,209.0,25.0,14.0,13.0,51.0,31.0,85.0,10.0,22.0,7.0,59.0,89.0,20.0,36.0,18.0,66.0,23.0
2020-06-22,13.0,13.0,59.0,3.0,14.0,28.0,9.0,46.0,16.0,207,6.0,79.0,60.0,19.0,76.0,307.0,26.0,5.0,15.0,86.0,62.0,119.0,23.0,14.0,12.0,80.0,99.0,39.0,57.0,22.0,112.0,44.0
2020-06-23,5.0,5.0,43.0,7.0,23.0,27.0,9.0,44.0,18.0,188,11.0,85.0,34.0,27.0,75.0,232.0,40.0,13.0,14.0,79.0,45.0,100.0,10.0,16.0,20.0,76.0,124.0,34.0,54.0,25.0,98.0,29.0
2020-06-24,14.0,14.0,59.0,6.0,25.0,27.0,7.0,39.0,19.0,161,7.0,75.0,27.0,29.0,65.0,279.0,27.0,21.0,11.0,67.0,28.0,105.0,7.0,23.0,20.0,84.0,105.0,53.0,56.0,21.0,84.0,39.0
2020-06-25,20.0,20.0,50.0,2.0,19.0,27.0,11.0,41.0,16.0,157,15.0,55.0,43.0,29.0,76.0,247.0,29.0,14.0,5.0,79.0,26.0,82.0,15.0,25.0,15.0,65.0,85.0,55.0,47.0,19.0,110.0,23.0
2020-06-26,9.0,9.0,44.0,3.0,24.0,30.0,11.0,39.0,24.0,166,8.0,75.0,31.0,36.0,85.0,268.0,18.0,14.0,13.0,86.0,34.0,82.0,14.0,32.0,10.0,78.0,123.0,48.0,57.0,19.0,98.0,32.0
2020-06-27,7.0,7.0,64.0,3.0,36.0,29.0,10.0,29.0,17.0,136,9.0,68.0,27.0,26.0,68.0,197.0,20.0,10.0,16.0,72.0,64.0,80.0,3.0,19.0,18.0,43.0,94.0,43.0,48.0,8.0,90.0,30.0
2020-06-28,9.0,9.0,33.0,3.0,25.0,28.0,7.0,26.0,12.0,155,9.0,61.0,32.0,29.0,72.0,238.0,16.0,10.0,9.0,70.0,33.0,69.0,10.0,32.0,9.0,57.0,88.0,36.0,47.0,15.0,82.0,33.0
2020-06-29,17.0,17.0,60.0,15.0,29.0,45.0,6.0,34.0,21.0,201,9.0,80.0,41.0,23.0,51.0,303.0,39.0,14.0,20.0,72.0,28.0,93.0,21.0,25.0,12.0,66.0,122.0,78.0,46.0,28.0,95.0,23.0
2020-06-30,14.0,14.0,45.0,4.0,29.0,37.0,3.0,31.0,23.0,158,10.0,85.0,29.0,32.0,77.0,264.0,24.0,13.0,10.0,74.0,36.0,87.0,22.0,30.0,17.0,74.0,131.0,62.0,52.0,28.0,108.0,26.0
2020-07-01,23.0,23.0,53.0,6.0,30.0,29.0,8.0,35.0,31.0,145,11.0,84.0,27.0,38.0,69.0,275.0,21.0,11.0,12.0,91.0,30.0,106.0,21.0,34.0,22.0,85.0,122.0,51.0,67.0,21.0,122.0,39.0
2020-07-02,16.0,16.0,52.0,4.0,28.0,29.0,3.0,27.0,36.0,139,4.0,77.0,29.0,29.0,77.0,245.0,22.0,14.0,16.0,80.0,33.0,94.0,20.0,33.0,17.0,61.0,95.0,67.0,48.0,29.0,98.0,38.0
2020-07-03,12.0,12.0,50.0,3.0,16.0,23.0,8.0,33.0,22.0,138,16.0,76.0,34.0,28.0,67.0,235.0,35.0,14.0,15.0,73.0,28.0,75.0,14.0,35.0,13.0,40.0,88.0,80.0,58.0,25.0,137.0,43.0
2020-07-04,8.0,8.0,41.0,5.0,22.0,26.0,8.0,27.0,21.0,129,10.0,68.0,23.0,21.0,72.0,184.0,13.0,6.0,11.0,55.0,55.0,62.0,5.0,32.0,25.0,56.0,66.0,51.0,58.0,13.0,89.0,31.0
2020-07-05,6.0,6.0,44.0,8.0,27.0,24.0,6.0,15.0,24.0,93,11.0,51.0,21.0,21.0,51.0,193.0,21.0,5.0,11.0,61.0,34.0,83.0,21.0,25.0,13.0,63.0,69.0,41.0,52.0,33.0,101.0,31.0
2020-07-06,20.0,20.0,56.0,13.0,24.0,31.0,11.0,14.0,21.0,191,12.0,97.0,38.0,32.0,73.0,277.0,24.0,18.0,17.0,89.0,42.0,78.0,14.0,38.0,26.0,47.0,97.0,57.0,55.0,17.0,107.0,33.0
2020-07-07,9.0,9.0,56.0,10.0,32.0,45.0,8.0,29.0,24.0,147,11.0,79.0,42.0,27.0,59.0,233.0,28.0,16.0,9.0,77.0,49.0,91.0,24.0,34.0,21.0,64.0,111.0,70.0,71.0,31.0,117.0,41.0
2020-07-08,13.0,13.0,42.0,12.0,38.0,30.0,14.0,23.0,25.0,118,13.0,67.0,27.0,32.0,59.0,275.0,20.0,10.0,9.0,71.0,37.0,103.0,16.0,35.0,28.0,73.0,97.0,52.0,49.0,20.0,112.0,39.0
2020-07-09,8.0,8.0,40.0,11.0,30.0,27.0,9.0,14.0,14.0,109,13.0,72.0,34.0,37.0,53.0,185.0,27.0,18.0,13.0,81.0,26.0,90.0,19.0,27.0,25.0,58.0,91.0,80.0,60.0,29.0,121.0,48.0
2020-07-10,7.0,7.0,34.0,10.0,28.0,32.0,13.0,17.0,41.0,132,8.0,64.0,31.0,29.0,78.0,283.0,17.0,11.0,16.0,85.0,37.0,105.0,10.0,35.0,25.0,56.0,91.0,62.0,62.0,21.0,110.0,54.0
2020-07-11,6.0,6.0,35.0,7.0,27.0,35.0,7.0,13.0,24.0,131,6.0,71.0,14.0,29.0,49.0,172.0,26.0,8.0,19.0,80.0,28.0,63.0,19.0,33.0,27.0,71.0,87.0,58.0,43.0,17.0,94.0,37.0
2020-07-12,8.0,8.0,34.0,15.0,27.0,33.0,9.0,20.0,14.0,124,8.0,70.0,28.0,28.0,74.0,175.0,18.0,9.0,15.0,65.0,23.0,72.0,17.0,35.0,26.0,72.0,73.0,54.0,37.0,25.0,102.0,33.0
2020-07-13,20.0,20.0,41.0,17.0,30.0,53.0,13.0,21.0,27.0,166,9.0,88.0,35.0,43.0,68.0,218.0,24.0,19.0,18.0,117.0,24.0,92.0,26.0,49.0,34.0,44.0,100.0,67.0,59.0,22.0,152.0,40.0
2020-07-14,14.0,14.0,47.0,9.0,24.0,48.0,17.0,22.0,29.0,134,10.0,71.0,25.0,39.0,70.0,232.0,23.0,16.0,12.0,135.0,34.0,110.0,12.0,44.0,38.0,81.0,68.0,70.0,73.0,30.0,168.0,38.0
2020-07-15,12.0,12.0,47.0,12.0,33.0,51.0,8.0,21.0,25.0,153,13.0,82.0,35.0,39.0,55.0,246.0,21.0,9.0,17.0,123.0,23.0,104.0,26.0,44.0,43.0,71.0,85.0,70.0,60.0,26.0,165.0,35.0
2020-07-16,17.0,17.0,52.0,7.0,33.0,45.0,14.0,16.0,29.0,144,8.0,80.0,23.0,32.0,69.0,204.0,24.0,14.0,22.0,97.0,39.0,124.0,19.0,38.0,39.0,61.0,74.0,54.0,62.0,40.0,150.0,45.0
2020-07-17,20.0,20.0,37.0,18.0,17.0,57.0,13.0,16.0,24.0,123,17.0,76.0,26.0,37.0,75.0,181.0,29.0,15.0,14.0,109.0,22.0,119.0,25.0,32.0,52.0,56.0,76.0,74.0,91.0,27.0,139.0,40.0
2020-07-18,7.0,7.0,41.0,15.0,28.0,43.0,11.0,9.0,21.0,115,7.0,72.0,23.0,27.0,79.0,187.0,19.0,8.0,15.0,62.0,29.0,83.0,16.0,38.0,28.0,48.0,46.0,57.0,57.0,20.0,115.0,47.0
2020-07-19,4.0,4.0,56.0,13.0,22.0,37.0,9.0,23.0,19.0,97,7.0,71.0,19.0,29.0,59.0,189.0,24.0,10.0,16.0,85.0,29.0,90.0,17.0,25.0,49.0,50.0,55.0,55.0,71.0,37.0,113.0,43.0
2020-07-20,12.0,12.0,43.0,25.0,24.0,50.0,17.0,18.0,28.0,150,20.0,62.0,26.0,57.0,93.0,270.0,28.0,13.0,18.0,93.0,38.0,145.0,21.0,50.0,41.0,52.0,77.0,70.0,84.0,32.0,150.0,64.0
2020-07-21,18.0,18.0,47.0,10.0,35.0,55.0,18.0,10.0,23.0,141,9.0,68.0,32.0,40.0,89.0,267.0,37.0,10.0,11.0,101.0,32.0,112.0,25.0,39.0,54.0,55.0,67.0,76.0,67.0,25.0,114.0,50.0
2020-07-22,16.0,16.0,39.0,21.0,13.0,40.0,18.0,14.0,33.0,156,7.0,70.0,17.0,38.0,86.0,240.0,22.0,12.0,22.0,88.0,35.0,119.0,19.0,50.0,44.0,51.0,51.0,54.0,64.0,26.0,128.0,58.0
2020-07-23,10.0,10.0,32.0,10.0,36.0,50.0,20.0,10.0,34.0,144,9.0,79.0,24.0,37.0,78.0,212.0,29.0,15.0,18.0,125.0,38.0,103.0,20.0,33.0,58.0,49.0,66.0,65.0,69.0,17.0,135.0,50.0
2020-07-24,11.0,11.0,40.0,12.0,25.0,54.0,11.0,13.0,24.0,126,10.0,71.0,27.0,57.0,79.0,218.0,32.0,16.0,15.0,107.0,28.0,108.0,19.0,38.0,44.0,38.0,56.0,53.0,63.0,23.0,111.0,44.0
2020-07-25,14.0,14.0,34.0,13.0,23.0,34.0,14.0,13.0,17.0,109,8.0,74.0,19.0,32.0,72.0,191.0,25.0,11.0,12.0,85.0,29.0,84.0,24.0,28.0,56.0,56.0,39.0,42.0,49.0,18.0,96.0,48.0
2020-07-26,9.0,9.0,31.0,17.0,15.0,45.0,13.0,8.0,31.0,91,14.0,77.0,30.0,41.0,78.0,139.0,26.0,12.0,22.0,52.0,26.0,68.0,18.0,34.0,28.0,50.0,36.0,35.0,57.0,25.0,106.0,47.0
2020-07-27,15.0,15.0,41.0,22.0,23.0,61.0,8.0,7.0,24.0,148,17.0,94.0,25.0,51.0,95.0,248.0,33.0,15.0,22.0,82.0,39.0,126.0,34.0,38.0,63.0,62.0,61.0,63.0,57.0,29.0,125.0,54.0
2020-07-28,17.0,17.0,33.0,22.0,25.0,53.0,14.0,9.0,14.0,151,10.0,74.0,25.0,37.0,71.0,218.0,36.0,14.0,19.0,102.0,22.0,106.0,24.0,26.0,58.0,62.0,53.0,44.0,79.0,18.0,111.0,57.0
2020-07-29,20.0,20.0,40.0,21.0,25.0,56.0,18.0,9.0,30.0,128,13.0,73.0,24.0,38.0,54.0,220.0,36.0,21.0,18.0,87.0,43.0,105.0,23.0,25.0,49.0,45.0,42.0,46.0,72.0,27.0,111.0,54.0
2020-07-30,13.0,13.0,33.0,14.0,25.0,40.0,25.0,7.0,31.0,137,17.0,85.0,28.0,45.0,88.0,216.0,35.0,18.0,18.0,98.0,24.0,100.0,19.0,28.0,36.0,48.0,31.0,45.0,45.0,18.0,119.0,44.0
2020-07-31,16.0,16.0,36.0,16.0,24.0,45.0,12.0,12.0,20.0,107,3.0,59.0,23.0,45.0,66.0,182.0,40.0,21.0,26.0,114.0,21.0,75.0,17.0,23.0,58.0,35.0,39.0,41.0,41.0,23.0,91.0,48.0
2020-08-01,17.0,17.0,22.0,14.0,16.0,42.0,8.0,10.0,31.0,101,14.0,48.0,24.0,40.0,71.0,157.0,23.0,9.0,15.0,60.0,15.0,68.0,15.0,23.0,42.0,52.0,41.0,44.0,45.0,19.0,100.0,59.0
2020-08-02,10.0,10.0,30.0,13.0,21.0,34.0,10.0,8.0,18.0,97,7.0,55.0,19.0,39.0,75.0,156.0,28.0,7.0,10.0,59.0,22.0,73.0,18.0,30.0,28.0,36.0,29.0,40.0,38.0,13.0,82.0,41.0
2020-08-03,20.0,20.0,27.0,25.0,20.0,51.0,19.0,10.0,23.0,136,21.0,60.0,17.0,49.0,81.0,213.0,38.0,14.0,20.0,81.0,30.0,79.0,35.0,28.0,54.0,59.0,62.0,31.0,48.0,14.0,91.0,37.0
2020-08-04,20.0,20.0,31.0,21.0,18.0,47.0,20.0,8.0,20.0,123,8.0,59.0,33.0,45.0,80.0,193.0,33.0,18.0,27.0,92.0,21.0,77.0,22.0,41.0,45.0,52.0,37.0,36.0,40.0,17.0,97.0,48.0
2020-08-05,9.0,9.0,28.0,13.0,16.0,52.0,14.0,9.0,22.0,126,12.0,52.0,26.0,52.0,78.0,203.0,39.0,8.0,11.0,77.0,30.0,84.0,19.0,30.0,41.0,48.0,39.0,33.0,30.0,21.0,81.0,37.0
2020-08-06,14.0,14.0,19.0,16.0,15.0,48.0,23.0,9.0,24.0,94,12.0,62.0,25.0,44.0,79.0,195.0,48.0,11.0,14.0,89.0,22.0,99.0,24.0,28.0,26.0,41.0,32.0,38.0,43.0,19.0,64.0,35.0
2020-08-07,17.0,17.0,17.0,14.0,10.0,39.0,13.0,5.0,19.0,134,10.0,66.0,21.0,44.0,86.0,164.0,47.0,15.0,9.0,122.0,23.0,66.0,26.0,27.0,30.0,35.0,34.0,20.0,36.0,13.0,82.0,41.0
2020-08-08,14.0,14.0,25.0,12.0,12.0,39.0,7.0,4.0,14.0,107,7.0,58.0,26.0,41.0,68.0,145.0,36.0,8.0,23.0,67.0,14.0,58.0,11.0,17.0,38.0,40.0,16.0,20.0,32.0,13.0,68.0,41.0
2020-08-09,13.0,13.0,18.0,8.0,12.0,31.0,12.0,7.0,14.0,81,15.0,45.0,17.0,38.0,55.0,152.0,35.0,13.0,13.0,64.0,19.0,57.0,13.0,23.0,38.0,40.0,23.0,21.0,30.0,10.0,62.0,36.0
2020-08-10,17.0,17.0,28.0,19.0,14.0,57.0,12.0,5.0,22.0,107,12.0,48.0,38.0,48.0,76.0,200.0,54.0,16.0,19.0,99.0,23.0,66.0,37.0,32.0,49.0,40.0,33.0,27.0,40.0,13.0,91.0,49.0
2020-08-11,15.0,15.0,32.0,18.0,10.0,39.0,15.0,4.0,27.0,119,10.0,59.0,22.0,49.0,67.0,174.0,33.0,15.0,10.0,97.0,28.0,85.0,27.0,27.0,40.0,39.0,35.0,28.0,42.0,9.0,73.0,47.0
2020-08-12,18.0,18.0,26.0,14.0,14.0,39.0,17.0,1.0,18.0,119,11.0,50.0,31.0,49.0,68.0,167.0,39.0,10.0,27.0,87.0,23.0,52.0,16.0,27.0,40.0,30.0,32.0,14.0,28.0,10.0,88.0,36.0
2020-08-13,19.0,19.0,28.0,10.0,8.0,36.0,12.0,3.0,25.0,127,13.0,59.0,31.0,44.0,72.0,201.0,35.0,15.0,30.0,102.0,30.0,78.0,20.0,21.0,58.0,41.0,28.0,21.0,25.0,10.0,73.0,32.0
2020-08-14,25.0,25.0,23.0,12.0,7.0,39.0,13.0,2.0,14.0,122,9.0,40.0,41.0,46.0,57.0,155.0,54.0,7.0,20.0,78.0,27.0,60.0,24.0,30.0,49.0,24.0,28.0,24.0,35.0,13.0,57.0,42.0
2020-08-15,4.0,4.0,16.0,8.0,7.0,38.0,15.0,3.0,18.0,74,10.0,51.0,16.0,49.0,70.0,154.0,27.0,7.0,16.0,72.0,23.0,42.0,22.0,30.0,44.0,38.0,19.0,16.0,32.0,11.0,63.0,40.0
2020-08-16,19.0,19.0,19.0,16.0,5.0,39.0,14.0,4.0,23.0,82,7.0,40.0,14.0,35.0,72.0,125.0,27.0,7.0,13.0,76.0,17.0,47.0,23.0,18.0,46.0,23.0,14.0,16.0,28.0,7.0,37.0,30.0
2020-08-17,18.0,18.0,49.0,17.0,7.0,48.0,16.0,5.0,15.0,142,12.0,51.0,26.0,34.0,87.0,210.0,44.0,17.0,19.0,84.0,12.0,53.0,37.0,23.0,38.0,38.0,26.0,16.0,34.0,13.0,62.0,15.0
2020-08-18,20.0,20.0,30.0,18.0,10.0,42.0,13.0,2.0,19.0,113,17.0,50.0,16.0,33.0,70.0,172.0,40.0,10.0,23.0,91.0,19.0,59.0,25.0,16.0,51.0,40.0,30.0,25.0,39.0,12.0,60.0,23.0
2020-08-19,24.0,24.0,29.0,11.0,4.0,43.0,12.0,2.0,26.0,101,9.0,57.0,25.0,43.0,75.0,180.0,45.0,6.0,26.0,80.0,11.0,65.0,29.0,17.0,47.0,41.0,28.0,24.0,26.0,9.0,55.0,31.0
2020-08-20,23.0,23.0,21.0,12.0,6.0,44.0,20.0,4.0,22.0,104,12.0,51.0,22.0,44.0,74.0,155.0,46.0,8.0,19.0,108.0,17.0,55.0,26.0,28.0,49.0,33.0,21.0,21.0,38.0,8.0,53.0,32.0
2020-08-21,18.0,18.0,31.0,11.0,6.0,24.0,15.0,6.0,19.0,128,7.0,41.0,13.0,44.0,65.0,160.0,41.0,11.0,18.0,66.0,11.0,49.0,20.0,19.0,44.0,30.0,20.0,23.0,44.0,5.0,51.0,26.0
2020-08-22,17.0,17.0,22.0,7.0,4.0,24.0,12.0,5.0,24.0,88,12.0,45.0,12.0,35.0,53.0,129.0,30.0,10.0,12.0,70.0,17.0,48.0,13.0,14.0,38.0,38.0,15.0,7.0,37.0,12.0,42.0,24.0
2020-08-23,29.0,29.0,19.0,11.0,6.0,49.0,15.0,3.0,12.0,109,15.0,31.0,11.0,33.0,53.0,145.0,38.0,3.0,16.0,68.0,12.0,42.0,11.0,17.0,30.0,37.0,12.0,13.0,24.0,5.0,63.0,29.0
2020-08-24,17.0,17.0,30.0,19.0,14.0,41.0,23.0,3.0,27.0,130,17.0,57.0,25.0,59.0,72.0,146.0,47.0,17.0,26.0,82.0,17.0,69.0,35.0,21.0,36.0,45.0,22.0,13.0,21.0,6.0,62.0,20.0
2020-08-25,19.0,19.0,26.0,9.0,4.0,42.0,12.0,4.0,33.0,138,5.0,42.0,21.0,50.0,59.0,179.0,33.0,14.0,18.0,81.0,12.0,51.0,31.0,18.0,40.0,41.0,26.0,9.0,16.0,4.0,70.0,45.0
2020-08-26,24.0,24.0,17.0,14.0,9.0,42.0,11.0,3.0,33.0,136,15.0,39.0,13.0,27.0,68.0,136.0,57.0,13.0,23.0,78.0,13.0,58.0,29.0,18.0,45.0,24.0,24.0,20.0,28.0,8.0,62.0,18.0
2020-08-27,13.0,13.0,21.0,15.0,2.0,44.0,11.0,1.0,30.0,117,12.0,49.0,23.0,39.0,54.0,155.0,32.0,13.0,15.0,60.0,14.0,43.0,26.0,18.0,33.0,38.0,18.0,22.0,25.0,5.0,61.0,30.0
2020-08-28,23.0,23.0,26.0,4.0,8.0,26.0,11.0,2.0,27.0,121,11.0,48.0,17.0,42.0,85.0,180.0,35.0,17.0,9.0,102.0,17.0,40.0,24.0,11.0,34.0,33.0,14.0,19.0,18.0,9.0,52.0,32.0
2020-08-29,30.0,30.0,14.0,1.0,3.0,34.0,9.0,1.0,18.0,122,10.0,33.0,15.0,38.0,54.0,129.0,28.0,10.0,12.0,62.0,14.0,34.0,16.0,20.0,28.0,42.0,16.0,20.0,29.0,10.0,46.0,19.0
2020-08-30,16.0,16.0,23.0,3.0,3.0,24.0,13.0,0.0,19.0,88,16.0,30.0,15.0,30.0,47.0,111.0,26.0,5.0,20.0,45.0,11.0,53.0,19.0,16.0,28.0,34.0,14.0,10.0,25.0,14.0,52.0,22.0
2020-08-31,20.0,20.0,28.0,11.0,14.0,45.0,16.0,0.0,24.0,134,14.0,58.0,15.0,40.0,64.0,179.0,44.0,19.0,12.0,77.0,12.0,45.0,29.0,23.0,45.0,40.0,16.0,9.0,31.0,10.0,59.0,23.0
2020-09-01,15.0,15.0,23.0,6.0,7.0,39.0,17.0,3.0,20.0,109,12.0,36.0,24.0,32.0,64.0,180.0,40.0,12.0,20.0,61.0,14.0,51.0,30.0,15.0,30.0,40.0,16.0,18.0,27.0,8.0,55.0,16.0
2020-09-02,14.0,14.0,25.0,6.0,5.0,35.0,12.0,3.0,21.0,120,11.0,41.0,26.0,37.0,63.0,164.0,41.0,6.0,18.0,79.0,17.0,39.0,27.0,13.0,42.0,33.0,17.0,13.0,39.0,6.0,66.0,16.0
2020-09-03,23.0,23.0,29.0,10.0,6.0,28.0,11.0,4.0,22.0,140,8.0,35.0,21.0,31.0,72.0,151.0,48.0,9.0,19.0,65.0,15.0,52.0,23.0,14.0,31.0,30.0,8.0,9.0,23.0,7.0,58.0,17.0
2020-09-04,16.0,16.0,23.0,5.0,2.0,37.0,13.0,4.0,22.0,100,10.0,44.0,16.0,25.0,60.0,138.0,43.0,10.0,7.0,63.0,15.0,53.0,24.0,4.0,22.0,26.0,15.0,16.0,16.0,6.0,55.0,29.0
2020-09-05,13.0,13.0,31.0,1.0,1.0,28.0,14.0,3.0,24.0,97,7.0,32.0,17.0,20.0,43.0,134.0,29.0,5.0,14.0,53.0,17.0,42.0,20.0,10.0,20.0,27.0,6.0,7.0,12.0,8.0,40.0,21.0
2020-09-06,16.0,16.0,18.0,11.0,3.0,41.0,6.0,0.0,21.0,90,20.0,30.0,29.0,30.0,51.0,133.0,28.0,3.0,12.0,53.0,13.0,27.0,16.0,9.0,19.0,38.0,11.0,23.0,20.0,7.0,46.0,24.0
2020-09-07,15.0,15.0,28.0,4.0,2.0,30.0,13.0,4.0,28.0,141,13.0,42.0,25.0,27.0,75.0,194.0,42.0,10.0,16.0,61.0,14.0,39.0,23.0,16.0,32.0,33.0,21.0,9.0,24.0,5.0,51.0,16.0
2020-09-08,18.0,18.0,21.0,11.0,2.0,36.0,13.0,5.0,25.0,120,13.0,42.0,25.0,20.0,56.0,168.0,54.0,11.0,10.0,61.0,14.0,44.0,21.0,14.0,29.0,19.0,20.0,4.0,15.0,8.0,72.0,18.0
2020-09-09,17.0,17.0,17.0,11.0,3.0,33.0,12.0,3.0,18.0,127,10.0,48.0,26.0,43.0,72.0,140.0,51.0,9.0,12.0,54.0,18.0,44.0,26.0,14.0,22.0,26.0,18.0,7.0,21.0,9.0,58.0,15.0
2020-09-10,15.0,15.0,14.0,4.0,2.0,23.0,13.0,3.0,16.0,113,22.0,30.0,27.0,27.0,57.0,164.0,39.0,9.0,14.0,53.0,20.0,42.0,14.0,12.0,25.0,37.0,8.0,10.0,13.0,8.0,50.0,14.0
2020-09-11,16.0,16.0,21.0,5.0,1.0,26.0,13.0,0.0,33.0,112,5.0,28.0,35.0,42.0,54.0,131.0,40.0,12.0,9.0,61.0,22.0,28.0,28.0,8.0,20.0,40.0,7.0,18.0,16.0,2.0,53.0,11.0
2020-09-12,10.0,10.0,21.0,7.0,8.0,28.0,3.0,0.0,24.0,95,5.0,23.0,18.0,19.0,44.0,140.0,25.0,2.0,5.0,49.0,17.0,33.0,18.0,12.0,14.0,29.0,13.0,10.0,12.0,10.0,41.0,14.0
2020-09-13,12.0,12.0,16.0,8.0,4.0,25.0,12.0,0.0,13.0,107,11.0,21.0,20.0,28.0,57.0,131.0,31.0,8.0,16.0,48.0,17.0,36.0,17.0,7.0,22.0,27.0,8.0,10.0,12.0,9.0,43.0,13.0
2020-09-14,16.0,16.0,17.0,9.0,3.0,20.0,15.0,2.0,17.0,134,10.0,38.0,25.0,24.0,55.0,174.0,40.0,17.0,18.0,56.0,19.0,38.0,19.0,12.0,46.0,31.0,16.0,15.0,14.0,7.0,51.0,13.0
2020-09-15,6.0,6.0,16.0,5.0,2.0,31.0,11.0,4.0,29.0,107,6.0,19.0,21.0,25.0,61.0,137.0,27.0,10.0,14.0,64.0,20.0,41.0,17.0,12.0,18.0,25.0,11.0,14.0,17.0,3.0,30.0,15.0
2020-09-16,20.0,20.0,26.0,2.0,2.0,25.0,7.0,1.0,18.0,84,11.0,30.0,15.0,24.0,50.0,122.0,26.0,9.0,9.0,37.0,18.0,24.0,8.0,11.0,19.0,21.0,18.0,4.0,14.0,5.0,49.0,9.0
2020-09-17,24.0,24.0,26.0,6.0,2.0,28.0,13.0,2.0,23.0,163,12.0,28.0,27.0,29.0,67.0,167.0,41.0,9.0,16.0,67.0,21.0,37.0,21.0,10.0,11.0,29.0,24.0,11.0,14.0,5.0,55.0,16.0
2020-09-18,26.0,26.0,15.0,8.0,4.0,25.0,17.0,2.0,25.0,107,7.0,30.0,35.0,21.0,83.0,135.0,31.0,9.0,13.0,62.0,8.0,48.0,18.0,15.0,34.0,30.0,15.0,15.0,14.0,4.0,44.0,9.0
2020-09-19,21.0,21.0,17.0,6.0,1.0,27.0,10.0,4.0,11.0,100,5.0,28.0,20.0,20.0,56.0,124.0,28.0,5.0,13.0,62.0,15.0,36.0,10.0,16.0,18.0,32.0,12.0,12.0,9.0,3.0,36.0,11.0
2020-09-20,16.0,16.0,10.0,2.0,0.0,16.0,11.0,1.0,27.0,107,13.0,17.0,11.0,19.0,46.0,139.0,29.0,3.0,10.0,45.0,17.0,32.0,16.0,9.0,28.0,11.0,7.0,11.0,6.0,2.0,37.0,7.0
2020-09-21,11.0,11.0,17.0,2.0,3.0,22.0,11.0,1.0,32.0,127,12.0,31.0,33.0,24.0,72.0,152.0,36.0,16.0,16.0,69.0,22.0,44.0,15.0,8.0,32.0,26.0,16.0,9.0,14.0,3.0,60.0,20.0
2020-09-22,13.0,13.0,21.0,7.0,0.0,27.0,14.0,3.0,20.0,86,9.0,24.0,19.0,28.0,75.0,153.0,28.0,8.0,14.0,79.0,20.0,45.0,22.0,6.0,22.0,30.0,16.0,11.0,14.0,9.0,43.0,7.0
2020-09-23,21.0,21.0,29.0,3.0,2.0,32.0,16.0,4.0,28.0,106,8.0,25.0,29.0,12.0,65.0,143.0,35.0,10.0,6.0,75.0,11.0,29.0,16.0,14.0,27.0,25.0,13.0,12.0,11.0,2.0,41.0,15.0
2020-09-24,14.0,14.0,11.0,6.0,2.0,25.0,12.0,2.0,32.0,123,9.0,19.0,19.0,18.0,61.0,138.0,34.0,5.0,18.0,59.0,15.0,26.0,7.0,13.0,20.0,20.0,5.0,15.0,11.0,2.0,45.0,11.0
2020-09-25,14.0,14.0,19.0,5.0,2.0,23.0,6.0,1.0,27.0,107,9.0,16.0,34.0,19.0,55.0,122.0,37.0,4.0,4.0,73.0,20.0,39.0,19.0,11.0,18.0,15.0,17.0,8.0,22.0,3.0,36.0,12.0
2020-09-26,16.0,16.0,14.0,3.0,2.0,16.0,10.0,2.0,21.0,89,5.0,18.0,14.0,21.0,35.0,117.0,16.0,4.0,10.0,55.0,14.0,33.0,13.0,10.0,12.0,19.0,10.0,6.0,8.0,3.0,21.0,9.0
2020-09-27,10.0,10.0,18.0,2.0,2.0,20.0,11.0,2.0,19.0,106,9.0,17.0,25.0,13.0,48.0,110.0,20.0,0.0,6.0,50.0,14.0,33.0,16.0,9.0,6.0,22.0,8.0,7.0,12.0,4.0,43.0,15.0
2020-09-28,14.0,14.0,25.0,3.0,3.0,33.0,10.0,3.0,38.0,133,13.0,22.0,28.0,29.0,53.0,151.0,26.0,8.0,13.0,53.0,26.0,38.0,14.0,12.0,23.0,27.0,18.0,16.0,16.0,6.0,35.0,14.0
2020-09-29,6.0,6.0,16.0,4.0,4.0,21.0,12.0,2.0,35.0,114,7.0,32.0,31.0,26.0,61.0,133.0,27.0,10.0,11.0,76.0,27.0,20.0,17.0,5.0,20.0,23.0,28.0,8.0,13.0,6.0,22.0,9.0
2020-09-30,9.0,9.0,27.0,3.0,0.0,30.0,11.0,1.0,33.0,140,14.0,25.0,23.0,25.0,43.0,139.0,21.0,4.0,8.0,53.0,20.0,31.0,16.0,11.0,22.0,18.0,15.0,7.0,14.0,6.0,41.0,9.0
2020-10-01,17.0,17.0,22.0,1.0,2.0,20.0,9.0,2.0,38.0,120,9.0,30.0,21.0,18.0,52.0,131.0,32.0,13.0,18.0,65.0,15.0,27.0,20.0,9.0,19.0,31.0,9.0,10.0,15.0,3.0,29.0,7.0
2020-10-02,9.0,9.0,17.0,3.0,1.0,30.0,10.0,3.0,28.0,115,7.0,22.0,32.0,19.0,53.0,129.0,17.0,12.0,11.0,77.0,10.0,37.0,19.0,7.0,21.0,19.0,19.0,8.0,15.0,4.0,37.0,15.0
2020-10-03,8.0,8.0,18.0,2.0,0.0,23.0,9.0,0.0,34.0,94,5.0,22.0,15.0,22.0,40.0,108.0,24.0,6.0,6.0,49.0,10.0,22.0,20.0,6.0,14.0,21.0,7.0,9.0,17.0,2.0,40.0,14.0
2020-10-04,16.0,16.0,11.0,5.0,1.0,29.0,6.0,2.0,30.0,106,7.0,23.0,25.0,25.0,33.0,106.0,14.0,8.0,4.0,47.0,23.0,16.0,20.0,4.0,14.0,16.0,12.0,6.0,15.0,4.0,32.0,17.0
2020-10-05,16.0,16.0,34.0,3.0,3.0,33.0,13.0,0.0,49.0,117,14.0,31.0,25.0,22.0,56.0,125.0,33.0,29.0,13.0,82.0,15.0,41.0,15.0,16.0,30.0,21.0,16.0,7.0,22.0,3.0,30.0,13.0
2020-10-06,8.0,8.0,20.0,6.0,0.0,37.0,10.0,0.0,65.0,136,21.0,23.0,24.0,28.0,57.0,114.0,32.0,12.0,7.0,93.0,20.0,30.0,18.0,15.0,25.0,30.0,15.0,9.0,28.0,6.0,33.0,12.0
2020-10-07,10.0,10.0,14.0,3.0,1.0,33.0,10.0,2.0,59.0,146,13.0,37.0,25.0,31.0,51.0,135.0,23.0,9.0,6.0,71.0,11.0,44.0,18.0,8.0,16.0,24.0,19.0,4.0,25.0,3.0,32.0,13.0
2020-10-08,13.0,13.0,26.0,5.0,1.0,32.0,17.0,3.0,53.0,108,17.0,29.0,22.0,34.0,47.0,117.0,32.0,14.0,3.0,65.0,29.0,16.0,17.0,13.0,26.0,18.0,22.0,11.0,16.0,1.0,22.0,17.0
2020-10-09,16.0,16.0,20.0,6.0,4.0,34.0,16.0,2.0,64.0,98,9.0,29.0,21.0,17.0,58.0,116.0,16.0,3.0,15.0,67.0,21.0,23.0,22.0,9.0,28.0,17.0,8.0,10.0,11.0,3.0,37.0,14.0
2020-10-10,12.0,12.0,20.0,2.0,2.0,35.0,14.0,1.0,60.0,104,10.0,23.0,18.0,15.0,45.0,126.0,20.0,8.0,4.0,62.0,14.0,26.0,12.0,9.0,33.0,24.0,17.0,9.0,15.0,6.0,28.0,16.0
2020-10-11,16.0,16.0,14.0,3.0,1.0,31.0,8.0,2.0,73.0,126,13.0,26.0,17.0,21.0,60.0,115.0,28.0,7.0,14.0,47.0,11.0,22.0,15.0,8.0,32.0,29.0,21.0,7.0,12.0,7.0,34.0,15.0
2020-10-12,11.0,11.0,32.0,1.0,3.0,63.0,9.0,4.0,72.0,123,15.0,28.0,22.0,24.0,74.0,138.0,30.0,19.0,11.0,80.0,21.0,45.0,28.0,7.0,34.0,29.0,20.0,9.0,22.0,8.0,32.0,9.0
2020-10-13,17.0,17.0,26.0,9.0,2.0,50.0,9.0,0.0,75.0,122,15.0,22.0,22.0,21.0,54.0,162.0,23.0,8.0,8.0,72.0,17.0,33.0,20.0,5.0,32.0,26.0,28.0,8.0,17.0,3.0,38.0,9.0
2020-10-14,13.0,13.0,26.0,2.0,2.0,36.0,9.0,1.0,94.0,118,17.0,38.0,16.0,36.0,54.0,121.0,22.0,14.0,5.0,61.0,11.0,33.0,16.0,15.0,26.0,28.0,21.0,6.0,12.0,11.0,34.0,12.0
2020-10-15,15.0,15.0,22.0,3.0,5.0,48.0,8.0,5.0,76.0,108,16.0,34.0,15.0,33.0,63.0,129.0,27.0,6.0,12.0,67.0,10.0,37.0,30.0,9.0,24.0,25.0,26.0,7.0,18.0,4.0,31.0,9.0
2020-10-16,17.0,17.0,21.0,4.0,1.0,40.0,8.0,3.0,91.0,121,10.0,38.0,18.0,28.0,82.0,112.0,23.0,13.0,14.0,88.0,13.0,28.0,25.0,15.0,25.0,28.0,10.0,13.0,18.0,7.0,30.0,16.0
2020-10-17,8.0,8.0,26.0,5.0,0.0,48.0,12.0,2.0,88.0,100,17.0,22.0,10.0,22.0,63.0,104.0,22.0,8.0,7.0,62.0,6.0,24.0,14.0,3.0,27.0,25.0,12.0,3.0,16.0,7.0,24.0,9.0
2020-10-18,19.0,19.0,22.0,2.0,2.0,56.0,7.0,0.0,92.0,120,27.0,25.0,14.0,25.0,57.0,128.0,21.0,2.0,11.0,62.0,17.0,19.0,19.0,4.0,38.0,18.0,17.0,10.0,14.0,2.0,31.0,7.0
2020-10-19,25.0,25.0,25.0,4.0,6.0,62.0,2.0,3.0,113.0,131,37.0,48.0,24.0,31.0,103.0,139.0,32.0,11.0,14.0,95.0,11.0,33.0,40.0,7.0,32.0,25.0,10.0,6.0,25.0,7.0,40.0,12.0
2020-10-20,24.0,24.0,40.0,6.0,1.0,54.0,8.0,0.0,107.0,137,27.0,31.0,19.0,37.0,76.0,143.0,18.0,15.0,9.0,108.0,10.0,23.0,30.0,7.0,34.0,20.0,18.0,7.0,28.0,2.0,21.0,14.0
2020-10-21,28.0,28.0,28.0,6.0,0.0,73.0,7.0,0.0,97.0,130,30.0,41.0,12.0,40.0,76.0,135.0,25.0,12.0,6.0,49.0,16.0,20.0,13.0,5.0,25.0,15.0,17.0,6.0,28.0,5.0,16.0,10.0
2020-10-22,12.0,12.0,35.0,3.0,2.0,66.0,7.0,3.0,100.0,124,27.0,32.0,15.0,27.0,63.0,145.0,21.0,9.0,3.0,75.0,15.0,34.0,32.0,6.0,22.0,25.0,9.0,8.0,25.0,3.0,35.0,15.0
2020-10-23,18.0,18.0,40.0,2.0,1.0,63.0,6.0,2.0,98.0,128,27.0,33.0,18.0,20.0,54.0,145.0,25.0,16.0,6.0,79.0,18.0,25.0,18.0,4.0,20.0,35.0,24.0,7.0,16.0,6.0,23.0,15.0
2020-10-24,21.0,21.0,22.0,1.0,0.0,55.0,4.0,0.0,122.0,112,24.0,40.0,15.0,34.0,70.0,95.0,13.0,12.0,4.0,66.0,12.0,19.0,21.0,2.0,34.0,15.0,18.0,3.0,18.0,5.0,20.0,9.0
2020-10-25,16.0,16.0,26.0,4.0,2.0,59.0,3.0,2.0,137.0,102,14.0,26.0,12.0,23.0,57.0,110.0,24.0,4.0,8.0,65.0,17.0,30.0,10.0,8.0,27.0,20.0,12.0,6.0,11.0,2.0,16.0,15.0
2020-10-26,19.0,19.0,25.0,6.0,0.0,66.0,7.0,2.0,136.0,129,27.0,43.0,19.0,40.0,77.0,135.0,18.0,16.0,4.0,84.0,15.0,32.0,27.0,6.0,22.0,24.0,32.0,8.0,34.0,8.0,25.0,8.0
2020-10-27,24.0,24.0,18.0,9.0,0.0,52.0,11.0,3.0,118.0,133,25.0,37.0,10.0,36.0,70.0,137.0,26.0,12.0,8.0,77.0,22.0,17.0,12.0,8.0,25.0,25.0,27.0,7.0,15.0,1.0,24.0,10.0
2020-10-28,24.0,24.0,31.0,4.0,1.0,53.0,6.0,2.0,129.0,139,39.0,36.0,13.0,30.0,59.0,131.0,22.0,8.0,4.0,66.0,13.0,32.0,24.0,7.0,23.0,19.0,14.0,2.0,11.0,7.0,19.0,12.0
2020-10-29,28.0,28.0,21.0,2.0,0.0,50.0,6.0,4.0,143.0,109,30.0,36.0,8.0,39.0,65.0,134.0,22.0,5.0,3.0,72.0,17.0,24.0,17.0,6.0,20.0,13.0,21.0,3.0,14.0,1.0,23.0,5.0
2020-10-30,24.0,24.0,20.0,2.0,2.0,58.0,6.0,2.0,117.0,100,22.0,24.0,16.0,26.0,49.0,128.0,15.0,7.0,4.0,70.0,12.0,27.0,26.0,10.0,18.0,20.0,15.0,3.0,15.0,8.0,16.0,7.0
2020-10-31,23.0,23.0,28.0,2.0,0.0,42.0,4.0,1.0,117.0,102,24.0,23.0,11.0,20.0,56.0,95.0,15.0,6.0,3.0,62.0,7.0,24.0,20.0,7.0,19.0,11.0,16.0,9.0,6.0,2.0,14.0,7.0
2020-11-01,15.0,15.0,28.0,4.0,0.0,57.0,7.0,1.0,116.0,117,27.0,28.0,12.0,32.0,42.0,119.0,15.0,6.0,4.0,50.0,13.0,21.0,15.0,1.0,18.0,14.0,17.0,8.0,9.0,5.0,17.0,13.0
2020-11-02,35.0,35.0,38.0,4.0,2.0,63.0,6.0,2.0,116.0,126,34.0,36.0,9.0,43.0,60.0,126.0,22.0,11.0,4.0,65.0,14.0,24.0,16.0,5.0,32.0,22.0,27.0,4.0,18.0,3.0,23.0,8.0
2020-11-03,32.0,32.0,26.0,4.0,0.0,60.0,3.0,1.0,131.0,143,35.0,48.0,11.0,33.0,64.0,136.0,16.0,22.0,8.0,84.0,13.0,20.0,31.0,3.0,25.0,26.0,21.0,8.0,13.0,5.0,23.0,8.0
2020-11-04,23.0,23.0,46.0,1.0,3.0,55.0,2.0,0.0,115.0,164,39.0,45.0,19.0,32.0,69.0,143.0,26.0,7.0,6.0,81.0,23.0,34.0,26.0,9.0,28.0,24.0,31.0,2.0,16.0,2.0,26.0,7.0
2020-11-05,23.0,23.0,23.0,1.0,0.0,56.0,1.0,0.0,104.0,133,23.0,46.0,12.0,37.0,50.0,145.0,16.0,7.0,5.0,79.0,15.0,29.0,22.0,3.0,21.0,29.0,22.0,6.0,22.0,2.0,23.0,13.0
2020-11-06,24.0,24.0,27.0,2.0,0.0,63.0,4.0,3.0,108.0,152,29.0,47.0,8.0,29.0,57.0,173.0,13.0,10.0,6.0,114.0,10.0,31.0,28.0,7.0,32.0,22.0,23.0,5.0,8.0,6.0,31.0,14.0
2020-11-07,17.0,17.0,39.0,2.0,2.0,61.0,6.0,1.0,80.0,129,18.0,46.0,9.0,25.0,42.0,128.0,13.0,10.0,6.0,53.0,7.0,30.0,18.0,3.0,22.0,18.0,16.0,1.0,6.0,5.0,26.0,9.0
2020-11-08,30.0,30.0,26.0,5.0,2.0,52.0,1.0,0.0,106.0,156,21.0,46.0,11.0,36.0,53.0,149.0,18.0,7.0,4.0,61.0,7.0,23.0,37.0,10.0,19.0,17.0,19.0,8.0,18.0,6.0,10.0,11.0
2020-11-09,33.0,33.0,42.0,5.0,0.0,80.0,2.0,1.0,99.0,188,38.0,81.0,20.0,38.0,57.0,174.0,26.0,16.0,6.0,79.0,17.0,33.0,43.0,7.0,48.0,20.0,33.0,7.0,23.0,2.0,29.0,6.0
2020-11-10,26.0,26.0,36.0,0.0,0.0,72.0,4.0,1.0,108.0,167,35.0,68.0,10.0,27.0,62.0,198.0,22.0,12.0,11.0,88.0,8.0,28.0,27.0,3.0,34.0,24.0,37.0,6.0,23.0,2.0,24.0,11.0
2020-11-11,23.0,23.0,37.0,4.0,2.0,72.0,5.0,1.0,108.0,197,39.0,68.0,12.0,23.0,70.0,179.0,22.0,12.0,7.0,66.0,15.0,41.0,47.0,4.0,31.0,19.0,33.0,6.0,15.0,3.0,17.0,13.0
2020-11-12,22.0,22.0,37.0,4.0,2.0,65.0,0.0,2.0,112.0,154,31.0,57.0,10.0,42.0,56.0,161.0,20.0,6.0,4.0,79.0,15.0,34.0,29.0,5.0,30.0,24.0,39.0,4.0,10.0,5.0,30.0,22.0
2020-11-13,23.0,23.0,23.0,0.0,1.0,63.0,1.0,0.0,90.0,173,16.0,68.0,12.0,35.0,64.0,145.0,20.0,10.0,4.0,88.0,16.0,40.0,19.0,14.0,30.0,20.0,34.0,5.0,17.0,8.0,27.0,9.0
2020-11-14,21.0,21.0,32.0,4.0,1.0,74.0,1.0,0.0,86.0,144,16.0,69.0,8.0,31.0,50.0,143.0,14.0,9.0,2.0,72.0,7.0,29.0,19.0,7.0,17.0,20.0,26.0,2.0,12.0,4.0,19.0,4.0
2020-11-15,18.0,18.0,29.0,7.0,2.0,38.0,2.0,0.0,58.0,168,14.0,47.0,4.0,39.0,55.0,144.0,7.0,10.0,3.0,63.0,20.0,30.0,32.0,5.0,35.0,12.0,22.0,5.0,12.0,2.0,25.0,13.0
2020-11-16,28.0,28.0,40.0,2.0,3.0,78.0,3.0,0.0,88.0,148,47.0,60.0,12.0,34.0,56.0,162.0,16.0,7.0,3.0,61.0,8.0,23.0,26.0,5.0,34.0,19.0,25.0,2.0,13.0,6.0,19.0,3.0
2020-11-17,20.0,20.0,51.0,5.0,0.0,77.0,6.0,2.0,90.0,160,32.0,80.0,13.0,45.0,58.0,212.0,27.0,14.0,7.0,79.0,21.0,54.0,29.0,3.0,42.0,24.0,43.0,7.0,26.0,2.0,37.0,12.0
2020-11-18,34.0,34.0,55.0,11.0,0.0,75.0,5.0,2.0,75.0,189,30.0,69.0,13.0,42.0,79.0,199.0,23.0,13.0,7.0,66.0,11.0,38.0,31.0,5.0,39.0,20.0,39.0,4.0,28.0,4.0,17.0,11.0
2020-11-19,20.0,20.0,53.0,4.0,0.0,68.0,3.0,0.0,60.0,181,30.0,69.0,14.0,32.0,64.0,196.0,23.0,10.0,8.0,80.0,16.0,39.0,34.0,7.0,35.0,21.0,26.0,9.0,23.0,4.0,28.0,5.0
2020-11-20,21.0,21.0,56.0,3.0,1.0,80.0,2.0,0.0,89.0,153,30.0,78.0,10.0,39.0,61.0,192.0,17.0,5.0,5.0,75.0,5.0,37.0,27.0,6.0,38.0,25.0,32.0,5.0,14.0,1.0,25.0,12.0
2020-11-21,22.0,22.0,42.0,3.0,0.0,47.0,4.0,1.0,56.0,140,22.0,79.0,11.0,31.0,67.0,155.0,19.0,11.0,5.0,55.0,11.0,27.0,22.0,5.0,19.0,18.0,39.0,14.0,17.0,6.0,23.0,9.0
2020-11-22,29.0,29.0,61.0,4.0,3.0,59.0,1.0,1.0,66.0,164,27.0,67.0,7.0,44.0,71.0,171.0,19.0,3.0,9.0,61.0,10.0,34.0,37.0,6.0,20.0,12.0,36.0,7.0,18.0,9.0,23.0,11.0
2020-11-23,27.0,27.0,63.0,4.0,0.0,64.0,1.0,2.0,63.0,238,36.0,105.0,18.0,50.0,89.0,219.0,22.0,13.0,6.0,68.0,12.0,31.0,46.0,7.0,34.0,16.0,44.0,7.0,23.0,3.0,33.0,11.0
2020-11-24,25.0,25.0,59.0,4.0,2.0,64.0,1.0,0.0,55.0,198,33.0,91.0,10.0,36.0,63.0,198.0,25.0,15.0,6.0,72.0,14.0,36.0,40.0,6.0,34.0,21.0,39.0,10.0,17.0,5.0,27.0,8.0
2020-11-25,22.0,22.0,79.0,4.0,3.0,70.0,5.0,1.0,51.0,199,26.0,97.0,5.0,57.0,81.0,221.0,20.0,14.0,3.0,73.0,20.0,34.0,31.0,1.0,31.0,16.0,37.0,17.0,17.0,5.0,20.0,9.0
2020-11-26,34.0,34.0,65.0,5.0,1.0,66.0,6.0,4.0,60.0,199,29.0,105.0,10.0,45.0,82.0,191.0,17.0,22.0,2.0,72.0,17.0,31.0,37.0,6.0,30.0,14.0,35.0,6.0,13.0,0.0,22.0,9.0
2020-11-27,22.0,22.0,55.0,0.0,0.0,58.0,4.0,2.0,51.0,199,16.0,90.0,17.0,34.0,72.0,209.0,16.0,11.0,4.0,61.0,14.0,42.0,32.0,10.0,33.0,15.0,44.0,13.0,17.0,5.0,30.0,8.0
2020-11-28,19.0,19.0,57.0,1.0,1.0,45.0,4.0,1.0,40.0,158,15.0,79.0,4.0,42.0,72.0,171.0,24.0,13.0,2.0,42.0,9.0,45.0,22.0,5.0,35.0,8.0,38.0,4.0,19.0,6.0,21.0,12.0
2020-11-29,27.0,27.0,58.0,6.0,1.0,46.0,3.0,2.0,48.0,178,15.0,83.0,11.0,23.0,63.0,177.0,14.0,18.0,3.0,37.0,10.0,24.0,26.0,6.0,21.0,10.0,39.0,3.0,17.0,8.0,14.0,6.0
2020-11-30,27.0,27.0,72.0,9.0,0.0,69.0,5.0,1.0,47.0,220,30.0,99.0,21.0,42.0,86.0,246.0,23.0,14.0,5.0,59.0,14.0,36.0,38.0,6.0,35.0,28.0,55.0,8.0,13.0,7.0,27.0,18.0
2020-12-01,37.0,37.0,96.0,2.0,2.0,48.0,1.0,3.0,55.0,217,22.0,112.0,14.0,54.0,69.0,259.0,17.0,22.0,4.0,67.0,22.0,56.0,36.0,8.0,24.0,26.0,55.0,8.0,23.0,7.0,27.0,16.0
2020-12-02,21.0,21.0,79.0,7.0,0.0,61.0,4.0,2.0,42.0,225,20.0,93.0,22.0,57.0,79.0,258.0,27.0,17.0,11.0,48.0,18.0,29.0,40.0,5.0,35.0,6.0,69.0,13.0,15.0,5.0,24.0,8.0
2020-12-03,17.0,17.0,62.0,4.0,0.0,52.0,1.0,2.0,32.0,202,24.0,88.0,7.0,48.0,70.0,235.0,25.0,14.0,6.0,59.0,18.0,37.0,31.0,5.0,25.0,18.0,44.0,17.0,24.0,8.0,15.0,18.0
2020-12-04,20.0,20.0,55.0,4.0,1.0,43.0,1.0,1.0,30.0,242,15.0,86.0,11.0,34.0,72.0,238.0,26.0,11.0,8.0,54.0,28.0,37.0,28.0,2.0,20.0,18.0,36.0,10.0,17.0,11.0,22.0,13.0
2020-12-05,15.0,15.0,67.0,3.0,1.0,45.0,2.0,4.0,34.0,223,8.0,69.0,8.0,40.0,79.0,221.0,16.0,13.0,6.0,54.0,8.0,37.0,35.0,3.0,18.0,8.0,39.0,5.0,15.0,8.0,18.0,11.0
2020-12-06,21.0,21.0,58.0,6.0,1.0,44.0,4.0,2.0,25.0,240,13.0,91.0,11.0,56.0,86.0,241.0,20.0,9.0,4.0,41.0,20.0,30.0,38.0,8.0,23.0,8.0,43.0,9.0,14.0,4.0,20.0,9.0
2020-12-07,17.0,17.0,81.0,11.0,0.0,54.0,2.0,3.0,25.0,260,22.0,133.0,19.0,57.0,96.0,282.0,25.0,13.0,2.0,50.0,22.0,44.0,32.0,7.0,25.0,21.0,60.0,17.0,26.0,16.0,31.0,18.0
2020-12-08,21.0,21.0,89.0,3.0,1.0,60.0,6.0,1.0,49.0,267,19.0,96.0,13.0,52.0,115.0,298.0,24.0,29.0,6.0,75.0,16.0,38.0,40.0,8.0,33.0,20.0,68.0,17.0,17.0,16.0,31.0,15.0
2020-12-09,11.0,11.0,90.0,14.0,2.0,51.0,4.0,2.0,34.0,278,20.0,109.0,11.0,50.0,95.0,267.0,22.0,20.0,9.0,66.0,11.0,40.0,51.0,9.0,23.0,14.0,48.0,14.0,13.0,10.0,33.0,9.0
2020-12-10,9.0,9.0,65.0,10.0,1.0,56.0,1.0,2.0,39.0,254,13.0,104.0,13.0,55.0,110.0,324.0,34.0,20.0,5.0,79.0,12.0,53.0,38.0,9.0,28.0,17.0,55.0,14.0,15.0,10.0,38.0,5.0
2020-12-11,17.0,17.0,90.0,9.0,2.0,45.0,2.0,7.0,21.0,254,13.0,92.0,11.0,38.0,99.0,304.0,31.0,13.0,7.0,82.0,16.0,44.0,38.0,9.0,27.0,21.0,50.0,15.0,17.0,15.0,29.0,8.0
2020-12-12,15.0,15.0,53.0,9.0,2.0,46.0,2.0,0.0,27.0,244,13.0,76.0,12.0,51.0,85.0,304.0,29.0,10.0,8.0,71.0,16.0,52.0,35.0,3.0,19.0,10.0,51.0,5.0,24.0,13.0,31.0,10.0
2020-12-13,14.0,14.0,80.0,5.0,3.0,44.0,1.0,6.0,23.0,221,17.0,83.0,19.0,41.0,79.0,261.0,21.0,10.0,6.0,71.0,12.0,36.0,32.0,4.0,24.0,22.0,45.0,18.0,16.0,9.0,13.0,10.0
2020-12-14,16.0,16.0,98.0,8.0,5.0,38.0,2.0,10.0,28.0,298,19.0,109.0,23.0,45.0,112.0,301.0,24.0,24.0,7.0,85.0,13.0,46.0,40.0,13.0,35.0,24.0,56.0,14.0,30.0,13.0,34.0,13.0
2020-12-15,18.0,18.0,124.0,9.0,3.0,43.0,3.0,2.0,26.0,314,9.0,95.0,17.0,71.0,101.0,358.0,31.0,16.0,8.0,94.0,18.0,45.0,41.0,6.0,30.0,22.0,64.0,18.0,21.0,11.0,35.0,9.0
2020-12-16,12.0,12.0,111.0,9.0,1.0,54.0,4.0,7.0,29.0,310,18.0,102.0,15.0,64.0,126.0,344.0,40.0,24.0,3.0,92.0,14.0,46.0,42.0,8.0,18.0,15.0,64.0,22.0,28.0,9.0,30.0,11.0
2020-12-17,18.0,18.0,99.0,11.0,1.0,62.0,2.0,4.0,30.0,330,7.0,103.0,9.0,57.0,113.0,306.0,33.0,22.0,10.0,73.0,26.0,52.0,33.0,7.0,14.0,14.0,73.0,14.0,15.0,6.0,32.0,8.0
2020-12-18,27.0,27.0,89.0,16.0,1.0,36.0,1.0,5.0,16.0,309,9.0,87.0,15.0,74.0,104.0,288.0,37.0,21.0,10.0,103.0,15.0,64.0,43.0,6.0,15.0,29.0,53.0,15.0,35.0,16.0,35.0,10.0
2020-12-19,7.0,7.0,70.0,9.0,0.0,34.0,5.0,6.0,24.0,270,7.0,84.0,11.0,42.0,77.0,258.0,31.0,16.0,10.0,90.0,16.0,48.0,32.0,5.0,14.0,12.0,45.0,6.0,23.0,19.0,30.0,7.0
2020-12-20,11.0,11.0,100.0,4.0,2.0,40.0,2.0,1.0,34.0,297,8.0,97.0,11.0,53.0,108.0,308.0,28.0,19.0,6.0,65.0,16.0,53.0,28.0,5.0,16.0,12.0,57.0,10.0,20.0,7.0,22.0,5.0
2020-12-21,13.0,13.0,103.0,11.0,2.0,47.0,3.0,8.0,20.0,324,14.0,111.0,23.0,56.0,143.0,332.0,37.0,31.0,10.0,114.0,18.0,74.0,47.0,13.0,29.0,21.0,75.0,14.0,39.0,14.0,37.0,13.0
2020-12-22,19.0,19.0,94.0,5.0,4.0,51.0,2.0,1.0,28.0,345,8.0,107.0,11.0,70.0,110.0,377.0,34.0,22.0,11.0,123.0,17.0,65.0,29.0,14.0,33.0,23.0,47.0,11.0,31.0,12.0,38.0,10.0
2020-12-23,7.0,7.0,79.0,6.0,1.0,55.0,8.0,5.0,28.0,336,13.0,95.0,17.0,49.0,109.0,328.0,38.0,20.0,6.0,108.0,12.0,51.0,36.0,17.0,30.0,13.0,73.0,12.0,29.0,24.0,28.0,12.0
2020-12-24,12.0,12.0,81.0,8.0,3.0,42.0,2.0,6.0,16.0,329,7.0,80.0,20.0,55.0,120.0,288.0,38.0,22.0,15.0,75.0,19.0,80.0,21.0,11.0,21.0,12.0,49.0,12.0,15.0,20.0,30.0,13.0
2020-12-25,8.0,8.0,73.0,7.0,1.0,37.0,5.0,4.0,28.0,298,6.0,97.0,13.0,40.0,116.0,316.0,40.0,24.0,8.0,79.0,27.0,65.0,25.0,9.0,11.0,8.0,39.0,13.0,17.0,17.0,23.0,12.0
2020-12-26,12.0,12.0,93.0,5.0,6.0,57.0,7.0,8.0,25.0,282,12.0,95.0,18.0,46.0,116.0,312.0,28.0,13.0,9.0,72.0,17.0,76.0,38.0,11.0,22.0,15.0,64.0,20.0,21.0,23.0,34.0,13.0
2020-12-27,14.0,14.0,82.0,15.0,0.0,65.0,3.0,7.0,21.0,343,13.0,109.0,16.0,56.0,135.0,312.0,41.0,21.0,10.0,86.0,30.0,84.0,47.0,7.0,35.0,30.0,54.0,13.0,39.0,13.0,34.0,11.0
2020-12-28,13.0,13.0,98.0,9.0,2.0,61.0,5.0,5.0,29.0,361,17.0,145.0,41.0,77.0,135.0,364.0,61.0,45.0,16.0,115.0,29.0,84.0,49.0,11.0,34.0,24.0,78.0,18.0,27.0,21.0,64.0,10.0
2020-12-29,17.0,17.0,91.0,14.0,1.0,53.0,6.0,4.0,32.0,323,18.0,133.0,20.0,70.0,142.0,359.0,42.0,18.0,9.0,110.0,30.0,76.0,43.0,14.0,40.0,23.0,65.0,23.0,31.0,22.0,69.0,14.0
2020-12-30,19.0,19.0,73.0,12.0,4.0,49.0,6.0,7.0,26.0,296,15.0,128.0,22.0,77.0,139.0,332.0,51.0,30.0,18.0,110.0,34.0,115.0,37.0,12.0,33.0,21.0,64.0,24.0,29.0,14.0,58.0,4.0
2020-12-31,5.0,5.0,75.0,9.0,2.0,36.0,4.0,4.0,13.0,301,18.0,101.0,15.0,63.0,127.0,314.0,68.0,30.0,14.0,91.0,24.0,73.0,33.0,9.0,19.0,20.0,62.0,17.0,34.0,16.0,56.0,15.0
2021-01-01,16.0,16.0,82.0,11.0,4.0,53.0,13.0,10.0,32.0,270,4.0,99.0,30.0,56.0,114.0,334.0,67.0,26.0,15.0,58.0,20.0,76.0,46.0,16.0,38.0,28.0,42.0,20.0,31.0,17.0,40.0,9.0
2021-01-02,12.0,12.0,62.0,16.0,3.0,53.0,6.0,5.0,21.0,300,4.0,106.0,15.0,58.0,171.0,324.0,42.0,27.0,16.0,118.0,51.0,85.0,44.0,10.0,26.0,44.0,43.0,22.0,28.0,20.0,44.0,16.0
2021-01-03,19.0,19.0,94.0,9.0,4.0,62.0,16.0,5.0,22.0,294,10.0,129.0,33.0,77.0,135.0,326.0,53.0,36.0,17.0,106.0,26.0,68.0,41.0,22.0,38.0,29.0,47.0,15.0,35.0,24.0,55.0,6.0
2021-01-04,26.0,26.0,104.0,12.0,5.0,81.0,8.0,8.0,26.0,355,24.0,159.0,37.0,70.0,177.0,390.0,73.0,43.0,25.0,181.0,42.0,113.0,63.0,10.0,50.0,39.0,84.0,27.0,41.0,32.0,90.0,19.0
2021-01-05,14.0,14.0,89.0,16.0,4.0,70.0,5.0,16.0,39.0,317,29.0,193.0,31.0,86.0,215.0,409.0,85.0,20.0,23.0,154.0,37.0,114.0,58.0,24.0,50.0,32.0,61.0,30.0,32.0,32.0,97.0,14.0
2021-01-06,17.0,17.0,101.0,25.0,5.0,68.0,5.0,8.0,30.0,374,14.0,178.0,41.0,100.0,229.0,403.0,64.0,58.0,21.0,101.0,43.0,154.0,67.0,8.0,63.0,39.0,50.0,23.0,46.0,30.0,84.0,17.0
2021-01-07,19.0,19.0,81.0,18.0,1.0,85.0,11.0,16.0,31.0,399,19.0,175.0,28.0,106.0,204.0,449.0,59.0,45.0,22.0,163.0,27.0,115.0,51.0,20.0,57.0,42.0,78.0,18.0,46.0,42.0,84.0,20.0
2021-01-08,17.0,17.0,76.0,18.0,4.0,57.0,11.0,10.0,26.0,401,11.0,175.0,38.0,75.0,222.0,365.0,83.0,37.0,25.0,150.0,46.0,133.0,56.0,19.0,51.0,41.0,53.0,19.0,45.0,31.0,93.0,20.0
2021-01-09,21.0,21.0,63.0,15.0,5.0,46.0,6.0,13.0,29.0,332,10.0,146.0,45.0,74.0,193.0,309.0,48.0,42.0,18.0,112.0,24.0,112.0,36.0,12.0,44.0,32.0,46.0,11.0,32.0,32.0,70.0,15.0
2021-01-10,23.0,23.0,66.0,17.0,2.0,55.0,14.0,13.0,28.0,362,13.0,175.0,28.0,71.0,173.0,362.0,62.0,54.0,33.0,106.0,33.0,152.0,59.0,11.0,38.0,24.0,62.0,19.0,34.0,22.0,84.0,16.0
2021-01-11,31.0,31.0,76.0,22.0,4.0,69.0,14.0,9.0,28.0,406,26.0,201.0,55.0,91.0,241.0,465.0,83.0,45.0,29.0,149.0,48.0,156.0,58.0,9.0,76.0,46.0,72.0,12.0,45.0,40.0,102.0,18.0
2021-01-12,15.0,15.0,61.0,17.0,6.0,66.0,6.0,19.0,43.0,383,21.0,204.0,34.0,93.0,203.0,387.0,88.0,37.0,23.0,160.0,33.0,148.0,58.0,19.0,62.0,42.0,58.0,22.0,79.0,35.0,96.0,14.0
2021-01-13,23.0,23.0,65.0,14.0,6.0,78.0,8.0,14.0,25.0,398,15.0,221.0,38.0,73.0,219.0,444.0,86.0,43.0,35.0,145.0,43.0,124.0,49.0,21.0,66.0,42.0,43.0,18.0,47.0,36.0,86.0,18.0
2021-01-14,25.0,25.0,75.0,20.0,3.0,64.0,14.0,10.0,32.0,433,27.0,235.0,38.0,96.0,191.0,446.0,71.0,49.0,29.0,181.0,38.0,157.0,69.0,19.0,72.0,35.0,57.0,16.0,49.0,35.0,121.0,14.0
2021-01-15,29.0,29.0,69.0,12.0,4.0,66.0,14.0,16.0,25.0,419,17.0,206.0,56.0,104.0,199.0,450.0,90.0,57.0,29.0,161.0,34.0,117.0,57.0,15.0,62.0,52.0,65.0,26.0,35.0,40.0,102.0,20.0
2021-01-16,22.0,22.0,55.0,18.0,3.0,53.0,16.0,10.0,35.0,351,9.0,142.0,46.0,87.0,193.0,360.0,70.0,48.0,29.0,133.0,34.0,140.0,57.0,14.0,51.0,40.0,44.0,23.0,39.0,29.0,98.0,9.0
2021-01-17,21.0,21.0,50.0,15.0,4.0,66.0,10.0,14.0,25.0,312,10.0,165.0,39.0,73.0,189.0,389.0,88.0,42.0,28.0,137.0,34.0,132.0,48.0,11.0,57.0,39.0,46.0,12.0,35.0,37.0,84.0,16.0
2021-01-18,28.0,28.0,66.0,18.0,5.0,81.0,8.0,16.0,39.0,417,21.0,221.0,40.0,81.0,243.0,442.0,106.0,37.0,30.0,156.0,38.0,148.0,69.0,12.0,68.0,53.0,68.0,30.0,43.0,51.0,107.0,17.0
2021-01-19,35.0,35.0,44.0,22.0,4.0,70.0,10.0,9.0,38.0,408,6.0,217.0,61.0,93.0,223.0,469.0,88.0,59.0,37.0,191.0,34.0,135.0,62.0,9.0,92.0,43.0,57.0,20.0,50.0,36.0,127.0,16.0
2021-01-20,29.0,29.0,58.0,19.0,1.0,59.0,15.0,7.0,20.0,388,14.0,177.0,47.0,75.0,207.0,405.0,89.0,51.0,40.0,154.0,46.0,123.0,70.0,16.0,60.0,47.0,51.0,16.0,54.0,47.0,120.0,18.0
2021-01-21,38.0,38.0,56.0,9.0,5.0,56.0,11.0,10.0,30.0,407,15.0,225.0,56.0,98.0,190.0,381.0,93.0,41.0,38.0,150.0,36.0,138.0,57.0,14.0,61.0,49.0,44.0,21.0,40.0,42.0,104.0,16.0
2021-01-22,15.0,15.0,44.0,16.0,3.0,64.0,11.0,14.0,37.0,396,10.0,161.0,42.0,88.0,166.0,398.0,106.0,36.0,31.0,149.0,37.0,145.0,71.0,15.0,50.0,37.0,26.0,18.0,48.0,34.0,110.0,18.0
2021-01-23,25.0,25.0,37.0,6.0,6.0,58.0,12.0,6.0,15.0,327,11.0,153.0,33.0,61.0,191.0,364.0,91.0,33.0,23.0,139.0,20.0,95.0,68.0,12.0,54.0,36.0,42.0,19.0,35.0,30.0,91.0,18.0
2021-01-24,21.0,21.0,42.0,17.0,4.0,47.0,9.0,7.0,22.0,340,12.0,149.0,31.0,87.0,176.0,324.0,72.0,33.0,23.0,106.0,31.0,126.0,44.0,9.0,38.0,34.0,30.0,12.0,36.0,28.0,78.0,18.0
2021-01-25,31.0,31.0,47.0,29.0,8.0,55.0,13.0,12.0,29.0,364,26.0,187.0,66.0,90.0,220.0,372.0,96.0,58.0,37.0,143.0,33.0,144.0,74.0,28.0,68.0,48.0,48.0,24.0,43.0,34.0,101.0,17.0
2021-01-26,23.0,23.0,53.0,19.0,1.0,46.0,7.0,14.0,18.0,332,14.0,168.0,40.0,75.0,206.0,404.0,114.0,47.0,41.0,149.0,40.0,152.0,41.0,15.0,64.0,42.0,33.0,13.0,35.0,27.0,103.0,18.0
2021-01-27,22.0,22.0,32.0,19.0,6.0,45.0,10.0,9.0,30.0,370,11.0,137.0,45.0,80.0,172.0,379.0,73.0,40.0,37.0,97.0,46.0,132.0,55.0,11.0,60.0,40.0,49.0,15.0,32.0,41.0,92.0,20.0
2021-01-28,21.0,21.0,46.0,13.0,2.0,39.0,11.0,8.0,21.0,302,17.0,144.0,35.0,68.0,153.0,358.0,91.0,58.0,37.0,117.0,28.0,100.0,55.0,17.0,55.0,39.0,31.0,7.0,30.0,29.0,80.0,24.0
2021-01-29,18.0,18.0,29.0,17.0,4.0,43.0,11.0,8.0,18.0,353,13.0,134.0,49.0,54.0,188.0,324.0,77.0,41.0,19.0,103.0,28.0,99.0,45.0,17.0,54.0,31.0,42.0,17.0,26.0,13.0,92.0,11.0
2021-01-30,11.0,11.0,19.0,6.0,0.0,41.0,6.0,8.0,29.0,279,5.0,111.0,28.0,60.0,145.0,282.0,62.0,48.0,25.0,93.0,28.0,116.0,43.0,12.0,35.0,39.0,15.0,11.0,32.0,18.0,68.0,10.0
2021-01-31,19.0,19.0,31.0,12.0,6.0,26.0,8.0,9.0,23.0,238,11.0,111.0,36.0,65.0,115.0,304.0,64.0,31.0,19.0,98.0,38.0,102.0,36.0,11.0,32.0,32.0,18.0,14.0,23.0,33.0,84.0,11.0
2021-02-01,27.0,27.0,24.0,17.0,3.0,34.0,7.0,12.0,15.0,264,8.0,106.0,23.0,45.0,137.0,264.0,82.0,27.0,17.0,69.0,22.0,92.0,46.0,15.0,48.0,41.0,34.0,7.0,18.0,30.0,76.0,14.0
2021-02-02,15.0,15.0,28.0,13.0,5.0,48.0,17.0,9.0,33.0,313,26.0,150.0,41.0,55.0,140.0,323.0,81.0,36.0,16.0,95.0,32.0,136.0,44.0,18.0,53.0,30.0,35.0,15.0,31.0,27.0,93.0,15.0
2021-02-03,21.0,21.0,27.0,18.0,1.0,39.0,9.0,8.0,21.0,271,13.0,132.0,44.0,64.0,166.0,309.0,59.0,29.0,31.0,100.0,31.0,104.0,54.0,11.0,41.0,29.0,31.0,12.0,22.0,29.0,82.0,20.0
2021-02-04,12.0,12.0,28.0,11.0,5.0,33.0,7.0,2.0,20.0,242,6.0,130.0,39.0,44.0,127.0,281.0,62.0,37.0,21.0,88.0,34.0,95.0,45.0,14.0,48.0,31.0,29.0,8.0,21.0,25.0,70.0,16.0
2021-02-05,14.0,14.0,21.0,7.0,6.0,31.0,6.0,9.0,23.0,266,17.0,120.0,40.0,43.0,100.0,261.0,66.0,31.0,13.0,85.0,44.0,87.0,37.0,7.0,44.0,27.0,24.0,16.0,28.0,22.0,65.0,20.0
2021-02-06,16.0,16.0,14.0,8.0,3.0,20.0,10.0,5.0,15.0,226,4.0,109.0,24.0,50.0,96.0,228.0,59.0,33.0,13.0,59.0,21.0,98.0,40.0,7.0,33.0,29.0,19.0,10.0,13.0,24.0,55.0,11.0
2021-02-07,18.0,18.0,26.0,10.0,2.0,21.0,6.0,4.0,16.0,178,17.0,90.0,27.0,37.0,80.0,222.0,35.0,37.0,15.0,37.0,17.0,69.0,25.0,10.0,21.0,26.0,13.0,5.0,14.0,27.0,49.0,21.0
2021-02-08,21.0,21.0,23.0,10.0,6.0,17.0,9.0,5.0,34.0,263,14.0,100.0,48.0,52.0,99.0,278.0,49.0,32.0,5.0,91.0,24.0,104.0,31.0,10.0,41.0,33.0,16.0,6.0,30.0,29.0,70.0,22.0
2021-02-09,17.0,17.0,21.0,19.0,0.0,21.0,6.0,8.0,16.0,222,10.0,97.0,35.0,32.0,82.0,241.0,47.0,41.0,17.0,79.0,25.0,104.0,40.0,7.0,22.0,31.0,30.0,11.0,19.0,20.0,85.0,25.0
2021-02-10,20.0,20.0,18.0,10.0,7.0,30.0,6.0,8.0,21.0,222,17.0,82.0,44.0,36.0,98.0,234.0,35.0,29.0,15.0,73.0,33.0,92.0,30.0,10.0,32.0,17.0,23.0,13.0,17.0,17.0,68.0,26.0
2021-02-11,18.0,18.0,20.0,13.0,2.0,30.0,5.0,5.0,21.0,194,11.0,62.0,41.0,39.0,81.0,224.0,44.0,32.0,9.0,47.0,29.0,93.0,31.0,7.0,25.0,20.0,17.0,10.0,20.0,16.0,56.0,19.0
2021-02-12,11.0,11.0,19.0,11.0,2.0,14.0,5.0,4.0,18.0,224,7.0,49.0,20.0,30.0,77.0,202.0,41.0,37.0,7.0,46.0,40.0,74.0,31.0,3.0,23.0,32.0,20.0,10.0,26.0,22.0,47.0,21.0
2021-02-13,7.0,7.0,10.0,1.0,3.0,13.0,13.0,1.0,21.0,177,8.0,53.0,14.0,28.0,48.0,204.0,38.0,28.0,9.0,37.0,13.0,67.0,27.0,8.0,16.0,17.0,14.0,7.0,15.0,10.0,52.0,19.0
2021-02-14,9.0,9.0,18.0,11.0,4.0,17.0,7.0,2.0,18.0,182,15.0,65.0,26.0,32.0,55.0,163.0,35.0,25.0,8.0,46.0,21.0,85.0,27.0,8.0,25.0,28.0,9.0,10.0,16.0,22.0,39.0,14.0
2021-02-15,12.0,12.0,19.0,4.0,6.0,25.0,11.0,1.0,15.0,213,11.0,76.0,32.0,29.0,87.0,204.0,43.0,31.0,6.0,60.0,33.0,108.0,38.0,15.0,24.0,34.0,23.0,10.0,3.0,17.0,47.0,16.0
2021-02-16,18.0,18.0,16.0,6.0,5.0,25.0,9.0,8.0,25.0,238,4.0,62.0,20.0,25.0,66.0,194.0,38.0,45.0,10.0,53.0,29.0,74.0,30.0,12.0,24.0,25.0,11.0,8.0,13.0,13.0,48.0,18.0
2021-02-17,11.0,11.0,11.0,9.0,4.0,18.0,5.0,5.0,26.0,201,10.0,51.0,26.0,33.0,53.0,205.0,46.0,25.0,5.0,60.0,34.0,78.0,33.0,9.0,30.0,24.0,7.0,9.0,17.0,14.0,44.0,20.0
2021-02-18,18.0,18.0,13.0,9.0,2.0,10.0,6.0,7.0,22.0,184,6.0,67.0,16.0,26.0,54.0,213.0,23.0,32.0,12.0,36.0,33.0,80.0,23.0,3.0,25.0,30.0,11.0,4.0,11.0,16.0,45.0,12.0
2021-02-19,8.0,8.0,7.0,8.0,3.0,17.0,10.0,5.0,20.0,187,11.0,43.0,18.0,32.0,56.0,179.0,39.0,33.0,7.0,56.0,30.0,86.0,41.0,5.0,22.0,17.0,7.0,14.0,16.0,14.0,42.0,19.0
2021-02-20,10.0,10.0,15.0,6.0,5.0,17.0,6.0,6.0,20.0,193,3.0,32.0,16.0,21.0,43.0,178.0,31.0,20.0,4.0,40.0,23.0,65.0,33.0,7.0,19.0,17.0,3.0,9.0,8.0,12.0,36.0,15.0
2021-02-21,8.0,8.0,11.0,3.0,4.0,17.0,7.0,5.0,15.0,180,9.0,36.0,11.0,23.0,46.0,171.0,28.0,26.0,1.0,46.0,19.0,71.0,20.0,8.0,21.0,20.0,8.0,7.0,8.0,7.0,29.0,14.0
2021-02-22,10.0,10.0,12.0,14.0,4.0,18.0,4.0,2.0,21.0,212,7.0,58.0,32.0,18.0,57.0,159.0,38.0,43.0,8.0,62.0,44.0,74.0,36.0,9.0,17.0,20.0,10.0,9.0,11.0,24.0,40.0,22.0
2021-02-23,17.0,17.0,8.0,5.0,0.0,17.0,4.0,2.0,19.0,184,6.0,51.0,13.0,24.0,69.0,188.0,31.0,27.0,10.0,71.0,21.0,81.0,29.0,7.0,24.0,25.0,7.0,8.0,10.0,14.0,39.0,19.0
2021-02-24,14.0,14.0,10.0,7.0,2.0,22.0,6.0,3.0,17.0,203,6.0,45.0,15.0,33.0,64.0,156.0,24.0,32.0,10.0,46.0,31.0,74.0,29.0,4.0,20.0,22.0,10.0,7.0,16.0,8.0,37.0,17.0
2021-02-25,10.0,10.0,10.0,9.0,0.0,24.0,3.0,4.0,23.0,169,5.0,56.0,22.0,28.0,46.0,149.0,26.0,30.0,12.0,57.0,23.0,107.0,37.0,8.0,20.0,16.0,8.0,5.0,18.0,16.0,31.0,18.0
2021-02-26,13.0,13.0,13.0,3.0,3.0,18.0,8.0,2.0,24.0,168,3.0,53.0,17.0,20.0,46.0,173.0,30.0,38.0,5.0,44.0,25.0,97.0,39.0,5.0,18.0,23.0,8.0,8.0,11.0,16.0,44.0,19.0
2021-02-27,4.0,4.0,4.0,4.0,3.0,9.0,4.0,3.0,15.0,179,2.0,38.0,21.0,24.0,41.0,144.0,35.0,33.0,5.0,21.0,15.0,62.0,29.0,2.0,18.0,24.0,3.0,12.0,6.0,12.0,32.0,24.0
2021-02-28,7.0,7.0,9.0,1.0,4.0,18.0,4.0,3.0,19.0,165,8.0,40.0,21.0,25.0,44.0,166.0,31.0,36.0,5.0,35.0,20.0,59.0,23.0,6.0,14.0,18.0,9.0,7.0,8.0,9.0,24.0,16.0
2021-03-01,13.0,13.0,5.0,7.0,5.0,24.0,6.0,8.0,31.0,181,8.0,48.0,17.0,25.0,50.0,189.0,31.0,39.0,7.0,51.0,31.0,94.0,46.0,5.0,22.0,20.0,9.0,15.0,11.0,13.0,52.0,21.0
2021-03-02,18.0,18.0,15.0,5.0,0.0,17.0,4.0,4.0,23.0,211,6.0,42.0,25.0,26.0,52.0,164.0,42.0,25.0,5.0,54.0,23.0,65.0,39.0,6.0,17.0,18.0,11.0,11.0,15.0,17.0,34.0,19.0
2021-03-03,7.0,7.0,14.0,8.0,4.0,18.0,4.0,4.0,29.0,219,5.0,33.0,24.0,22.0,61.0,196.0,31.0,40.0,2.0,44.0,35.0,93.0,43.0,6.0,26.0,20.0,7.0,9.0,8.0,14.0,34.0,22.0
2021-03-04,12.0,12.0,13.0,6.0,5.0,14.0,4.0,3.0,22.0,190,5.0,29.0,24.0,25.0,46.0,149.0,35.0,39.0,3.0,58.0,23.0,72.0,28.0,6.0,14.0,12.0,10.0,14.0,10.0,16.0,30.0,20.0
2021-03-05,7.0,7.0,7.0,6.0,4.0,8.0,3.0,1.0,12.0,166,2.0,33.0,30.0,21.0,43.0,163.0,40.0,40.0,5.0,50.0,27.0,59.0,31.0,5.0,18.0,21.0,11.0,8.0,7.0,5.0,44.0,19.0
2021-03-06,8.0,8.0,9.0,3.0,2.0,11.0,3.0,2.0,25.0,154,4.0,19.0,15.0,22.0,26.0,112.0,22.0,26.0,8.0,31.0,27.0,58.0,26.0,2.0,9.0,22.0,10.0,6.0,12.0,10.0,30.0,14.0
2021-03-07,10.0,10.0,14.0,5.0,1.0,9.0,4.0,4.0,14.0,140,4.0,26.0,14.0,20.0,41.0,148.0,29.0,41.0,6.0,34.0,22.0,55.0,28.0,3.0,17.0,20.0,7.0,4.0,13.0,6.0,34.0,18.0
2021-03-08,3.0,3.0,10.0,10.0,9.0,10.0,6.0,6.0,37.0,186,16.0,20.0,23.0,33.0,41.0,180.0,33.0,53.0,3.0,30.0,27.0,75.0,34.0,2.0,12.0,17.0,7.0,9.0,18.0,8.0,45.0,26.0
2021-03-09,10.0,10.0,7.0,6.0,2.0,8.0,2.0,2.0,20.0,167,6.0,32.0,21.0,17.0,29.0,159.0,25.0,38.0,4.0,36.0,29.0,94.0,27.0,5.0,19.0,12.0,14.0,15.0,10.0,8.0,34.0,19.0
2021-03-10,15.0,15.0,8.0,4.0,1.0,14.0,3.0,6.0,14.0,148,10.0,40.0,11.0,27.0,31.0,136.0,18.0,29.0,5.0,30.0,24.0,62.0,45.0,4.0,14.0,14.0,3.0,11.0,8.0,6.0,38.0,20.0
2021-03-11,5.0,5.0,10.0,3.0,2.0,11.0,2.0,3.0,20.0,144,4.0,29.0,19.0,23.0,26.0,126.0,21.0,35.0,7.0,41.0,29.0,74.0,34.0,5.0,12.0,16.0,9.0,3.0,10.0,10.0,32.0,18.0
2021-03-12,11.0,11.0,7.0,4.0,2.0,6.0,2.0,5.0,20.0,135,6.0,26.0,23.0,21.0,36.0,127.0,30.0,43.0,4.0,35.0,21.0,62.0,43.0,3.0,20.0,16.0,13.0,8.0,10.0,7.0,19.0,13.0
2021-03-13,5.0,5.0,4.0,5.0,4.0,6.0,2.0,1.0,22.0,115,2.0,23.0,15.0,11.0,36.0,125.0,11.0,30.0,3.0,20.0,8.0,62.0,25.0,3.0,8.0,14.0,9.0,10.0,6.0,14.0,21.0,17.0
2021-03-14,5.0,5.0,7.0,3.0,1.0,9.0,4.0,6.0,21.0,127,4.0,24.0,19.0,6.0,28.0,91.0,13.0,26.0,8.0,21.0,21.0,51.0,28.0,4.0,4.0,16.0,11.0,4.0,10.0,12.0,22.0,14.0
2021-03-15,10.0,10.0,5.0,4.0,1.0,8.0,1.0,2.0,22.0,132,7.0,30.0,17.0,21.0,28.0,107.0,34.0,41.0,2.0,26.0,20.0,55.0,35.0,11.0,16.0,21.0,8.0,14.0,11.0,12.0,25.0,14.0
2021-03-16,18.0,18.0,7.0,9.0,2.0,6.0,3.0,3.0,21.0,163,9.0,25.0,15.0,14.0,24.0,128.0,24.0,36.0,6.0,38.0,10.0,71.0,23.0,7.0,18.0,22.0,14.0,11.0,10.0,14.0,35.0,18.0
2021-03-17,8.0,8.0,1.0,4.0,1.0,13.0,3.0,3.0,20.0,143,9.0,29.0,16.0,22.0,30.0,125.0,22.0,38.0,5.0,37.0,12.0,57.0,20.0,7.0,23.0,17.0,9.0,8.0,13.0,8.0,36.0,23.0
2021-03-18,6.0,6.0,7.0,1.0,4.0,6.0,1.0,2.0,19.0,139,9.0,19.0,18.0,20.0,24.0,127.0,24.0,33.0,2.0,18.0,24.0,60.0,23.0,8.0,16.0,12.0,9.0,10.0,7.0,6.0,25.0,18.0
2021-03-19,7.0,7.0,5.0,8.0,2.0,6.0,10.0,3.0,18.0,147,6.0,25.0,22.0,20.0,33.0,109.0,23.0,31.0,3.0,23.0,18.0,50.0,20.0,6.0,9.0,19.0,13.0,11.0,7.0,8.0,23.0,13.0
2021-03-20,5.0,5.0,5.0,5.0,0.0,5.0,3.0,0.0,32.0,108,2.0,24.0,13.0,12.0,26.0,74.0,20.0,25.0,6.0,12.0,15.0,45.0,14.0,7.0,7.0,11.0,6.0,8.0,8.0,10.0,18.0,12.0
2021-03-21,6.0,6.0,3.0,3.0,2.0,4.0,2.0,4.0,26.0,102,5.0,30.0,13.0,14.0,24.0,132.0,24.0,26.0,3.0,11.0,14.0,55.0,25.0,5.0,3.0,12.0,10.0,7.0,7.0,8.0,27.0,17.0
2021-03-22,6.0,6.0,11.0,8.0,1.0,17.0,2.0,1.0,38.0,135,10.0,24.0,15.0,26.0,22.0,130.0,18.0,18.0,6.0,33.0,14.0,74.0,31.0,8.0,15.0,22.0,10.0,12.0,6.0,12.0,30.0,26.0
2021-03-23,8.0,8.0,6.0,9.0,0.0,11.0,3.0,4.0,37.0,149,7.0,23.0,21.0,22.0,18.0,105.0,26.0,41.0,3.0,32.0,20.0,49.0,18.0,7.0,13.0,16.0,3.0,6.0,10.0,11.0,27.0,17.0
2021-03-24,6.0,6.0,8.0,8.0,0.0,8.0,1.0,3.0,34.0,126,11.0,27.0,12.0,23.0,13.0,121.0,26.0,24.0,5.0,15.0,15.0,62.0,18.0,11.0,11.0,20.0,13.0,9.0,7.0,9.0,30.0,26.0
2021-03-25,7.0,7.0,10.0,2.0,6.0,6.0,3.0,1.0,26.0,134,11.0,23.0,9.0,18.0,34.0,112.0,22.0,17.0,2.0,27.0,15.0,48.0,20.0,2.0,8.0,13.0,10.0,12.0,11.0,8.0,28.0,12.0
2021-03-26,3.0,3.0,11.0,7.0,2.0,8.0,2.0,3.0,24.0,127,5.0,28.0,5.0,20.0,29.0,114.0,16.0,23.0,0.0,27.0,16.0,54.0,15.0,10.0,8.0,17.0,14.0,4.0,8.0,0.0,26.0,19.0
2021-03-27,3.0,3.0,5.0,1.0,3.0,7.0,1.0,4.0,26.0,108,9.0,13.0,7.0,6.0,29.0,94.0,21.0,19.0,3.0,18.0,12.0,49.0,21.0,6.0,9.0,9.0,8.0,4.0,7.0,3.0,20.0,14.0
2021-03-28,6.0,6.0,8.0,6.0,1.0,5.0,4.0,3.0,22.0,120,10.0,32.0,15.0,11.0,20.0,78.0,16.0,22.0,3.0,13.0,17.0,48.0,9.0,4.0,12.0,13.0,9.0,1.0,4.0,5.0,11.0,14.0
2021-03-29,6.0,6.0,13.0,7.0,5.0,12.0,4.0,2.0,50.0,116,8.0,25.0,20.0,25.0,24.0,137.0,31.0,28.0,5.0,42.0,19.0,68.0,17.0,5.0,16.0,20.0,20.0,7.0,4.0,6.0,21.0,18.0
2021-03-30,14.0,14.0,13.0,5.0,4.0,9.0,1.0,5.0,32.0,108,6.0,17.0,13.0,17.0,21.0,128.0,20.0,29.0,1.0,27.0,16.0,57.0,12.0,6.0,6.0,15.0,7.0,11.0,10.0,7.0,25.0,14.0
2021-03-31,7.0,7.0,12.0,7.0,3.0,5.0,1.0,7.0,28.0,106,3.0,18.0,15.0,17.0,22.0,99.0,20.0,23.0,1.0,24.0,17.0,41.0,12.0,11.0,8.0,20.0,9.0,7.0,10.0,6.0,13.0,10.0
2021-04-01,9.0,9.0,10.0,5.0,4.0,5.0,3.0,4.0,22.0,86,3.0,18.0,13.0,18.0,22.0,77.0,14.0,13.0,3.0,18.0,11.0,42.0,14.0,4.0,5.0,19.0,9.0,6.0,2.0,5.0,25.0,16.0
2021-04-02,6.0,6.0,6.0,4.0,3.0,5.0,3.0,1.0,28.0,103,3.0,20.0,15.0,15.0,28.0,100.0,21.0,28.0,4.0,8.0,8.0,41.0,16.0,6.0,11.0,14.0,14.0,5.0,6.0,8.0,11.0,13.0
2021-04-03,5.0,5.0,7.0,5.0,3.0,11.0,1.0,1.0,40.0,76,4.0,21.0,11.0,16.0,25.0,90.0,9.0,7.0,2.0,17.0,20.0,47.0,16.0,10.0,6.0,24.0,8.0,6.0,9.0,8.0,19.0,16.0
2021-04-04,8.0,8.0,5.0,3.0,6.0,7.0,0.0,0.0,46.0,63,4.0,12.0,11.0,12.0,29.0,88.0,15.0,19.0,2.0,6.0,11.0,48.0,15.0,2.0,13.0,16.0,10.0,12.0,7.0,3.0,17.0,13.0
2021-04-05,11.0,11.0,5.0,14.0,2.0,13.0,3.0,0.0,37.0,87,10.0,20.0,27.0,20.0,32.0,115.0,27.0,25.0,7.0,24.0,18.0,63.0,19.0,5.0,10.0,19.0,17.0,9.0,10.0,6.0,30.0,11.0
2021-04-06,9.0,9.0,9.0,5.0,4.0,5.0,4.0,5.0,36.0,75,8.0,25.0,14.0,15.0,31.0,100.0,22.0,16.0,4.0,20.0,9.0,50.0,13.0,10.0,9.0,26.0,9.0,8.0,9.0,10.0,27.0,23.0
2021-04-07,11.0,11.0,10.0,11.0,4.0,10.0,1.0,4.0,35.0,108,4.0,27.0,19.0,22.0,18.0,97.0,26.0,25.0,4.0,16.0,12.0,52.0,23.0,5.0,12.0,22.0,11.0,7.0,9.0,8.0,20.0,12.0
2021-04-08,6.0,6.0,8.0,4.0,2.0,4.0,1.0,1.0,25.0,92,5.0,12.0,14.0,13.0,26.0,85.0,21.0,22.0,6.0,11.0,13.0,65.0,13.0,6.0,13.0,10.0,11.0,3.0,9.0,9.0,16.0,15.0
2021-04-09,10.0,10.0,9.0,1.0,3.0,3.0,3.0,4.0,32.0,89,3.0,13.0,15.0,13.0,26.0,104.0,19.0,17.0,4.0,11.0,10.0,46.0,13.0,12.0,8.0,13.0,15.0,5.0,14.0,7.0,15.0,8.0
2021-04-10,9.0,9.0,5.0,7.0,1.0,3.0,3.0,3.0,31.0,81,5.0,13.0,12.0,11.0,30.0,98.0,21.0,19.0,3.0,9.0,9.0,41.0,13.0,11.0,12.0,9.0,9.0,5.0,1.0,1.0,13.0,12.0
2021-04-11,15.0,15.0,4.0,4.0,2.0,6.0,1.0,1.0,36.0,67,3.0,12.0,9.0,19.0,20.0,83.0,17.0,19.0,2.0,9.0,3.0,33.0,6.0,7.0,6.0,14.0,8.0,8.0,3.0,6.0,15.0,8.0
2021-04-12,18.0,18.0,5.0,7.0,4.0,9.0,2.0,2.0,46.0,91,3.0,12.0,22.0,23.0,23.0,114.0,22.0,26.0,5.0,22.0,16.0,57.0,10.0,12.0,13.0,12.0,12.0,11.0,12.0,2.0,24.0,18.0
2021-04-13,7.0,7.0,9.0,5.0,2.0,10.0,1.0,2.0,34.0,77,10.0,13.0,16.0,16.0,23.0,101.0,11.0,22.0,5.0,23.0,11.0,38.0,18.0,12.0,5.0,15.0,11.0,6.0,12.0,5.0,11.0,15.0
2021-04-14,8.0,8.0,8.0,4.0,1.0,2.0,1.0,2.0,39.0,80,3.0,5.0,17.0,15.0,24.0,85.0,11.0,12.0,4.0,12.0,14.0,42.0,10.0,10.0,2.0,12.0,10.0,6.0,5.0,4.0,20.0,15.0
2021-04-15,8.0,8.0,9.0,7.0,3.0,5.0,3.0,1.0,31.0,77,7.0,16.0,9.0,14.0,26.0,101.0,17.0,18.0,2.0,15.0,13.0,31.0,8.0,7.0,11.0,7.0,16.0,7.0,8.0,2.0,19.0,22.0
2021-04-16,8.0,8.0,9.0,2.0,1.0,9.0,2.0,5.0,36.0,59,5.0,5.0,20.0,15.0,21.0,72.0,16.0,23.0,8.0,21.0,12.0,39.0,9.0,9.0,5.0,10.0,6.0,12.0,15.0,5.0,14.0,6.0
2021-04-17,5.0,5.0,5.0,7.0,1.0,7.0,2.0,3.0,26.0,58,4.0,9.0,10.0,14.0,24.0,68.0,15.0,11.0,2.0,14.0,7.0,34.0,14.0,11.0,6.0,7.0,12.0,3.0,4.0,3.0,15.0,7.0
2021-04-18,7.0,7.0,8.0,7.0,3.0,2.0,3.0,1.0,26.0,67,4.0,8.0,12.0,8.0,21.0,66.0,14.0,13.0,4.0,8.0,7.0,20.0,13.0,8.0,6.0,14.0,8.0,3.0,7.0,2.0,9.0,16.0
2021-04-19,12.0,12.0,11.0,4.0,3.0,4.0,4.0,5.0,42.0,73,6.0,12.0,19.0,18.0,19.0,78.0,20.0,17.0,9.0,14.0,15.0,46.0,9.0,18.0,4.0,11.0,15.0,13.0,11.0,10.0,18.0,16.0
2021-04-20,3.0,3.0,15.0,7.0,2.0,8.0,1.0,2.0,34.0,60,8.0,8.0,8.0,10.0,18.0,68.0,16.0,18.0,6.0,15.0,6.0,33.0,13.0,7.0,10.0,14.0,6.0,13.0,12.0,6.0,17.0,12.0
2021-04-21,9.0,9.0,8.0,4.0,2.0,6.0,3.0,5.0,34.0,63,5.0,8.0,14.0,13.0,20.0,55.0,16.0,15.0,3.0,17.0,10.0,47.0,9.0,13.0,5.0,16.0,5.0,10.0,10.0,9.0,22.0,17.0
2021-04-22,9.0,9.0,9.0,3.0,2.0,5.0,1.0,3.0,40.0,42,3.0,11.0,10.0,12.0,11.0,65.0,16.0,12.0,3.0,14.0,12.0,27.0,12.0,12.0,4.0,15.0,10.0,4.0,11.0,2.0,13.0,17.0
2021-04-23,13.0,13.0,9.0,2.0,4.0,4.0,1.0,1.0,26.0,44,3.0,5.0,11.0,8.0,14.0,42.0,12.0,13.0,2.0,15.0,9.0,37.0,12.0,12.0,4.0,14.0,5.0,8.0,11.0,1.0,22.0,7.0
2021-04-24,6.0,6.0,8.0,4.0,1.0,4.0,4.0,3.0,31.0,40,5.0,10.0,9.0,6.0,20.0,63.0,11.0,9.0,3.0,15.0,8.0,28.0,7.0,9.0,8.0,12.0,5.0,8.0,9.0,7.0,17.0,10.0
2021-04-25,11.0,11.0,12.0,4.0,3.0,3.0,1.0,1.0,33.0,33,4.0,7.0,4.0,4.0,15.0,47.0,12.0,13.0,1.0,16.0,6.0,26.0,13.0,8.0,2.0,9.0,8.0,1.0,9.0,2.0,14.0,10.0
2021-04-26,8.0,8.0,14.0,4.0,1.0,8.0,0.0,1.0,44.0,46,7.0,14.0,14.0,9.0,17.0,56.0,14.0,17.0,4.0,25.0,13.0,37.0,17.0,14.0,9.0,12.0,10.0,5.0,9.0,10.0,16.0,12.0
2021-04-27,9.0,9.0,6.0,10.0,3.0,3.0,1.0,5.0,26.0,53,8.0,12.0,9.0,8.0,13.0,66.0,9.0,12.0,3.0,17.0,7.0,29.0,16.0,13.0,3.0,7.0,8.0,8.0,19.0,4.0,20.0,15.0
2021-04-28,6.0,6.0,9.0,7.0,2.0,7.0,1.0,6.0,29.0,52,5.0,6.0,12.0,6.0,14.0,62.0,18.0,15.0,4.0,9.0,6.0,25.0,11.0,12.0,6.0,11.0,2.0,10.0,3.0,4.0,11.0,14.0
2021-04-29,8.0,8.0,8.0,8.0,1.0,6.0,0.0,2.0,29.0,47,2.0,7.0,12.0,12.0,12.0,56.0,16.0,12.0,7.0,8.0,6.0,18.0,16.0,10.0,4.0,8.0,7.0,7.0,9.0,1.0,15.0,9.0
2021-04-30,9.0,9.0,6.0,3.0,2.0,5.0,4.0,3.0,25.0,42,2.0,6.0,10.0,7.0,9.0,45.0,10.0,17.0,5.0,14.0,12.0,41.0,13.0,18.0,10.0,6.0,2.0,6.0,10.0,5.0,10.0,17.0
2021-05-01,2.0,2.0,9.0,2.0,1.0,5.0,0.0,3.0,31.0,43,2.0,5.0,3.0,5.0,8.0,36.0,13.0,9.0,0.0,8.0,6.0,20.0,6.0,10.0,3.0,5.0,4.0,3.0,8.0,1.0,12.0,9.0
2021-05-02,4.0,4.0,5.0,3.0,2.0,1.0,0.0,2.0,20.0,33,2.0,5.0,8.0,6.0,9.0,30.0,12.0,9.0,2.0,13.0,1.0,11.0,6.0,11.0,4.0,6.0,6.0,6.0,11.0,5.0,9.0,14.0
2021-05-03,8.0,8.0,16.0,5.0,3.0,5.0,0.0,4.0,31.0,49,4.0,5.0,11.0,9.0,11.0,48.0,7.0,13.0,2.0,14.0,11.0,32.0,11.0,12.0,5.0,8.0,8.0,10.0,13.0,5.0,14.0,20.0
2021-05-04,5.0,5.0,6.0,7.0,1.0,6.0,1.0,4.0,15.0,39,7.0,8.0,5.0,4.0,17.0,53.0,17.0,8.0,3.0,13.0,6.0,27.0,6.0,12.0,6.0,11.0,4.0,7.0,11.0,4.0,15.0,12.0
2021-05-05,11.0,11.0,9.0,8.0,3.0,5.0,4.0,2.0,23.0,36,5.0,9.0,5.0,3.0,16.0,39.0,15.0,16.0,3.0,12.0,10.0,27.0,8.0,20.0,4.0,16.0,4.0,1.0,11.0,3.0,8.0,14.0
2021-05-06,5.0,5.0,8.0,4.0,2.0,6.0,1.0,1.0,16.0,45,4.0,6.0,8.0,4.0,13.0,35.0,12.0,12.0,7.0,12.0,8.0,14.0,2.0,13.0,5.0,10.0,4.0,6.0,12.0,1.0,11.0,13.0
2021-05-07,3.0,3.0,13.0,5.0,3.0,2.0,3.0,1.0,18.0,34,5.0,3.0,6.0,6.0,14.0,47.0,11.0,15.0,4.0,22.0,12.0,12.0,4.0,15.0,13.0,9.0,8.0,9.0,21.0,1.0,8.0,6.0
2021-05-08,9.0,9.0,9.0,5.0,6.0,6.0,4.0,0.0,17.0,28,1.0,7.0,11.0,2.0,12.0,34.0,13.0,5.0,2.0,11.0,5.0,23.0,5.0,14.0,3.0,7.0,3.0,6.0,13.0,2.0,13.0,6.0
2021-05-09,5.0,5.0,10.0,4.0,1.0,2.0,6.0,2.0,12.0,29,1.0,2.0,6.0,2.0,16.0,36.0,2.0,6.0,2.0,15.0,1.0,17.0,12.0,19.0,2.0,6.0,4.0,4.0,11.0,2.0,13.0,13.0
2021-05-10,5.0,5.0,9.0,9.0,1.0,3.0,1.0,2.0,20.0,37,2.0,6.0,4.0,0.0,16.0,57.0,7.0,14.0,5.0,12.0,4.0,16.0,3.0,11.0,4.0,9.0,6.0,3.0,12.0,4.0,13.0,9.0
2021-05-11,10.0,10.0,15.0,9.0,0.0,4.0,4.0,1.0,24.0,23,2.0,2.0,7.0,8.0,13.0,38.0,9.0,7.0,1.0,14.0,4.0,15.0,4.0,21.0,3.0,8.0,8.0,7.0,20.0,0.0,7.0,16.0
2021-05-12,5.0,5.0,9.0,4.0,6.0,6.0,2.0,4.0,15.0,27,2.0,5.0,9.0,6.0,10.0,27.0,13.0,7.0,2.0,14.0,5.0,12.0,4.0,23.0,3.0,8.0,6.0,6.0,15.0,0.0,21.0,12.0
2021-05-13,7.0,7.0,11.0,4.0,0.0,4.0,1.0,5.0,10.0,23,3.0,7.0,5.0,3.0,5.0,40.0,11.0,5.0,3.0,17.0,5.0,19.0,3.0,19.0,6.0,8.0,6.0,9.0,15.0,3.0,8.0,15.0
2021-05-14,3.0,3.0,8.0,7.0,1.0,4.0,1.0,3.0,15.0,25,4.0,3.0,4.0,4.0,12.0,34.0,12.0,7.0,8.0,15.0,4.0,21.0,6.0,17.0,3.0,7.0,3.0,10.0,18.0,0.0,17.0,11.0
2021-05-15,3.0,3.0,6.0,3.0,3.0,3.0,1.0,2.0,15.0,32,4.0,2.0,4.0,2.0,4.0,24.0,8.0,6.0,4.0,12.0,7.0,15.0,4.0,15.0,1.0,11.0,5.0,2.0,17.0,5.0,15.0,17.0
2021-05-16,2.0,2.0,8.0,3.0,3.0,4.0,2.0,3.0,17.0,21,1.0,7.0,6.0,6.0,10.0,19.0,9.0,4.0,0.0,7.0,3.0,6.0,3.0,15.0,7.0,4.0,7.0,3.0,16.0,2.0,15.0,11.0
2021-05-17,6.0,6.0,14.0,6.0,1.0,4.0,3.0,1.0,16.0,29,3.0,6.0,11.0,2.0,6.0,20.0,14.0,9.0,4.0,22.0,7.0,11.0,4.0,22.0,6.0,12.0,7.0,7.0,21.0,2.0,11.0,13.0
2021-05-18,2.0,2.0,7.0,4.0,0.0,2.0,3.0,6.0,13.0,33,3.0,9.0,6.0,6.0,13.0,34.0,11.0,2.0,3.0,16.0,5.0,17.0,2.0,18.0,5.0,6.0,10.0,10.0,25.0,2.0,20.0,18.0
2021-05-19,3.0,3.0,9.0,10.0,4.0,5.0,2.0,2.0,8.0,19,2.0,9.0,14.0,2.0,11.0,37.0,7.0,3.0,2.0,17.0,6.0,16.0,3.0,30.0,3.0,12.0,6.0,6.0,11.0,0.0,17.0,14.0
2021-05-20,5.0,5.0,4.0,8.0,2.0,9.0,3.0,0.0,12.0,22,2.0,4.0,5.0,3.0,4.0,35.0,11.0,5.0,3.0,18.0,5.0,8.0,1.0,17.0,1.0,8.0,6.0,3.0,16.0,4.0,18.0,13.0
2021-05-21,2.0,2.0,7.0,11.0,6.0,1.0,1.0,0.0,16.0,17,4.0,6.0,8.0,3.0,10.0,25.0,7.0,4.0,5.0,27.0,7.0,16.0,8.0,15.0,3.0,9.0,6.0,7.0,7.0,2.0,17.0,17.0
2021-05-22,0.0,0.0,6.0,9.0,6.0,1.0,4.0,1.0,8.0,21,0.0,2.0,3.0,3.0,8.0,18.0,5.0,0.0,1.0,7.0,2.0,18.0,6.0,11.0,0.0,8.0,4.0,5.0,9.0,3.0,8.0,9.0
2021-05-23,2.0,2.0,6.0,7.0,7.0,2.0,4.0,1.0,5.0,17,0.0,4.0,4.0,4.0,12.0,33.0,8.0,6.0,1.0,6.0,5.0,9.0,6.0,16.0,1.0,7.0,8.0,8.0,18.0,3.0,6.0,24.0
2021-05-24,3.0,3.0,7.0,9.0,3.0,8.0,1.0,2.0,12.0,24,3.0,2.0,15.0,9.0,8.0,29.0,11.0,7.0,4.0,13.0,11.0,14.0,3.0,18.0,4.0,9.0,16.0,8.0,18.0,2.0,11.0,16.0
2021-05-25,2.0,2.0,4.0,11.0,5.0,8.0,2.0,1.0,12.0,24,2.0,2.0,5.0,7.0,11.0,24.0,8.0,4.0,2.0,18.0,6.0,21.0,3.0,20.0,4.0,9.0,7.0,5.0,16.0,3.0,13.0,29.0
2021-05-26,1.0,1.0,8.0,7.0,1.0,4.0,0.0,1.0,15.0,23,0.0,6.0,3.0,8.0,11.0,23.0,6.0,11.0,2.0,10.0,1.0,15.0,3.0,22.0,5.0,11.0,12.0,10.0,13.0,2.0,21.0,13.0
2021-05-27,0.0,0.0,10.0,5.0,3.0,5.0,2.0,1.0,13.0,14,8.0,2.0,3.0,6.0,9.0,24.0,13.0,10.0,3.0,13.0,5.0,14.0,4.0,16.0,4.0,4.0,5.0,5.0,15.0,1.0,12.0,23.0
2021-05-28,2.0,2.0,8.0,6.0,6.0,0.0,3.0,0.0,10.0,14,2.0,2.0,6.0,4.0,13.0,22.0,6.0,11.0,5.0,19.0,7.0,11.0,1.0,18.0,3.0,19.0,12.0,9.0,12.0,2.0,15.0,28.0
2021-05-29,2.0,2.0,9.0,5.0,5.0,1.0,6.0,0.0,9.0,16,2.0,2.0,1.0,4.0,7.0,17.0,9.0,2.0,2.0,13.0,1.0,16.0,2.0,16.0,2.0,11.0,8.0,6.0,15.0,2.0,9.0,14.0
2021-05-30,0.0,0.0,6.0,6.0,4.0,4.0,5.0,3.0,11.0,10,5.0,4.0,1.0,3.0,7.0,17.0,4.0,1.0,2.0,13.0,2.0,8.0,3.0,15.0,6.0,8.0,7.0,7.0,9.0,1.0,21.0,17.0
2021-05-31,0.0,0.0,9.0,12.0,4.0,4.0,2.0,4.0,11.0,27,7.0,6.0,2.0,1.0,5.0,24.0,3.0,1.0,3.0,22.0,4.0,18.0,1.0,26.0,3.0,12.0,11.0,14.0,20.0,0.0,15.0,30.0
2021-06-01,2.0,2.0,9.0,13.0,4.0,1.0,1.0,0.0,12.0,20,1.0,2.0,5.0,8.0,12.0,19.0,9.0,7.0,3.0,13.0,4.0,6.0,1.0,22.0,3.0,10.0,12.0,7.0,19.0,2.0,15.0,30.0
2021-06-02,3.0,3.0,6.0,15.0,8.0,4.0,3.0,6.0,9.0,19,2.0,2.0,5.0,1.0,8.0,23.0,3.0,2.0,3.0,12.0,3.0,12.0,0.0,15.0,2.0,11.0,3.0,4.0,20.0,2.0,17.0,30.0
2021-06-03,3.0,3.0,10.0,5.0,6.0,0.0,1.0,3.0,7.0,21,0.0,3.0,0.0,3.0,13.0,17.0,3.0,4.0,5.0,22.0,6.0,9.0,3.0,16.0,5.0,13.0,8.0,12.0,17.0,2.0,20.0,21.0
2021-06-04,3.0,3.0,7.0,7.0,3.0,6.0,2.0,3.0,6.0,22,2.0,1.0,2.0,10.0,6.0,23.0,1.0,6.0,2.0,11.0,4.0,17.0,4.0,30.0,6.0,13.0,11.0,14.0,19.0,4.0,14.0,32.0
2021-06-05,1.0,1.0,6.0,7.0,5.0,2.0,1.0,2.0,11.0,21,3.0,5.0,6.0,6.0,9.0,19.0,6.0,2.0,2.0,15.0,2.0,11.0,2.0,31.0,0.0,11.0,9.0,8.0,13.0,0.0,9.0,28.0
2021-06-06,2.0,2.0,6.0,4.0,4.0,1.0,3.0,4.0,7.0,20,3.0,2.0,5.0,7.0,6.0,19.0,3.0,2.0,0.0,10.0,5.0,9.0,3.0,14.0,3.0,7.0,6.0,15.0,25.0,1.0,13.0,30.0
2021-06-07,4.0,4.0,5.0,12.0,8.0,1.0,4.0,3.0,10.0,27,4.0,2.0,8.0,4.0,11.0,23.0,6.0,1.0,5.0,15.0,10.0,8.0,3.0,25.0,5.0,16.0,9.0,10.0,17.0,1.0,24.0,48.0
2021-06-08,0.0,0.0,4.0,23.0,6.0,4.0,0.0,3.0,8.0,38,0.0,3.0,8.0,9.0,7.0,33.0,3.0,1.0,1.0,14.0,4.0,13.0,1.0,22.0,5.0,14.0,16.0,8.0,24.0,2.0,20.0,31.0
2021-06-09,1.0,1.0,6.0,15.0,5.0,5.0,1.0,2.0,11.0,27,0.0,3.0,4.0,4.0,9.0,24.0,8.0,3.0,2.0,13.0,3.0,8.0,0.0,20.0,3.0,9.0,11.0,13.0,14.0,0.0,16.0,36.0
2021-06-10,3.0,3.0,5.0,23.0,6.0,8.0,1.0,3.0,11.0,27,2.0,4.0,2.0,6.0,7.0,18.0,6.0,2.0,1.0,22.0,4.0,10.0,1.0,26.0,4.0,17.0,12.0,9.0,36.0,1.0,18.0,33.0
2021-06-11,2.0,2.0,7.0,15.0,6.0,1.0,0.0,5.0,7.0,26,1.0,1.0,5.0,6.0,8.0,21.0,5.0,4.0,6.0,21.0,2.0,15.0,2.0,29.0,1.0,8.0,14.0,9.0,20.0,2.0,23.0,44.0
2021-06-12,0.0,0.0,4.0,16.0,5.0,3.0,1.0,2.0,6.0,24,3.0,3.0,5.0,4.0,10.0,17.0,8.0,2.0,1.0,6.0,7.0,13.0,0.0,20.0,2.0,21.0,10.0,16.0,18.0,1.0,14.0,32.0
2021-06-13,1.0,1.0,9.0,14.0,9.0,2.0,1.0,2.0,6.0,29,2.0,2.0,6.0,2.0,10.0,16.0,3.0,4.0,1.0,12.0,5.0,10.0,5.0,8.0,4.0,10.0,5.0,12.0,22.0,0.0,16.0,30.0
2021-06-14,1.0,1.0,4.0,19.0,8.0,2.0,0.0,3.0,12.0,27,3.0,6.0,5.0,8.0,8.0,30.0,2.0,6.0,5.0,17.0,7.0,9.0,3.0,26.0,1.0,23.0,25.0,11.0,26.0,1.0,20.0,39.0
2021-06-15,1.0,1.0,11.0,19.0,4.0,3.0,1.0,3.0,8.0,41,1.0,1.0,4.0,3.0,6.0,24.0,2.0,6.0,6.0,21.0,5.0,5.0,1.0,26.0,4.0,19.0,12.0,18.0,31.0,0.0,12.0,36.0
2021-06-16,0.0,0.0,10.0,22.0,8.0,5.0,2.0,5.0,4.0,42,3.0,3.0,1.0,3.0,5.0,24.0,1.0,0.0,1.0,15.0,6.0,14.0,2.0,25.0,1.0,17.0,13.0,9.0,27.0,1.0,21.0,32.0
2021-06-17,5.0,5.0,10.0,23.0,5.0,4.0,4.0,3.0,3.0,33,2.0,1.0,3.0,3.0,11.0,25.0,8.0,1.0,2.0,16.0,6.0,11.0,0.0,18.0,6.0,23.0,8.0,15.0,28.0,1.0,20.0,41.0
2021-06-18,2.0,2.0,6.0,32.0,12.0,5.0,2.0,4.0,1.0,32,1.0,0.0,3.0,3.0,13.0,31.0,2.0,2.0,2.0,15.0,2.0,14.0,0.0,28.0,2.0,16.0,20.0,13.0,21.0,0.0,16.0,34.0
2021-06-19,1.0,1.0,3.0,17.0,7.0,3.0,0.0,1.0,2.0,31,0.0,1.0,0.0,4.0,8.0,23.0,3.0,0.0,3.0,14.0,6.0,7.0,0.0,20.0,0.0,14.0,5.0,13.0,19.0,1.0,16.0,32.0
2021-06-20,3.0,3.0,12.0,16.0,12.0,4.0,1.0,3.0,1.0,30,1.0,1.0,4.0,3.0,15.0,26.0,1.0,4.0,1.0,7.0,5.0,10.0,3.0,18.0,5.0,10.0,18.0,9.0,20.0,0.0,19.0,36.0
2021-06-21,2.0,2.0,11.0,33.0,8.0,2.0,4.0,2.0,8.0,34,0.0,3.0,1.0,6.0,12.0,24.0,3.0,2.0,4.0,13.0,6.0,13.0,3.0,35.0,2.0,27.0,19.0,11.0,30.0,1.0,20.0,44.0
2021-06-22,2.0,2.0,9.0,21.0,9.0,8.0,0.0,7.0,4.0,48,4.0,5.0,4.0,5.0,10.0,22.0,1.0,1.0,0.0,13.0,8.0,12.0,4.0,24.0,2.0,23.0,19.0,12.0,34.0,0.0,17.0,43.0
2021-06-23,1.0,1.0,10.0,37.0,13.0,2.0,4.0,8.0,6.0,47,5.0,2.0,5.0,3.0,11.0,38.0,5.0,0.0,3.0,20.0,14.0,7.0,2.0,22.0,9.0,23.0,20.0,12.0,30.0,2.0,22.0,40.0
2021-06-24,3.0,3.0,12.0,30.0,6.0,2.0,3.0,5.0,3.0,64,3.0,2.0,7.0,3.0,16.0,27.0,5.0,3.0,2.0,9.0,8.0,5.0,2.0,22.0,3.0,34.0,19.0,10.0,28.0,1.0,23.0,41.0
2021-06-25,0.0,0.0,14.0,27.0,13.0,5.0,7.0,3.0,2.0,44,2.0,1.0,5.0,8.0,17.0,39.0,2.0,1.0,4.0,13.0,8.0,12.0,0.0,27.0,4.0,21.0,18.0,14.0,23.0,1.0,20.0,37.0
2021-06-26,2.0,2.0,9.0,18.0,9.0,3.0,1.0,5.0,4.0,52,4.0,2.0,5.0,4.0,12.0,28.0,1.0,4.0,3.0,12.0,3.0,13.0,0.0,24.0,2.0,28.0,11.0,20.0,17.0,1.0,16.0,26.0
2021-06-27,2.0,2.0,15.0,19.0,12.0,3.0,1.0,7.0,4.0,53,4.0,4.0,2.0,4.0,14.0,41.0,7.0,1.0,1.0,18.0,6.0,11.0,2.0,21.0,1.0,35.0,13.0,11.0,23.0,2.0,26.0,34.0
2021-06-28,0.0,0.0,14.0,32.0,17.0,3.0,3.0,1.0,5.0,61,6.0,1.0,5.0,10.0,13.0,38.0,12.0,3.0,7.0,24.0,14.0,8.0,0.0,23.0,3.0,39.0,19.0,9.0,36.0,0.0,31.0,36.0
2021-06-29,3.0,3.0,10.0,37.0,9.0,4.0,1.0,7.0,4.0,58,1.0,1.0,7.0,8.0,13.0,52.0,4.0,6.0,6.0,19.0,11.0,9.0,2.0,20.0,6.0,37.0,30.0,16.0,23.0,1.0,37.0,41.0
2021-06-30,1.0,1.0,11.0,36.0,7.0,9.0,1.0,1.0,7.0,57,1.0,7.0,7.0,4.0,21.0,45.0,8.0,2.0,6.0,26.0,11.0,7.0,2.0,18.0,4.0,43.0,13.0,14.0,17.0,2.0,40.0,39.0
2021-07-01,1.0,1.0,11.0,31.0,13.0,2.0,2.0,5.0,7.0,68,2.0,2.0,8.0,7.0,30.0,53.0,6.0,3.0,1.0,24.0,15.0,8.0,6.0,9.0,4.0,41.0,18.0,19.0,32.0,0.0,32.0,38.0
2021-07-02,0.0,0.0,9.0,27.0,12.0,2.0,2.0,5.0,7.0,65,0.0,3.0,4.0,9.0,9.0,54.0,8.0,1.0,7.0,24.0,8.0,12.0,2.0,31.0,3.0,41.0,19.0,17.0,20.0,2.0,28.0,30.0
2021-07-03,1.0,1.0,3.0,22.0,10.0,2.0,1.0,5.0,5.0,60,1.0,1.0,4.0,8.0,22.0,40.0,10.0,2.0,7.0,22.0,8.0,12.0,3.0,25.0,2.0,29.0,17.0,5.0,13.0,0.0,30.0,25.0
2021-07-04,2.0,2.0,12.0,21.0,13.0,2.0,1.0,5.0,6.0,69,4.0,4.0,17.0,8.0,24.0,58.0,10.0,3.0,4.0,16.0,15.0,6.0,3.0,23.0,8.0,34.0,12.0,14.0,17.0,2.0,28.0,29.0
2021-07-05,2.0,2.0,13.0,31.0,8.0,5.0,3.0,4.0,3.0,82,3.0,7.0,23.0,8.0,28.0,65.0,7.0,4.0,7.0,24.0,16.0,14.0,11.0,28.0,7.0,52.0,22.0,14.0,25.0,1.0,48.0,39.0
2021-07-06,1.0,1.0,7.0,57.0,10.0,3.0,4.0,4.0,2.0,94,3.0,5.0,10.0,11.0,51.0,78.0,8.0,4.0,12.0,24.0,11.0,5.0,4.0,27.0,5.0,65.0,20.0,9.0,13.0,1.0,41.0,38.0
2021-07-07,2.0,2.0,11.0,25.0,7.0,3.0,5.0,7.0,6.0,95,3.0,7.0,22.0,16.0,36.0,108.0,10.0,3.0,9.0,35.0,9.0,11.0,7.0,20.0,3.0,57.0,24.0,14.0,38.0,2.0,31.0,27.0
2021-07-08,1.0,1.0,7.0,25.0,6.0,4.0,7.0,4.0,7.0,118,4.0,8.0,26.0,12.0,38.0,81.0,15.0,5.0,11.0,39.0,9.0,12.0,4.0,31.0,7.0,53.0,28.0,11.0,22.0,1.0,59.0,32.0
2021-07-09,2.0,2.0,8.0,28.0,11.0,7.0,5.0,7.0,8.0,109,6.0,4.0,24.0,14.0,38.0,99.0,10.0,5.0,10.0,35.0,12.0,25.0,4.0,20.0,5.0,67.0,21.0,14.0,20.0,2.0,52.0,32.0
2021-07-10,2.0,2.0,7.0,31.0,12.0,4.0,2.0,9.0,6.0,96,1.0,1.0,15.0,9.0,43.0,89.0,6.0,5.0,4.0,24.0,14.0,18.0,8.0,16.0,4.0,65.0,13.0,7.0,15.0,1.0,42.0,26.0
2021-07-11,4.0,4.0,11.0,27.0,8.0,3.0,4.0,14.0,9.0,117,3.0,9.0,21.0,11.0,32.0,76.0,11.0,7.0,14.0,22.0,10.0,10.0,13.0,23.0,5.0,70.0,14.0,9.0,14.0,3.0,42.0,28.0
2021-07-12,1.0,1.0,13.0,26.0,7.0,8.0,1.0,4.0,9.0,131,8.0,11.0,24.0,22.0,49.0,134.0,25.0,12.0,12.0,45.0,19.0,22.0,11.0,35.0,6.0,81.0,27.0,19.0,21.0,3.0,48.0,35.0
2021-07-13,6.0,6.0,11.0,23.0,5.0,6.0,1.0,10.0,7.0,135,7.0,9.0,31.0,28.0,45.0,103.0,14.0,5.0,10.0,54.0,20.0,16.0,9.0,25.0,3.0,67.0,25.0,21.0,16.0,4.0,62.0,38.0
2021-07-14,1.0,1.0,8.0,25.0,14.0,15.0,4.0,5.0,11.0,129,8.0,10.0,37.0,23.0,58.0,116.0,11.0,8.0,20.0,71.0,22.0,17.0,7.0,36.0,2.0,105.0,27.0,15.0,22.0,5.0,60.0,38.0
2021-07-15,4.0,4.0,16.0,26.0,6.0,7.0,8.0,7.0,10.0,150,6.0,5.0,39.0,12.0,79.0,113.0,25.0,4.0,22.0,57.0,20.0,27.0,12.0,35.0,4.0,82.0,29.0,12.0,23.0,4.0,54.0,34.0
2021-07-16,0.0,0.0,15.0,23.0,9.0,10.0,5.0,8.0,6.0,152,8.0,9.0,42.0,25.0,72.0,131.0,19.0,2.0,19.0,68.0,20.0,21.0,9.0,33.0,6.0,107.0,28.0,10.0,18.0,4.0,72.0,32.0
2021-07-17,5.0,5.0,10.0,18.0,7.0,7.0,5.0,6.0,10.0,123,5.0,6.0,30.0,24.0,74.0,124.0,26.0,3.0,17.0,52.0,21.0,19.0,10.0,28.0,7.0,92.0,19.0,14.0,13.0,1.0,51.0,24.0
2021-07-18,3.0,3.0,6.0,23.0,11.0,5.0,2.0,15.0,9.0,117,9.0,13.0,37.0,17.0,59.0,109.0,14.0,7.0,15.0,42.0,22.0,27.0,18.0,25.0,9.0,86.0,13.0,11.0,27.0,4.0,52.0,26.0
2021-07-19,3.0,3.0,16.0,19.0,8.0,17.0,8.0,12.0,10.0,143,12.0,17.0,52.0,29.0,101.0,161.0,30.0,8.0,24.0,95.0,32.0,30.0,16.0,28.0,12.0,126.0,40.0,13.0,21.0,8.0,82.0,34.0
2021-07-20,5.0,5.0,13.0,25.0,7.0,15.0,9.0,10.0,8.0,151,9.0,17.0,54.0,32.0,83.0,182.0,31.0,14.0,45.0,67.0,32.0,21.0,16.0,29.0,10.0,119.0,32.0,8.0,24.0,7.0,97.0,33.0
2021-07-21,3.0,3.0,12.0,25.0,7.0,19.0,9.0,21.0,14.0,164,13.0,20.0,53.0,27.0,102.0,183.0,30.0,10.0,39.0,97.0,44.0,24.0,16.0,35.0,11.0,105.0,30.0,16.0,19.0,7.0,84.0,24.0
2021-07-22,5.0,5.0,14.0,18.0,12.0,15.0,9.0,11.0,11.0,184,10.0,27.0,69.0,30.0,99.0,182.0,29.0,12.0,33.0,93.0,42.0,31.0,17.0,33.0,24.0,115.0,32.0,24.0,18.0,7.0,83.0,33.0
2021-07-23,3.0,3.0,6.0,26.0,8.0,14.0,14.0,21.0,5.0,161,10.0,18.0,50.0,38.0,78.0,174.0,28.0,10.0,21.0,86.0,43.0,33.0,17.0,28.0,13.0,104.0,21.0,11.0,22.0,4.0,110.0,35.0
2021-07-24,6.0,6.0,11.0,14.0,14.0,8.0,14.0,16.0,10.0,161,4.0,17.0,38.0,28.0,122.0,150.0,21.0,11.0,32.0,70.0,27.0,33.0,8.0,22.0,8.0,88.0,39.0,13.0,24.0,9.0,82.0,20.0
2021-07-25,6.0,6.0,13.0,17.0,13.0,13.0,6.0,15.0,7.0,163,13.0,15.0,59.0,30.0,114.0,166.0,27.0,14.0,40.0,58.0,36.0,35.0,19.0,26.0,17.0,89.0,36.0,13.0,19.0,5.0,71.0,22.0
2021-07-26,5.0,5.0,15.0,12.0,12.0,14.0,11.0,13.0,12.0,174,19.0,21.0,68.0,39.0,149.0,211.0,49.0,16.0,36.0,81.0,41.0,45.0,32.0,40.0,13.0,105.0,41.0,24.0,28.0,10.0,114.0,26.0
2021-07-27,9.0,9.0,24.0,20.0,4.0,20.0,16.0,21.0,16.0,196,10.0,30.0,79.0,43.0,140.0,234.0,49.0,17.0,43.0,104.0,37.0,48.0,30.0,31.0,17.0,107.0,41.0,26.0,32.0,4.0,102.0,31.0
2021-07-28,5.0,5.0,16.0,24.0,20.0,26.0,20.0,12.0,12.0,175,20.0,25.0,69.0,51.0,149.0,210.0,41.0,20.0,47.0,113.0,45.0,53.0,26.0,26.0,18.0,98.0,48.0,23.0,29.0,11.0,107.0,25.0
2021-07-29,6.0,6.0,22.0,14.0,13.0,20.0,14.0,30.0,13.0,190,11.0,33.0,56.0,41.0,122.0,246.0,41.0,16.0,33.0,105.0,44.0,58.0,28.0,26.0,27.0,93.0,37.0,18.0,22.0,11.0,113.0,23.0
2021-07-30,7.0,7.0,8.0,14.0,15.0,25.0,25.0,18.0,13.0,169,17.0,22.0,73.0,35.0,148.0,215.0,34.0,22.0,38.0,134.0,28.0,53.0,25.0,24.0,21.0,94.0,34.0,27.0,23.0,9.0,106.0,22.0
2021-07-31,5.0,5.0,15.0,7.0,11.0,24.0,23.0,14.0,12.0,183,10.0,23.0,45.0,35.0,133.0,190.0,40.0,21.0,43.0,80.0,40.0,50.0,27.0,22.0,32.0,71.0,45.0,41.0,33.0,5.0,104.0,23.0
2021-08-01,8.0,8.0,11.0,9.0,14.0,18.0,19.0,20.0,9.0,167,14.0,23.0,72.0,35.0,111.0,227.0,36.0,26.0,32.0,109.0,36.0,65.0,16.0,26.0,22.0,72.0,43.0,22.0,33.0,7.0,103.0,17.0
2021-08-02,9.0,9.0,17.0,11.0,26.0,16.0,17.0,17.0,11.0,186,18.0,46.0,72.0,53.0,150.0,296.0,46.0,27.0,38.0,143.0,40.0,69.0,26.0,41.0,39.0,73.0,42.0,22.0,39.0,9.0,128.0,37.0
2021-08-03,9.0,9.0,14.0,7.0,14.0,14.0,23.0,14.0,15.0,183,16.0,32.0,84.0,46.0,149.0,259.0,74.0,19.0,57.0,148.0,37.0,75.0,24.0,46.0,39.0,86.0,46.0,24.0,47.0,16.0,167.0,30.0
2021-08-04,10.0,10.0,12.0,6.0,15.0,26.0,24.0,20.0,15.0,152,14.0,41.0,77.0,52.0,123.0,227.0,60.0,22.0,45.0,131.0,45.0,77.0,22.0,30.0,40.0,95.0,43.0,23.0,36.0,10.0,170.0,33.0
2021-08-05,9.0,9.0,17.0,9.0,11.0,15.0,34.0,19.0,14.0,194,16.0,53.0,73.0,47.0,146.0,254.0,50.0,27.0,50.0,135.0,74.0,90.0,31.0,38.0,25.0,54.0,43.0,34.0,42.0,13.0,150.0,20.0
2021-08-06,8.0,8.0,27.0,17.0,13.0,16.0,23.0,28.0,11.0,149,18.0,25.0,46.0,54.0,140.0,258.0,42.0,33.0,26.0,150.0,40.0,77.0,23.0,34.0,45.0,70.0,47.0,27.0,32.0,15.0,140.0,35.0
2021-08-07,9.0,9.0,12.0,12.0,8.0,19.0,11.0,19.0,14.0,161,8.0,31.0,47.0,42.0,119.0,200.0,45.0,21.0,32.0,100.0,28.0,79.0,26.0,21.0,28.0,69.0,33.0,19.0,33.0,14.0,126.0,16.0
2021-08-08,11.0,11.0,16.0,16.0,13.0,30.0,29.0,24.0,8.0,160,12.0,41.0,49.0,43.0,133.0,217.0,53.0,24.0,58.0,132.0,52.0,80.0,22.0,35.0,28.0,50.0,42.0,30.0,32.0,14.0,125.0,20.0
2021-08-09,15.0,15.0,22.0,8.0,13.0,24.0,19.0,23.0,15.0,175,9.0,42.0,92.0,48.0,165.0,236.0,57.0,25.0,36.0,139.0,53.0,87.0,31.0,29.0,38.0,80.0,41.0,44.0,48.0,15.0,176.0,39.0
2021-08-10,11.0,11.0,25.0,16.0,14.0,31.0,24.0,20.0,17.0,171,19.0,39.0,75.0,55.0,152.0,277.0,69.0,38.0,35.0,150.0,57.0,93.0,43.0,37.0,37.0,58.0,50.0,42.0,57.0,18.0,176.0,28.0
2021-08-11,12.0,12.0,20.0,11.0,15.0,26.0,34.0,19.0,10.0,192,22.0,33.0,59.0,48.0,152.0,293.0,58.0,26.0,46.0,99.0,44.0,87.0,23.0,30.0,30.0,59.0,47.0,45.0,44.0,14.0,161.0,33.0
2021-08-12,17.0,17.0,20.0,6.0,11.0,37.0,29.0,22.0,10.0,188,22.0,42.0,50.0,57.0,150.0,251.0,50.0,37.0,32.0,118.0,60.0,93.0,40.0,27.0,45.0,52.0,51.0,42.0,30.0,18.0,178.0,29.0
2021-08-13,8.0,8.0,22.0,7.0,20.0,23.0,31.0,22.0,7.0,154,28.0,40.0,68.0,55.0,144.0,233.0,70.0,24.0,39.0,129.0,36.0,101.0,30.0,26.0,40.0,52.0,37.0,40.0,43.0,15.0,169.0,30.0
2021-08-14,15.0,15.0,15.0,14.0,13.0,29.0,13.0,18.0,9.0,144,13.0,28.0,43.0,42.0,140.0,190.0,63.0,25.0,25.0,103.0,47.0,102.0,39.0,31.0,30.0,36.0,36.0,30.0,42.0,20.0,172.0,31.0
2021-08-15,8.0,8.0,26.0,6.0,17.0,20.0,32.0,19.0,13.0,119,20.0,45.0,30.0,69.0,122.0,193.0,56.0,38.0,29.0,78.0,35.0,102.0,23.0,41.0,44.0,35.0,31.0,24.0,33.0,17.0,144.0,16.0
2021-08-16,8.0,8.0,37.0,7.0,17.0,22.0,35.0,26.0,12.0,166,16.0,63.0,82.0,49.0,182.0,216.0,59.0,35.0,33.0,137.0,51.0,99.0,36.0,34.0,53.0,53.0,41.0,55.0,59.0,14.0,171.0,32.0
2021-08-17,10.0,10.0,33.0,5.0,16.0,29.0,33.0,20.0,15.0,149,18.0,51.0,47.0,58.0,135.0,262.0,57.0,46.0,39.0,133.0,52.0,128.0,28.0,32.0,48.0,46.0,49.0,53.0,53.0,16.0,188.0,35.0
2021-08-18,16.0,16.0,24.0,8.0,20.0,31.0,23.0,29.0,11.0,158,24.0,55.0,39.0,64.0,159.0,242.0,65.0,33.0,25.0,150.0,89.0,121.0,38.0,37.0,51.0,45.0,55.0,47.0,56.0,18.0,189.0,29.0
2021-08-19,18.0,18.0,23.0,6.0,20.0,35.0,24.0,19.0,10.0,118,15.0,49.0,41.0,49.0,129.0,226.0,61.0,31.0,39.0,158.0,56.0,117.0,33.0,19.0,33.0,55.0,37.0,45.0,37.0,14.0,173.0,35.0
2021-08-20,13.0,13.0,12.0,3.0,17.0,20.0,40.0,21.0,7.0,160,17.0,42.0,69.0,46.0,120.0,194.0,77.0,12.0,27.0,139.0,49.0,131.0,36.0,27.0,36.0,31.0,37.0,51.0,42.0,25.0,165.0,31.0
2021-08-21,7.0,7.0,22.0,4.0,13.0,32.0,32.0,20.0,8.0,114,11.0,33.0,38.0,35.0,136.0,195.0,54.0,25.0,16.0,112.0,31.0,81.0,32.0,23.0,25.0,22.0,37.0,30.0,31.0,11.0,126.0,28.0
2021-08-22,9.0,9.0,19.0,7.0,22.0,21.0,23.0,21.0,18.0,119,14.0,57.0,38.0,55.0,129.0,152.0,44.0,26.0,24.0,74.0,40.0,90.0,30.0,23.0,38.0,36.0,41.0,31.0,35.0,23.0,141.0,19.0
2021-08-23,11.0,11.0,32.0,17.0,23.0,38.0,31.0,17.0,13.0,144,17.0,59.0,48.0,53.0,151.0,219.0,58.0,47.0,19.0,155.0,55.0,140.0,42.0,30.0,53.0,50.0,54.0,46.0,39.0,21.0,155.0,29.0
2021-08-24,17.0,17.0,26.0,11.0,20.0,24.0,28.0,21.0,14.0,156,19.0,48.0,39.0,53.0,153.0,184.0,66.0,33.0,36.0,140.0,37.0,131.0,35.0,25.0,44.0,33.0,37.0,57.0,52.0,18.0,173.0,33.0
2021-08-25,16.0,16.0,21.0,9.0,23.0,31.0,24.0,22.0,9.0,135,22.0,59.0,43.0,45.0,117.0,189.0,67.0,28.0,33.0,124.0,81.0,131.0,44.0,24.0,41.0,32.0,52.0,50.0,49.0,19.0,153.0,34.0
2021-08-26,22.0,22.0,30.0,8.0,20.0,34.0,20.0,16.0,10.0,137,14.0,55.0,44.0,53.0,119.0,179.0,51.0,28.0,26.0,111.0,48.0,122.0,36.0,18.0,36.0,34.0,49.0,45.0,38.0,20.0,128.0,30.0
2021-08-27,13.0,13.0,23.0,3.0,19.0,23.0,17.0,14.0,8.0,117,12.0,54.0,28.0,50.0,134.0,161.0,56.0,22.0,18.0,119.0,39.0,130.0,21.0,23.0,40.0,34.0,38.0,45.0,44.0,20.0,129.0,28.0
2021-08-28,9.0,9.0,25.0,6.0,14.0,27.0,15.0,16.0,9.0,89,9.0,39.0,15.0,49.0,118.0,161.0,50.0,23.0,11.0,78.0,36.0,123.0,27.0,20.0,36.0,22.0,27.0,26.0,34.0,22.0,129.0,30.0
2021-08-29,10.0,10.0,15.0,2.0,11.0,26.0,21.0,16.0,11.0,91,14.0,40.0,24.0,45.0,85.0,129.0,47.0,29.0,15.0,62.0,25.0,100.0,35.0,26.0,28.0,17.0,19.0,33.0,39.0,21.0,107.0,24.0
2021-08-30,23.0,23.0,22.0,5.0,25.0,34.0,20.0,17.0,13.0,130,18.0,58.0,37.0,51.0,109.0,168.0,59.0,37.0,19.0,122.0,31.0,102.0,31.0,27.0,36.0,23.0,46.0,41.0,40.0,11.0,157.0,44.0
2021-08-31,9.0,9.0,13.0,5.0,21.0,37.0,28.0,17.0,6.0,117,21.0,58.0,27.0,37.0,135.0,138.0,60.0,31.0,18.0,112.0,38.0,127.0,39.0,24.0,31.0,30.0,30.0,46.0,48.0,16.0,130.0,43.0
2021-09-01,12.0,12.0,22.0,3.0,21.0,29.0,21.0,11.0,5.0,115,19.0,60.0,25.0,61.0,108.0,121.0,52.0,35.0,17.0,101.0,41.0,114.0,30.0,20.0,38.0,24.0,40.0,44.0,48.0,12.0,150.0,24.0
2021-09-02,13.0,13.0,25.0,3.0,11.0,29.0,27.0,19.0,15.0,92,16.0,45.0,30.0,54.0,108.0,121.0,69.0,33.0,11.0,98.0,60.0,111.0,40.0,17.0,28.0,28.0,34.0,49.0,33.0,28.0,112.0,30.0
2021-09-03,11.0,11.0,22.0,3.0,13.0,29.0,17.0,12.0,7.0,97,18.0,52.0,22.0,43.0,92.0,142.0,50.0,30.0,27.0,79.0,33.0,112.0,30.0,21.0,27.0,19.0,34.0,45.0,38.0,16.0,118.0,46.0
2021-09-04,13.0,13.0,19.0,2.0,12.0,27.0,23.0,14.0,5.0,97,12.0,40.0,8.0,31.0,90.0,121.0,43.0,21.0,17.0,53.0,20.0,91.0,23.0,14.0,27.0,16.0,24.0,42.0,36.0,14.0,96.0,35.0
2021-09-05,9.0,9.0,21.0,3.0,13.0,21.0,13.0,19.0,11.0,68,10.0,53.0,18.0,31.0,100.0,94.0,49.0,45.0,13.0,51.0,27.0,72.0,29.0,18.0,20.0,14.0,30.0,28.0,25.0,12.0,79.0,22.0
2021-09-06,14.0,14.0,21.0,4.0,15.0,29.0,13.0,14.0,11.0,89,16.0,73.0,32.0,43.0,96.0,111.0,63.0,34.0,16.0,101.0,33.0,85.0,30.0,19.0,24.0,18.0,29.0,56.0,49.0,27.0,115.0,33.0
2021-09-07,10.0,10.0,24.0,9.0,20.0,34.0,21.0,8.0,13.0,83,8.0,43.0,29.0,34.0,78.0,127.0,34.0,31.0,10.0,96.0,39.0,119.0,20.0,18.0,25.0,13.0,25.0,35.0,32.0,17.0,122.0,27.0
2021-09-08,8.0,8.0,35.0,2.0,21.0,24.0,21.0,9.0,5.0,94,14.0,48.0,15.0,33.0,79.0,116.0,42.0,26.0,14.0,89.0,34.0,105.0,23.0,14.0,27.0,19.0,29.0,30.0,38.0,16.0,106.0,35.0
2021-09-09,10.0,10.0,32.0,7.0,17.0,23.0,17.0,11.0,9.0,93,15.0,57.0,15.0,41.0,93.0,114.0,53.0,26.0,16.0,73.0,34.0,120.0,30.0,19.0,14.0,15.0,34.0,33.0,40.0,19.0,105.0,34.0
2021-09-10,18.0,18.0,20.0,3.0,7.0,31.0,10.0,14.0,7.0,89,12.0,46.0,19.0,27.0,87.0,120.0,48.0,42.0,8.0,83.0,21.0,107.0,28.0,17.0,27.0,13.0,23.0,27.0,45.0,14.0,93.0,36.0
2021-09-11,5.0,5.0,15.0,4.0,13.0,17.0,17.0,12.0,5.0,64,2.0,37.0,13.0,30.0,84.0,105.0,40.0,29.0,8.0,55.0,29.0,93.0,19.0,16.0,15.0,16.0,20.0,33.0,26.0,15.0,79.0,31.0
2021-09-12,10.0,10.0,20.0,1.0,17.0,20.0,18.0,7.0,6.0,82,14.0,48.0,14.0,29.0,87.0,97.0,42.0,33.0,19.0,60.0,19.0,75.0,23.0,13.0,19.0,10.0,19.0,28.0,28.0,15.0,62.0,33.0
2021-09-13,12.0,12.0,28.0,4.0,14.0,30.0,15.0,13.0,16.0,81,13.0,60.0,15.0,36.0,75.0,113.0,48.0,41.0,15.0,70.0,34.0,93.0,30.0,17.0,31.0,16.0,22.0,23.0,33.0,16.0,83.0,27.0
2021-09-14,9.0,9.0,15.0,6.0,8.0,27.0,14.0,14.0,8.0,100,14.0,67.0,30.0,35.0,80.0,101.0,53.0,24.0,15.0,64.0,26.0,87.0,15.0,15.0,38.0,13.0,27.0,45.0,33.0,17.0,95.0,32.0
2021-09-15,18.0,18.0,23.0,1.0,10.0,17.0,11.0,8.0,9.0,78,10.0,64.0,15.0,35.0,73.0,107.0,44.0,28.0,12.0,51.0,17.0,74.0,36.0,10.0,18.0,13.0,30.0,29.0,30.0,10.0,64.0,18.0
2021-09-16,12.0,12.0,18.0,1.0,11.0,21.0,8.0,5.0,15.0,54,10.0,38.0,17.0,30.0,65.0,66.0,38.0,24.0,14.0,37.0,15.0,81.0,15.0,5.0,14.0,14.0,23.0,28.0,16.0,11.0,70.0,31.0
2021-09-17,13.0,13.0,23.0,2.0,16.0,22.0,16.0,10.0,15.0,59,11.0,57.0,13.0,22.0,79.0,104.0,40.0,22.0,8.0,80.0,20.0,77.0,22.0,16.0,21.0,8.0,21.0,44.0,26.0,12.0,69.0,30.0
2021-09-18,8.0,8.0,19.0,2.0,11.0,24.0,16.0,7.0,11.0,55,7.0,39.0,9.0,28.0,86.0,90.0,44.0,21.0,7.0,42.0,27.0,69.0,21.0,5.0,15.0,13.0,15.0,23.0,23.0,8.0,59.0,28.0
2021-09-19,13.0,13.0,28.0,4.0,15.0,13.0,14.0,7.0,6.0,45,14.0,43.0,10.0,21.0,66.0,76.0,42.0,26.0,6.0,39.0,21.0,67.0,16.0,3.0,11.0,9.0,18.0,18.0,27.0,12.0,69.0,17.0
2021-09-20,20.0,20.0,46.0,5.0,14.0,27.0,9.0,12.0,13.0,81,9.0,52.0,22.0,22.0,76.0,101.0,42.0,34.0,9.0,68.0,32.0,92.0,33.0,7.0,17.0,11.0,33.0,31.0,30.0,12.0,68.0,34.0
2021-09-21,19.0,19.0,24.0,1.0,8.0,33.0,10.0,12.0,10.0,58,9.0,51.0,4.0,31.0,83.0,96.0,39.0,25.0,18.0,58.0,13.0,88.0,29.0,13.0,19.0,13.0,28.0,29.0,21.0,8.0,82.0,26.0
2021-09-22,15.0,15.0,24.0,4.0,12.0,24.0,8.0,12.0,8.0,52,3.0,50.0,11.0,24.0,57.0,89.0,34.0,23.0,13.0,45.0,15.0,78.0,18.0,16.0,19.0,14.0,33.0,15.0,30.0,15.0,56.0,27.0
2021-09-23,10.0,10.0,34.0,6.0,9.0,17.0,10.0,3.0,13.0,53,4.0,56.0,14.0,24.0,65.0,88.0,33.0,15.0,8.0,49.0,27.0,70.0,19.0,11.0,13.0,18.0,23.0,32.0,29.0,12.0,55.0,23.0
2021-09-24,3.0,3.0,33.0,4.0,14.0,21.0,13.0,8.0,13.0,45,9.0,41.0,9.0,20.0,80.0,72.0,32.0,12.0,12.0,49.0,13.0,61.0,19.0,5.0,21.0,12.0,23.0,23.0,26.0,9.0,61.0,30.0
2021-09-25,11.0,11.0,16.0,1.0,4.0,18.0,7.0,5.0,8.0,46,9.0,46.0,6.0,15.0,61.0,70.0,33.0,17.0,9.0,37.0,15.0,64.0,16.0,13.0,8.0,12.0,17.0,27.0,18.0,7.0,34.0,23.0
2021-09-26,10.0,10.0,11.0,0.0,5.0,23.0,6.0,6.0,13.0,50,2.0,40.0,5.0,18.0,69.0,68.0,17.0,25.0,3.0,28.0,10.0,64.0,14.0,5.0,9.0,15.0,22.0,13.0,24.0,11.0,42.0,26.0
2021-09-27,18.0,18.0,20.0,3.0,7.0,17.0,8.0,6.0,19.0,63,8.0,50.0,12.0,23.0,78.0,78.0,30.0,25.0,12.0,38.0,14.0,58.0,21.0,14.0,18.0,18.0,10.0,27.0,30.0,12.0,31.0,30.0
2021-09-28,11.0,11.0,24.0,0.0,12.0,13.0,11.0,8.0,14.0,54,3.0,40.0,11.0,25.0,66.0,80.0,32.0,26.0,9.0,27.0,31.0,75.0,15.0,6.0,10.0,10.0,14.0,23.0,12.0,12.0,49.0,28.0
2021-09-29,11.0,11.0,14.0,3.0,11.0,24.0,2.0,9.0,12.0,64,8.0,60.0,8.0,15.0,73.0,75.0,27.0,17.0,10.0,34.0,21.0,74.0,22.0,6.0,11.0,6.0,14.0,22.0,19.0,7.0,64.0,28.0
2021-09-30,9.0,9.0,19.0,1.0,12.0,19.0,12.0,9.0,14.0,45,5.0,35.0,7.0,17.0,63.0,69.0,27.0,8.0,8.0,37.0,19.0,53.0,7.0,6.0,12.0,17.0,13.0,18.0,22.0,9.0,50.0,20.0
2021-10-01,8.0,8.0,22.0,2.0,9.0,19.0,10.0,8.0,15.0,36,0.0,42.0,10.0,16.0,55.0,56.0,20.0,20.0,5.0,37.0,11.0,52.0,17.0,9.0,12.0,6.0,26.0,18.0,18.0,5.0,42.0,22.0
2021-10-02,12.0,12.0,21.0,3.0,5.0,16.0,5.0,4.0,9.0,33,2.0,37.0,14.0,9.0,52.0,64.0,26.0,18.0,5.0,28.0,13.0,49.0,20.0,0.0,12.0,4.0,12.0,20.0,15.0,2.0,33.0,12.0
2021-10-03,11.0,11.0,14.0,7.0,5.0,13.0,7.0,6.0,12.0,36,7.0,37.0,10.0,18.0,56.0,51.0,28.0,23.0,7.0,24.0,14.0,38.0,10.0,3.0,7.0,5.0,12.0,16.0,9.0,6.0,32.0,20.0
2021-10-04,12.0,12.0,26.0,3.0,4.0,23.0,8.0,4.0,18.0,33,8.0,46.0,13.0,15.0,55.0,65.0,19.0,22.0,10.0,40.0,23.0,47.0,19.0,6.0,10.0,12.0,21.0,18.0,26.0,5.0,43.0,27.0
2021-10-05,10.0,10.0,28.0,5.0,6.0,21.0,3.0,7.0,20.0,31,4.0,33.0,11.0,7.0,69.0,55.0,24.0,10.0,10.0,33.0,8.0,44.0,18.0,3.0,15.0,9.0,14.0,17.0,12.0,5.0,30.0,15.0
2021-10-06,13.0,13.0,28.0,2.0,6.0,22.0,8.0,6.0,14.0,40,5.0,45.0,15.0,14.0,42.0,43.0,18.0,22.0,4.0,37.0,12.0,52.0,16.0,3.0,16.0,19.0,17.0,24.0,12.0,15.0,25.0,18.0
2021-10-07,12.0,12.0,39.0,0.0,4.0,13.0,3.0,2.0,17.0,40,5.0,39.0,10.0,7.0,47.0,56.0,23.0,12.0,8.0,21.0,9.0,36.0,6.0,11.0,12.0,7.0,11.0,7.0,20.0,6.0,41.0,16.0
2021-10-08,7.0,7.0,35.0,3.0,6.0,15.0,6.0,2.0,8.0,32,10.0,33.0,13.0,16.0,52.0,56.0,23.0,13.0,11.0,28.0,10.0,39.0,11.0,9.0,14.0,13.0,15.0,17.0,17.0,4.0,29.0,22.0
2021-10-09,4.0,4.0,15.0,2.0,4.0,15.0,3.0,5.0,11.0,32,7.0,28.0,11.0,18.0,46.0,53.0,13.0,10.0,4.0,31.0,13.0,38.0,11.0,4.0,5.0,6.0,13.0,14.0,8.0,5.0,25.0,10.0
2021-10-10,12.0,12.0,32.0,1.0,5.0,28.0,1.0,2.0,5.0,31,4.0,32.0,8.0,14.0,37.0,46.0,14.0,12.0,9.0,26.0,15.0,34.0,11.0,8.0,2.0,8.0,12.0,8.0,10.0,6.0,15.0,8.0
2021-10-11,15.0,15.0,28.0,1.0,8.0,19.0,2.0,3.0,14.0,39,8.0,50.0,13.0,18.0,62.0,66.0,14.0,14.0,13.0,26.0,15.0,38.0,20.0,3.0,18.0,9.0,17.0,17.0,12.0,5.0,32.0,22.0
2021-10-12,13.0,13.0,23.0,2.0,4.0,19.0,10.0,3.0,9.0,35,5.0,51.0,6.0,7.0,52.0,43.0,23.0,9.0,3.0,26.0,12.0,33.0,18.0,6.0,11.0,18.0,16.0,14.0,13.0,3.0,17.0,14.0
2021-10-13,12.0,12.0,26.0,1.0,2.0,12.0,5.0,5.0,11.0,27,3.0,48.0,10.0,12.0,38.0,51.0,23.0,23.0,6.0,29.0,12.0,39.0,18.0,8.0,9.0,8.0,13.0,27.0,12.0,1.0,22.0,19.0
2021-10-14,9.0,9.0,30.0,3.0,6.0,9.0,6.0,1.0,14.0,32,7.0,57.0,7.0,11.0,43.0,59.0,16.0,11.0,3.0,30.0,10.0,34.0,13.0,13.0,5.0,7.0,12.0,21.0,17.0,7.0,20.0,22.0
2021-10-15,4.0,4.0,34.0,1.0,4.0,10.0,3.0,1.0,12.0,30,3.0,41.0,13.0,9.0,35.0,43.0,17.0,8.0,0.0,24.0,9.0,35.0,16.0,6.0,14.0,10.0,23.0,10.0,10.0,4.0,21.0,13.0
2021-10-16,8.0,8.0,23.0,0.0,3.0,8.0,0.0,0.0,3.0,28,3.0,37.0,7.0,12.0,47.0,49.0,12.0,15.0,6.0,17.0,8.0,26.0,7.0,4.0,3.0,3.0,12.0,4.0,12.0,4.0,13.0,9.0
2021-10-17,8.0,8.0,31.0,2.0,5.0,8.0,3.0,0.0,6.0,16,5.0,43.0,12.0,9.0,40.0,36.0,8.0,14.0,3.0,23.0,8.0,22.0,10.0,11.0,7.0,12.0,11.0,9.0,5.0,5.0,14.0,10.0
2021-10-18,9.0,9.0,56.0,3.0,6.0,13.0,2.0,1.0,15.0,19,8.0,43.0,14.0,6.0,47.0,52.0,12.0,16.0,3.0,20.0,10.0,34.0,14.0,7.0,5.0,10.0,16.0,11.0,14.0,7.0,15.0,11.0
2021-10-19,10.0,10.0,37.0,1.0,4.0,12.0,5.0,2.0,17.0,26,3.0,41.0,10.0,13.0,34.0,37.0,12.0,10.0,5.0,30.0,8.0,33.0,6.0,5.0,3.0,6.0,13.0,13.0,13.0,5.0,17.0,12.0
2021-10-20,11.0,11.0,44.0,2.0,1.0,14.0,5.0,3.0,11.0,25,3.0,27.0,2.0,7.0,30.0,33.0,14.0,10.0,3.0,22.0,14.0,19.0,11.0,3.0,7.0,6.0,9.0,9.0,11.0,2.0,23.0,17.0
2021-10-21,5.0,5.0,45.0,2.0,3.0,13.0,0.0,0.0,14.0,21,9.0,31.0,7.0,3.0,26.0,35.0,12.0,8.0,8.0,23.0,8.0,14.0,14.0,5.0,6.0,5.0,16.0,12.0,8.0,5.0,12.0,13.0
2021-10-22,5.0,5.0,37.0,1.0,3.0,6.0,2.0,3.0,12.0,24,3.0,27.0,7.0,6.0,35.0,44.0,16.0,5.0,1.0,25.0,6.0,26.0,5.0,7.0,6.0,3.0,21.0,13.0,8.0,4.0,9.0,11.0
2021-10-23,3.0,3.0,29.0,0.0,3.0,14.0,3.0,3.0,6.0,14,3.0,32.0,5.0,8.0,25.0,25.0,11.0,10.0,2.0,16.0,10.0,20.0,8.0,5.0,7.0,7.0,14.0,3.0,5.0,2.0,18.0,9.0
2021-10-24,8.0,8.0,36.0,1.0,3.0,5.0,2.0,0.0,11.0,13,4.0,46.0,8.0,7.0,36.0,31.0,5.0,8.0,3.0,15.0,16.0,20.0,14.0,7.0,11.0,8.0,10.0,8.0,9.0,3.0,15.0,6.0
2021-10-25,7.0,7.0,40.0,0.0,6.0,19.0,1.0,3.0,18.0,21,7.0,33.0,5.0,9.0,38.0,37.0,8.0,10.0,6.0,29.0,6.0,32.0,13.0,2.0,9.0,14.0,15.0,7.0,13.0,2.0,18.0,9.0
2021-10-26,7.0,7.0,28.0,0.0,2.0,19.0,2.0,0.0,20.0,20,16.0,34.0,9.0,8.0,34.0,26.0,5.0,7.0,7.0,16.0,10.0,14.0,9.0,4.0,12.0,5.0,14.0,7.0,7.0,4.0,16.0,8.0
2021-10-27,2.0,2.0,35.0,4.0,2.0,22.0,6.0,1.0,18.0,19,2.0,38.0,14.0,10.0,22.0,37.0,5.0,5.0,4.0,18.0,13.0,16.0,7.0,5.0,10.0,13.0,12.0,10.0,9.0,2.0,14.0,15.0
2021-10-28,5.0,5.0,51.0,0.0,0.0,11.0,0.0,1.0,19.0,24,4.0,44.0,6.0,4.0,29.0,28.0,6.0,6.0,0.0,19.0,11.0,20.0,12.0,1.0,8.0,6.0,24.0,3.0,4.0,3.0,11.0,9.0
2021-10-29,4.0,4.0,48.0,1.0,2.0,6.0,2.0,2.0,13.0,20,5.0,41.0,13.0,3.0,25.0,24.0,4.0,5.0,3.0,13.0,9.0,13.0,4.0,2.0,5.0,7.0,19.0,5.0,3.0,4.0,8.0,12.0
2021-10-30,8.0,8.0,32.0,1.0,3.0,6.0,1.0,2.0,17.0,19,3.0,33.0,5.0,2.0,19.0,34.0,7.0,5.0,1.0,10.0,7.0,11.0,3.0,2.0,4.0,1.0,11.0,7.0,3.0,4.0,6.0,6.0
2021-10-31,3.0,3.0,27.0,0.0,2.0,7.0,3.0,1.0,14.0,17,3.0,45.0,7.0,7.0,16.0,23.0,9.0,6.0,2.0,12.0,4.0,11.0,10.0,0.0,6.0,9.0,11.0,3.0,3.0,0.0,5.0,8.0
2021-11-01,5.0,5.0,52.0,1.0,2.0,14.0,1.0,1.0,24.0,21,7.0,36.0,5.0,6.0,20.0,25.0,4.0,4.0,4.0,12.0,6.0,2.0,1.0,4.0,8.0,4.0,14.0,6.0,6.0,0.0,15.0,11.0
2021-11-02,4.0,4.0,34.0,1.0,1.0,12.0,3.0,1.0,17.0,23,8.0,33.0,6.0,4.0,21.0,30.0,8.0,3.0,4.0,19.0,4.0,15.0,3.0,2.0,5.0,11.0,17.0,2.0,11.0,2.0,11.0,16.0
2021-11-03,6.0,6.0,47.0,3.0,0.0,13.0,2.0,2.0,24.0,18,15.0,30.0,8.0,5.0,8.0,30.0,8.0,3.0,2.0,11.0,8.0,11.0,4.0,1.0,4.0,5.0,17.0,5.0,7.0,1.0,12.0,7.0
2021-11-04,5.0,5.0,63.0,1.0,3.0,11.0,3.0,3.0,10.0,11,5.0,29.0,6.0,8.0,10.0,26.0,3.0,2.0,0.0,16.0,8.0,9.0,7.0,3.0,1.0,6.0,12.0,6.0,8.0,4.0,13.0,14.0
2021-11-05,3.0,3.0,60.0,0.0,2.0,10.0,2.0,0.0,9.0,15,2.0,24.0,6.0,4.0,22.0,23.0,10.0,9.0,2.0,20.0,7.0,10.0,2.0,3.0,7.0,5.0,22.0,7.0,6.0,2.0,13.0,10.0
2021-11-06,11.0,11.0,47.0,1.0,2.0,8.0,2.0,1.0,14.0,9,1.0,23.0,1.0,5.0,19.0,24.0,9.0,3.0,3.0,7.0,5.0,12.0,3.0,4.0,5.0,3.0,9.0,4.0,9.0,5.0,5.0,5.0
2021-11-07,5.0,5.0,35.0,0.0,1.0,12.0,1.0,0.0,16.0,11,4.0,25.0,5.0,3.0,12.0,22.0,5.0,7.0,3.0,10.0,4.0,13.0,6.0,3.0,8.0,6.0,7.0,2.0,8.0,1.0,11.0,2.0
2021-11-08,6.0,6.0,53.0,2.0,2.0,18.0,1.0,2.0,18.0,16,12.0,33.0,4.0,1.0,16.0,21.0,8.0,5.0,1.0,18.0,2.0,10.0,6.0,2.0,9.0,7.0,21.0,2.0,8.0,1.0,10.0,5.0
2021-11-09,5.0,5.0,39.0,1.0,2.0,16.0,0.0,2.0,19.0,19,7.0,36.0,4.0,5.0,14.0,22.0,9.0,7.0,1.0,21.0,10.0,13.0,1.0,2.0,8.0,7.0,20.0,0.0,6.0,0.0,6.0,5.0
2021-11-10,8.0,8.0,64.0,1.0,1.0,17.0,1.0,0.0,17.0,14,4.0,25.0,4.0,4.0,15.0,22.0,2.0,2.0,1.0,23.0,7.0,8.0,12.0,3.0,11.0,6.0,22.0,5.0,10.0,0.0,5.0,4.0
2021-11-11,7.0,7.0,39.0,1.0,2.0,15.0,2.0,1.0,20.0,22,3.0,25.0,4.0,5.0,8.0,26.0,4.0,7.0,2.0,24.0,8.0,12.0,5.0,2.0,7.0,6.0,21.0,4.0,8.0,0.0,5.0,9.0
2021-11-12,5.0,5.0,45.0,2.0,2.0,17.0,1.0,0.0,20.0,15,9.0,32.0,9.0,8.0,11.0,18.0,7.0,5.0,2.0,16.0,7.0,13.0,4.0,2.0,8.0,6.0,15.0,6.0,6.0,3.0,5.0,7.0
2021-11-13,4.0,4.0,35.0,1.0,0.0,21.0,0.0,2.0,16.0,18,6.0,20.0,6.0,4.0,11.0,14.0,3.0,1.0,4.0,5.0,9.0,7.0,5.0,1.0,7.0,2.0,21.0,0.0,6.0,2.0,8.0,5.0
2021-11-14,4.0,4.0,32.0,5.0,0.0,18.0,0.0,0.0,18.0,17,7.0,23.0,1.0,4.0,4.0,25.0,7.0,3.0,1.0,7.0,4.0,13.0,8.0,0.0,5.0,3.0,23.0,5.0,3.0,3.0,10.0,6.0
2021-11-15,5.0,5.0,39.0,0.0,0.0,17.0,3.0,0.0,19.0,20,5.0,39.0,2.0,8.0,9.0,20.0,7.0,1.0,0.0,14.0,3.0,7.0,4.0,2.0,8.0,7.0,31.0,3.0,2.0,1.0,3.0,5.0
2021-11-16,6.0,6.0,55.0,4.0,2.0,21.0,3.0,1.0,38.0,19,10.0,36.0,2.0,5.0,11.0,16.0,8.0,0.0,2.0,13.0,4.0,10.0,4.0,4.0,3.0,5.0,20.0,4.0,7.0,0.0,8.0,10.0
2021-11-17,6.0,6.0,52.0,3.0,0.0,18.0,2.0,0.0,38.0,19,5.0,28.0,0.0,3.0,14.0,28.0,3.0,3.0,1.0,18.0,6.0,9.0,5.0,2.0,4.0,7.0,37.0,6.0,7.0,4.0,7.0,9.0
2021-11-18,4.0,4.0,49.0,2.0,0.0,21.0,1.0,0.0,25.0,22,6.0,29.0,7.0,4.0,12.0,32.0,4.0,2.0,2.0,15.0,6.0,13.0,10.0,0.0,4.0,4.0,27.0,5.0,7.0,0.0,7.0,3.0
2021-11-19,9.0,9.0,43.0,3.0,0.0,19.0,0.0,0.0,18.0,23,5.0,28.0,3.0,1.0,11.0,25.0,5.0,2.0,0.0,17.0,7.0,7.0,9.0,3.0,6.0,4.0,25.0,2.0,5.0,1.0,5.0,7.0
2021-11-20,5.0,5.0,30.0,1.0,2.0,15.0,0.0,0.0,13.0,15,5.0,21.0,3.0,4.0,10.0,20.0,3.0,3.0,3.0,13.0,5.0,9.0,5.0,1.0,4.0,2.0,12.0,2.0,8.0,3.0,7.0,7.0
2021-11-21,6.0,6.0,34.0,1.0,2.0,17.0,0.0,2.0,20.0,24,4.0,23.0,1.0,2.0,12.0,16.0,5.0,0.0,3.0,6.0,3.0,9.0,6.0,0.0,7.0,3.0,18.0,3.0,6.0,0.0,9.0,6.0
2021-11-22,9.0,9.0,48.0,0.0,0.0,26.0,0.0,2.0,37.0,17,14.0,17.0,2.0,7.0,15.0,24.0,7.0,4.0,2.0,8.0,9.0,10.0,9.0,1.0,7.0,6.0,35.0,4.0,5.0,3.0,5.0,6.0
2021-11-23,9.0,9.0,36.0,2.0,1.0,20.0,1.0,0.0,32.0,21,15.0,28.0,1.0,7.0,12.0,40.0,9.0,3.0,0.0,11.0,1.0,6.0,4.0,2.0,14.0,5.0,29.0,3.0,5.0,0.0,6.0,9.0
2021-11-24,9.0,9.0,62.0,1.0,0.0,32.0,1.0,1.0,24.0,14,7.0,31.0,5.0,4.0,15.0,24.0,4.0,1.0,3.0,14.0,5.0,10.0,1.0,0.0,9.0,8.0,32.0,4.0,6.0,4.0,5.0,6.0
2021-11-25,10.0,10.0,47.0,3.0,2.0,22.0,0.0,0.0,40.0,14,10.0,29.0,2.0,3.0,13.0,25.0,6.0,3.0,0.0,14.0,3.0,9.0,6.0,1.0,4.0,5.0,28.0,2.0,6.0,2.0,5.0,4.0
2021-11-26,7.0,7.0,59.0,6.0,1.0,15.0,1.0,1.0,18.0,11,8.0,28.0,0.0,1.0,11.0,20.0,5.0,4.0,1.0,33.0,4.0,11.0,6.0,2.0,7.0,6.0,21.0,1.0,5.0,3.0,3.0,3.0
2021-11-27,3.0,3.0,36.0,2.0,1.0,14.0,1.0,0.0,24.0,14,5.0,24.0,2.0,4.0,8.0,19.0,5.0,2.0,1.0,7.0,1.0,6.0,5.0,0.0,5.0,4.0,15.0,1.0,3.0,2.0,2.0,6.0
2021-11-28,7.0,7.0,38.0,1.0,2.0,13.0,1.0,0.0,37.0,11,14.0,26.0,3.0,4.0,21.0,24.0,1.0,9.0,2.0,6.0,3.0,7.0,8.0,1.0,8.0,4.0,24.0,2.0,4.0,2.0,2.0,1.0
2021-11-29,1.0,1.0,67.0,1.0,0.0,20.0,0.0,0.0,34.0,15,20.0,26.0,4.0,3.0,16.0,12.0,1.0,0.0,3.0,11.0,5.0,7.0,2.0,3.0,9.0,8.0,35.0,2.0,9.0,0.0,5.0,4.0
2021-11-30,6.0,6.0,45.0,0.0,0.0,17.0,0.0,1.0,31.0,21,8.0,26.0,4.0,7.0,4.0,22.0,0.0,1.0,1.0,16.0,6.0,6.0,2.0,0.0,6.0,4.0,30.0,3.0,4.0,0.0,4.0,2.0
2021-12-01,9.0,9.0,51.0,2.0,2.0,15.0,0.0,0.0,26.0,7,10.0,29.0,2.0,2.0,17.0,18.0,0.0,1.0,2.0,16.0,8.0,5.0,3.0,2.0,5.0,6.0,32.0,2.0,4.0,2.0,13.0,7.0
2021-12-02,3.0,3.0,52.0,1.0,1.0,11.0,0.0,0.0,32.0,25,5.0,23.0,2.0,0.0,16.0,20.0,4.0,2.0,1.0,13.0,2.0,7.0,4.0,2.0,10.0,9.0,26.0,3.0,7.0,2.0,1.0,3.0
2021-12-03,6.0,6.0,38.0,0.0,0.0,22.0,0.0,0.0,27.0,6,7.0,19.0,3.0,3.0,11.0,12.0,3.0,1.0,3.0,18.0,3.0,4.0,2.0,2.0,8.0,5.0,28.0,1.0,2.0,2.0,7.0,4.0
2021-12-04,8.0,8.0,40.0,2.0,0.0,9.0,0.0,2.0,15.0,11,6.0,26.0,2.0,3.0,10.0,21.0,4.0,1.0,1.0,16.0,3.0,4.0,4.0,1.0,7.0,3.0,25.0,1.0,3.0,3.0,5.0,2.0
2021-12-05,8.0,8.0,36.0,1.0,1.0,8.0,1.0,2.0,21.0,16,7.0,18.0,0.0,2.0,13.0,11.0,3.0,0.0,1.0,11.0,5.0,4.0,2.0,0.0,12.0,5.0,26.0,2.0,4.0,1.0,6.0,3.0
2021-12-06,12.0,12.0,63.0,0.0,0.0,16.0,0.0,0.0,58.0,21,7.0,19.0,4.0,2.0,15.0,11.0,1.0,0.0,0.0,9.0,4.0,11.0,7.0,0.0,9.0,4.0,33.0,1.0,12.0,1.0,3.0,3.0
2021-12-07,3.0,3.0,67.0,0.0,0.0,18.0,0.0,3.0,31.0,14,4.0,21.0,3.0,2.0,8.0,24.0,2.0,2.0,0.0,12.0,2.0,6.0,8.0,1.0,8.0,3.0,33.0,3.0,6.0,1.0,4.0,5.0
2021-12-08,10.0,10.0,53.0,1.0,0.0,22.0,0.0,1.0,32.0,11,7.0,14.0,0.0,0.0,10.0,25.0,2.0,1.0,0.0,10.0,4.0,6.0,4.0,1.0,5.0,9.0,34.0,1.0,8.0,1.0,4.0,2.0
2021-12-09,8.0,8.0,54.0,0.0,1.0,16.0,0.0,1.0,31.0,7,6.0,22.0,4.0,1.0,16.0,22.0,1.0,1.0,0.0,14.0,3.0,6.0,2.0,0.0,11.0,1.0,23.0,3.0,5.0,0.0,5.0,2.0
2021-12-10,9.0,9.0,50.0,2.0,1.0,14.0,0.0,0.0,22.0,12,3.0,28.0,1.0,1.0,10.0,16.0,5.0,1.0,1.0,11.0,9.0,5.0,0.0,2.0,6.0,4.0,29.0,0.0,12.0,0.0,9.0,4.0
2021-12-11,4.0,4.0,36.0,0.0,2.0,10.0,0.0,1.0,25.0,12,4.0,16.0,2.0,2.0,14.0,24.0,2.0,2.0,2.0,5.0,3.0,8.0,1.0,1.0,7.0,0.0,17.0,1.0,5.0,2.0,9.0,3.0
2021-12-12,7.0,7.0,59.0,1.0,0.0,14.0,0.0,0.0,31.0,15,4.0,19.0,4.0,1.0,13.0,19.0,0.0,3.0,1.0,3.0,3.0,4.0,2.0,0.0,4.0,4.0,19.0,1.0,1.0,2.0,6.0,2.0
2021-12-13,7.0,7.0,63.0,0.0,0.0,18.0,0.0,0.0,33.0,11,8.0,10.0,0.0,1.0,9.0,19.0,2.0,3.0,3.0,14.0,4.0,4.0,5.0,0.0,7.0,7.0,26.0,1.0,4.0,1.0,2.0,2.0
2021-12-14,5.0,5.0,54.0,0.0,0.0,16.0,0.0,2.0,41.0,13,9.0,29.0,0.0,1.0,5.0,15.0,2.0,2.0,2.0,11.0,3.0,1.0,2.0,1.0,9.0,1.0,37.0,2.0,1.0,0.0,2.0,1.0
2021-12-15,5.0,5.0,47.0,1.0,0.0,14.0,0.0,0.0,33.0,23,8.0,19.0,3.0,1.0,11.0,8.0,1.0,2.0,2.0,10.0,4.0,5.0,2.0,2.0,14.0,1.0,28.0,1.0,4.0,0.0,9.0,1.0
2021-12-16,5.0,5.0,39.0,3.0,1.0,17.0,0.0,2.0,23.0,17,7.0,18.0,0.0,4.0,7.0,10.0,2.0,0.0,2.0,11.0,0.0,5.0,3.0,1.0,2.0,4.0,25.0,3.0,11.0,1.0,6.0,1.0
2021-12-17,11.0,11.0,37.0,2.0,0.0,21.0,1.0,0.0,28.0,19,7.0,18.0,1.0,3.0,11.0,12.0,5.0,3.0,0.0,16.0,1.0,3.0,4.0,2.0,7.0,7.0,23.0,0.0,7.0,0.0,2.0,3.0
2021-12-18,7.0,7.0,41.0,0.0,1.0,9.0,0.0,0.0,33.0,11,4.0,26.0,0.0,6.0,6.0,7.0,3.0,0.0,0.0,6.0,2.0,5.0,1.0,0.0,6.0,1.0,21.0,2.0,4.0,3.0,2.0,0.0
2021-12-19,8.0,8.0,36.0,0.0,0.0,13.0,0.0,0.0,26.0,11,7.0,29.0,0.0,1.0,8.0,14.0,0.0,1.0,1.0,10.0,0.0,2.0,1.0,3.0,8.0,3.0,15.0,1.0,3.0,0.0,0.0,3.0
2021-12-20,12.0,12.0,42.0,4.0,1.0,13.0,0.0,0.0,36.0,15,5.0,26.0,4.0,3.0,10.0,9.0,3.0,2.0,0.0,9.0,1.0,4.0,4.0,0.0,8.0,7.0,24.0,1.0,7.0,0.0,5.0,2.0
2021-12-21,10.0,10.0,35.0,1.0,0.0,16.0,0.0,1.0,37.0,29,10.0,24.0,2.0,2.0,12.0,17.0,3.0,2.0,1.0,8.0,4.0,6.0,6.0,2.0,11.0,3.0,27.0,2.0,4.0,1.0,8.0,1.0
2021-12-22,6.0,6.0,31.0,1.0,0.0,19.0,1.0,0.0,32.0,26,4.0,22.0,2.0,1.0,15.0,24.0,4.0,3.0,1.0,8.0,3.0,4.0,2.0,2.0,14.0,4.0,21.0,1.0,6.0,0.0,2.0,0.0
2021-12-23,4.0,4.0,39.0,4.0,0.0,12.0,2.0,0.0,40.0,12,11.0,21.0,2.0,0.0,12.0,9.0,5.0,5.0,1.0,9.0,0.0,9.0,5.0,1.0,5.0,5.0,31.0,1.0,7.0,0.0,8.0,0.0
2021-12-24,6.0,6.0,35.0,3.0,0.0,8.0,0.0,0.0,31.0,18,5.0,26.0,0.0,3.0,14.0,6.0,1.0,2.0,2.0,17.0,1.0,3.0,1.0,3.0,10.0,12.0,22.0,0.0,4.0,1.0,4.0,0.0
2021-12-25,9.0,9.0,31.0,2.0,0.0,13.0,1.0,0.0,24.0,20,3.0,21.0,0.0,2.0,12.0,12.0,6.0,0.0,2.0,9.0,0.0,6.0,6.0,1.0,6.0,2.0,17.0,0.0,1.0,0.0,2.0,1.0
2021-12-26,7.0,7.0,29.0,5.0,0.0,20.0,2.0,0.0,39.0,25,5.0,29.0,2.0,5.0,15.0,19.0,2.0,2.0,1.0,14.0,3.0,1.0,4.0,2.0,6.0,10.0,13.0,0.0,5.0,1.0,2.0,5.0
2021-12-27,12.0,12.0,40.0,6.0,1.0,18.0,0.0,1.0,36.0,30,15.0,29.0,10.0,5.0,21.0,25.0,5.0,2.0,0.0,14.0,5.0,8.0,6.0,1.0,9.0,7.0,14.0,1.0,9.0,2.0,4.0,2.0
2021-12-28,16.0,16.0,41.0,7.0,0.0,18.0,1.0,1.0,31.0,33,8.0,31.0,0.0,5.0,20.0,22.0,2.0,2.0,3.0,20.0,6.0,11.0,3.0,9.0,8.0,9.0,27.0,3.0,4.0,0.0,7.0,12.0
2021-12-29,12.0,12.0,29.0,5.0,1.0,14.0,0.0,1.0,42.0,34,11.0,23.0,4.0,6.0,15.0,28.0,3.0,3.0,0.0,20.0,3.0,6.0,5.0,4.0,10.0,11.0,17.0,1.0,1.0,2.0,3.0,3.0
2021-12-30,14.0,14.0,33.0,3.0,2.0,17.0,0.0,1.0,34.0,40,13.0,36.0,4.0,3.0,17.0,24.0,0.0,2.0,5.0,22.0,7.0,5.0,6.0,9.0,11.0,9.0,12.0,5.0,11.0,1.0,3.0,8.0
